reference_mode,variant,glyph_id,body,style_support_count,style_groups,occurrence_count,font_count,file_count,conflict,conflict_detail
variant_gid,P1,595,ㄧ,5,BIAOKAI_W5|HEI_W5|KAICHU_MD|YUAN_W3W5|YUAN_W7,77,5,20,N,
variant_gid,P1,601,ㄌㄧㄠ,2,KAICHU_MD|YUAN_W3W5,6,2,3,N,
variant_gid,P1,639,ㄗ,3,BIAOKAI_W5|KAICHU_MD|YUAN_W3W5,22,3,5,N,
variant_gid,P1,660,ㄅㄨ,4,BIAOKAI_W5|HEI_W5|KAICHU_MD|YUAN_W3W5,65,5,16,N,
variant_gid,P1,661,ㄓㄨㄥ,1,KAICHU_MD,13,1,2,N,
variant_gid,P1,686,ㄍㄨㄥ,1,KAICHU_MD,2,1,1,N,
variant_gid,P1,689,ㄈㄣ,2,BIAOKAI_W5|KAICHU_MD,9,2,4,N,
variant_gid,P1,690,ㄑㄧㄝ,1,KAICHU_MD,1,1,1,N,
variant_gid,P1,715,ㄅㄚ,1,KAICHU_MD,3,1,2,N,
variant_gid,P1,789,ㄓㄢ,1,KAICHU_MD,2,1,1,N,
variant_gid,P1,799,ㄉㄠ,1,BIAOKAI_W5,1,1,1,N,
variant_gid,P1,818,ㄋㄞ,1,KAICHU_MD,1,1,1,N,
variant_gid,P1,955,ㄏㄠ,1,KAICHU_MD,3,1,3,N,
variant_gid,P1,988,ㄑㄩ,1,KAICHU_MD,2,1,1,N,
variant_gid,P1,1043,ㄒㄧ,1,BIAOKAI_W5,1,1,1,N,
variant_gid,P1,1211,ㄍㄥ,3,BIAOKAI_W5|YUAN_W3W5|YUAN_W7,5,3,2,N,
variant_gid,P1,1289,ㄐㄩㄝ,1,KAICHU_MD,1,1,1,N,
variant_gid,P1,1311,ㄋㄚ,1,KAICHU_MD,1,1,1,N,
variant_gid,P1,1349,ㄦ,1,KAICHU_MD,2,1,1,N,
variant_gid,P1,1357,ㄎㄜ,1,KAICHU_MD,1,1,1,N,
variant_gid,P1,1379,ㄛ,2,KAICHU_MD|YUAN_W3W5,10,2,6,N,
variant_gid,P1,1393,ㄏㄢ,1,KAICHU_MD,59,1,16,N,
variant_gid,P1,1395,ㄋㄜ,1,KAICHU_MD,36,1,13,N,
variant_gid,P1,1422,ㄐㄧㄝ,2,BIAOKAI_W5|KAICHU_MD,3,2,2,N,
variant_gid,P1,1607,ㄅㄚ,3,BIAOKAI_W5|KAICHU_MD|YUAN_W3W5,10,3,4,N,
variant_gid,P1,1625,ㄉㄧ,1,YUAN_W3W5,1,1,1,N,
variant_gid,P1,1687,ㄓㄤ,4,BIAOKAI_W5|KAICHU_MD|YUAN_W3W5|YUAN_W7,21,4,7,N,
variant_gid,P1,1817,ㄉㄞ,1,BIAOKAI_W5,1,1,1,N,
variant_gid,P1,1824,ㄙ,1,KAICHU_MD,1,1,1,N,
variant_gid,P1,1855,ㄊㄧㄠ,2,KAICHU_MD|YUAN_W7,3,2,3,N,
variant_gid,P1,1929,ㄨㄟ,2,BIAOKAI_W5|KAICHU_MD,15,2,5,N,
variant_gid,P1,2080,ㄔㄨㄥ,2,BIAOKAI_W5|KAICHU_MD,5,2,2,N,
variant_gid,P1,2112,ㄉㄠ,1,KAICHU_MD,2,1,1,N,
variant_gid,P1,2113,ㄇㄣ,1,BIAOKAI_W5,17,1,1,N,
variant_gid,P1,2120,ㄍㄜ,3,BIAOKAI_W5|KAICHU_MD|YUAN_W7,4,3,3,N,
variant_gid,P1,2153,ㄍㄜ,1,BIAOKAI_W5,1,1,1,N,
variant_gid,P1,2559,ㄐㄧㄚ,2,BIAOKAI_W5|KAICHU_MD,5,2,2,N,
variant_gid,P1,2599,ㄚ,1,YUAN_W3W5,1,1,1,N,
variant_gid,P1,2683,ㄉㄜ,4,BIAOKAI_W5|HEI_W5|KAICHU_MD|YUAN_W3W5,37,4,12,N,
variant_gid,P1,2746,ㄐㄧㄠ,1,BIAOKAI_W5,1,1,1,N,
variant_gid,P1,2847,ㄌㄩ,1,YUAN_W3W5,1,1,1,N,
variant_gid,P1,2909,ㄌㄟ,1,KAICHU_MD,2,1,2,N,
variant_gid,P1,2952,ㄔㄨ,4,BIAOKAI_W5|KAICHU_MD|YUAN_W3W5|YUAN_W7,10,4,6,N,
variant_gid,P1,3076,ㄙㄤ,1,BIAOKAI_W5,2,1,1,N,
variant_gid,P1,3200,ㄘㄥ,1,KAICHU_MD,2,1,2,N,
variant_gid,P1,3203,ㄔㄠ,2,KAICHU_MD|YUAN_W3W5,4,2,3,N,
variant_gid,P1,3344,ㄐㄧㄝ,1,KAICHU_MD,1,1,1,N,
variant_gid,P1,3470,ㄌㄧㄤ,4,BIAOKAI_W5|HEI_W7|KAICHU_MD|YUAN_W3W5,14,4,7,N,
variant_gid,P1,3576,ㄇㄚ,3,BIAOKAI_W5|KAICHU_MD|YUAN_W3W5,25,3,6,N,
variant_gid,P1,3701,ㄧㄝ,2,KAICHU_MD|YUAN_W3W5,2,2,2,N,
variant_gid,P1,3717,ㄉㄤ,1,KAICHU_MD,2,1,2,N,
variant_gid,P1,3801,ㄐㄧㄡ,1,KAICHU_MD,2,1,2,N,
variant_gid,P1,4214,ㄅㄤ,1,KAICHU_MD,3,1,2,N,
variant_gid,P1,4222,ㄩ,1,KAICHU_MD,1,1,1,N,
variant_gid,P1,4351,ㄇㄜ,1,KAICHU_MD,30,1,11,N,
variant_gid,P1,4417,ㄊㄢ,1,KAICHU_MD,1,1,1,N,
variant_gid,P1,4455,ㄅㄛ,1,KAICHU_MD,4,1,1,N,
variant_gid,P1,4464,ㄕㄨ,1,KAICHU_MD,10,1,4,N,
variant_gid,P1,4480,ㄩㄝ,2,BIAOKAI_W5|KAICHU_MD,4,2,2,N,
variant_gid,P1,4636,ㄊㄧㄠ,1,KAICHU_MD,5,1,4,N,
variant_gid,P1,4915,ㄒㄧㄥ,1,BIAOKAI_W5,1,1,1,N,
variant_gid,P1,5016,ㄊㄡ,1,KAICHU_MD,6,1,3,N,
variant_gid,P1,5072,ㄧㄥ,4,BIAOKAI_W5|KAICHU_MD|YUAN_W3W5|YUAN_W7,12,5,6,N,
variant_gid,P1,5431,ㄓㄨㄢ,1,KAICHU_MD,3,1,1,N,
variant_gid,P1,5650,ㄅㄠ,1,KAICHU_MD,6,1,1,N,
variant_gid,P1,5795,ㄌㄡ,1,KAICHU_MD,3,1,1,N,
variant_gid,P2,595,ㄧ,4,BIAOKAI_W5|KAICHU_MD|YUAN_W3W5|YUAN_W7,138,4,19,N,
variant_gid,P2,1172,ㄉㄧ,1,BIAOKAI_W5,3,1,1,N,
variant_gid,P2,2683,ㄉㄟ,1,BIAOKAI_W5,2,1,1,N,
variant_gid,P2,3385,ㄓㄨㄛ,1,KAICHU_MD,3,1,1,N,
variant_gid,P2,3558,ㄙㄞ,1,BIAOKAI_W5,1,1,1,N,
variant_gid,P3,673,ㄕㄣ,1,KAICHU_MD,13,1,7,N,
variant_gid,P3,1393,ㄏㄢ,5,BIAOKAI_W5|HEI_W5|HEI_W7|YUAN_W3W5|YUAN_W7,27,5,3,N,
variant_gid,Z,595,ㄧ,3,BIAOKAI_W5|KAICHU_MD|YUAN_W3W5,20,3,6,N,
variant_gid,Z,600,ㄐㄧㄡ,1,KAICHU_MD,4,1,3,N,
variant_gid,Z,601,ㄌㄜ,4,BIAOKAI_W5|HEI_W5|KAICHU_MD|YUAN_W3W5,58,4,16,N,
variant_gid,Z,602,ㄦ,4,BIAOKAI_W5|KAICHU_MD|YUAN_W3W5|YUAN_W7,8,4,4,N,
variant_gid,Z,603,ㄖㄣ,5,BIAOKAI_W5|HEI_W5|KAICHU_MD|YUAN_W3W5|YUAN_W7,138,5,19,N,
variant_gid,Z,605,ㄖㄨ,3,BIAOKAI_W5|KAICHU_MD|YUAN_W7,20,3,5,N,
variant_gid,Z,610,ㄌㄧ,6,BIAOKAI_W5|HEI_W5|HEI_W7|KAICHU_MD|YUAN_W3W5|YUAN_W7,52,6,13,N,
variant_gid,Z,612,ㄕ,3,BIAOKAI_W5|HEI_W5|KAICHU_MD,7,3,3,N,
variant_gid,Z,614,ㄧㄡ,2,BIAOKAI_W5|KAICHU_MD,10,2,4,N,
variant_gid,Z,615,ㄙㄢ,3,BIAOKAI_W5|KAICHU_MD|YUAN_W3W5,11,4,7,N,
variant_gid,Z,616,ㄒㄧㄚ,3,BIAOKAI_W5|KAICHU_MD|YUAN_W3W5,60,3,17,N,
variant_gid,Z,618,ㄕㄤ,4,BIAOKAI_W5|KAICHU_MD|YUAN_W3W5|YUAN_W7,61,4,17,N,
variant_gid,Z,620,ㄨㄢ,1,KAICHU_MD,5,1,1,N,
variant_gid,Z,622,ㄐㄧㄡ,1,KAICHU_MD,1,1,1,N,
variant_gid,Z,624,ㄧㄝ,3,BIAOKAI_W5|KAICHU_MD|YUAN_W3W5,20,3,10,N,
variant_gid,Z,630,ㄕㄠ,1,KAICHU_MD,1,1,1,N,
variant_gid,Z,632,ㄔㄚ,1,KAICHU_MD,5,1,3,N,
variant_gid,Z,633,ㄎㄡ,4,BIAOKAI_W5|HEI_W7|KAICHU_MD|YUAN_W7,8,4,5,N,
variant_gid,Z,634,ㄊㄨ,1,KAICHU_MD,1,1,1,N,
variant_gid,Z,637,ㄉㄚ,4,BIAOKAI_W5|KAICHU_MD|YUAN_W3W5|YUAN_W7,45,5,8,N,
variant_gid,Z,638,ㄋㄩ,3,BIAOKAI_W5|KAICHU_MD|YUAN_W3W5,9,3,4,N,
variant_gid,Z,639,ㄗ,2,BIAOKAI_W5|KAICHU_MD,14,2,7,N,
variant_gid,Z,643,ㄒㄧㄠ,4,BIAOKAI_W5|KAICHU_MD|YUAN_W3W5|YUAN_W7,88,4,8,N,
variant_gid,Z,647,ㄔㄨㄢ,1,KAICHU_MD,1,1,1,N,
variant_gid,Z,648,ㄍㄨㄥ,2,BIAOKAI_W5|KAICHU_MD,5,2,3,N,
variant_gid,Z,649,ㄐㄧ,5,BIAOKAI_W5|HEI_W7|KAICHU_MD|YUAN_W3W5|YUAN_W7,63,6,13,N,
variant_gid,Z,650,ㄧ,2,BIAOKAI_W5|KAICHU_MD,4,2,3,N,
variant_gid,Z,652,ㄐㄧㄣ,1,HEI_W5,1,1,1,N,
variant_gid,Z,656,ㄍㄨㄥ,1,KAICHU_MD,9,1,1,N,
variant_gid,Z,657,ㄘㄞ,3,BIAOKAI_W5|KAICHU_MD|YUAN_W3W5,17,4,7,N,
variant_gid,Z,660,ㄅㄨ,4,BIAOKAI_W5|KAICHU_MD|YUAN_W3W5|YUAN_W7,59,4,10,N,
variant_gid,Z,661,ㄓㄨㄥ,5,BIAOKAI_W5|HEI_W7|KAICHU_MD|YUAN_W3W5|YUAN_W7,56,5,15,N,
variant_gid,Z,664,ㄓ,3,BIAOKAI_W5|KAICHU_MD|YUAN_W7,6,3,4,N,
variant_gid,Z,669,ㄏㄨ,2,BIAOKAI_W5|KAICHU_MD,15,2,7,N,
variant_gid,Z,670,ㄨ,2,KAICHU_MD|YUAN_W3W5,7,3,5,N,
variant_gid,Z,673,ㄕㄣ,4,BIAOKAI_W5|HEI_W5|YUAN_W3W5|YUAN_W7,19,4,4,N,
variant_gid,Z,677,ㄖㄥ,1,BIAOKAI_W5,1,1,1,N,
variant_gid,Z,678,ㄐㄧㄣ,1,BIAOKAI_W5,3,1,1,N,
variant_gid,Z,679,ㄐㄧㄝ,2,BIAOKAI_W5|KAICHU_MD,2,2,2,N,
variant_gid,Z,681,ㄩㄢ,1,BIAOKAI_W5,1,1,1,N,
variant_gid,Z,683,ㄋㄟ,2,BIAOKAI_W5|KAICHU_MD,16,2,7,N,
variant_gid,Z,684,ㄌㄧㄡ,1,YUAN_W3W5,1,1,1,N,
variant_gid,Z,686,ㄍㄨㄥ,3,BIAOKAI_W5|KAICHU_MD|YUAN_W3W5,14,3,7,N,
variant_gid,Z,689,ㄈㄣ,4,BIAOKAI_W5|KAICHU_MD|YUAN_W3W5|YUAN_W7,55,4,12,N,
variant_gid,Z,693,ㄍㄡ,3,BIAOKAI_W5|KAICHU_MD|YUAN_W3W5,7,3,5,N,
variant_gid,Z,695,ㄏㄨㄚ,3,KAICHU_MD|YUAN_W3W5|YUAN_W7,10,3,6,N,
variant_gid,Z,696,ㄆㄧ,1,BIAOKAI_W5,2,1,1,N,
variant_gid,Z,697,ㄨ,2,KAICHU_MD|YUAN_W3W5,5,2,3,N,
variant_gid,Z,698,ㄕㄥ,3,BIAOKAI_W5|KAICHU_MD|YUAN_W7,8,3,2,N,
variant_gid,Z,702,ㄧㄡ,3,BIAOKAI_W5|KAICHU_MD|YUAN_W3W5,9,3,5,N,
variant_gid,Z,703,ㄐㄧ,4,BIAOKAI_W5|KAICHU_MD|YUAN_W3W5|YUAN_W7,9,4,5,N,
variant_gid,Z,704,ㄈㄢ,3,BIAOKAI_W5|YUAN_W3W5|YUAN_W7,7,3,2,N,
variant_gid,Z,706,ㄊㄧㄢ,3,BIAOKAI_W5|KAICHU_MD|YUAN_W3W5,36,3,8,N,
variant_gid,Z,708,ㄊㄞ,2,BIAOKAI_W5|KAICHU_MD,3,2,2,N,
variant_gid,Z,711,ㄕㄠ,1,KAICHU_MD,5,1,4,N,
variant_gid,Z,712,ㄧㄡ,1,BIAOKAI_W5,1,1,1,N,
variant_gid,Z,713,ㄔ,2,BIAOKAI_W5|KAICHU_MD,4,2,3,N,
variant_gid,Z,715,ㄅㄚ,1,YUAN_W3W5,1,1,1,N,
variant_gid,Z,719,ㄧㄣ,2,KAICHU_MD|YUAN_W3W5,5,3,3,N,
variant_gid,Z,720,ㄒㄧㄣ,5,BIAOKAI_W5|HEI_W7|KAICHU_MD|YUAN_W3W5|YUAN_W7,33,5,8,N,
variant_gid,Z,722,ㄏㄨ,1,KAICHU_MD,1,1,1,N,
variant_gid,Z,723,ㄕㄡ,3,BIAOKAI_W5|KAICHU_MD|YUAN_W7,83,3,12,N,
variant_gid,Z,725,ㄓ,1,BIAOKAI_W5,1,1,1,N,
variant_gid,Z,726,ㄨㄣ,3,BIAOKAI_W5|HEI_W7|KAICHU_MD,6,3,4,N,
variant_gid,Z,728,ㄐㄧㄣ,1,BIAOKAI_W5,2,1,1,N,
variant_gid,Z,729,ㄈㄤ,5,BIAOKAI_W5|HEI_W7|KAICHU_MD|YUAN_W3W5|YUAN_W7,58,5,12,N,
variant_gid,Z,730,ㄖ,5,BIAOKAI_W5|HEI_W7|KAICHU_MD|YUAN_W3W5|YUAN_W7,27,6,5,N,
variant_gid,Z,732,ㄩㄝ,1,KAICHU_MD,21,1,3,N,
variant_gid,Z,734,ㄑㄧㄢ,1,YUAN_W3W5,1,1,1,N,
variant_gid,Z,735,ㄓ,1,KAICHU_MD,2,1,2,N,
variant_gid,Z,738,ㄅㄧ,3,BIAOKAI_W5|KAICHU_MD|YUAN_W3W5,17,3,7,N,
variant_gid,Z,739,ㄇㄠ,2,HEI_W5|KAICHU_MD,2,2,2,N,
variant_gid,Z,741,ㄕㄨㄟ,3,BIAOKAI_W5|KAICHU_MD|YUAN_W3W5,52,3,7,N,
variant_gid,Z,744,ㄈㄨ,2,BIAOKAI_W5|KAICHU_MD,2,2,2,N,
variant_gid,Z,746,ㄆㄧㄢ,1,KAICHU_MD,1,1,1,N,
variant_gid,Z,747,ㄧㄚ,1,KAICHU_MD,1,1,1,N,
variant_gid,Z,752,ㄕ,1,BIAOKAI_W5,4,1,2,N,
variant_gid,Z,754,ㄑㄧㄝ,2,KAICHU_MD|YUAN_W3W5,6,2,4,N,
variant_gid,Z,756,ㄓㄨ,4,BIAOKAI_W5|KAICHU_MD|YUAN_W3W5|YUAN_W7,11,4,3,N,
variant_gid,Z,760,ㄧ,4,BIAOKAI_W5|HEI_W5|KAICHU_MD|YUAN_W3W5,87,5,16,N,
variant_gid,Z,761,ㄈㄨ,1,BIAOKAI_W5,3,1,1,N,
variant_gid,Z,762,ㄗ,1,KAICHU_MD,1,1,1,N,
variant_gid,Z,764,ㄊㄚ,3,BIAOKAI_W5|KAICHU_MD|YUAN_W3W5,30,3,13,N,
variant_gid,Z,766,ㄉㄞ,3,BIAOKAI_W5|KAICHU_MD|YUAN_W3W5,7,3,6,N,
variant_gid,Z,767,ㄌㄧㄥ,1,KAICHU_MD,2,1,2,N,
variant_gid,Z,770,ㄔㄨㄥ,1,KAICHU_MD,1,1,1,N,
variant_gid,Z,776,ㄔㄨ,5,BIAOKAI_W5|HEI_W7|KAICHU_MD|YUAN_W3W5|YUAN_W7,66,5,16,N,
variant_gid,Z,779,ㄐㄧㄚ,3,BIAOKAI_W5|KAICHU_MD|YUAN_W7,25,3,9,N,
variant_gid,Z,780,ㄍㄨㄥ,3,BIAOKAI_W5|KAICHU_MD|YUAN_W3W5,13,3,8,N,
variant_gid,Z,781,ㄅㄠ,3,BIAOKAI_W5|KAICHU_MD|YUAN_W3W5,12,4,4,N,
variant_gid,Z,788,ㄎㄚ,1,KAICHU_MD,6,1,3,N,
variant_gid,Z,792,ㄑㄩ,4,BIAOKAI_W5|HEI_W7|KAICHU_MD|YUAN_W3W5,19,4,5,N,
variant_gid,Z,793,ㄎㄜ,4,BIAOKAI_W5|HEI_W5|KAICHU_MD|YUAN_W3W5,69,5,15,N,
variant_gid,Z,794,ㄍㄨ,1,BIAOKAI_W5,1,1,1,N,
variant_gid,Z,795,ㄧㄡ,2,BIAOKAI_W5|KAICHU_MD,41,2,5,N,
variant_gid,Z,797,ㄉㄧㄥ,1,KAICHU_MD,4,1,1,N,
variant_gid,Z,801,ㄙ,1,KAICHU_MD,1,1,1,N,
variant_gid,Z,804,ㄌㄧㄥ,1,KAICHU_MD,19,1,6,N,
variant_gid,Z,805,ㄓ,3,BIAOKAI_W5|KAICHU_MD|YUAN_W3W5,5,3,5,N,
variant_gid,Z,806,ㄕ,1,KAICHU_MD,1,1,1,N,
variant_gid,Z,809,ㄐㄩ,1,KAICHU_MD,3,1,1,N,
variant_gid,Z,812,ㄙ,2,KAICHU_MD|YUAN_W3W5,4,2,3,N,
variant_gid,Z,814,ㄨㄞ,3,BIAOKAI_W5|HEI_W5|KAICHU_MD,29,3,7,N,
variant_gid,Z,816,ㄕ,3,BIAOKAI_W5|KAICHU_MD|YUAN_W7,9,3,2,N,
variant_gid,Z,818,ㄋㄞ,1,KAICHU_MD,1,1,1,N,
variant_gid,Z,819,ㄩㄣ,1,KAICHU_MD,6,1,1,N,
variant_gid,Z,820,ㄊㄚ,3,BIAOKAI_W5|KAICHU_MD|YUAN_W3W5,3,3,3,N,
variant_gid,Z,823,ㄑㄧㄠ,3,BIAOKAI_W5|KAICHU_MD|YUAN_W7,11,3,5,N,
variant_gid,Z,824,ㄗㄨㄛ,1,KAICHU_MD,42,1,4,N,
variant_gid,Z,825,ㄕ,1,KAICHU_MD,2,1,2,N,
variant_gid,Z,826,ㄅㄨ,2,BIAOKAI_W5|KAICHU_MD,12,2,5,N,
variant_gid,Z,827,ㄆㄧㄥ,3,BIAOKAI_W5|KAICHU_MD|YUAN_W3W5,19,3,9,N,
variant_gid,Z,828,ㄧㄡ,1,BIAOKAI_W5,1,1,1,N,
variant_gid,Z,834,ㄉㄚ,2,KAICHU_MD|YUAN_W3W5,7,2,4,N,
variant_gid,Z,841,ㄅㄣ,3,BIAOKAI_W5|KAICHU_MD|YUAN_W3W5,5,3,3,N,
variant_gid,Z,842,ㄨㄟ,2,BIAOKAI_W5|KAICHU_MD,3,2,2,N,
variant_gid,Z,845,ㄓㄥ,4,BIAOKAI_W5|KAICHU_MD|YUAN_W3W5|YUAN_W7,38,5,8,N,
variant_gid,Z,846,ㄇㄨ,2,BIAOKAI_W5|KAICHU_MD,9,2,4,N,
variant_gid,Z,847,ㄇㄧㄣ,2,BIAOKAI_W5|KAICHU_MD,4,2,3,N,
variant_gid,Z,849,ㄩㄥ,1,BIAOKAI_W5,2,1,1,N,
variant_gid,Z,850,ㄓ,2,KAICHU_MD|YUAN_W3W5,2,2,2,N,
variant_gid,Z,859,ㄕㄥ,5,BIAOKAI_W5|HEI_W7|KAICHU_MD|YUAN_W3W5|YUAN_W7,59,6,10,N,
variant_gid,Z,860,ㄩㄥ,5,BIAOKAI_W5|HEI_W7|KAICHU_MD|YUAN_W3W5|YUAN_W7,70,5,15,N,
variant_gid,Z,861,ㄕㄨㄞ,1,KAICHU_MD,2,1,1,N,
variant_gid,Z,863,ㄧㄡ,2,BIAOKAI_W5|KAICHU_MD,5,2,4,N,
variant_gid,Z,867,ㄅㄞ,4,BIAOKAI_W5|KAICHU_MD|YUAN_W3W5|YUAN_W7,6,4,4,N,
variant_gid,Z,868,ㄆㄧ,1,KAICHU_MD,3,1,2,N,
variant_gid,Z,870,ㄇㄨ,5,BIAOKAI_W5|HEI_W7|KAICHU_MD|YUAN_W3W5|YUAN_W7,32,6,8,N,
variant_gid,Z,874,ㄕ,4,BIAOKAI_W5|HEI_W7|KAICHU_MD|YUAN_W3W5,11,4,3,N,
variant_gid,Z,877,ㄌㄧ,3,BIAOKAI_W5|KAICHU_MD|YUAN_W3W5,40,3,9,N,
variant_gid,Z,879,ㄉㄧㄡ,2,BIAOKAI_W5|KAICHU_MD,6,2,2,N,
variant_gid,Z,884,ㄐㄧㄠ,1,KAICHU_MD,11,1,5,N,
variant_gid,Z,887,ㄈㄤ,1,KAICHU_MD,6,1,1,N,
variant_gid,Z,893,ㄈㄚ,1,KAICHU_MD,2,1,1,N,
variant_gid,Z,894,ㄒㄧㄡ,2,KAICHU_MD|YUAN_W3W5,4,2,4,N,
variant_gid,Z,897,ㄐㄧㄢ,4,BIAOKAI_W5|KAICHU_MD|YUAN_W3W5|YUAN_W7,11,4,2,N,
variant_gid,Z,898,ㄖㄣ,3,BIAOKAI_W5|KAICHU_MD|YUAN_W3W5,12,3,7,N,
variant_gid,Z,901,ㄈㄣ,1,KAICHU_MD,1,1,1,N,
variant_gid,Z,904,ㄍㄨㄤ,2,BIAOKAI_W5|KAICHU_MD,3,2,2,N,
variant_gid,Z,907,ㄒㄧㄢ,2,BIAOKAI_W5|KAICHU_MD,10,2,7,N,
variant_gid,Z,908,ㄑㄩㄢ,2,BIAOKAI_W5|KAICHU_MD,15,2,9,N,
variant_gid,Z,909,ㄍㄨㄥ,4,BIAOKAI_W5|HEI_W7|KAICHU_MD|YUAN_W3W5,5,4,2,N,
variant_gid,Z,910,ㄗㄞ,4,BIAOKAI_W5|KAICHU_MD|YUAN_W3W5|YUAN_W7,27,4,11,N,
variant_gid,Z,911,ㄅㄧㄥ,2,BIAOKAI_W5|KAICHU_MD,3,2,2,N,
variant_gid,Z,912,ㄌㄧㄝ,2,BIAOKAI_W5|KAICHU_MD,4,2,4,N,
variant_gid,Z,914,ㄏㄨㄚ,1,KAICHU_MD,3,1,1,N,
variant_gid,Z,921,ㄧㄣ,2,BIAOKAI_W5|KAICHU_MD,2,2,2,N,
variant_gid,Z,922,ㄨㄟ,1,KAICHU_MD,2,1,1,N,
variant_gid,Z,925,ㄊㄨㄥ,5,BIAOKAI_W5|HEI_W5|HEI_W7|KAICHU_MD|YUAN_W3W5,65,5,16,N,
variant_gid,Z,930,ㄍㄜ,2,KAICHU_MD|YUAN_W3W5,18,2,11,N,
variant_gid,Z,931,ㄒㄧㄤ,4,BIAOKAI_W5|KAICHU_MD|YUAN_W3W5|YUAN_W7,74,5,14,N,
variant_gid,Z,932,ㄇㄧㄥ,3,BIAOKAI_W5|KAICHU_MD|YUAN_W3W5,11,3,4,N,
variant_gid,Z,933,ㄏㄜ,4,BIAOKAI_W5|HEI_W7|KAICHU_MD|YUAN_W3W5,24,5,12,N,
variant_gid,Z,934,ㄔ,3,BIAOKAI_W5|KAICHU_MD|YUAN_W3W5,37,3,5,N,
variant_gid,Z,938,ㄧㄣ,4,BIAOKAI_W5|HEI_W5|KAICHU_MD|YUAN_W3W5,11,5,5,N,
variant_gid,Z,939,ㄏㄨㄟ,4,BIAOKAI_W5|HEI_W7|KAICHU_MD|YUAN_W3W5,38,4,7,N,
variant_gid,Z,942,ㄉㄧ,3,BIAOKAI_W5|KAICHU_MD|YUAN_W7,30,3,10,N,
variant_gid,Z,943,ㄗㄞ,4,BIAOKAI_W5|HEI_W7|KAICHU_MD|YUAN_W3W5,90,4,17,N,
variant_gid,Z,949,ㄉㄨㄛ,4,BIAOKAI_W5|KAICHU_MD|YUAN_W3W5|YUAN_W7,38,5,16,N,
variant_gid,Z,955,ㄏㄠ,4,BIAOKAI_W5|KAICHU_MD|YUAN_W3W5|YUAN_W7,45,5,11,N,
variant_gid,Z,956,ㄊㄚ,2,BIAOKAI_W5|KAICHU_MD,30,2,6,N,
variant_gid,Z,957,ㄖㄨ,4,BIAOKAI_W5|HEI_W7|KAICHU_MD|YUAN_W3W5,36,4,11,N,
variant_gid,Z,959,ㄗ,2,HEI_W7|KAICHU_MD,20,2,7,N,
variant_gid,Z,960,ㄘㄨㄣ,2,BIAOKAI_W5|KAICHU_MD,3,2,2,N,
variant_gid,Z,962,ㄕㄡ,3,HEI_W7|KAICHU_MD|YUAN_W3W5,14,3,3,N,
variant_gid,Z,964,ㄢ,3,BIAOKAI_W5|KAICHU_MD|YUAN_W3W5,13,3,4,N,
variant_gid,Z,966,ㄐㄧㄢ,1,KAICHU_MD,3,1,2,N,
variant_gid,Z,971,ㄋㄧㄢ,2,BIAOKAI_W5|KAICHU_MD,7,2,2,N,
variant_gid,Z,972,ㄕ,4,BIAOKAI_W5|KAICHU_MD|YUAN_W3W5|YUAN_W7,25,4,10,N,
variant_gid,Z,974,ㄇㄤ,3,BIAOKAI_W5|KAICHU_MD|YUAN_W3W5,5,3,2,N,
variant_gid,Z,979,ㄔㄥ,5,BIAOKAI_W5|HEI_W7|KAICHU_MD|YUAN_W3W5|YUAN_W7,52,6,15,N,
variant_gid,Z,983,ㄕㄡ,2,KAICHU_MD|YUAN_W3W5,17,2,3,N,
variant_gid,Z,984,ㄗㄠ,1,BIAOKAI_W5,2,1,1,N,
variant_gid,Z,988,ㄑㄩ,1,KAICHU_MD,5,1,3,N,
variant_gid,Z,990,ㄧㄡ,5,BIAOKAI_W5|HEI_W5|HEI_W7|KAICHU_MD|YUAN_W3W5,99,6,17,N,
variant_gid,Z,995,ㄘ,3,BIAOKAI_W5|KAICHU_MD|YUAN_W3W5,31,3,11,N,
variant_gid,Z,996,ㄘ,2,BIAOKAI_W5|KAICHU_MD,6,2,5,N,
variant_gid,Z,1001,ㄨ,1,KAICHU_MD,5,1,2,N,
variant_gid,Z,1003,ㄔ,1,KAICHU_MD,5,1,1,N,
variant_gid,Z,1013,ㄅㄞ,1,BIAOKAI_W5,1,1,1,N,
variant_gid,Z,1020,ㄌㄠ,3,BIAOKAI_W5|KAICHU_MD|YUAN_W3W5,22,3,5,N,
variant_gid,Z,1021,ㄎㄠ,4,BIAOKAI_W5|KAICHU_MD|YUAN_W3W5|YUAN_W7,17,5,4,N,
variant_gid,Z,1022,ㄦ,3,BIAOKAI_W5|KAICHU_MD|YUAN_W3W5,11,3,7,N,
variant_gid,Z,1024,ㄦ,1,KAICHU_MD,3,1,2,N,
variant_gid,Z,1026,ㄖㄡ,3,BIAOKAI_W5|KAICHU_MD|YUAN_W3W5,9,3,6,N,
variant_gid,Z,1028,ㄐㄧ,3,BIAOKAI_W5|KAICHU_MD|YUAN_W3W5,8,3,5,N,
variant_gid,Z,1030,ㄗ,5,BIAOKAI_W5|HEI_W7|KAICHU_MD|YUAN_W3W5|YUAN_W7,105,6,15,N,
variant_gid,Z,1031,ㄓ,2,BIAOKAI_W5|KAICHU_MD,2,2,2,N,
variant_gid,Z,1037,ㄙㄜ,3,BIAOKAI_W5|KAICHU_MD|YUAN_W7,10,3,6,N,
variant_gid,Z,1040,ㄒㄧㄝ,1,KAICHU_MD,4,1,2,N,
variant_gid,Z,1041,ㄒㄧㄥ,5,BIAOKAI_W5|HEI_W5|KAICHU_MD|YUAN_W3W5|YUAN_W7,41,6,10,N,
variant_gid,Z,1042,ㄧ,2,BIAOKAI_W5|KAICHU_MD,3,2,2,N,
variant_gid,Z,1043,ㄒㄧ,1,KAICHU_MD,1,1,1,N,
variant_gid,Z,1047,ㄨㄟ,2,BIAOKAI_W5|KAICHU_MD,6,2,5,N,
variant_gid,Z,1048,ㄓㄨ,1,KAICHU_MD,15,1,6,N,
variant_gid,Z,1052,ㄅㄢ,2,BIAOKAI_W5|KAICHU_MD,14,2,6,N,
variant_gid,Z,1054,ㄏㄜ,3,BIAOKAI_W5|HEI_W7|KAICHU_MD,18,3,8,N,
variant_gid,Z,1055,ㄍㄨ,2,BIAOKAI_W5|KAICHU_MD,3,2,2,N,
variant_gid,Z,1057,ㄧㄡ,1,KAICHU_MD,22,1,3,N,
variant_gid,Z,1060,ㄕㄣ,2,HEI_W7|KAICHU_MD,39,2,6,N,
variant_gid,Z,1063,ㄙ,1,BIAOKAI_W5,2,1,1,N,
variant_gid,Z,1064,ㄉㄢ,2,BIAOKAI_W5|KAICHU_MD,7,2,5,N,
variant_gid,Z,1066,ㄗㄨㄛ,3,BIAOKAI_W5|KAICHU_MD|YUAN_W3W5,31,3,12,N,
variant_gid,Z,1067,ㄋㄧ,5,BIAOKAI_W5|HEI_W7|KAICHU_MD|YUAN_W3W5|YUAN_W7,95,6,17,N,
variant_gid,Z,1069,ㄉㄧ,2,KAICHU_MD|YUAN_W3W5,8,2,5,N,
variant_gid,Z,1076,ㄎㄜ,2,BIAOKAI_W5|YUAN_W3W5,4,2,2,N,
variant_gid,Z,1077,ㄇㄧㄢ,3,BIAOKAI_W5|KAICHU_MD|YUAN_W3W5,7,3,5,N,
variant_gid,Z,1080,ㄌㄥ,2,BIAOKAI_W5|KAICHU_MD,2,2,2,N,
variant_gid,Z,1081,ㄅㄧㄝ,4,BIAOKAI_W5|HEI_W7|KAICHU_MD|YUAN_W3W5,21,4,10,N,
variant_gid,Z,1082,ㄆㄢ,1,KAICHU_MD,2,1,2,N,
variant_gid,Z,1083,ㄌㄧ,4,BIAOKAI_W5|KAICHU_MD|YUAN_W3W5|YUAN_W7,13,4,5,N,
variant_gid,Z,1087,ㄓㄨ,3,BIAOKAI_W5|KAICHU_MD|YUAN_W3W5,12,4,5,N,
variant_gid,Z,1088,ㄋㄨ,2,BIAOKAI_W5|KAICHU_MD,4,2,3,N,
variant_gid,Z,1091,ㄐㄧ,1,KAICHU_MD,3,1,3,N,
variant_gid,Z,1092,ㄌㄨㄢ,1,KAICHU_MD,2,1,1,N,
variant_gid,Z,1097,ㄈㄡ,3,BIAOKAI_W5|KAICHU_MD|YUAN_W3W5,7,3,3,N,
variant_gid,Z,1099,ㄅㄚ,2,BIAOKAI_W5|KAICHU_MD,7,2,7,N,
variant_gid,Z,1103,ㄔㄥ,1,KAICHU_MD,4,1,3,N,
variant_gid,Z,1105,ㄐㄩㄣ,2,BIAOKAI_W5|YUAN_W3W5,15,2,1,N,
variant_gid,Z,1107,ㄍㄠ,2,BIAOKAI_W5|KAICHU_MD,10,2,7,N,
variant_gid,Z,1110,ㄒㄧ,4,BIAOKAI_W5|HEI_W7|KAICHU_MD|YUAN_W3W5,9,4,5,N,
variant_gid,Z,1112,ㄔㄠ,1,BIAOKAI_W5,3,1,1,N,
variant_gid,Z,1116,ㄧㄚ,2,KAICHU_MD|YUAN_W3W5,2,2,2,N,
variant_gid,Z,1122,ㄎㄨㄣ,4,BIAOKAI_W5|HEI_W7|KAICHU_MD|YUAN_W3W5,7,4,3,N,
variant_gid,Z,1130,ㄎㄢ,1,BIAOKAI_W5,1,1,1,N,
variant_gid,Z,1131,ㄙㄜ,1,KAICHU_MD,17,1,2,N,
variant_gid,Z,1132,ㄗㄨㄛ,1,KAICHU_MD,1,1,1,N,
variant_gid,Z,1135,ㄓㄨㄤ,2,KAICHU_MD|YUAN_W3W5,3,2,3,N,
variant_gid,Z,1136,ㄐㄧㄚ,1,KAICHU_MD,8,1,2,N,
variant_gid,Z,1142,ㄇㄧㄠ,1,KAICHU_MD,2,1,2,N,
variant_gid,Z,1148,ㄊㄨㄛ,1,KAICHU_MD,1,1,1,N,
variant_gid,Z,1153,ㄨㄢ,3,BIAOKAI_W5|KAICHU_MD|YUAN_W3W5,24,4,10,N,
variant_gid,Z,1157,ㄐㄩ,2,KAICHU_MD|YUAN_W7,4,2,2,N,
variant_gid,Z,1166,ㄒㄧ,2,BIAOKAI_W5|KAICHU_MD,5,2,2,N,
variant_gid,Z,1167,ㄒㄩ,2,BIAOKAI_W5|KAICHU_MD,10,2,5,N,
variant_gid,Z,1172,ㄉㄧ,2,BIAOKAI_W5|KAICHU_MD,6,2,3,N,
variant_gid,Z,1174,ㄒㄧㄥ,2,KAICHU_MD|YUAN_W3W5,12,2,6,N,
variant_gid,Z,1179,ㄓ,1,BIAOKAI_W5,1,1,1,N,
variant_gid,Z,1181,ㄔㄣ,1,YUAN_W7,1,1,1,N,
variant_gid,Z,1182,ㄎㄨㄞ,5,BIAOKAI_W5|HEI_W5|HEI_W7|KAICHU_MD|YUAN_W3W5,27,5,11,N,
variant_gid,Z,1186,ㄨㄛ,6,BIAOKAI_W5|HEI_W5|HEI_W7|KAICHU_MD|YUAN_W3W5|YUAN_W7,131,7,11,N,
variant_gid,Z,1188,ㄎㄤ,3,BIAOKAI_W5|KAICHU_MD|YUAN_W7,5,3,2,N,
variant_gid,Z,1189,ㄉㄡ,1,BIAOKAI_W5,1,1,1,N,
variant_gid,Z,1190,ㄐㄧ,3,BIAOKAI_W5|KAICHU_MD|YUAN_W7,9,3,4,N,
variant_gid,Z,1191,ㄈㄨ,2,BIAOKAI_W5|KAICHU_MD,5,2,3,N,
variant_gid,Z,1194,ㄅㄚ,3,BIAOKAI_W5|HEI_W5|KAICHU_MD,20,3,9,N,
variant_gid,Z,1196,ㄓㄠ,3,BIAOKAI_W5|KAICHU_MD|YUAN_W7,11,3,5,N,
variant_gid,Z,1197,ㄆㄧ,1,KAICHU_MD,1,1,1,N,
variant_gid,Z,1199,ㄕㄨ,2,BIAOKAI_W5|YUAN_W3W5,2,2,1,N,
variant_gid,Z,1201,ㄓㄜ,2,BIAOKAI_W5|YUAN_W3W5,3,2,1,N,
variant_gid,Z,1202,ㄅㄢ,2,BIAOKAI_W5|KAICHU_MD,2,2,2,N,
variant_gid,Z,1203,ㄊㄡ,3,BIAOKAI_W5|KAICHU_MD|YUAN_W7,6,3,3,N,
variant_gid,Z,1204,ㄓㄨㄚ,1,KAICHU_MD,1,1,1,N,
variant_gid,Z,1207,ㄍㄞ,3,BIAOKAI_W5|KAICHU_MD|YUAN_W3W5,13,3,8,N,
variant_gid,Z,1208,ㄍㄨㄥ,1,KAICHU_MD,3,1,2,N,
variant_gid,Z,1211,ㄍㄥ,1,KAICHU_MD,8,1,5,N,
variant_gid,Z,1212,ㄕㄨ,2,BIAOKAI_W5|KAICHU_MD,4,2,3,N,
variant_gid,Z,1215,ㄘㄞ,1,KAICHU_MD,1,1,1,N,
variant_gid,Z,1225,ㄅㄨ,4,BIAOKAI_W5|KAICHU_MD|YUAN_W3W5|YUAN_W7,59,4,10,N,
variant_gid,Z,1226,ㄇㄟ,3,BIAOKAI_W5|KAICHU_MD|YUAN_W3W5,35,3,11,N,
variant_gid,Z,1227,ㄑㄧㄡ,3,HEI_W7|KAICHU_MD|YUAN_W3W5,6,3,4,N,
variant_gid,Z,1236,ㄐㄩㄝ,2,BIAOKAI_W5|KAICHU_MD,14,2,6,N,
variant_gid,Z,1242,ㄇㄟ,4,BIAOKAI_W5|HEI_W5|KAICHU_MD|YUAN_W3W5,17,4,7,N,
variant_gid,Z,1260,ㄊㄚ,1,KAICHU_MD,1,1,1,N,
variant_gid,Z,1266,ㄋㄢ,3,BIAOKAI_W5|KAICHU_MD|YUAN_W3W5,3,3,3,N,
variant_gid,Z,1275,ㄒㄧ,1,YUAN_W3W5,2,1,1,N,
variant_gid,Z,1280,ㄓㄡ,1,KAICHU_MD,2,1,1,N,
variant_gid,Z,1282,ㄉㄨ,1,YUAN_W3W5,9,1,1,N,
variant_gid,Z,1283,ㄩ,3,BIAOKAI_W5|KAICHU_MD|YUAN_W3W5,8,3,4,N,
variant_gid,Z,1284,ㄌㄧㄤ,3,BIAOKAI_W5|YUAN_W3W5|YUAN_W7,3,3,2,N,
variant_gid,Z,1288,ㄐㄧㄢ,1,KAICHU_MD,7,1,4,N,
variant_gid,Z,1289,ㄐㄧㄠ,3,BIAOKAI_W5|KAICHU_MD|YUAN_W7,10,3,4,N,
variant_gid,Z,1290,ㄧㄢ,2,BIAOKAI_W5|YUAN_W7,3,2,1,N,
variant_gid,Z,1292,ㄉㄡ,1,KAICHU_MD,1,1,1,N,
variant_gid,Z,1296,ㄗㄡ,1,KAICHU_MD,6,1,5,N,
variant_gid,Z,1297,ㄗㄨ,3,BIAOKAI_W5|KAICHU_MD|YUAN_W3W5,15,3,4,N,
variant_gid,Z,1298,ㄕㄣ,4,BIAOKAI_W5|KAICHU_MD|YUAN_W3W5|YUAN_W7,74,4,15,N,
variant_gid,Z,1299,ㄔㄜ,1,KAICHU_MD,1,1,1,N,
variant_gid,Z,1300,ㄒㄧㄣ,1,BIAOKAI_W5,1,1,1,N,
variant_gid,Z,1306,ㄒㄩㄣ,1,KAICHU_MD,1,1,1,N,
variant_gid,Z,1315,ㄈㄤ,1,KAICHU_MD,9,1,1,N,
variant_gid,Z,1320,ㄅㄧㄥ,4,BIAOKAI_W5|KAICHU_MD|YUAN_W3W5|YUAN_W7,24,4,9,N,
variant_gid,Z,1322,ㄖㄨ,1,KAICHU_MD,1,1,1,N,
variant_gid,Z,1323,ㄕ,5,BIAOKAI_W5|HEI_W7|KAICHU_MD|YUAN_W3W5|YUAN_W7,25,5,7,N,
variant_gid,Z,1324,ㄒㄧㄝ,4,BIAOKAI_W5|HEI_W7|KAICHU_MD|YUAN_W3W5,31,5,12,N,
variant_gid,Z,1326,ㄒㄧㄤ,2,BIAOKAI_W5|KAICHU_MD,5,2,2,N,
variant_gid,Z,1327,ㄐㄧㄥ,1,BIAOKAI_W5,1,1,1,N,
variant_gid,Z,1329,ㄧ,2,BIAOKAI_W5|KAICHU_MD,12,2,6,N,
variant_gid,Z,1331,ㄐㄧㄚ,2,BIAOKAI_W5|KAICHU_MD,23,2,4,N,
variant_gid,Z,1332,ㄕ,3,BIAOKAI_W5|KAICHU_MD|YUAN_W3W5,14,3,7,N,
variant_gid,Z,1334,ㄍㄨㄥ,1,YUAN_W3W5,2,1,1,N,
variant_gid,Z,1335,ㄌㄧ,3,BIAOKAI_W5|KAICHU_MD|YUAN_W3W5,8,3,5,N,
variant_gid,Z,1336,ㄌㄞ,3,BIAOKAI_W5|KAICHU_MD|YUAN_W3W5,48,3,19,N,
variant_gid,Z,1339,ㄅㄧㄥ,1,KAICHU_MD,6,1,4,N,
variant_gid,Z,1348,ㄊㄨ,1,KAICHU_MD,4,1,1,N,
variant_gid,Z,1349,ㄦ,2,KAICHU_MD|YUAN_W3W5,4,2,4,N,
variant_gid,Z,1351,ㄌㄧㄤ,2,KAICHU_MD|YUAN_W3W5,17,2,6,N,
variant_gid,Z,1352,ㄐㄩ,1,KAICHU_MD,8,1,4,N,
variant_gid,Z,1353,ㄑㄧ,1,KAICHU_MD,10,1,8,N,
variant_gid,Z,1361,ㄉㄠ,5,BIAOKAI_W5|HEI_W7|KAICHU_MD|YUAN_W3W5|YUAN_W7,81,5,17,N,
variant_gid,Z,1363,ㄓ,1,KAICHU_MD,1,1,1,N,
variant_gid,Z,1368,ㄒㄧㄝ,4,HEI_W7|KAICHU_MD|YUAN_W3W5|YUAN_W7,6,4,2,N,
variant_gid,Z,1375,ㄑㄩ,3,BIAOKAI_W5|KAICHU_MD|YUAN_W3W5,18,3,8,N,
variant_gid,Z,1377,ㄕㄡ,3,BIAOKAI_W5|KAICHU_MD|YUAN_W3W5,10,3,5,N,
variant_gid,Z,1378,ㄨㄟ,1,KAICHU_MD,4,1,3,N,
variant_gid,Z,1380,ㄎㄚ,1,KAICHU_MD,2,1,1,N,
variant_gid,Z,1389,ㄏㄨ,3,BIAOKAI_W5|HEI_W7|KAICHU_MD,28,3,8,N,
variant_gid,Z,1393,ㄏㄜ,1,BIAOKAI_W5,1,1,1,N,
variant_gid,Z,1395,ㄋㄜ,2,BIAOKAI_W5|YUAN_W3W5,6,3,2,N,
variant_gid,Z,1396,ㄓㄡ,1,KAICHU_MD,2,1,2,N,
variant_gid,Z,1398,ㄇㄧㄥ,1,KAICHU_MD,2,1,1,N,
variant_gid,Z,1399,ㄐㄧㄡ,1,YUAN_W3W5,1,1,1,N,
variant_gid,Z,1400,ㄍㄨ,2,BIAOKAI_W5|KAICHU_MD,2,2,2,N,
variant_gid,Z,1401,ㄌㄜ,1,KAICHU_MD,17,1,2,N,
variant_gid,Z,1402,ㄎㄜ,1,BIAOKAI_W5,1,1,1,N,
variant_gid,Z,1405,ㄆㄛ,1,KAICHU_MD,2,1,1,N,
variant_gid,Z,1409,ㄧㄝ,1,KAICHU_MD,1,1,1,N,
variant_gid,Z,1411,ㄑㄧ,1,KAICHU_MD,4,1,2,N,
variant_gid,Z,1414,ㄅㄣ,1,KAICHU_MD,1,1,1,N,
variant_gid,Z,1417,ㄨㄟ,1,HEI_W7,1,1,1,N,
variant_gid,Z,1418,ㄇㄟ,1,KAICHU_MD,2,1,1,N,
variant_gid,Z,1422,ㄐㄧㄝ,1,KAICHU_MD,4,1,3,N,
variant_gid,Z,1424,ㄕ,2,BIAOKAI_W5|KAICHU_MD,5,2,4,N,
variant_gid,Z,1425,ㄒㄧㄥ,1,YUAN_W3W5,2,1,1,N,
variant_gid,Z,1428,ㄋㄧ,1,BIAOKAI_W5,2,1,1,N,
variant_gid,Z,1435,ㄉㄧㄥ,5,BIAOKAI_W5|HEI_W7|KAICHU_MD|YUAN_W3W5|YUAN_W7,37,6,11,N,
variant_gid,Z,1441,ㄑㄩ,1,KAICHU_MD,13,1,4,N,
variant_gid,Z,1442,ㄐㄩ,1,KAICHU_MD,9,1,3,N,
variant_gid,Z,1459,ㄉㄧㄢ,1,KAICHU_MD,4,1,2,N,
variant_gid,Z,1461,ㄉㄧ,1,KAICHU_MD,3,1,2,N,
variant_gid,Z,1463,ㄧㄢ,1,KAICHU_MD,1,1,1,N,
variant_gid,Z,1470,ㄅㄧ,2,BIAOKAI_W5|KAICHU_MD,3,2,2,N,
variant_gid,Z,1474,ㄋㄧㄢ,1,KAICHU_MD,2,1,2,N,
variant_gid,Z,1482,ㄆㄚ,2,BIAOKAI_W5|YUAN_W7,3,2,1,N,
variant_gid,Z,1484,ㄒㄧㄥ,4,BIAOKAI_W5|HEI_W7|KAICHU_MD|YUAN_W3W5,12,4,6,N,
variant_gid,Z,1488,ㄏㄨㄛ,4,BIAOKAI_W5|HEI_W7|KAICHU_MD|YUAN_W3W5,24,5,9,N,
variant_gid,Z,1490,ㄈㄤ,2,BIAOKAI_W5|KAICHU_MD,3,2,2,N,
variant_gid,Z,1492,ㄙㄨㄛ,3,BIAOKAI_W5|KAICHU_MD|YUAN_W3W5,13,3,7,N,
variant_gid,Z,1493,ㄔㄥ,3,HEI_W7|KAICHU_MD|YUAN_W3W5,3,3,2,N,
variant_gid,Z,1494,ㄌㄚ,4,BIAOKAI_W5|HEI_W5|KAICHU_MD|YUAN_W3W5,27,4,8,N,
variant_gid,Z,1501,ㄓㄠ,1,KAICHU_MD,4,1,2,N,
variant_gid,Z,1505,ㄆㄠ,2,HEI_W5|KAICHU_MD,8,2,4,N,
variant_gid,Z,1508,ㄔㄡ,1,KAICHU_MD,2,1,2,N,
variant_gid,Z,1513,ㄆㄞ,2,BIAOKAI_W5|KAICHU_MD,29,2,3,N,
variant_gid,Z,1516,ㄅㄠ,1,KAICHU_MD,20,1,5,N,
variant_gid,Z,1521,ㄊㄞ,1,KAICHU_MD,6,1,1,N,
variant_gid,Z,1523,ㄈㄤ,4,BIAOKAI_W5|HEI_W7|KAICHU_MD|YUAN_W3W5,25,4,11,N,
variant_gid,Z,1525,ㄩ,3,BIAOKAI_W5|KAICHU_MD|YUAN_W3W5,15,3,6,N,
variant_gid,Z,1528,ㄧ,3,BIAOKAI_W5|KAICHU_MD|YUAN_W3W5,11,3,10,N,
variant_gid,Z,1532,ㄇㄧㄥ,4,BIAOKAI_W5|KAICHU_MD|YUAN_W3W5|YUAN_W7,10,4,4,N,
variant_gid,Z,1538,ㄈㄨ,3,BIAOKAI_W5|KAICHU_MD|YUAN_W3W5,13,4,3,N,
variant_gid,Z,1539,ㄆㄥ,3,BIAOKAI_W5|KAICHU_MD|YUAN_W3W5,7,3,4,N,
variant_gid,Z,1543,ㄉㄨㄥ,2,BIAOKAI_W5|KAICHU_MD,3,2,2,N,
variant_gid,Z,1544,ㄍㄨㄛ,3,BIAOKAI_W5|KAICHU_MD|YUAN_W3W5,28,3,10,N,
variant_gid,Z,1548,ㄓ,1,KAICHU_MD,1,1,1,N,
variant_gid,Z,1549,ㄌㄧㄣ,1,BIAOKAI_W5,2,1,1,N,
variant_gid,Z,1550,ㄅㄟ,1,KAICHU_MD,1,1,1,N,
variant_gid,Z,1552,ㄅㄢ,2,BIAOKAI_W5|KAICHU_MD,2,2,2,N,
variant_gid,Z,1555,ㄒㄧ,1,KAICHU_MD,1,1,1,N,
variant_gid,Z,1562,ㄒㄧㄣ,1,KAICHU_MD,1,1,1,N,
variant_gid,Z,1563,ㄨ,1,KAICHU_MD,2,1,1,N,
variant_gid,Z,1568,ㄑㄧ,1,BIAOKAI_W5,2,1,1,N,
variant_gid,Z,1569,ㄓㄨ,4,BIAOKAI_W5|HEI_W7|KAICHU_MD|YUAN_W3W5,16,5,8,N,
variant_gid,Z,1570,ㄩㄥ,1,KAICHU_MD,2,1,2,N,
variant_gid,Z,1574,ㄏㄜ,1,KAICHU_MD,1,1,1,N,
variant_gid,Z,1580,ㄈㄚ,5,BIAOKAI_W5|HEI_W7|KAICHU_MD|YUAN_W3W5|YUAN_W7,34,5,8,N,
variant_gid,Z,1584,ㄧㄡ,2,BIAOKAI_W5|KAICHU_MD,5,2,3,N,
variant_gid,Z,1585,ㄎㄨㄤ,4,BIAOKAI_W5|KAICHU_MD|YUAN_W3W5|YUAN_W7,11,4,8,N,
variant_gid,Z,1586,ㄐㄩ,1,BIAOKAI_W5,1,1,1,N,
variant_gid,Z,1590,ㄧㄢ,1,KAICHU_MD,1,1,1,N,
variant_gid,Z,1591,ㄓ,2,KAICHU_MD|YUAN_W3W5,6,2,2,N,
variant_gid,Z,1592,ㄆㄠ,1,KAICHU_MD,1,1,1,N,
variant_gid,Z,1594,ㄅㄛ,1,KAICHU_MD,1,1,1,N,
variant_gid,Z,1601,ㄧㄢ,2,KAICHU_MD|YUAN_W3W5,3,2,2,N,
variant_gid,Z,1605,ㄆㄚ,1,KAICHU_MD,3,1,1,N,
variant_gid,Z,1606,ㄓㄥ,1,KAICHU_MD,1,1,1,N,
variant_gid,Z,1607,ㄅㄚ,3,BIAOKAI_W5|KAICHU_MD|YUAN_W3W5,11,3,4,N,
variant_gid,Z,1610,ㄨ,3,BIAOKAI_W5|KAICHU_MD|YUAN_W3W5,54,4,13,N,
variant_gid,Z,1611,ㄓㄨㄤ,2,BIAOKAI_W5|KAICHU_MD,12,2,8,N,
variant_gid,Z,1616,ㄨㄢ,3,BIAOKAI_W5|KAICHU_MD|YUAN_W3W5,8,3,3,N,
variant_gid,Z,1625,ㄉㄜ,6,BIAOKAI_W5|HEI_W5|HEI_W7|KAICHU_MD|YUAN_W3W5|YUAN_W7,419,7,24,N,
variant_gid,Z,1628,ㄓ,2,BIAOKAI_W5|KAICHU_MD,23,2,7,N,
variant_gid,Z,1629,ㄓ,4,BIAOKAI_W5|KAICHU_MD|YUAN_W3W5|YUAN_W7,13,4,6,N,
variant_gid,Z,1631,ㄕㄜ,3,KAICHU_MD|YUAN_W3W5|YUAN_W7,23,3,4,N,
variant_gid,Z,1636,ㄎㄨㄥ,1,KAICHU_MD,4,1,2,N,
variant_gid,Z,1643,ㄓㄜ,2,BIAOKAI_W5|KAICHU_MD,13,2,5,N,
variant_gid,Z,1646,ㄓ,2,KAICHU_MD|YUAN_W7,2,2,2,N,
variant_gid,Z,1650,ㄐㄧㄢ,1,KAICHU_MD,3,1,2,N,
variant_gid,Z,1653,ㄎㄣ,1,YUAN_W3W5,1,1,1,N,
variant_gid,Z,1664,ㄏㄨㄚ,1,KAICHU_MD,5,1,2,N,
variant_gid,Z,1676,ㄅㄧㄠ,5,BIAOKAI_W5|HEI_W7|KAICHU_MD|YUAN_W3W5|YUAN_W7,28,5,10,N,
variant_gid,Z,1680,ㄐㄧㄣ,4,BIAOKAI_W5|KAICHU_MD|YUAN_W3W5|YUAN_W7,7,4,4,N,
variant_gid,Z,1686,ㄐㄧㄣ,1,BIAOKAI_W5,5,1,1,N,
variant_gid,Z,1687,ㄔㄤ,3,BIAOKAI_W5|HEI_W5|KAICHU_MD,6,3,5,N,
variant_gid,Z,1691,ㄚ,1,YUAN_W3W5,1,1,1,N,
variant_gid,Z,1692,ㄗㄨ,2,KAICHU_MD|YUAN_W3W5,7,2,2,N,
variant_gid,Z,1698,ㄈㄟ,2,KAICHU_MD|YUAN_W3W5,4,2,4,N,
variant_gid,Z,1701,ㄌㄧㄤ,1,KAICHU_MD,17,1,3,N,
variant_gid,Z,1702,ㄒㄧㄣ,4,BIAOKAI_W5|HEI_W7|KAICHU_MD|YUAN_W3W5,6,4,2,N,
variant_gid,Z,1705,ㄅㄧㄢ,3,KAICHU_MD|YUAN_W3W5|YUAN_W7,15,3,3,N,
variant_gid,Z,1709,ㄅㄠ,3,BIAOKAI_W5|KAICHU_MD|YUAN_W3W5,8,3,5,N,
variant_gid,Z,1710,ㄘㄨ,3,BIAOKAI_W5|KAICHU_MD|YUAN_W3W5,6,3,5,N,
variant_gid,Z,1715,ㄙㄨ,1,BIAOKAI_W5,1,1,1,N,
variant_gid,Z,1719,ㄒㄧ,1,HEI_W5,1,1,1,N,
variant_gid,Z,1727,ㄍㄨㄢ,1,BIAOKAI_W5,1,1,1,N,
variant_gid,Z,1731,ㄑㄧㄢ,3,BIAOKAI_W5|KAICHU_MD|YUAN_W3W5,93,4,12,N,
variant_gid,Z,1734,ㄗㄜ,3,BIAOKAI_W5|KAICHU_MD|YUAN_W3W5,11,3,5,N,
variant_gid,Z,1735,ㄩㄥ,1,BIAOKAI_W5,1,1,1,N,
variant_gid,Z,1741,ㄑㄩㄝ,1,BIAOKAI_W5,2,1,1,N,
variant_gid,Z,1742,ㄏㄡ,1,KAICHU_MD,1,1,1,N,
variant_gid,Z,1756,ㄆㄧㄣ,2,KAICHU_MD|YUAN_W3W5,16,2,5,N,
variant_gid,Z,1757,ㄏㄨㄥ,1,BIAOKAI_W5,1,1,1,N,
variant_gid,Z,1767,ㄔㄨㄟ,2,BIAOKAI_W5|KAICHU_MD,2,2,2,N,
variant_gid,Z,1768,ㄒㄧㄥ,3,BIAOKAI_W5|KAICHU_MD|YUAN_W3W5,6,3,4,N,
variant_gid,Z,1772,ㄔㄥ,1,KAICHU_MD,1,1,1,N,
variant_gid,Z,1776,ㄑㄧ,2,BIAOKAI_W5|KAICHU_MD,2,2,2,N,
variant_gid,Z,1777,ㄗㄡ,1,KAICHU_MD,1,1,1,N,
variant_gid,Z,1782,ㄗ,2,HEI_W5|KAICHU_MD,12,2,4,N,
variant_gid,Z,1793,ㄒㄩㄢ,1,BIAOKAI_W5,1,1,1,N,
variant_gid,Z,1795,ㄕ,1,BIAOKAI_W5,2,1,1,N,
variant_gid,Z,1796,ㄎㄜ,2,BIAOKAI_W5|KAICHU_MD,2,2,2,N,
variant_gid,Z,1798,ㄈㄥ,1,KAICHU_MD,3,1,1,N,
variant_gid,Z,1811,ㄉㄨ,4,BIAOKAI_W5|KAICHU_MD|YUAN_W3W5|YUAN_W7,23,5,6,N,
variant_gid,Z,1812,ㄐㄧㄢ,2,KAICHU_MD|YUAN_W7,4,2,2,N,
variant_gid,Z,1816,ㄏㄣ,4,BIAOKAI_W5|HEI_W5|KAICHU_MD|YUAN_W3W5,25,4,11,N,
variant_gid,Z,1817,ㄉㄞ,1,KAICHU_MD,1,1,1,N,
variant_gid,Z,1819,ㄌㄩ,1,KAICHU_MD,1,1,1,N,
variant_gid,Z,1821,ㄏㄡ,3,BIAOKAI_W5|KAICHU_MD|YUAN_W3W5,108,3,15,N,
variant_gid,Z,1823,ㄋㄨ,2,BIAOKAI_W5|YUAN_W3W5,2,2,1,N,
variant_gid,Z,1824,ㄙ,3,BIAOKAI_W5|KAICHU_MD|YUAN_W3W5,13,3,4,N,
variant_gid,Z,1826,ㄐㄧ,2,BIAOKAI_W5|KAICHU_MD,5,2,3,N,
variant_gid,Z,1827,ㄗㄣ,3,BIAOKAI_W5|KAICHU_MD|YUAN_W3W5,28,3,10,N,
variant_gid,Z,1832,ㄏㄨㄟ,1,KAICHU_MD,1,1,1,N,
variant_gid,Z,1840,ㄅㄞ,1,KAICHU_MD,1,1,1,N,
variant_gid,Z,1842,ㄢ,3,BIAOKAI_W5|KAICHU_MD|YUAN_W3W5,5,3,4,N,
variant_gid,Z,1843,ㄆㄧㄣ,2,KAICHU_MD|YUAN_W7,5,2,2,N,
variant_gid,Z,1845,ㄔ,3,BIAOKAI_W5|KAICHU_MD|YUAN_W3W5,9,3,6,N,
variant_gid,Z,1848,ㄓ,4,BIAOKAI_W5|HEI_W7|KAICHU_MD|YUAN_W3W5,9,4,6,N,
variant_gid,Z,1855,ㄊㄧㄠ,1,HEI_W7,1,1,1,N,
variant_gid,Z,1858,ㄍㄨ,2,BIAOKAI_W5|HEI_W7,4,2,1,N,
variant_gid,Z,1866,ㄕ,3,BIAOKAI_W5|KAICHU_MD|YUAN_W3W5,91,4,16,N,
variant_gid,Z,1867,ㄒㄧㄥ,2,YUAN_W3W5|YUAN_W7,8,2,2,N,
variant_gid,Z,1873,ㄖㄢ,2,KAICHU_MD|YUAN_W3W5,7,2,3,N,
variant_gid,Z,1876,ㄇㄡ,1,KAICHU_MD,2,1,2,N,
variant_gid,Z,1878,ㄐㄧㄚ,2,BIAOKAI_W5|KAICHU_MD,6,2,2,N,
variant_gid,Z,1886,ㄧㄡ,1,KAICHU_MD,11,1,2,N,
variant_gid,Z,1887,ㄔㄚ,3,BIAOKAI_W5|KAICHU_MD|YUAN_W3W5,7,3,4,N,
variant_gid,Z,1900,ㄉㄨㄢ,2,BIAOKAI_W5|KAICHU_MD,4,2,3,N,
variant_gid,Z,1908,ㄌㄧㄡ,2,BIAOKAI_W5|KAICHU_MD,5,2,5,N,
variant_gid,Z,1913,ㄒㄧ,1,KAICHU_MD,4,1,2,N,
variant_gid,Z,1914,ㄏㄨㄛ,5,BIAOKAI_W5|HEI_W7|KAICHU_MD|YUAN_W3W5|YUAN_W7,38,5,10,N,
variant_gid,Z,1916,ㄆㄞ,2,BIAOKAI_W5|KAICHU_MD,3,2,3,N,
variant_gid,Z,1929,ㄨㄟ,5,BIAOKAI_W5|HEI_W5|KAICHU_MD|YUAN_W3W5|YUAN_W7,21,5,7,N,
variant_gid,Z,1954,ㄐㄧㄝ,1,BIAOKAI_W5,3,1,2,N,
variant_gid,Z,1957,ㄧ,2,KAICHU_MD|YUAN_W3W5,2,2,2,N,
variant_gid,Z,1968,ㄅㄟ,1,BIAOKAI_W5,1,1,1,N,
variant_gid,Z,1972,ㄒㄧㄤ,3,BIAOKAI_W5|KAICHU_MD|YUAN_W3W5,15,3,11,N,
variant_gid,Z,1973,ㄇㄟ,1,KAICHU_MD,1,1,1,N,
variant_gid,Z,1974,ㄎㄢ,3,BIAOKAI_W5|KAICHU_MD|YUAN_W3W5,40,3,14,N,
variant_gid,Z,1989,ㄎㄜ,1,YUAN_W3W5,1,1,1,N,
variant_gid,Z,1990,ㄇㄧㄠ,2,BIAOKAI_W5|KAICHU_MD,3,2,2,N,
variant_gid,Z,1992,ㄔㄨㄢ,1,KAICHU_MD,14,1,4,N,
variant_gid,Z,1993,ㄊㄨ,1,KAICHU_MD,1,1,1,N,
variant_gid,Z,1994,ㄍㄢ,1,KAICHU_MD,1,1,1,N,
variant_gid,Z,1998,ㄏㄨㄥ,1,KAICHU_MD,7,1,3,N,
variant_gid,Z,1999,ㄐㄧ,2,BIAOKAI_W5|KAICHU_MD,2,2,2,N,
variant_gid,Z,2002,ㄩㄝ,1,KAICHU_MD,7,1,3,N,
variant_gid,Z,2005,ㄇㄟ,3,BIAOKAI_W5|KAICHU_MD|YUAN_W3W5,10,3,3,N,
variant_gid,Z,2011,ㄆㄤ,1,KAICHU_MD,1,1,1,N,
variant_gid,Z,2014,ㄨㄟ,2,BIAOKAI_W5|KAICHU_MD,4,2,2,N,
variant_gid,Z,2016,ㄅㄟ,2,BIAOKAI_W5|KAICHU_MD,12,2,3,N,
variant_gid,Z,2030,ㄎㄨ,1,BIAOKAI_W5,1,1,1,N,
variant_gid,Z,2032,ㄖㄨㄛ,1,KAICHU_MD,3,1,2,N,
variant_gid,Z,2037,ㄧㄥ,1,KAICHU_MD,4,1,3,N,
variant_gid,Z,2053,ㄧㄠ,4,BIAOKAI_W5|KAICHU_MD|YUAN_W3W5|YUAN_W7,72,5,15,N,
variant_gid,Z,2055,ㄐㄧ,2,BIAOKAI_W5|KAICHU_MD,5,2,3,N,
variant_gid,Z,2056,ㄉㄧㄥ,2,BIAOKAI_W5|KAICHU_MD,3,2,2,N,
variant_gid,Z,2059,ㄈㄨ,4,BIAOKAI_W5|KAICHU_MD|YUAN_W3W5|YUAN_W7,15,5,5,N,
variant_gid,Z,2062,ㄆㄚ,1,BIAOKAI_W5,2,1,1,N,
variant_gid,Z,2063,ㄐㄩㄣ,1,BIAOKAI_W5,2,1,2,N,
variant_gid,Z,2065,ㄕㄨ,3,BIAOKAI_W5|HEI_W7|KAICHU_MD,4,3,2,N,
variant_gid,Z,2074,ㄐㄧㄠ,1,KAICHU_MD,1,1,1,N,
variant_gid,Z,2080,ㄓㄨㄥ,2,BIAOKAI_W5|KAICHU_MD,16,2,5,N,
variant_gid,Z,2085,ㄐㄧㄤ,2,KAICHU_MD|YUAN_W3W5,3,2,3,N,
variant_gid,Z,2086,ㄇㄧㄢ,5,BIAOKAI_W5|HEI_W7|KAICHU_MD|YUAN_W3W5|YUAN_W7,44,5,9,N,
variant_gid,Z,2087,ㄍㄜ,1,KAICHU_MD,1,1,1,N,
variant_gid,Z,2090,ㄧㄣ,2,BIAOKAI_W5|KAICHU_MD,4,2,3,N,
variant_gid,Z,2092,ㄈㄥ,2,BIAOKAI_W5|KAICHU_MD,2,2,2,N,
variant_gid,Z,2093,ㄈㄟ,1,KAICHU_MD,18,1,2,N,
variant_gid,Z,2094,ㄕ,3,BIAOKAI_W5|KAICHU_MD|YUAN_W3W5,28,4,9,N,
variant_gid,Z,2096,ㄒㄧㄤ,1,KAICHU_MD,3,1,2,N,
variant_gid,Z,2107,ㄒㄧㄥ,1,BIAOKAI_W5,1,1,1,N,
variant_gid,Z,2109,ㄓ,2,BIAOKAI_W5|YUAN_W7,6,2,1,N,
variant_gid,Z,2112,ㄉㄠ,1,KAICHU_MD,4,1,1,N,
variant_gid,Z,2113,ㄇㄣ,1,KAICHU_MD,10,1,8,N,
variant_gid,Z,2120,ㄍㄜ,3,BIAOKAI_W5|KAICHU_MD|YUAN_W3W5,47,3,14,N,
variant_gid,Z,2121,ㄏㄡ,2,KAICHU_MD|YUAN_W3W5,3,2,3,N,
variant_gid,Z,2124,ㄒㄧㄡ,1,YUAN_W3W5,1,1,1,N,
variant_gid,Z,2141,ㄍㄤ,2,KAICHU_MD|YUAN_W3W5,6,2,2,N,
variant_gid,Z,2145,ㄩㄢ,4,BIAOKAI_W5|HEI_W5|KAICHU_MD|YUAN_W3W5,14,5,9,N,
variant_gid,Z,2153,ㄍㄜ,2,BIAOKAI_W5|KAICHU_MD,2,2,2,N,
variant_gid,Z,2159,ㄎㄨ,1,BIAOKAI_W5,5,1,1,N,
variant_gid,Z,2160,ㄩㄢ,2,BIAOKAI_W5|KAICHU_MD,4,2,4,N,
variant_gid,Z,2163,ㄋㄚ,4,BIAOKAI_W5|HEI_W7|KAICHU_MD|YUAN_W3W5,25,4,12,N,
variant_gid,Z,2174,ㄞ,1,KAICHU_MD,1,1,1,N,
variant_gid,Z,2176,ㄒㄧㄚ,1,BIAOKAI_W5,1,1,1,N,
variant_gid,Z,2196,ㄏㄞ,3,BIAOKAI_W5|KAICHU_MD|YUAN_W7,5,3,2,N,
variant_gid,Z,2197,ㄐㄧㄚ,4,BIAOKAI_W5|KAICHU_MD|YUAN_W3W5|YUAN_W7,86,5,8,N,
variant_gid,Z,2199,ㄍㄨㄥ,2,KAICHU_MD|YUAN_W7,5,2,4,N,
variant_gid,Z,2201,ㄖㄨㄥ,3,BIAOKAI_W5|KAICHU_MD|YUAN_W3W5,11,4,8,N,
variant_gid,Z,2205,ㄓㄢ,3,BIAOKAI_W5|HEI_W7|KAICHU_MD,18,3,2,N,
variant_gid,Z,2216,ㄔㄚ,2,BIAOKAI_W5|KAICHU_MD,3,2,3,N,
variant_gid,Z,2218,ㄕ,4,BIAOKAI_W5|KAICHU_MD|YUAN_W3W5|YUAN_W7,40,4,4,N,
variant_gid,Z,2220,ㄊㄧㄥ,4,BIAOKAI_W5|KAICHU_MD|YUAN_W3W5|YUAN_W7,15,4,4,N,
variant_gid,Z,2224,ㄐㄧㄥ,2,BIAOKAI_W5|KAICHU_MD,2,2,2,N,
variant_gid,Z,2229,ㄎㄨㄥ,1,BIAOKAI_W5,1,1,1,N,
variant_gid,Z,2232,ㄣ,1,BIAOKAI_W5,1,1,1,N,
variant_gid,Z,2233,ㄒㄧ,2,KAICHU_MD|YUAN_W3W5,2,2,2,N,
variant_gid,Z,2240,ㄩㄝ,1,KAICHU_MD,1,1,1,N,
variant_gid,Z,2243,ㄑㄩㄢ,1,KAICHU_MD,27,1,5,N,
variant_gid,Z,2245,ㄋㄚ,2,BIAOKAI_W5|KAICHU_MD,9,2,6,N,
variant_gid,Z,2258,ㄘㄨㄛ,2,BIAOKAI_W5|YUAN_W3W5,3,2,1,N,
variant_gid,Z,2262,ㄒㄧㄠ,2,BIAOKAI_W5|KAICHU_MD,3,2,3,N,
variant_gid,Z,2264,ㄌㄧㄠ,2,KAICHU_MD|YUAN_W3W5,3,2,3,N,
variant_gid,Z,2265,ㄆㄤ,2,KAICHU_MD|YUAN_W3W5,7,2,3,N,
variant_gid,Z,2267,ㄕ,4,BIAOKAI_W5|HEI_W7|KAICHU_MD|YUAN_W3W5,100,5,18,N,
variant_gid,Z,2275,ㄕㄨ,2,BIAOKAI_W5|KAICHU_MD,3,2,2,N,
variant_gid,Z,2279,ㄒㄧㄠ,4,BIAOKAI_W5|KAICHU_MD|YUAN_W3W5|YUAN_W7,15,4,3,N,
variant_gid,Z,2280,ㄏㄜ,1,YUAN_W3W5,1,1,1,N,
variant_gid,Z,2281,ㄢ,2,KAICHU_MD|YUAN_W3W5,3,2,2,N,
variant_gid,Z,2282,ㄎㄨㄤ,1,YUAN_W3W5,1,1,1,N,
variant_gid,Z,2284,ㄍㄣ,3,BIAOKAI_W5|KAICHU_MD|YUAN_W3W5,4,3,3,N,
variant_gid,Z,2290,ㄓㄨㄛ,1,BIAOKAI_W5,2,1,1,N,
variant_gid,Z,2296,ㄍㄜ,1,KAICHU_MD,15,1,6,N,
variant_gid,Z,2306,ㄑㄧ,3,BIAOKAI_W5|KAICHU_MD|YUAN_W7,15,3,5,N,
variant_gid,Z,2314,ㄒㄧㄠ,3,KAICHU_MD|YUAN_W3W5|YUAN_W7,4,3,2,N,
variant_gid,Z,2317,ㄐㄧㄣ,1,KAICHU_MD,1,1,1,N,
variant_gid,Z,2318,ㄏㄞ,1,KAICHU_MD,1,1,1,N,
variant_gid,Z,2323,ㄈㄨ,1,KAICHU_MD,18,1,1,N,
variant_gid,Z,2337,ㄌㄧㄝ,1,BIAOKAI_W5,2,1,1,N,
variant_gid,Z,2340,ㄊㄜ,3,BIAOKAI_W5|HEI_W7|KAICHU_MD,8,3,7,N,
variant_gid,Z,2347,ㄅㄢ,3,BIAOKAI_W5|KAICHU_MD|YUAN_W3W5,17,3,3,N,
variant_gid,Z,2357,ㄌㄧㄡ,1,KAICHU_MD,1,1,1,N,
variant_gid,Z,2358,ㄐㄧ,1,KAICHU_MD,4,1,1,N,
variant_gid,Z,2359,ㄅㄧㄥ,2,KAICHU_MD|YUAN_W3W5,11,2,3,N,
variant_gid,Z,2360,ㄓㄥ,1,KAICHU_MD,2,1,1,N,
variant_gid,Z,2364,ㄊㄥ,1,YUAN_W3W5,1,1,1,N,
variant_gid,Z,2365,ㄓㄣ,1,KAICHU_MD,1,1,1,N,
variant_gid,Z,2370,ㄧ,3,BIAOKAI_W5|KAICHU_MD|YUAN_W3W5,4,3,2,N,
variant_gid,Z,2374,ㄓㄣ,3,BIAOKAI_W5|KAICHU_MD|YUAN_W7,5,3,3,N,
variant_gid,Z,2375,ㄇㄧㄢ,1,KAICHU_MD,1,1,1,N,
variant_gid,Z,2380,ㄗㄚ,1,BIAOKAI_W5,1,1,1,N,
variant_gid,Z,2382,ㄆㄛ,1,YUAN_W3W5,1,1,1,N,
variant_gid,Z,2389,ㄇㄧ,1,YUAN_W3W5,4,1,1,N,
variant_gid,Z,2394,ㄕㄣ,2,BIAOKAI_W5|KAICHU_MD,2,2,2,N,
variant_gid,Z,2407,ㄓㄢ,1,KAICHU_MD,24,1,7,N,
variant_gid,Z,2409,ㄒㄧㄠ,2,BIAOKAI_W5|KAICHU_MD,5,2,2,N,
variant_gid,Z,2413,ㄨㄣ,1,KAICHU_MD,2,1,1,N,
variant_gid,Z,2416,ㄙㄨㄛ,1,KAICHU_MD,1,1,1,N,
variant_gid,Z,2420,ㄐㄧ,1,BIAOKAI_W5,3,1,1,N,
variant_gid,Z,2423,ㄓ,1,KAICHU_MD,6,1,3,N,
variant_gid,Z,2425,ㄑㄩㄝ,2,KAICHU_MD|YUAN_W3W5,3,3,2,N,
variant_gid,Z,2439,ㄓ,1,KAICHU_MD,1,1,1,N,
variant_gid,Z,2444,ㄘㄨㄟ,1,KAICHU_MD,1,1,1,N,
variant_gid,Z,2445,ㄒㄩㄥ,1,KAICHU_MD,6,1,4,N,
variant_gid,Z,2448,ㄋㄥ,4,BIAOKAI_W5|KAICHU_MD|YUAN_W3W5|YUAN_W7,50,5,11,N,
variant_gid,Z,2452,ㄔㄡ,1,KAICHU_MD,1,1,1,N,
variant_gid,Z,2459,ㄅㄢ,1,KAICHU_MD,3,1,3,N,
variant_gid,Z,2473,ㄔㄚ,1,KAICHU_MD,3,1,2,N,
variant_gid,Z,2480,ㄨㄣ,1,KAICHU_MD,5,1,1,N,
variant_gid,Z,2494,ㄐㄧ,4,BIAOKAI_W5|HEI_W7|KAICHU_MD|YUAN_W3W5,11,4,6,N,
variant_gid,Z,2496,ㄊㄠ,2,BIAOKAI_W5|KAICHU_MD,8,2,6,N,
variant_gid,Z,2499,ㄒㄩㄣ,2,KAICHU_MD|YUAN_W3W5,3,3,2,N,
variant_gid,Z,2500,ㄊㄨㄛ,2,BIAOKAI_W5|KAICHU_MD,2,2,2,N,
variant_gid,Z,2501,ㄒㄩㄣ,1,BIAOKAI_W5,2,1,1,N,
variant_gid,Z,2510,ㄑㄧ,3,BIAOKAI_W5|KAICHU_MD|YUAN_W3W5,74,3,15,N,
variant_gid,Z,2516,ㄙㄨㄥ,1,KAICHU_MD,4,1,2,N,
variant_gid,Z,2517,ㄋㄧ,3,BIAOKAI_W5|KAICHU_MD|YUAN_W7,5,3,3,N,
variant_gid,Z,2518,ㄇㄧ,1,YUAN_W7,1,1,1,N,
variant_gid,Z,2519,ㄊㄨㄟ,2,BIAOKAI_W5|KAICHU_MD,3,2,2,N,
variant_gid,Z,2521,ㄏㄨㄟ,1,KAICHU_MD,3,1,1,N,
variant_gid,Z,2531,ㄆㄟ,4,BIAOKAI_W5|KAICHU_MD|YUAN_W3W5|YUAN_W7,8,4,8,N,
variant_gid,Z,2534,ㄓㄣ,1,KAICHU_MD,3,1,2,N,
variant_gid,Z,2539,ㄩㄢ,1,YUAN_W3W5,2,1,1,N,
variant_gid,Z,2540,ㄓㄣ,1,KAICHU_MD,4,1,2,N,
variant_gid,Z,2544,ㄔㄨ,3,BIAOKAI_W5|HEI_W5|KAICHU_MD,10,3,8,N,
variant_gid,Z,2547,ㄓ,1,KAICHU_MD,1,1,1,N,
variant_gid,Z,2549,ㄇㄚ,1,KAICHU_MD,1,1,1,N,
variant_gid,Z,2550,ㄍㄨ,2,KAICHU_MD|YUAN_W3W5,3,2,2,N,
variant_gid,Z,2551,ㄍㄠ,2,BIAOKAI_W5|KAICHU_MD,21,2,10,N,
variant_gid,Z,2555,ㄍㄢ,2,KAICHU_MD|YUAN_W3W5,3,2,2,N,
variant_gid,Z,2558,ㄊㄧㄥ,1,KAICHU_MD,4,1,3,N,
variant_gid,Z,2562,ㄗㄨㄛ,5,BIAOKAI_W5|HEI_W5|HEI_W7|KAICHU_MD|YUAN_W3W5,55,5,17,N,
variant_gid,Z,2564,ㄐㄧㄢ,3,BIAOKAI_W5|KAICHU_MD|YUAN_W3W5,29,4,8,N,
variant_gid,Z,2565,ㄡ,1,YUAN_W3W5,1,1,1,N,
variant_gid,Z,2569,ㄘㄜ,1,KAICHU_MD,6,1,1,N,
variant_gid,Z,2570,ㄊㄡ,1,YUAN_W3W5,1,1,1,N,
variant_gid,Z,2571,ㄆㄧㄢ,1,KAICHU_MD,1,1,1,N,
variant_gid,Z,2581,ㄨ,2,KAICHU_MD|YUAN_W3W5,10,2,4,N,
variant_gid,Z,2583,ㄉㄨㄥ,5,BIAOKAI_W5|HEI_W7|KAICHU_MD|YUAN_W3W5|YUAN_W7,110,6,17,N,
variant_gid,Z,2586,ㄔ,1,KAICHU_MD,1,1,1,N,
variant_gid,Z,2588,ㄑㄩ,4,BIAOKAI_W5|KAICHU_MD|YUAN_W3W5|YUAN_W7,30,4,8,N,
variant_gid,Z,2590,ㄘㄢ,4,BIAOKAI_W5|KAICHU_MD|YUAN_W3W5|YUAN_W7,14,4,3,N,
variant_gid,Z,2592,ㄕㄤ,3,BIAOKAI_W5|KAICHU_MD|YUAN_W7,5,3,2,N,
variant_gid,Z,2597,ㄈㄟ,1,KAICHU_MD,2,1,1,N,
variant_gid,Z,2600,ㄔㄤ,2,BIAOKAI_W5|KAICHU_MD,2,2,2,N,
variant_gid,Z,2602,ㄨㄣ,5,BIAOKAI_W5|HEI_W7|KAICHU_MD|YUAN_W3W5|YUAN_W7,26,5,7,N,
variant_gid,Z,2604,ㄨㄟ,1,BIAOKAI_W5,1,1,1,N,
variant_gid,Z,2607,ㄕㄡ,1,KAICHU_MD,2,1,1,N,
variant_gid,Z,2614,ㄑㄩㄢ,2,BIAOKAI_W5|KAICHU_MD,27,2,7,N,
variant_gid,Z,2615,ㄍㄨㄛ,1,KAICHU_MD,2,1,2,N,
variant_gid,Z,2617,ㄩ,2,BIAOKAI_W5|KAICHU_MD,5,2,4,N,
variant_gid,Z,2618,ㄐㄧㄢ,1,KAICHU_MD,2,1,2,N,
variant_gid,Z,2620,ㄉㄨㄟ,1,KAICHU_MD,2,1,1,N,
variant_gid,Z,2623,ㄐㄧ,2,KAICHU_MD|YUAN_W3W5,2,2,2,N,
variant_gid,Z,2624,ㄊㄤ,2,BIAOKAI_W5|KAICHU_MD,8,2,2,N,
variant_gid,Z,2626,ㄓ,2,BIAOKAI_W5|KAICHU_MD,7,2,3,N,
variant_gid,Z,2628,ㄍㄡ,3,BIAOKAI_W5|KAICHU_MD|YUAN_W3W5,3,3,2,N,
variant_gid,Z,2632,ㄨㄢ,1,HEI_W7,1,1,1,N,
variant_gid,Z,2639,ㄆㄛ,1,KAICHU_MD,13,1,2,N,
variant_gid,Z,2644,ㄐㄧ,1,BIAOKAI_W5,1,1,1,N,
variant_gid,Z,2647,ㄇㄧ,1,KAICHU_MD,4,1,2,N,
variant_gid,Z,2649,ㄓㄨㄢ,3,BIAOKAI_W5|HEI_W7|KAICHU_MD,5,3,2,N,
variant_gid,Z,2650,ㄐㄧㄤ,2,BIAOKAI_W5|KAICHU_MD,29,2,7,N,
variant_gid,Z,2668,ㄔㄤ,3,BIAOKAI_W5|KAICHU_MD|YUAN_W3W5,20,3,7,N,
variant_gid,Z,2669,ㄉㄞ,1,KAICHU_MD,5,1,3,N,
variant_gid,Z,2672,ㄎㄤ,2,KAICHU_MD|YUAN_W3W5,26,3,8,N,
variant_gid,Z,2677,ㄓㄤ,2,BIAOKAI_W5|KAICHU_MD,10,2,5,N,
variant_gid,Z,2678,ㄑㄧㄤ,3,BIAOKAI_W5|KAICHU_MD|YUAN_W3W5,14,4,5,N,
variant_gid,Z,2681,ㄘㄞ,1,KAICHU_MD,1,1,1,N,
variant_gid,Z,2683,ㄉㄜ,2,BIAOKAI_W5|KAICHU_MD,15,2,5,N,
variant_gid,Z,2685,ㄘㄨㄥ,3,BIAOKAI_W5|KAICHU_MD|YUAN_W7,12,3,6,N,
variant_gid,Z,2691,ㄏㄨㄢ,3,BIAOKAI_W5|KAICHU_MD|YUAN_W3W5,3,3,3,N,
variant_gid,Z,2699,ㄑㄧㄥ,5,BIAOKAI_W5|HEI_W7|KAICHU_MD|YUAN_W3W5|YUAN_W7,47,6,9,N,
variant_gid,Z,2702,ㄒㄧ,1,KAICHU_MD,1,1,1,N,
variant_gid,Z,2718,ㄊㄢ,1,KAICHU_MD,1,1,1,N,
variant_gid,Z,2719,ㄐㄧㄝ,5,BIAOKAI_W5|HEI_W5|KAICHU_MD|YUAN_W3W5|YUAN_W7,68,6,13,N,
variant_gid,Z,2720,ㄐㄧㄝ,1,KAICHU_MD,2,1,2,N,
variant_gid,Z,2726,ㄉㄧㄠ,1,BIAOKAI_W5,2,1,1,N,
variant_gid,Z,2730,ㄊㄨㄟ,1,KAICHU_MD,4,1,3,N,
variant_gid,Z,2734,ㄘㄞ,3,BIAOKAI_W5|KAICHU_MD|YUAN_W3W5,6,3,2,N,
variant_gid,Z,2736,ㄆㄞ,3,BIAOKAI_W5|KAICHU_MD|YUAN_W3W5,5,3,4,N,
variant_gid,Z,2745,ㄐㄧㄡ,2,BIAOKAI_W5|KAICHU_MD,7,2,3,N,
variant_gid,Z,2746,ㄐㄧㄠ,1,BIAOKAI_W5,1,1,1,N,
variant_gid,Z,2747,ㄅㄞ,2,BIAOKAI_W5|YUAN_W7,4,2,1,N,
variant_gid,Z,2748,ㄑㄧ,1,HEI_W7,1,1,1,N,
variant_gid,Z,2749,ㄇㄧㄣ,2,KAICHU_MD|YUAN_W3W5,8,2,4,N,
variant_gid,Z,2753,ㄒㄧㄝ,1,KAICHU_MD,2,1,1,N,
variant_gid,Z,2756,ㄗㄨ,1,KAICHU_MD,1,1,1,N,
variant_gid,Z,2757,ㄒㄩㄢ,1,KAICHU_MD,3,1,1,N,
variant_gid,Z,2761,ㄨㄢ,3,BIAOKAI_W5|KAICHU_MD|YUAN_W3W5,10,3,4,N,
variant_gid,Z,2768,ㄨㄤ,2,BIAOKAI_W5|KAICHU_MD,6,2,2,N,
variant_gid,Z,2770,ㄊㄧ,1,KAICHU_MD,2,1,1,N,
variant_gid,Z,2775,ㄊㄨㄥ,1,KAICHU_MD,3,1,1,N,
variant_gid,Z,2781,ㄑㄧ,2,BIAOKAI_W5|KAICHU_MD,5,2,2,N,
variant_gid,Z,2782,ㄙㄨㄛ,1,KAICHU_MD,1,1,1,N,
variant_gid,Z,2786,ㄊㄧㄠ,3,BIAOKAI_W5|KAICHU_MD|YUAN_W3W5,8,4,4,N,
variant_gid,Z,2797,ㄌㄧㄤ,1,KAICHU_MD,1,1,1,N,
variant_gid,Z,2798,ㄔㄨㄣ,2,BIAOKAI_W5|HEI_W7,9,2,1,N,
variant_gid,Z,2804,ㄊㄧㄢ,1,KAICHU_MD,1,1,1,N,
variant_gid,Z,2806,ㄑㄧㄥ,3,HEI_W7|KAICHU_MD|YUAN_W3W5,11,3,5,N,
variant_gid,Z,2807,ㄑㄧ,1,BIAOKAI_W5,1,1,1,N,
variant_gid,Z,2808,ㄌㄧㄣ,1,BIAOKAI_W5,1,1,1,N,
variant_gid,Z,2809,ㄧㄚ,1,HEI_W7,1,1,1,N,
variant_gid,Z,2815,ㄏㄨㄣ,1,KAICHU_MD,1,1,1,N,
variant_gid,Z,2825,ㄕㄣ,3,BIAOKAI_W5|HEI_W7|KAICHU_MD,4,3,2,N,
variant_gid,Z,2827,ㄐㄧㄥ,2,KAICHU_MD|YUAN_W3W5,3,2,2,N,
variant_gid,Z,2835,ㄧㄢ,1,BIAOKAI_W5,1,1,1,N,
variant_gid,Z,2840,ㄑㄧㄢ,1,KAICHU_MD,4,1,2,N,
variant_gid,Z,2842,ㄘㄞ,1,KAICHU_MD,1,1,1,N,
variant_gid,Z,2850,ㄑㄧㄡ,2,BIAOKAI_W5|KAICHU_MD,108,2,7,N,
variant_gid,Z,2851,ㄌㄧ,4,BIAOKAI_W5|KAICHU_MD|YUAN_W3W5|YUAN_W7,21,5,4,N,
variant_gid,Z,2852,ㄒㄧㄢ,4,BIAOKAI_W5|HEI_W7|KAICHU_MD|YUAN_W7,28,4,7,N,
variant_gid,Z,2855,ㄆㄧㄥ,1,KAICHU_MD,4,1,3,N,
variant_gid,Z,2857,ㄊㄧㄢ,1,BIAOKAI_W5,3,1,1,N,
variant_gid,Z,2858,ㄔㄢ,2,BIAOKAI_W5|KAICHU_MD,6,2,2,N,
variant_gid,Z,2859,ㄌㄩㄝ,1,BIAOKAI_W5,1,1,1,N,
variant_gid,Z,2862,ㄧ,1,YUAN_W3W5,1,1,1,N,
variant_gid,Z,2871,ㄏㄜ,1,KAICHU_MD,1,1,1,N,
variant_gid,Z,2875,ㄧㄢ,1,KAICHU_MD,2,1,1,N,
variant_gid,Z,2883,ㄆㄧㄠ,1,KAICHU_MD,2,1,1,N,
variant_gid,Z,2885,ㄧ,3,HEI_W7|KAICHU_MD|YUAN_W3W5,10,3,5,N,
variant_gid,Z,2891,ㄉㄧ,3,BIAOKAI_W5|KAICHU_MD|YUAN_W3W5,15,3,5,N,
variant_gid,Z,2892,ㄈㄨ,3,BIAOKAI_W5|KAICHU_MD|YUAN_W3W5,7,4,3,N,
variant_gid,Z,2901,ㄊㄨㄥ,1,YUAN_W3W5,2,1,1,N,
variant_gid,Z,2903,ㄕㄠ,2,BIAOKAI_W5|KAICHU_MD,2,2,2,N,
variant_gid,Z,2906,ㄒㄧ,2,KAICHU_MD|YUAN_W3W5,5,2,2,N,
variant_gid,Z,2908,ㄗㄨ,3,BIAOKAI_W5|KAICHU_MD|YUAN_W3W5,69,3,13,N,
variant_gid,Z,2918,ㄒㄧ,5,BIAOKAI_W5|HEI_W7|KAICHU_MD|YUAN_W3W5|YUAN_W7,45,6,11,N,
variant_gid,Z,2920,ㄌㄧㄠ,4,BIAOKAI_W5|KAICHU_MD|YUAN_W3W5|YUAN_W7,5,4,2,N,
variant_gid,Z,2952,ㄔㄨ,2,BIAOKAI_W5|KAICHU_MD,12,2,5,N,
variant_gid,Z,2960,ㄉㄢ,1,KAICHU_MD,1,1,1,N,
variant_gid,Z,2964,ㄕㄨ,1,KAICHU_MD,2,1,1,N,
variant_gid,Z,2967,ㄅㄟ,2,BIAOKAI_W5|KAICHU_MD,5,2,4,N,
variant_gid,Z,2971,ㄉㄞ,2,KAICHU_MD|YUAN_W3W5,12,2,3,N,
variant_gid,Z,2973,ㄍㄨㄟ,3,BIAOKAI_W5|KAICHU_MD|YUAN_W3W5,5,3,2,N,
variant_gid,Z,2974,ㄈㄤ,1,KAICHU_MD,1,1,1,N,
variant_gid,Z,2976,ㄐㄩㄝ,1,KAICHU_MD,1,1,1,N,
variant_gid,Z,2978,ㄒㄩ,1,KAICHU_MD,5,1,5,N,
variant_gid,Z,2979,ㄕㄜ,5,BIAOKAI_W5|HEI_W7|KAICHU_MD|YUAN_W3W5|YUAN_W7,7,5,2,N,
variant_gid,Z,2985,ㄈㄢ,1,KAICHU_MD,2,1,1,N,
variant_gid,Z,2986,ㄗㄜ,3,BIAOKAI_W5|KAICHU_MD|YUAN_W3W5,11,4,5,N,
variant_gid,Z,2996,ㄖㄨㄢ,1,YUAN_W3W5,3,1,1,N,
variant_gid,Z,2997,ㄓㄜ,5,BIAOKAI_W5|HEI_W5|KAICHU_MD|YUAN_W3W5|YUAN_W7,17,5,9,N,
variant_gid,Z,2999,ㄊㄨㄥ,6,BIAOKAI_W5|HEI_W5|HEI_W7|KAICHU_MD|YUAN_W3W5|YUAN_W7,16,6,8,N,
variant_gid,Z,3001,ㄌㄧㄢ,1,KAICHU_MD,13,1,7,N,
variant_gid,Z,3002,ㄙㄨ,2,BIAOKAI_W5|KAICHU_MD,16,2,6,N,
variant_gid,Z,3004,ㄓㄨ,2,BIAOKAI_W5|KAICHU_MD,2,2,2,N,
variant_gid,Z,3007,ㄗㄠ,3,BIAOKAI_W5|KAICHU_MD|YUAN_W7,5,3,3,N,
variant_gid,Z,3008,ㄊㄡ,2,BIAOKAI_W5|KAICHU_MD,4,2,3,N,
variant_gid,Z,3013,ㄅㄨ,3,BIAOKAI_W5|KAICHU_MD|YUAN_W3W5,25,3,11,N,
variant_gid,Z,3014,ㄍㄨㄛ,1,BIAOKAI_W5,5,1,1,N,
variant_gid,Z,3015,ㄉㄡ,3,BIAOKAI_W5|KAICHU_MD|YUAN_W3W5,23,3,11,N,
variant_gid,Z,3024,ㄅㄧ,1,KAICHU_MD,5,1,1,N,
variant_gid,Z,3025,ㄆㄟ,3,BIAOKAI_W5|KAICHU_MD|YUAN_W3W5,8,3,5,N,
variant_gid,Z,3027,ㄔㄣ,1,HEI_W7,1,1,1,N,
variant_gid,Z,3035,ㄒㄩㄝ,1,KAICHU_MD,6,1,1,N,
variant_gid,Z,3041,ㄩ,1,KAICHU_MD,1,1,1,N,
variant_gid,Z,3044,ㄌㄨ,1,KAICHU_MD,2,1,1,N,
variant_gid,Z,3049,ㄈㄨ,1,BIAOKAI_W5,2,1,1,N,
variant_gid,Z,3050,ㄅㄟ,1,KAICHU_MD,13,1,9,N,
variant_gid,Z,3056,ㄗㄨㄟ,3,BIAOKAI_W5|KAICHU_MD|YUAN_W3W5,19,3,11,N,
variant_gid,Z,3057,ㄎㄞ,1,KAICHU_MD,3,1,1,N,
variant_gid,Z,3060,ㄔㄨㄤ,1,YUAN_W7,1,1,1,N,
variant_gid,Z,3063,ㄕㄥ,3,BIAOKAI_W5|KAICHU_MD|YUAN_W7,12,3,7,N,
variant_gid,Z,3065,ㄅㄛ,1,BIAOKAI_W5,1,1,1,N,
variant_gid,Z,3071,ㄏㄢ,1,KAICHU_MD,6,1,3,N,
variant_gid,Z,3072,ㄏㄜ,2,KAICHU_MD|YUAN_W3W5,2,2,2,N,
variant_gid,Z,3073,ㄔㄨㄢ,1,BIAOKAI_W5,2,1,1,N,
variant_gid,Z,3075,ㄒㄧ,1,KAICHU_MD,10,1,5,N,
variant_gid,Z,3082,ㄉㄢ,3,BIAOKAI_W5|KAICHU_MD|YUAN_W3W5,18,3,7,N,
variant_gid,Z,3091,ㄏㄡ,1,YUAN_W3W5,1,1,1,N,
variant_gid,Z,3094,ㄨㄟ,1,KAICHU_MD,2,1,2,N,
variant_gid,Z,3097,ㄔㄤ,2,BIAOKAI_W5|KAICHU_MD,14,2,6,N,
variant_gid,Z,3100,ㄅㄠ,1,BIAOKAI_W5,1,1,1,N,
variant_gid,Z,3110,ㄇㄟ,1,KAICHU_MD,2,1,1,N,
variant_gid,Z,3115,ㄏㄢ,1,KAICHU_MD,1,1,1,N,
variant_gid,Z,3119,ㄗㄨㄣ,1,KAICHU_MD,1,1,1,N,
variant_gid,Z,3120,ㄒㄩㄣ,2,YUAN_W3W5|YUAN_W7,2,2,1,N,
variant_gid,Z,3121,ㄐㄧㄡ,3,BIAOKAI_W5|KAICHU_MD|YUAN_W3W5,22,3,11,N,
variant_gid,Z,3131,ㄐㄧ,1,KAICHU_MD,4,1,3,N,
variant_gid,Z,3138,ㄈㄨ,2,BIAOKAI_W5|KAICHU_MD,2,2,2,N,
variant_gid,Z,3139,ㄒㄩㄣ,1,KAICHU_MD,1,1,1,N,
variant_gid,Z,3144,ㄇㄣ,1,BIAOKAI_W5,2,1,1,N,
variant_gid,Z,3157,ㄩ,2,KAICHU_MD|YUAN_W3W5,3,2,2,N,
variant_gid,Z,3163,ㄓㄤ,1,KAICHU_MD,11,1,7,N,
variant_gid,Z,3164,ㄇㄧㄠ,2,BIAOKAI_W5|KAICHU_MD,3,2,2,N,
variant_gid,Z,3170,ㄔㄚ,1,KAICHU_MD,2,1,1,N,
variant_gid,Z,3172,ㄊㄧ,5,BIAOKAI_W5|HEI_W7|KAICHU_MD|YUAN_W3W5|YUAN_W7,24,5,6,N,
variant_gid,Z,3173,ㄨㄛ,1,KAICHU_MD,9,1,4,N,
variant_gid,Z,3178,ㄩㄢ,1,KAICHU_MD,1,1,1,N,
variant_gid,Z,3180,ㄏㄨㄢ,2,BIAOKAI_W5|KAICHU_MD,10,2,6,N,
variant_gid,Z,3186,ㄍㄢ,1,BIAOKAI_W5,2,1,1,N,
variant_gid,Z,3187,ㄙㄢ,1,KAICHU_MD,1,1,1,N,
variant_gid,Z,3188,ㄅㄢ,1,KAICHU_MD,2,1,1,N,
variant_gid,Z,3193,ㄑㄧㄥ,1,KAICHU_MD,2,1,1,N,
variant_gid,Z,3195,ㄐㄧㄥ,1,KAICHU_MD,1,1,1,N,
variant_gid,Z,3200,ㄘㄥ,1,BIAOKAI_W5,1,1,1,N,
variant_gid,Z,3201,ㄊㄧ,1,KAICHU_MD,2,1,2,N,
variant_gid,Z,3202,ㄑㄧ,3,BIAOKAI_W5|KAICHU_MD|YUAN_W3W5,16,3,5,N,
variant_gid,Z,3215,ㄅㄤ,2,BIAOKAI_W5|KAICHU_MD,12,2,2,N,
variant_gid,Z,3238,ㄧㄡ,1,KAICHU_MD,4,1,2,N,
variant_gid,Z,3246,ㄓㄚ,1,KAICHU_MD,2,1,1,N,
variant_gid,Z,3247,ㄐㄧㄢ,1,KAICHU_MD,4,1,3,N,
variant_gid,Z,3251,ㄏㄨ,1,KAICHU_MD,1,1,1,N,
variant_gid,Z,3259,ㄘㄜ,1,KAICHU_MD,2,1,2,N,
variant_gid,Z,3274,ㄐㄧㄠ,1,BIAOKAI_W5,2,1,1,N,
variant_gid,Z,3276,ㄨ,2,BIAOKAI_W5|YUAN_W7,2,2,1,N,
variant_gid,Z,3277,ㄖㄢ,2,BIAOKAI_W5|KAICHU_MD,7,2,4,N,
variant_gid,Z,3278,ㄓㄨ,1,BIAOKAI_W5,2,1,1,N,
variant_gid,Z,3280,ㄆㄞ,1,BIAOKAI_W5,3,1,1,N,
variant_gid,Z,3301,ㄏㄨㄚ,3,BIAOKAI_W5|KAICHU_MD|YUAN_W7,11,3,3,N,
variant_gid,Z,3303,ㄌㄧ,1,KAICHU_MD,1,1,1,N,
variant_gid,Z,3304,ㄊㄨㄥ,1,YUAN_W3W5,8,1,1,N,
variant_gid,Z,3309,ㄙㄨㄢ,1,KAICHU_MD,2,1,1,N,
variant_gid,Z,3310,ㄉㄥ,1,KAICHU_MD,1,1,1,N,
variant_gid,Z,3311,ㄈㄚ,4,BIAOKAI_W5|HEI_W7|KAICHU_MD|YUAN_W3W5,39,5,10,N,
variant_gid,Z,3317,ㄉㄨㄢ,2,BIAOKAI_W5|KAICHU_MD,2,2,2,N,
variant_gid,Z,3323,ㄔㄥ,2,BIAOKAI_W5|KAICHU_MD,5,2,3,N,
variant_gid,Z,3329,ㄊㄨㄥ,1,YUAN_W3W5,1,1,1,N,
variant_gid,Z,3331,ㄉㄥ,2,BIAOKAI_W5|KAICHU_MD,10,2,4,N,
variant_gid,Z,3332,ㄘㄜ,1,BIAOKAI_W5,1,1,1,N,
variant_gid,Z,3336,ㄉㄚ,2,BIAOKAI_W5|KAICHU_MD,2,2,2,N,
variant_gid,Z,3344,ㄐㄧㄝ,3,BIAOKAI_W5|KAICHU_MD|YUAN_W7,9,3,7,N,
variant_gid,Z,3351,ㄍㄟ,3,BIAOKAI_W5|KAICHU_MD|YUAN_W3W5,13,3,6,N,
variant_gid,Z,3355,ㄕㄢ,2,KAICHU_MD|YUAN_W3W5,4,2,3,N,
variant_gid,Z,3356,ㄒㄧㄤ,2,BIAOKAI_W5|YUAN_W3W5,4,2,1,N,
variant_gid,Z,3366,ㄓㄤ,1,YUAN_W3W5,4,1,1,N,
variant_gid,Z,3372,ㄕㄨ,3,BIAOKAI_W5|KAICHU_MD|YUAN_W3W5,6,4,4,N,
variant_gid,Z,3385,ㄓㄜ,3,BIAOKAI_W5|KAICHU_MD|YUAN_W3W5,35,4,14,N,
variant_gid,Z,3389,ㄐㄩㄣ,2,KAICHU_MD|YUAN_W3W5,4,2,2,N,
variant_gid,Z,3396,ㄘㄞ,3,BIAOKAI_W5|KAICHU_MD|YUAN_W3W5,14,3,5,N,
variant_gid,Z,3414,ㄕ,3,BIAOKAI_W5|KAICHU_MD|YUAN_W3W5,8,3,5,N,
variant_gid,Z,3415,ㄓㄨ,1,KAICHU_MD,1,1,1,N,
variant_gid,Z,3417,ㄆㄧㄥ,3,BIAOKAI_W5|HEI_W7|KAICHU_MD,5,3,2,N,
variant_gid,Z,3425,ㄙㄨ,2,BIAOKAI_W5|KAICHU_MD,4,2,4,N,
variant_gid,Z,3426,ㄓㄣ,2,KAICHU_MD|YUAN_W3W5,3,2,2,N,
variant_gid,Z,3429,ㄒㄧㄤ,1,YUAN_W3W5,1,1,1,N,
variant_gid,Z,3432,ㄊㄧㄝ,1,KAICHU_MD,6,1,5,N,
variant_gid,Z,3436,ㄈㄟ,1,KAICHU_MD,1,1,1,N,
variant_gid,Z,3439,ㄇㄞ,2,BIAOKAI_W5|KAICHU_MD,10,2,4,N,
variant_gid,Z,3443,ㄩㄝ,1,KAICHU_MD,6,1,4,N,
variant_gid,Z,3444,ㄔㄠ,1,KAICHU_MD,1,1,1,N,
variant_gid,Z,3445,ㄔㄣ,1,KAICHU_MD,1,1,1,N,
variant_gid,Z,3447,ㄐㄩ,2,HEI_W5|KAICHU_MD,3,2,2,N,
variant_gid,Z,3450,ㄆㄠ,5,BIAOKAI_W5|HEI_W5|KAICHU_MD|YUAN_W3W5|YUAN_W7,79,5,8,N,
variant_gid,Z,3460,ㄓㄡ,1,KAICHU_MD,2,1,1,N,
variant_gid,Z,3462,ㄐㄧㄣ,4,BIAOKAI_W5|HEI_W5|KAICHU_MD|YUAN_W3W5,37,5,15,N,
variant_gid,Z,3466,ㄒㄧㄤ,1,KAICHU_MD,1,1,1,N,
variant_gid,Z,3469,ㄙㄨ,1,KAICHU_MD,3,1,1,N,
variant_gid,Z,3470,ㄌㄧㄤ,3,BIAOKAI_W5|KAICHU_MD|YUAN_W3W5,5,3,4,N,
variant_gid,Z,3482,ㄎㄞ,3,BIAOKAI_W5|KAICHU_MD|YUAN_W3W5,28,3,12,N,
variant_gid,Z,3484,ㄐㄧㄢ,3,BIAOKAI_W5|KAICHU_MD|YUAN_W3W5,18,3,8,N,
variant_gid,Z,3485,ㄒㄧㄢ,1,KAICHU_MD,3,1,3,N,
variant_gid,Z,3487,ㄉㄨㄟ,3,BIAOKAI_W5|KAICHU_MD|YUAN_W7,9,3,3,N,
variant_gid,Z,3488,ㄐㄧㄝ,1,KAICHU_MD,3,1,2,N,
variant_gid,Z,3499,ㄐㄧ,1,BIAOKAI_W5,1,1,1,N,
variant_gid,Z,3504,ㄒㄧㄤ,3,BIAOKAI_W5|KAICHU_MD|YUAN_W3W5,8,3,6,N,
variant_gid,Z,3505,ㄕㄨㄣ,3,BIAOKAI_W5|KAICHU_MD|YUAN_W3W5,11,3,6,N,
variant_gid,Z,3509,ㄈㄢ,2,BIAOKAI_W5|YUAN_W3W5,2,2,2,N,
variant_gid,Z,3511,ㄧㄣ,2,KAICHU_MD|YUAN_W3W5,7,2,4,N,
variant_gid,Z,3517,ㄏㄟ,2,BIAOKAI_W5|KAICHU_MD,2,2,2,N,
variant_gid,Z,3518,ㄌㄨㄢ,1,KAICHU_MD,2,1,2,N,
variant_gid,Z,3522,ㄔㄨㄢ,2,BIAOKAI_W5|KAICHU_MD,33,2,6,N,
variant_gid,Z,3524,ㄑㄧㄥ,1,KAICHU_MD,3,1,3,N,
variant_gid,Z,3526,ㄕㄤ,2,BIAOKAI_W5|KAICHU_MD,2,2,2,N,
variant_gid,Z,3535,ㄑㄧㄣ,1,KAICHU_MD,1,1,1,N,
variant_gid,Z,3536,ㄕ,2,HEI_W5|KAICHU_MD,10,2,4,N,
variant_gid,Z,3543,ㄇㄚ,3,BIAOKAI_W5|KAICHU_MD|YUAN_W3W5,28,3,12,N,
variant_gid,Z,3556,ㄩㄢ,2,KAICHU_MD|YUAN_W3W5,4,2,3,N,
variant_gid,Z,3557,ㄩㄢ,2,BIAOKAI_W5|KAICHU_MD,16,2,6,N,
variant_gid,Z,3559,ㄙㄨ,2,BIAOKAI_W5|KAICHU_MD,2,2,2,N,
variant_gid,Z,3564,ㄊㄧㄢ,1,KAICHU_MD,1,1,1,N,
variant_gid,Z,3571,ㄠ,1,BIAOKAI_W5,5,1,2,N,
variant_gid,Z,3576,ㄇㄚ,3,BIAOKAI_W5|KAICHU_MD|YUAN_W3W5,25,3,5,N,
variant_gid,Z,3590,ㄨㄟ,2,BIAOKAI_W5|KAICHU_MD,4,2,3,N,
variant_gid,Z,3592,ㄧ,4,BIAOKAI_W5|HEI_W7|KAICHU_MD|YUAN_W3W5,26,5,10,N,
variant_gid,Z,3594,ㄍㄢ,4,BIAOKAI_W5|HEI_W5|KAICHU_MD|YUAN_W3W5,21,4,7,N,
variant_gid,Z,3595,ㄒㄧㄤ,5,BIAOKAI_W5|HEI_W7|KAICHU_MD|YUAN_W3W5|YUAN_W7,69,5,13,N,
variant_gid,Z,3596,ㄞ,4,BIAOKAI_W5|KAICHU_MD|YUAN_W3W5|YUAN_W7,14,4,3,N,
variant_gid,Z,3599,ㄩ,1,BIAOKAI_W5,2,1,1,N,
variant_gid,Z,3600,ㄕㄣ,1,BIAOKAI_W5,1,1,1,N,
variant_gid,Z,3616,ㄉㄚ,1,KAICHU_MD,2,1,2,N,
variant_gid,Z,3623,ㄑㄧㄤ,2,BIAOKAI_W5|KAICHU_MD,2,2,2,N,
variant_gid,Z,3624,ㄧㄠ,1,KAICHU_MD,7,1,1,N,
variant_gid,Z,3629,ㄒㄧㄣ,1,KAICHU_MD,2,1,2,N,
variant_gid,Z,3630,ㄢ,1,KAICHU_MD,2,1,1,N,
variant_gid,Z,3633,ㄩㄣ,1,KAICHU_MD,1,1,1,N,
variant_gid,Z,3634,ㄋㄨㄢ,2,BIAOKAI_W5|KAICHU_MD,5,2,3,N,
variant_gid,Z,3638,ㄏㄨㄟ,5,BIAOKAI_W5|HEI_W5|KAICHU_MD|YUAN_W3W5|YUAN_W7,78,6,12,N,
variant_gid,Z,3640,ㄧㄝ,3,BIAOKAI_W5|KAICHU_MD|YUAN_W3W5,9,3,3,N,
variant_gid,Z,3641,ㄔㄨ,3,HEI_W7|KAICHU_MD|YUAN_W3W5,8,3,3,N,
variant_gid,Z,3645,ㄐㄧ,2,YUAN_W3W5|YUAN_W7,2,2,1,N,
variant_gid,Z,3663,ㄐㄧㄢ,1,BIAOKAI_W5,1,1,1,N,
variant_gid,Z,3669,ㄩㄢ,1,KAICHU_MD,8,1,2,N,
variant_gid,Z,3670,ㄍㄡ,5,BIAOKAI_W5|HEI_W5|HEI_W7|KAICHU_MD|YUAN_W7,10,5,3,N,
variant_gid,Z,3676,ㄋㄧ,1,KAICHU_MD,4,1,1,N,
variant_gid,Z,3677,ㄨㄣ,3,BIAOKAI_W5|KAICHU_MD|YUAN_W3W5,3,3,3,N,
variant_gid,Z,3678,ㄏㄨㄚ,1,KAICHU_MD,1,1,1,N,
variant_gid,Z,3679,ㄓㄨㄣ,1,KAICHU_MD,11,1,8,N,
variant_gid,Z,3683,ㄒㄧ,1,KAICHU_MD,1,1,1,N,
variant_gid,Z,3691,ㄓㄠ,3,BIAOKAI_W5|KAICHU_MD|YUAN_W3W5,11,3,6,N,
variant_gid,Z,3701,ㄧㄝ,2,KAICHU_MD|YUAN_W3W5,2,2,2,N,
variant_gid,Z,3717,ㄉㄤ,2,BIAOKAI_W5|KAICHU_MD,14,2,7,N,
variant_gid,Z,3730,ㄐㄧㄥ,1,KAICHU_MD,2,1,1,N,
variant_gid,Z,3734,ㄉㄨ,1,KAICHU_MD,1,1,1,N,
variant_gid,Z,3742,ㄞ,1,BIAOKAI_W5,1,1,1,N,
variant_gid,Z,3744,ㄆㄥ,1,KAICHU_MD,3,1,2,N,
variant_gid,Z,3755,ㄐㄧㄣ,1,KAICHU_MD,1,1,1,N,
variant_gid,Z,3767,ㄐㄧㄝ,1,KAICHU_MD,5,1,1,N,
variant_gid,Z,3774,ㄐㄧㄥ,5,BIAOKAI_W5|HEI_W7|KAICHU_MD|YUAN_W3W5|YUAN_W7,17,5,7,N,
variant_gid,Z,3780,ㄓ,2,KAICHU_MD|YUAN_W3W5,6,2,6,N,
variant_gid,Z,3783,ㄕㄨ,1,YUAN_W3W5,2,1,1,N,
variant_gid,Z,3785,ㄒㄧㄢ,1,BIAOKAI_W5,1,1,1,N,
variant_gid,Z,3786,ㄑㄩㄣ,1,BIAOKAI_W5,1,1,1,N,
variant_gid,Z,3787,ㄕㄥ,1,KAICHU_MD,7,1,1,N,
variant_gid,Z,3792,ㄧㄠ,1,KAICHU_MD,4,1,2,N,
variant_gid,Z,3793,ㄔㄤ,3,BIAOKAI_W5|KAICHU_MD|YUAN_W3W5,6,3,3,N,
variant_gid,Z,3796,ㄐㄧㄠ,2,BIAOKAI_W5|KAICHU_MD,85,2,7,N,
variant_gid,Z,3798,ㄈㄨ,2,KAICHU_MD|YUAN_W3W5,3,2,2,N,
variant_gid,Z,3800,ㄋㄠ,2,BIAOKAI_W5|KAICHU_MD,2,2,2,N,
variant_gid,Z,3801,ㄐㄧㄡ,1,KAICHU_MD,2,1,2,N,
variant_gid,Z,3805,ㄌㄨㄛ,1,KAICHU_MD,6,1,3,N,
variant_gid,Z,3810,ㄧㄝ,1,KAICHU_MD,2,1,1,N,
variant_gid,Z,3822,ㄏㄠ,3,HEI_W7|KAICHU_MD|YUAN_W3W5,8,3,4,N,
variant_gid,Z,3838,ㄅㄨ,1,KAICHU_MD,2,1,2,N,
variant_gid,Z,3840,ㄓㄨㄤ,2,KAICHU_MD|YUAN_W3W5,4,2,2,N,
variant_gid,Z,3841,ㄌㄧ,1,KAICHU_MD,10,1,6,N,
variant_gid,Z,3846,ㄐㄧㄝ,3,BIAOKAI_W5|KAICHU_MD|YUAN_W3W5,20,4,6,N,
variant_gid,Z,3848,ㄍㄞ,3,BIAOKAI_W5|KAICHU_MD|YUAN_W3W5,6,3,4,N,
variant_gid,Z,3849,ㄒㄧㄤ,1,YUAN_W3W5,2,1,1,N,
variant_gid,Z,3850,ㄕ,4,BIAOKAI_W5|KAICHU_MD|YUAN_W3W5|YUAN_W7,38,4,12,N,
variant_gid,Z,3857,ㄏㄨㄚ,2,KAICHU_MD|YUAN_W3W5,8,2,6,N,
variant_gid,Z,3860,ㄒㄩㄣ,3,BIAOKAI_W5|KAICHU_MD|YUAN_W3W5,5,3,4,N,
variant_gid,Z,3871,ㄗ,2,KAICHU_MD|YUAN_W3W5,8,2,3,N,
variant_gid,Z,3879,ㄍㄣ,2,BIAOKAI_W5|KAICHU_MD,12,2,5,N,
variant_gid,Z,3881,ㄌㄨ,3,BIAOKAI_W5|HEI_W5|KAICHU_MD,11,3,8,N,
variant_gid,Z,3882,ㄊㄧㄠ,2,BIAOKAI_W5|KAICHU_MD,58,2,5,N,
variant_gid,Z,3888,ㄐㄧㄠ,3,BIAOKAI_W5|KAICHU_MD|YUAN_W3W5,10,3,8,N,
variant_gid,Z,3889,ㄗㄞ,1,KAICHU_MD,1,1,1,N,
variant_gid,Z,3894,ㄩㄣ,5,BIAOKAI_W5|HEI_W7|KAICHU_MD|YUAN_W3W5|YUAN_W7,38,5,14,N,
variant_gid,Z,3895,ㄧㄡ,3,BIAOKAI_W5|KAICHU_MD|YUAN_W3W5,8,3,5,N,
variant_gid,Z,3896,ㄉㄠ,5,BIAOKAI_W5|HEI_W5|KAICHU_MD|YUAN_W3W5|YUAN_W7,14,5,7,N,
variant_gid,Z,3898,ㄉㄚ,5,BIAOKAI_W5|HEI_W7|KAICHU_MD|YUAN_W3W5|YUAN_W7,20,5,6,N,
variant_gid,Z,3902,ㄩ,4,BIAOKAI_W5|HEI_W7|KAICHU_MD|YUAN_W3W5,8,4,5,N,
variant_gid,Z,3904,ㄍㄨㄛ,4,BIAOKAI_W5|HEI_W7|KAICHU_MD|YUAN_W3W5,57,4,14,N,
variant_gid,Z,3925,ㄌㄧㄥ,2,BIAOKAI_W5|KAICHU_MD,3,2,2,N,
variant_gid,Z,3941,ㄉㄧㄢ,3,BIAOKAI_W5|KAICHU_MD|YUAN_W3W5,6,3,3,N,
variant_gid,Z,3947,ㄩ,1,KAICHU_MD,4,1,3,N,
variant_gid,Z,3949,ㄉㄨㄣ,1,BIAOKAI_W5,1,1,1,N,
variant_gid,Z,3957,ㄔ,1,KAICHU_MD,4,1,1,N,
variant_gid,Z,3964,ㄍㄨ,4,BIAOKAI_W5|HEI_W7|KAICHU_MD|YUAN_W3W5,6,4,3,N,
variant_gid,Z,3965,ㄕㄨ,1,KAICHU_MD,3,1,1,N,
variant_gid,Z,3973,ㄒㄧㄤ,3,BIAOKAI_W5|KAICHU_MD|YUAN_W3W5,10,3,4,N,
variant_gid,Z,3980,ㄏㄨㄚ,1,YUAN_W3W5,1,1,1,N,
variant_gid,Z,3987,ㄔㄤ,1,KAICHU_MD,9,1,5,N,
variant_gid,Z,4000,ㄊㄨㄢ,2,KAICHU_MD|YUAN_W7,6,2,3,N,
variant_gid,Z,4001,ㄊㄨ,2,BIAOKAI_W5|YUAN_W7,3,2,1,N,
variant_gid,Z,4004,ㄐㄧㄥ,3,BIAOKAI_W5|KAICHU_MD|YUAN_W7,10,3,5,N,
variant_gid,Z,4006,ㄉㄧㄢ,1,KAICHU_MD,11,1,1,N,
variant_gid,Z,4011,ㄏㄨㄛ,1,KAICHU_MD,1,1,1,N,
variant_gid,Z,4012,ㄇㄥ,2,BIAOKAI_W5|YUAN_W7,3,2,1,N,
variant_gid,Z,4014,ㄉㄨㄛ,1,BIAOKAI_W5,1,1,1,N,
variant_gid,Z,4028,ㄕ,3,BIAOKAI_W5|KAICHU_MD|YUAN_W7,8,3,3,N,
variant_gid,Z,4032,ㄔㄚ,3,BIAOKAI_W5|KAICHU_MD|YUAN_W3W5,8,3,5,N,
variant_gid,Z,4033,ㄉㄨㄟ,5,BIAOKAI_W5|HEI_W7|KAICHU_MD|YUAN_W3W5|YUAN_W7,62,6,13,N,
variant_gid,Z,4035,ㄓㄢ,1,BIAOKAI_W5,1,1,1,N,
variant_gid,Z,4052,ㄇㄢ,3,BIAOKAI_W5|HEI_W7|KAICHU_MD,13,3,5,N,
variant_gid,Z,4053,ㄍㄨㄢ,2,KAICHU_MD|YUAN_W3W5,12,3,5,N,
variant_gid,Z,4060,ㄓㄞ,1,KAICHU_MD,1,1,1,N,
variant_gid,Z,4065,ㄓㄜ,1,BIAOKAI_W5,1,1,1,N,
variant_gid,Z,4075,ㄔㄤ,2,KAICHU_MD|YUAN_W3W5,4,2,2,N,
variant_gid,Z,4083,ㄍㄤ,1,BIAOKAI_W5,1,1,1,N,
variant_gid,Z,4097,ㄑㄧㄢ,1,BIAOKAI_W5,1,1,1,N,
variant_gid,Z,4098,ㄍㄜ,1,BIAOKAI_W5,1,1,1,N,
variant_gid,Z,4101,ㄧㄢ,3,BIAOKAI_W5|KAICHU_MD|YUAN_W7,9,3,5,N,
variant_gid,Z,4102,ㄍㄨㄣ,1,KAICHU_MD,42,1,2,N,
variant_gid,Z,4110,ㄆㄧㄠ,1,KAICHU_MD,21,1,1,N,
variant_gid,Z,4112,ㄇㄢ,3,BIAOKAI_W5|KAICHU_MD|YUAN_W3W5,4,3,2,N,
variant_gid,Z,4116,ㄐㄧㄢ,2,BIAOKAI_W5|KAICHU_MD,6,2,4,N,
variant_gid,Z,4135,ㄦ,2,BIAOKAI_W5|YUAN_W3W5,2,2,2,N,
variant_gid,Z,4136,ㄎㄠ,1,HEI_W7,1,1,1,N,
variant_gid,Z,4146,ㄧ,1,KAICHU_MD,2,1,2,N,
variant_gid,Z,4152,ㄐㄧㄣ,2,BIAOKAI_W5|KAICHU_MD,3,2,3,N,
variant_gid,Z,4154,ㄇㄧㄠ,1,KAICHU_MD,3,1,1,N,
variant_gid,Z,4157,ㄕㄨㄟ,2,KAICHU_MD|YUAN_W3W5,2,2,2,N,
variant_gid,Z,4165,ㄈㄨ,1,YUAN_W3W5,2,1,1,N,
variant_gid,Z,4167,ㄓㄨㄥ,3,BIAOKAI_W5|KAICHU_MD|YUAN_W3W5,11,3,7,N,
variant_gid,Z,4168,ㄔㄥ,3,BIAOKAI_W5|KAICHU_MD|YUAN_W3W5,7,3,5,N,
variant_gid,Z,4173,ㄍㄨㄢ,1,YUAN_W3W5,4,1,1,N,
variant_gid,Z,4175,ㄐㄧㄢ,2,KAICHU_MD|YUAN_W3W5,3,2,2,N,
variant_gid,Z,4177,ㄙㄨㄢ,1,KAICHU_MD,6,1,4,N,
variant_gid,Z,4186,ㄐㄧㄥ,1,KAICHU_MD,4,1,3,N,
variant_gid,Z,4193,ㄐㄧㄣ,2,BIAOKAI_W5|KAICHU_MD,8,2,3,N,
variant_gid,Z,4195,ㄨㄤ,1,KAICHU_MD,2,1,2,N,
variant_gid,Z,4202,ㄨㄟ,3,BIAOKAI_W5|KAICHU_MD|YUAN_W3W5,6,3,5,N,
variant_gid,Z,4203,ㄒㄩ,5,BIAOKAI_W5|HEI_W7|KAICHU_MD|YUAN_W3W5|YUAN_W7,29,6,2,N,
variant_gid,Z,4210,ㄨㄣ,1,KAICHU_MD,2,1,2,N,
variant_gid,Z,4211,ㄐㄩ,1,KAICHU_MD,2,1,2,N,
variant_gid,Z,4218,ㄊㄨㄟ,2,BIAOKAI_W5|KAICHU_MD,46,2,6,N,
variant_gid,Z,4221,ㄊㄞ,2,BIAOKAI_W5|KAICHU_MD,5,2,2,N,
variant_gid,Z,4222,ㄩ,5,BIAOKAI_W5|HEI_W7|KAICHU_MD|YUAN_W3W5|YUAN_W7,29,5,9,N,
variant_gid,Z,4224,ㄨ,1,KAICHU_MD,12,1,1,N,
variant_gid,Z,4234,ㄍㄞ,1,KAICHU_MD,2,1,1,N,
variant_gid,Z,4239,ㄘㄤ,1,KAICHU_MD,2,1,1,N,
variant_gid,Z,4250,ㄑㄩㄢ,1,KAICHU_MD,1,1,1,N,
variant_gid,Z,4257,ㄓ,1,KAICHU_MD,2,1,1,N,
variant_gid,Z,4263,ㄩ,3,BIAOKAI_W5|KAICHU_MD|YUAN_W7,4,3,2,N,
variant_gid,Z,4265,ㄖㄣ,2,BIAOKAI_W5|KAICHU_MD,8,2,5,N,
variant_gid,Z,4268,ㄨ,1,BIAOKAI_W5,3,1,1,N,
variant_gid,Z,4269,ㄕㄨㄛ,3,BIAOKAI_W5|KAICHU_MD|YUAN_W3W5,38,3,10,N,
variant_gid,Z,4278,ㄇㄠ,1,KAICHU_MD,1,1,1,N,
variant_gid,Z,4284,ㄍㄢ,1,KAICHU_MD,1,1,1,N,
variant_gid,Z,4286,ㄈㄨ,1,BIAOKAI_W5,4,1,1,N,
variant_gid,Z,4288,ㄑㄧㄥ,1,KAICHU_MD,16,1,7,N,
variant_gid,Z,4290,ㄌㄚ,1,KAICHU_MD,1,1,1,N,
variant_gid,Z,4291,ㄩㄢ,2,BIAOKAI_W5|KAICHU_MD,2,2,2,N,
variant_gid,Z,4326,ㄓㄤ,1,BIAOKAI_W5,1,1,1,N,
variant_gid,Z,4327,ㄐㄧ,1,YUAN_W7,1,1,1,N,
variant_gid,Z,4330,ㄒㄩ,4,HEI_W7|KAICHU_MD|YUAN_W3W5|YUAN_W7,13,5,9,N,
variant_gid,Z,4335,ㄌㄧㄥ,2,BIAOKAI_W5|KAICHU_MD,3,2,2,N,
variant_gid,Z,4351,ㄇㄜ,4,BIAOKAI_W5|HEI_W5|YUAN_W3W5|YUAN_W7,26,4,4,N,
variant_gid,Z,4352,ㄅㄧ,1,KAICHU_MD,1,1,1,N,
variant_gid,Z,4353,ㄑㄧ,1,KAICHU_MD,1,1,1,N,
variant_gid,Z,4355,ㄧ,1,KAICHU_MD,16,1,2,N,
variant_gid,Z,4358,ㄐㄧㄚ,2,BIAOKAI_W5|YUAN_W7,6,2,1,N,
variant_gid,Z,4364,ㄐㄩ,1,BIAOKAI_W5,1,1,1,N,
variant_gid,Z,4365,ㄆㄧ,1,KAICHU_MD,3,1,1,N,
variant_gid,Z,4371,ㄌㄠ,1,BIAOKAI_W5,1,1,1,N,
variant_gid,Z,4376,ㄗㄨㄟ,1,YUAN_W3W5,1,1,1,N,
variant_gid,Z,4387,ㄗㄥ,4,BIAOKAI_W5|KAICHU_MD|YUAN_W3W5|YUAN_W7,10,4,3,N,
variant_gid,Z,4394,ㄒㄧ,1,KAICHU_MD,1,1,1,N,
variant_gid,Z,4395,ㄒㄧㄢ,1,BIAOKAI_W5,13,1,1,N,
variant_gid,Z,4403,ㄒㄧㄝ,3,BIAOKAI_W5|KAICHU_MD|YUAN_W3W5,7,3,4,N,
variant_gid,Z,4411,ㄈㄟ,1,KAICHU_MD,1,1,1,N,
variant_gid,Z,4412,ㄔㄨ,2,BIAOKAI_W5|KAICHU_MD,3,2,2,N,
variant_gid,Z,4413,ㄇㄧㄠ,1,KAICHU_MD,1,1,1,N,
variant_gid,Z,4415,ㄍㄨㄤ,2,BIAOKAI_W5|KAICHU_MD,4,2,3,N,
variant_gid,Z,4418,ㄧㄥ,2,BIAOKAI_W5|KAICHU_MD,6,2,3,N,
variant_gid,Z,4420,ㄓㄥ,1,KAICHU_MD,2,1,1,N,
variant_gid,Z,4421,ㄑㄧㄥ,3,BIAOKAI_W5|KAICHU_MD|YUAN_W7,10,3,2,N,
variant_gid,Z,4423,ㄌㄩ,1,BIAOKAI_W5,2,1,1,N,
variant_gid,Z,4425,ㄇㄨ,1,BIAOKAI_W5,1,1,1,N,
variant_gid,Z,4428,ㄨㄟ,2,BIAOKAI_W5|YUAN_W3W5,3,2,1,N,
variant_gid,Z,4437,ㄈㄣ,2,BIAOKAI_W5|YUAN_W3W5,2,2,1,N,
variant_gid,Z,4441,ㄇㄛ,1,YUAN_W3W5,1,1,1,N,
variant_gid,Z,4444,ㄓㄨㄤ,1,KAICHU_MD,1,1,1,N,
variant_gid,Z,4447,ㄔㄥ,1,KAICHU_MD,3,1,1,N,
variant_gid,Z,4455,ㄅㄛ,1,BIAOKAI_W5,1,1,1,N,
variant_gid,Z,4464,ㄕㄨ,2,BIAOKAI_W5|HEI_W7,4,2,1,N,
variant_gid,Z,4469,ㄧㄤ,4,BIAOKAI_W5|HEI_W5|KAICHU_MD|YUAN_W3W5,14,4,7,N,
variant_gid,Z,4474,ㄅㄧㄠ,4,BIAOKAI_W5|HEI_W7|KAICHU_MD|YUAN_W3W5,23,5,8,N,
variant_gid,Z,4476,ㄇㄛ,3,BIAOKAI_W5|KAICHU_MD|YUAN_W7,10,3,3,N,
variant_gid,Z,4480,ㄌㄜ,3,BIAOKAI_W5|HEI_W7|KAICHU_MD,8,3,5,N,
variant_gid,Z,4494,ㄐㄧㄝ,1,KAICHU_MD,3,1,3,N,
variant_gid,Z,4510,ㄕㄡ,1,KAICHU_MD,4,1,4,N,
variant_gid,Z,4512,ㄖㄜ,2,KAICHU_MD|YUAN_W7,3,2,3,N,
variant_gid,Z,4516,ㄐㄧㄤ,2,BIAOKAI_W5|KAICHU_MD,4,2,2,N,
variant_gid,Z,4532,ㄓㄡ,1,KAICHU_MD,2,1,1,N,
variant_gid,Z,4533,ㄆㄢ,1,KAICHU_MD,30,1,5,N,
variant_gid,Z,4541,ㄑㄩㄝ,3,BIAOKAI_W5|KAICHU_MD|YUAN_W3W5,21,3,8,N,
variant_gid,Z,4545,ㄇㄚ,1,KAICHU_MD,4,1,1,N,
variant_gid,Z,4556,ㄒㄧㄤ,1,KAICHU_MD,3,1,2,N,
variant_gid,Z,4557,ㄈㄢ,3,BIAOKAI_W5|KAICHU_MD|YUAN_W7,3,3,2,N,
variant_gid,Z,4560,ㄆㄧㄢ,1,BIAOKAI_W5,1,1,1,N,
variant_gid,Z,4566,ㄌㄧㄢ,4,BIAOKAI_W5|HEI_W7|KAICHU_MD|YUAN_W7,41,4,9,N,
variant_gid,Z,4572,ㄅㄧㄢ,1,KAICHU_MD,1,1,1,N,
variant_gid,Z,4574,ㄒㄧㄢ,3,HEI_W5|KAICHU_MD|YUAN_W3W5,19,3,8,N,
variant_gid,Z,4576,ㄏㄨㄢ,2,BIAOKAI_W5|HEI_W7,2,2,1,N,
variant_gid,Z,4588,ㄒㄧ,1,KAICHU_MD,25,1,7,N,
variant_gid,Z,4589,ㄐㄧㄠ,1,KAICHU_MD,1,1,1,N,
variant_gid,Z,4590,ㄈㄨ,1,KAICHU_MD,3,1,2,N,
variant_gid,Z,4596,ㄕㄨ,2,KAICHU_MD|YUAN_W3W5,10,2,3,N,
variant_gid,Z,4607,ㄌㄤ,1,KAICHU_MD,2,1,1,N,
variant_gid,Z,4618,ㄨㄟ,2,KAICHU_MD|YUAN_W3W5,5,2,4,N,
variant_gid,Z,4619,ㄔㄨㄥ,1,KAICHU_MD,9,1,3,N,
variant_gid,Z,4621,ㄈㄨ,2,BIAOKAI_W5|KAICHU_MD,7,2,3,N,
variant_gid,Z,4628,ㄊㄢ,1,BIAOKAI_W5,1,1,1,N,
variant_gid,Z,4630,ㄉㄢ,1,KAICHU_MD,7,1,1,N,
variant_gid,Z,4631,ㄑㄧㄥ,3,BIAOKAI_W5|KAICHU_MD|YUAN_W3W5,36,3,10,N,
variant_gid,Z,4633,ㄎㄜ,3,BIAOKAI_W5|KAICHU_MD|YUAN_W3W5,16,3,3,N,
variant_gid,Z,4636,ㄊㄧㄠ,4,BIAOKAI_W5|HEI_W5|YUAN_W3W5|YUAN_W7,7,4,3,N,
variant_gid,Z,4637,ㄕㄟ,1,KAICHU_MD,3,1,3,N,
variant_gid,Z,4638,ㄌㄨㄣ,2,BIAOKAI_W5|KAICHU_MD,9,2,5,N,
variant_gid,Z,4647,ㄕㄤ,2,HEI_W7|KAICHU_MD,2,2,2,N,
variant_gid,Z,4653,ㄇㄞ,1,KAICHU_MD,4,1,2,N,
variant_gid,Z,4655,ㄓ,2,HEI_W7|KAICHU_MD,4,2,3,N,
variant_gid,Z,4659,ㄑㄩ,2,BIAOKAI_W5|KAICHU_MD,2,2,2,N,
variant_gid,Z,4662,ㄏㄨㄞ,1,KAICHU_MD,2,1,1,N,
variant_gid,Z,4663,ㄊㄧ,2,BIAOKAI_W5|KAICHU_MD,13,2,3,N,
variant_gid,Z,4664,ㄊㄚ,1,KAICHU_MD,7,1,1,N,
variant_gid,Z,4665,ㄘㄞ,1,KAICHU_MD,5,1,2,N,
variant_gid,Z,4673,ㄅㄟ,1,KAICHU_MD,2,1,1,N,
variant_gid,Z,4675,ㄌㄨㄣ,2,BIAOKAI_W5|KAICHU_MD,2,2,2,N,
variant_gid,Z,4679,ㄕ,5,BIAOKAI_W5|HEI_W7|KAICHU_MD|YUAN_W3W5|YUAN_W7,9,5,3,N,
variant_gid,Z,4682,ㄗㄠ,1,KAICHU_MD,1,1,1,N,
variant_gid,Z,4705,ㄩㄝ,1,KAICHU_MD,1,1,1,N,
variant_gid,Z,4710,ㄎㄠ,2,KAICHU_MD|YUAN_W3W5,5,2,4,N,
variant_gid,Z,4712,ㄒㄧㄝ,1,KAICHU_MD,1,1,1,N,
variant_gid,Z,4718,ㄧㄤ,3,BIAOKAI_W5|KAICHU_MD|YUAN_W3W5,4,4,3,N,
variant_gid,Z,4721,ㄩ,1,KAICHU_MD,2,1,1,N,
variant_gid,Z,4731,ㄈㄚ,1,KAICHU_MD,1,1,1,N,
variant_gid,Z,4733,ㄋㄠ,1,KAICHU_MD,1,1,1,N,
variant_gid,Z,4754,ㄐㄧ,1,YUAN_W3W5,4,1,1,N,
variant_gid,Z,4759,ㄉㄤ,1,KAICHU_MD,2,1,1,N,
variant_gid,Z,4764,ㄑㄧ,1,KAICHU_MD,2,1,2,N,
variant_gid,Z,4771,ㄅㄧ,1,YUAN_W3W5,2,1,1,N,
variant_gid,Z,4775,ㄈㄣ,1,BIAOKAI_W5,1,1,1,N,
variant_gid,Z,4778,ㄒㄩㄝ,5,BIAOKAI_W5|HEI_W5|KAICHU_MD|YUAN_W3W5|YUAN_W7,53,6,16,N,
variant_gid,Z,4780,ㄉㄠ,2,BIAOKAI_W5|KAICHU_MD,7,2,2,N,
variant_gid,Z,4791,ㄓㄢ,2,KAICHU_MD|YUAN_W7,4,2,4,N,
variant_gid,Z,4792,ㄕㄢ,1,KAICHU_MD,2,1,2,N,
variant_gid,Z,4793,ㄩㄥ,1,KAICHU_MD,1,1,1,N,
variant_gid,Z,4794,ㄉㄤ,1,KAICHU_MD,6,1,1,N,
variant_gid,Z,4797,ㄐㄩ,3,BIAOKAI_W5|KAICHU_MD|YUAN_W3W5,4,3,3,N,
variant_gid,Z,4799,ㄗㄜ,1,KAICHU_MD,6,1,4,N,
variant_gid,Z,4801,ㄘㄠ,2,BIAOKAI_W5|KAICHU_MD,4,2,3,N,
variant_gid,Z,4804,ㄉㄢ,2,KAICHU_MD|YUAN_W3W5,3,2,2,N,
variant_gid,Z,4806,ㄓㄥ,4,BIAOKAI_W5|HEI_W5|KAICHU_MD|YUAN_W3W5,10,4,8,N,
variant_gid,Z,4819,ㄕㄨ,1,KAICHU_MD,1,1,1,N,
variant_gid,Z,4824,ㄑㄧㄠ,1,KAICHU_MD,3,1,1,N,
variant_gid,Z,4826,ㄐㄧ,4,BIAOKAI_W5|HEI_W7|KAICHU_MD|YUAN_W3W5,5,4,4,N,
variant_gid,Z,4829,ㄌㄧ,1,BIAOKAI_W5,2,1,1,N,
variant_gid,Z,4833,ㄗㄠ,1,KAICHU_MD,1,1,1,N,
variant_gid,Z,4839,ㄐㄧ,1,BIAOKAI_W5,1,1,1,N,
variant_gid,Z,4848,ㄕㄠ,1,YUAN_W3W5,2,1,1,N,
variant_gid,Z,4849,ㄉㄥ,1,KAICHU_MD,1,1,1,N,
variant_gid,Z,4853,ㄊㄤ,1,KAICHU_MD,1,1,1,N,
variant_gid,Z,4857,ㄉㄨ,3,BIAOKAI_W5|KAICHU_MD|YUAN_W7,10,3,4,N,
variant_gid,Z,4880,ㄐㄧ,2,KAICHU_MD|YUAN_W3W5,4,2,4,N,
variant_gid,Z,4905,ㄌㄧ,1,KAICHU_MD,1,1,1,N,
variant_gid,Z,4907,ㄏㄢ,2,BIAOKAI_W5|YUAN_W3W5,2,2,1,N,
variant_gid,Z,4912,ㄋㄧ,1,KAICHU_MD,1,1,1,N,
variant_gid,Z,4928,ㄆㄤ,1,KAICHU_MD,1,1,1,N,
variant_gid,Z,4933,ㄏㄥ,1,KAICHU_MD,1,1,1,N,
variant_gid,Z,4935,ㄎㄨ,1,KAICHU_MD,1,1,1,N,
variant_gid,Z,4939,ㄑㄧㄣ,3,BIAOKAI_W5|KAICHU_MD|YUAN_W3W5,9,3,3,N,
variant_gid,Z,4947,ㄒㄧㄝ,1,BIAOKAI_W5,1,1,1,N,
variant_gid,Z,4948,ㄗ,3,BIAOKAI_W5|KAICHU_MD|YUAN_W3W5,3,3,3,N,
variant_gid,Z,4949,ㄋㄨㄛ,2,HEI_W7|YUAN_W3W5,2,2,1,N,
variant_gid,Z,4969,ㄕㄨ,1,BIAOKAI_W5,9,1,1,N,
variant_gid,Z,4971,ㄅㄧㄢ,1,YUAN_W3W5,1,1,1,N,
variant_gid,Z,4972,ㄅㄢ,3,BIAOKAI_W5|KAICHU_MD|YUAN_W3W5,7,3,3,N,
variant_gid,Z,4973,ㄗㄨㄣ,3,HEI_W7|KAICHU_MD|YUAN_W3W5,4,3,3,N,
variant_gid,Z,4975,ㄒㄩㄢ,3,BIAOKAI_W5|HEI_W7|KAICHU_MD,14,3,5,N,
variant_gid,Z,4980,ㄒㄧㄥ,1,KAICHU_MD,5,1,3,N,
variant_gid,Z,4985,ㄘㄨㄛ,2,BIAOKAI_W5|KAICHU_MD,4,2,3,N,
variant_gid,Z,4986,ㄑㄧㄢ,1,BIAOKAI_W5,1,1,1,N,
variant_gid,Z,4989,ㄌㄨ,3,BIAOKAI_W5|KAICHU_MD|YUAN_W3W5,8,3,6,N,
variant_gid,Z,4991,ㄓㄨㄟ,2,BIAOKAI_W5|KAICHU_MD,5,2,3,N,
variant_gid,Z,4999,ㄙㄨㄟ,2,KAICHU_MD|YUAN_W3W5,7,2,6,N,
variant_gid,Z,5000,ㄒㄧㄢ,1,KAICHU_MD,1,1,1,N,
variant_gid,Z,5005,ㄏㄨㄛ,1,KAICHU_MD,1,1,1,N,
variant_gid,Z,5009,ㄐㄧㄥ,2,BIAOKAI_W5|KAICHU_MD,2,2,2,N,
variant_gid,Z,5013,ㄐㄧㄥ,1,KAICHU_MD,1,1,1,N,
variant_gid,Z,5014,ㄆㄧㄣ,1,YUAN_W3W5,1,1,1,N,
variant_gid,Z,5016,ㄊㄡ,2,BIAOKAI_W5|KAICHU_MD,15,2,6,N,
variant_gid,Z,5019,ㄘㄢ,3,BIAOKAI_W5|KAICHU_MD|YUAN_W3W5,28,3,6,N,
variant_gid,Z,5029,ㄍㄜ,2,KAICHU_MD|YUAN_W3W5,3,2,2,N,
variant_gid,Z,5040,ㄇㄛ,1,BIAOKAI_W5,1,1,1,N,
variant_gid,Z,5044,ㄧㄡ,2,KAICHU_MD|YUAN_W3W5,4,2,4,N,
variant_gid,Z,5048,ㄌㄧ,4,BIAOKAI_W5|HEI_W7|KAICHU_MD|YUAN_W3W5,8,4,4,N,
variant_gid,Z,5056,ㄧㄚ,3,BIAOKAI_W5|KAICHU_MD|YUAN_W7,18,3,4,N,
variant_gid,Z,5059,ㄧㄥ,1,KAICHU_MD,2,1,2,N,
variant_gid,Z,5061,ㄇㄚ,1,YUAN_W3W5,1,1,1,N,
variant_gid,Z,5069,ㄅㄤ,3,BIAOKAI_W5|KAICHU_MD|YUAN_W3W5,17,4,5,N,
variant_gid,Z,5072,ㄧㄥ,3,BIAOKAI_W5|KAICHU_MD|YUAN_W3W5,9,4,6,N,
variant_gid,Z,5077,ㄒㄧ,3,BIAOKAI_W5|KAICHU_MD|YUAN_W3W5,8,3,4,N,
variant_gid,Z,5080,ㄐㄧ,1,KAICHU_MD,47,1,3,N,
variant_gid,Z,5084,ㄘㄚ,1,KAICHU_MD,2,1,1,N,
variant_gid,Z,5085,ㄋㄧ,2,BIAOKAI_W5|KAICHU_MD,3,2,2,N,
variant_gid,Z,5096,ㄐㄧㄢ,2,BIAOKAI_W5|KAICHU_MD,10,2,5,N,
variant_gid,Z,5110,ㄐㄧ,1,BIAOKAI_W5,1,1,1,N,
variant_gid,Z,5124,ㄧㄥ,3,KAICHU_MD|YUAN_W3W5|YUAN_W7,3,3,3,N,
variant_gid,Z,5133,ㄑㄧㄤ,1,KAICHU_MD,7,1,3,N,
variant_gid,Z,5135,ㄏㄨㄛ,1,KAICHU_MD,10,1,7,N,
variant_gid,Z,5137,ㄏㄨㄢ,1,KAICHU_MD,7,1,5,N,
variant_gid,Z,5141,ㄌㄧㄠ,2,KAICHU_MD|YUAN_W3W5,8,2,2,N,
variant_gid,Z,5168,ㄈㄣ,1,YUAN_W3W5,2,1,1,N,
variant_gid,Z,5173,ㄙㄨㄛ,1,KAICHU_MD,5,1,3,N,
variant_gid,Z,5174,ㄐㄧ,1,BIAOKAI_W5,5,1,2,N,
variant_gid,Z,5180,ㄗㄨㄥ,2,BIAOKAI_W5|KAICHU_MD,4,2,3,N,
variant_gid,Z,5194,ㄕㄥ,2,KAICHU_MD|YUAN_W3W5,7,2,5,N,
variant_gid,Z,5201,ㄅㄧ,2,BIAOKAI_W5|KAICHU_MD,22,2,3,N,
variant_gid,Z,5202,ㄊㄨㄣ,1,KAICHU_MD,3,1,1,N,
variant_gid,Z,5205,ㄌㄧㄢ,1,BIAOKAI_W5,2,1,1,N,
variant_gid,Z,5207,ㄌㄧㄣ,1,BIAOKAI_W5,2,1,1,N,
variant_gid,Z,5208,ㄐㄩ,2,BIAOKAI_W5|KAICHU_MD,13,2,5,N,
variant_gid,Z,5221,ㄐㄧㄢ,1,KAICHU_MD,2,1,1,N,
variant_gid,Z,5224,ㄓㄤ,1,KAICHU_MD,2,1,1,N,
variant_gid,Z,5242,ㄐㄧㄤ,1,BIAOKAI_W5,1,1,1,N,
variant_gid,Z,5245,ㄒㄧㄝ,1,BIAOKAI_W5,3,1,1,N,
variant_gid,Z,5251,ㄓㄨㄢ,1,BIAOKAI_W5,1,1,1,N,
variant_gid,Z,5252,ㄙㄞ,3,BIAOKAI_W5|KAICHU_MD|YUAN_W7,21,3,2,N,
variant_gid,Z,5253,ㄍㄡ,2,KAICHU_MD|YUAN_W3W5,5,2,3,N,
variant_gid,Z,5266,ㄅㄧ,1,KAICHU_MD,5,1,4,N,
variant_gid,Z,5268,ㄏㄞ,4,BIAOKAI_W5|HEI_W5|KAICHU_MD|YUAN_W3W5,23,4,12,N,
variant_gid,Z,5269,ㄇㄞ,1,KAICHU_MD,1,1,1,N,
variant_gid,Z,5297,ㄙㄨㄟ,1,BIAOKAI_W5,1,1,1,N,
variant_gid,Z,5300,ㄐㄩ,1,BIAOKAI_W5,1,1,1,N,
variant_gid,Z,5315,ㄉㄧㄢ,3,BIAOKAI_W5|KAICHU_MD|YUAN_W3W5,25,3,5,N,
variant_gid,Z,5331,ㄓ,1,KAICHU_MD,14,1,2,N,
variant_gid,Z,5334,ㄅㄞ,1,KAICHU_MD,23,1,2,N,
variant_gid,Z,5337,ㄉㄨㄢ,2,BIAOKAI_W5|KAICHU_MD,3,2,3,N,
variant_gid,Z,5349,ㄍㄨㄟ,1,YUAN_W3W5,1,1,1,N,
variant_gid,Z,5375,ㄌㄧ,1,KAICHU_MD,2,1,2,N,
variant_gid,Z,5380,ㄑㄧㄠ,1,KAICHU_MD,1,1,1,N,
variant_gid,Z,5386,ㄐㄧㄢ,1,KAICHU_MD,1,1,1,N,
variant_gid,Z,5387,ㄌㄧㄤ,1,KAICHU_MD,1,1,1,N,
variant_gid,Z,5390,ㄖㄠ,1,KAICHU_MD,4,1,2,N,
variant_gid,Z,5397,ㄈㄢ,1,KAICHU_MD,17,1,1,N,
variant_gid,Z,5398,ㄓ,1,KAICHU_MD,1,1,1,N,
variant_gid,Z,5405,ㄌㄢ,1,KAICHU_MD,4,1,1,N,
variant_gid,Z,5431,ㄓㄨㄢ,5,BIAOKAI_W5|HEI_W7|KAICHU_MD|YUAN_W3W5|YUAN_W7,14,5,5,N,
variant_gid,Z,5436,ㄧ,2,KAICHU_MD|YUAN_W3W5,24,2,3,N,
variant_gid,Z,5451,ㄔㄨㄤ,1,KAICHU_MD,2,1,2,N,
variant_gid,Z,5454,ㄌㄧ,2,HEI_W5|KAICHU_MD,5,2,4,N,
variant_gid,Z,5455,ㄗㄚ,1,KAICHU_MD,2,1,2,N,
variant_gid,Z,5456,ㄕㄨㄤ,1,KAICHU_MD,57,1,5,N,
variant_gid,Z,5458,ㄐㄧ,1,KAICHU_MD,3,1,1,N,
variant_gid,Z,5465,ㄧㄢ,1,KAICHU_MD,3,1,2,N,
variant_gid,Z,5466,ㄊㄧ,5,BIAOKAI_W5|HEI_W7|KAICHU_MD|YUAN_W3W5|YUAN_W7,18,5,5,N,
variant_gid,Z,5478,ㄙㄨㄥ,2,HEI_W7|KAICHU_MD,11,2,4,N,
variant_gid,Z,5495,ㄌㄨㄥ,1,YUAN_W3W5,1,1,1,N,
variant_gid,Z,5496,ㄏㄨㄞ,1,YUAN_W3W5,1,1,1,N,
variant_gid,Z,5503,ㄏㄨㄞ,1,KAICHU_MD,5,1,1,N,
variant_gid,Z,5507,ㄌㄨㄥ,1,KAICHU_MD,4,1,3,N,
variant_gid,Z,5535,ㄞ,2,BIAOKAI_W5|YUAN_W3W5,2,2,2,N,
variant_gid,Z,5538,ㄨㄣ,1,KAICHU_MD,4,1,3,N,
variant_gid,Z,5542,ㄑㄧㄢ,1,KAICHU_MD,1,1,1,N,
variant_gid,Z,5548,ㄕㄥ,1,KAICHU_MD,10,1,3,N,
variant_gid,Z,5561,ㄧㄠ,3,KAICHU_MD|YUAN_W3W5|YUAN_W7,83,3,2,N,
variant_gid,Z,5564,ㄧㄥ,1,KAICHU_MD,2,1,1,N,
variant_gid,Z,5566,ㄒㄧㄝ,1,KAICHU_MD,1,1,1,N,
variant_gid,Z,5574,ㄕ,3,BIAOKAI_W5|KAICHU_MD|YUAN_W7,8,3,4,N,
variant_gid,Z,5575,ㄓㄥ,3,BIAOKAI_W5|KAICHU_MD|YUAN_W3W5,7,3,4,N,
variant_gid,Z,5581,ㄗㄥ,1,KAICHU_MD,1,1,1,N,
variant_gid,Z,5584,ㄉㄨㄣ,1,KAICHU_MD,6,1,4,N,
variant_gid,Z,5587,ㄉㄥ,1,KAICHU_MD,9,1,2,N,
variant_gid,Z,5589,ㄘㄨ,1,BIAOKAI_W5,1,1,1,N,
variant_gid,Z,5593,ㄅㄧㄢ,1,KAICHU_MD,20,1,6,N,
variant_gid,Z,5601,ㄌㄧㄢ,1,KAICHU_MD,7,1,1,N,
variant_gid,Z,5611,ㄍㄨㄢ,4,BIAOKAI_W5|HEI_W5|KAICHU_MD|YUAN_W3W5,18,4,7,N,
variant_gid,Z,5613,ㄋㄢ,4,BIAOKAI_W5|HEI_W7|KAICHU_MD|YUAN_W3W5,9,4,3,N,
variant_gid,Z,5618,ㄩㄣ,1,KAICHU_MD,1,1,1,N,
variant_gid,Z,5619,ㄌㄟ,3,BIAOKAI_W5|KAICHU_MD|YUAN_W3W5,21,3,8,N,
variant_gid,Z,5620,ㄩㄢ,1,BIAOKAI_W5,1,1,1,N,
variant_gid,Z,5650,ㄅㄠ,1,KAICHU_MD,13,1,4,N,
variant_gid,Z,5681,ㄐㄧ,1,KAICHU_MD,2,1,1,N,
variant_gid,Z,5698,ㄐㄩㄝ,4,BIAOKAI_W5|HEI_W5|KAICHU_MD|YUAN_W3W5,24,5,8,N,
variant_gid,Z,5700,ㄧ,3,HEI_W7|KAICHU_MD|YUAN_W7,6,3,3,N,
variant_gid,Z,5702,ㄐㄧㄥ,1,YUAN_W3W5,1,1,1,N,
variant_gid,Z,5706,ㄧㄥ,2,BIAOKAI_W5|KAICHU_MD,5,2,4,N,
variant_gid,Z,5714,ㄓㄨㄥ,3,BIAOKAI_W5|KAICHU_MD|YUAN_W3W5,3,3,2,N,
variant_gid,Z,5729,ㄒㄧㄢ,1,KAICHU_MD,1,1,1,N,
variant_gid,Z,5742,ㄕㄨ,1,BIAOKAI_W5,1,1,1,N,
variant_gid,Z,5744,ㄐㄩ,1,BIAOKAI_W5,1,1,1,N,
variant_gid,Z,5746,ㄕㄜ,2,BIAOKAI_W5|KAICHU_MD,6,2,3,N,
variant_gid,Z,5747,ㄒㄧ,1,KAICHU_MD,2,1,2,N,
variant_gid,Z,5751,ㄌㄢ,1,KAICHU_MD,4,1,1,N,
variant_gid,Z,5763,ㄒㄩ,1,KAICHU_MD,5,1,3,N,
variant_gid,Z,5774,ㄌㄢ,1,KAICHU_MD,1,1,1,N,
variant_gid,Z,5776,ㄏㄨ,2,KAICHU_MD|YUAN_W3W5,5,2,4,N,
variant_gid,Z,5795,ㄌㄡ,1,BIAOKAI_W5,1,1,1,N,
variant_gid,Z,5796,ㄒㄧㄤ,3,BIAOKAI_W5|KAICHU_MD|YUAN_W3W5,7,3,3,N,
variant_gid,Z,5827,ㄨㄢ,1,KAICHU_MD,7,1,2,N,
variant_gid,Z,5829,ㄊㄢ,2,BIAOKAI_W5|KAICHU_MD,3,2,2,N,
variant_gid,Z,5830,ㄑㄩㄢ,1,KAICHU_MD,1,1,1,N,
variant_gid,Z,5831,ㄏㄨㄢ,1,KAICHU_MD,8,1,4,N,
variant_gid,Z,5836,ㄉㄧㄝ,1,KAICHU_MD,2,1,1,N,
variant_gid,Z,5843,ㄊㄧㄥ,2,KAICHU_MD|YUAN_W3W5,10,2,6,N,
variant_gid,Z,5844,ㄗㄤ,1,BIAOKAI_W5,1,1,1,N,
variant_gid,Z,5848,ㄉㄨ,1,KAICHU_MD,1,1,1,N,
variant_gid,Z,5866,ㄗㄤ,1,HEI_W5,1,1,1,N,
variant_gid,Z,5898,ㄅㄧㄢ,3,BIAOKAI_W5|KAICHU_MD|YUAN_W3W5,20,3,10,N,
variant_gid,Z,5909,ㄧㄢ,4,BIAOKAI_W5|HEI_W7|KAICHU_MD|YUAN_W7,6,4,4,N,
variant_gid,Z,5911,ㄊㄧ,4,BIAOKAI_W5|KAICHU_MD|YUAN_W3W5|YUAN_W7,50,5,12,N,
variant_gid,Z,5919,ㄓㄨ,1,KAICHU_MD,1,1,1,N,
variant_gid,Z,5926,ㄍㄨㄢ,1,KAICHU_MD,4,1,1,N,
variant_gid,Z,5931,ㄖㄤ,4,BIAOKAI_W5|HEI_W5|KAICHU_MD|YUAN_W3W5,27,4,11,N,
variant_gid,Z,5939,ㄌㄧㄥ,1,KAICHU_MD,4,1,4,N,
variant_gid,Z,5943,ㄗㄡ,3,BIAOKAI_W5|KAICHU_MD|YUAN_W7,7,3,2,N,
variant_gid,Z,5950,ㄧㄢ,1,KAICHU_MD,3,1,1,N,
variant_gid,Z,5954,ㄊㄧㄥ,1,BIAOKAI_W5,1,1,1,N,
variant_gid,Z,5956,ㄨㄢ,1,BIAOKAI_W5,1,1,1,N,
variant_gid,Z,5960,ㄍㄨㄢ,1,KAICHU_MD,9,1,6,N,
variant_gid,Z,5972,ㄗㄢ,2,KAICHU_MD|YUAN_W3W5,3,2,2,N,
variant_gid,Z,7834,ㄒㄧㄥ,2,BIAOKAI_W5|HEI_W7,9,2,1,N,
variant_gid,Z,9921,ㄍㄨ,1,KAICHU_MD,1,1,1,N,
variant_gid,Z,10853,ㄉㄧㄢ,1,KAICHU_MD,2,1,2,N,
gid,*,595,ㄧ,5,BIAOKAI_W5|HEI_W5|KAICHU_MD|YUAN_W3W5|YUAN_W7,235,12,21,N,
gid,*,600,ㄐㄧㄡ,1,KAICHU_MD,4,1,3,N,
gid,*,601,,0,,64,6,16,N,KAICHU_MD:ㄌㄜ/ㄌㄧㄠ;YUAN_W3W5:ㄌㄜ/ㄌㄧㄠ
gid,*,602,ㄦ,4,BIAOKAI_W5|KAICHU_MD|YUAN_W3W5|YUAN_W7,8,4,4,N,
gid,*,603,ㄖㄣ,5,BIAOKAI_W5|HEI_W5|KAICHU_MD|YUAN_W3W5|YUAN_W7,138,5,19,N,
gid,*,605,ㄖㄨ,3,BIAOKAI_W5|KAICHU_MD|YUAN_W7,20,3,5,N,
gid,*,610,ㄌㄧ,6,BIAOKAI_W5|HEI_W5|HEI_W7|KAICHU_MD|YUAN_W3W5|YUAN_W7,52,6,13,N,
gid,*,612,ㄕ,3,BIAOKAI_W5|HEI_W5|KAICHU_MD,7,3,3,N,
gid,*,614,ㄧㄡ,2,BIAOKAI_W5|KAICHU_MD,10,2,4,N,
gid,*,615,ㄙㄢ,3,BIAOKAI_W5|KAICHU_MD|YUAN_W3W5,11,4,7,N,
gid,*,616,ㄒㄧㄚ,3,BIAOKAI_W5|KAICHU_MD|YUAN_W3W5,60,3,17,N,
gid,*,618,ㄕㄤ,4,BIAOKAI_W5|KAICHU_MD|YUAN_W3W5|YUAN_W7,61,4,17,N,
gid,*,620,ㄨㄢ,1,KAICHU_MD,5,1,1,N,
gid,*,622,ㄐㄧㄡ,1,KAICHU_MD,1,1,1,N,
gid,*,624,ㄧㄝ,3,BIAOKAI_W5|KAICHU_MD|YUAN_W3W5,20,3,10,N,
gid,*,630,ㄕㄠ,1,KAICHU_MD,1,1,1,N,
gid,*,632,ㄔㄚ,1,KAICHU_MD,5,1,3,N,
gid,*,633,ㄎㄡ,4,BIAOKAI_W5|HEI_W7|KAICHU_MD|YUAN_W7,8,4,5,N,
gid,*,634,ㄊㄨ,1,KAICHU_MD,1,1,1,N,
gid,*,637,ㄉㄚ,4,BIAOKAI_W5|KAICHU_MD|YUAN_W3W5|YUAN_W7,45,5,8,N,
gid,*,638,ㄋㄩ,3,BIAOKAI_W5|KAICHU_MD|YUAN_W3W5,9,3,4,N,
gid,*,639,ㄗ,3,BIAOKAI_W5|KAICHU_MD|YUAN_W3W5,36,5,11,N,
gid,*,643,ㄒㄧㄠ,4,BIAOKAI_W5|KAICHU_MD|YUAN_W3W5|YUAN_W7,88,4,8,N,
gid,*,647,ㄔㄨㄢ,1,KAICHU_MD,1,1,1,N,
gid,*,648,ㄍㄨㄥ,2,BIAOKAI_W5|KAICHU_MD,5,2,3,N,
gid,*,649,ㄐㄧ,5,BIAOKAI_W5|HEI_W7|KAICHU_MD|YUAN_W3W5|YUAN_W7,63,6,13,N,
gid,*,650,ㄧ,2,BIAOKAI_W5|KAICHU_MD,4,2,3,N,
gid,*,652,ㄐㄧㄣ,1,HEI_W5,1,1,1,N,
gid,*,656,ㄍㄨㄥ,1,KAICHU_MD,9,1,1,N,
gid,*,657,ㄘㄞ,3,BIAOKAI_W5|KAICHU_MD|YUAN_W3W5,17,4,7,N,
gid,*,660,ㄅㄨ,5,BIAOKAI_W5|HEI_W5|KAICHU_MD|YUAN_W3W5|YUAN_W7,124,9,17,N,
gid,*,661,ㄓㄨㄥ,5,BIAOKAI_W5|HEI_W7|KAICHU_MD|YUAN_W3W5|YUAN_W7,69,6,15,N,
gid,*,664,ㄓ,3,BIAOKAI_W5|KAICHU_MD|YUAN_W7,6,3,4,N,
gid,*,669,ㄏㄨ,2,BIAOKAI_W5|KAICHU_MD,15,2,7,N,
gid,*,670,ㄨ,2,KAICHU_MD|YUAN_W3W5,7,3,5,N,
gid,*,673,ㄕㄣ,5,BIAOKAI_W5|HEI_W5|KAICHU_MD|YUAN_W3W5|YUAN_W7,32,5,11,N,
gid,*,677,ㄖㄥ,1,BIAOKAI_W5,1,1,1,N,
gid,*,678,ㄐㄧㄣ,1,BIAOKAI_W5,3,1,1,N,
gid,*,679,ㄐㄧㄝ,2,BIAOKAI_W5|KAICHU_MD,2,2,2,N,
gid,*,681,ㄩㄢ,1,BIAOKAI_W5,1,1,1,N,
gid,*,683,ㄋㄟ,2,BIAOKAI_W5|KAICHU_MD,16,2,7,N,
gid,*,684,ㄌㄧㄡ,1,YUAN_W3W5,1,1,1,N,
gid,*,686,ㄍㄨㄥ,3,BIAOKAI_W5|KAICHU_MD|YUAN_W3W5,16,4,7,N,
gid,*,689,ㄈㄣ,4,BIAOKAI_W5|KAICHU_MD|YUAN_W3W5|YUAN_W7,64,6,13,N,
gid,*,690,ㄑㄧㄝ,1,KAICHU_MD,1,1,1,N,
gid,*,693,ㄍㄡ,3,BIAOKAI_W5|KAICHU_MD|YUAN_W3W5,7,3,5,N,
gid,*,695,ㄏㄨㄚ,3,KAICHU_MD|YUAN_W3W5|YUAN_W7,10,3,6,N,
gid,*,696,ㄆㄧ,1,BIAOKAI_W5,2,1,1,N,
gid,*,697,ㄨ,2,KAICHU_MD|YUAN_W3W5,5,2,3,N,
gid,*,698,ㄕㄥ,3,BIAOKAI_W5|KAICHU_MD|YUAN_W7,8,3,2,N,
gid,*,702,ㄧㄡ,3,BIAOKAI_W5|KAICHU_MD|YUAN_W3W5,9,3,5,N,
gid,*,703,ㄐㄧ,4,BIAOKAI_W5|KAICHU_MD|YUAN_W3W5|YUAN_W7,9,4,5,N,
gid,*,704,ㄈㄢ,3,BIAOKAI_W5|YUAN_W3W5|YUAN_W7,7,3,2,N,
gid,*,706,ㄊㄧㄢ,3,BIAOKAI_W5|KAICHU_MD|YUAN_W3W5,36,3,8,N,
gid,*,708,ㄊㄞ,2,BIAOKAI_W5|KAICHU_MD,3,2,2,N,
gid,*,711,ㄕㄠ,1,KAICHU_MD,5,1,4,N,
gid,*,712,ㄧㄡ,1,BIAOKAI_W5,1,1,1,N,
gid,*,713,ㄔ,2,BIAOKAI_W5|KAICHU_MD,4,2,3,N,
gid,*,715,ㄅㄚ,2,KAICHU_MD|YUAN_W3W5,4,2,3,N,
gid,*,719,ㄧㄣ,2,KAICHU_MD|YUAN_W3W5,5,3,3,N,
gid,*,720,ㄒㄧㄣ,5,BIAOKAI_W5|HEI_W7|KAICHU_MD|YUAN_W3W5|YUAN_W7,33,5,8,N,
gid,*,722,ㄏㄨ,1,KAICHU_MD,1,1,1,N,
gid,*,723,ㄕㄡ,3,BIAOKAI_W5|KAICHU_MD|YUAN_W7,83,3,12,N,
gid,*,725,ㄓ,1,BIAOKAI_W5,1,1,1,N,
gid,*,726,ㄨㄣ,3,BIAOKAI_W5|HEI_W7|KAICHU_MD,6,3,4,N,
gid,*,728,ㄐㄧㄣ,1,BIAOKAI_W5,2,1,1,N,
gid,*,729,ㄈㄤ,5,BIAOKAI_W5|HEI_W7|KAICHU_MD|YUAN_W3W5|YUAN_W7,58,5,12,N,
gid,*,730,ㄖ,5,BIAOKAI_W5|HEI_W7|KAICHU_MD|YUAN_W3W5|YUAN_W7,27,6,5,N,
gid,*,732,ㄩㄝ,1,KAICHU_MD,21,1,3,N,
gid,*,734,ㄑㄧㄢ,1,YUAN_W3W5,1,1,1,N,
gid,*,735,ㄓ,1,KAICHU_MD,2,1,2,N,
gid,*,738,ㄅㄧ,3,BIAOKAI_W5|KAICHU_MD|YUAN_W3W5,17,3,7,N,
gid,*,739,ㄇㄠ,2,HEI_W5|KAICHU_MD,2,2,2,N,
gid,*,741,ㄕㄨㄟ,3,BIAOKAI_W5|KAICHU_MD|YUAN_W3W5,52,3,7,N,
gid,*,744,ㄈㄨ,2,BIAOKAI_W5|KAICHU_MD,2,2,2,N,
gid,*,746,ㄆㄧㄢ,1,KAICHU_MD,1,1,1,N,
gid,*,747,ㄧㄚ,1,KAICHU_MD,1,1,1,N,
gid,*,752,ㄕ,1,BIAOKAI_W5,4,1,2,N,
gid,*,754,ㄑㄧㄝ,2,KAICHU_MD|YUAN_W3W5,6,2,4,N,
gid,*,756,ㄓㄨ,4,BIAOKAI_W5|KAICHU_MD|YUAN_W3W5|YUAN_W7,11,4,3,N,
gid,*,760,ㄧ,4,BIAOKAI_W5|HEI_W5|KAICHU_MD|YUAN_W3W5,87,5,16,N,
gid,*,761,ㄈㄨ,1,BIAOKAI_W5,3,1,1,N,
gid,*,762,ㄗ,1,KAICHU_MD,1,1,1,N,
gid,*,764,ㄊㄚ,3,BIAOKAI_W5|KAICHU_MD|YUAN_W3W5,30,3,13,N,
gid,*,766,ㄉㄞ,3,BIAOKAI_W5|KAICHU_MD|YUAN_W3W5,7,3,6,N,
gid,*,767,ㄌㄧㄥ,1,KAICHU_MD,2,1,2,N,
gid,*,770,ㄔㄨㄥ,1,KAICHU_MD,1,1,1,N,
gid,*,776,ㄔㄨ,5,BIAOKAI_W5|HEI_W7|KAICHU_MD|YUAN_W3W5|YUAN_W7,66,5,16,N,
gid,*,779,ㄐㄧㄚ,3,BIAOKAI_W5|KAICHU_MD|YUAN_W7,25,3,9,N,
gid,*,780,ㄍㄨㄥ,3,BIAOKAI_W5|KAICHU_MD|YUAN_W3W5,13,3,8,N,
gid,*,781,ㄅㄠ,3,BIAOKAI_W5|KAICHU_MD|YUAN_W3W5,12,4,4,N,
gid,*,788,ㄎㄚ,1,KAICHU_MD,6,1,3,N,
gid,*,789,ㄓㄢ,1,KAICHU_MD,2,1,1,N,
gid,*,792,ㄑㄩ,4,BIAOKAI_W5|HEI_W7|KAICHU_MD|YUAN_W3W5,19,4,5,N,
gid,*,793,ㄎㄜ,4,BIAOKAI_W5|HEI_W5|KAICHU_MD|YUAN_W3W5,69,5,15,N,
gid,*,794,ㄍㄨ,1,BIAOKAI_W5,1,1,1,N,
gid,*,795,ㄧㄡ,2,BIAOKAI_W5|KAICHU_MD,41,2,5,N,
gid,*,797,ㄉㄧㄥ,1,KAICHU_MD,4,1,1,N,
gid,*,799,ㄉㄠ,1,BIAOKAI_W5,1,1,1,N,
gid,*,801,ㄙ,1,KAICHU_MD,1,1,1,N,
gid,*,804,ㄌㄧㄥ,1,KAICHU_MD,19,1,6,N,
gid,*,805,ㄓ,3,BIAOKAI_W5|KAICHU_MD|YUAN_W3W5,5,3,5,N,
gid,*,806,ㄕ,1,KAICHU_MD,1,1,1,N,
gid,*,809,ㄐㄩ,1,KAICHU_MD,3,1,1,N,
gid,*,812,ㄙ,2,KAICHU_MD|YUAN_W3W5,4,2,3,N,
gid,*,814,ㄨㄞ,3,BIAOKAI_W5|HEI_W5|KAICHU_MD,29,3,7,N,
gid,*,816,ㄕ,3,BIAOKAI_W5|KAICHU_MD|YUAN_W7,9,3,2,N,
gid,*,818,ㄋㄞ,1,KAICHU_MD,2,2,1,N,
gid,*,819,ㄩㄣ,1,KAICHU_MD,6,1,1,N,
gid,*,820,ㄊㄚ,3,BIAOKAI_W5|KAICHU_MD|YUAN_W3W5,3,3,3,N,
gid,*,823,ㄑㄧㄠ,3,BIAOKAI_W5|KAICHU_MD|YUAN_W7,11,3,5,N,
gid,*,824,ㄗㄨㄛ,1,KAICHU_MD,42,1,4,N,
gid,*,825,ㄕ,1,KAICHU_MD,2,1,2,N,
gid,*,826,ㄅㄨ,2,BIAOKAI_W5|KAICHU_MD,12,2,5,N,
gid,*,827,ㄆㄧㄥ,3,BIAOKAI_W5|KAICHU_MD|YUAN_W3W5,19,3,9,N,
gid,*,828,ㄧㄡ,1,BIAOKAI_W5,1,1,1,N,
gid,*,834,ㄉㄚ,2,KAICHU_MD|YUAN_W3W5,7,2,4,N,
gid,*,841,ㄅㄣ,3,BIAOKAI_W5|KAICHU_MD|YUAN_W3W5,5,3,3,N,
gid,*,842,ㄨㄟ,2,BIAOKAI_W5|KAICHU_MD,3,2,2,N,
gid,*,845,ㄓㄥ,4,BIAOKAI_W5|KAICHU_MD|YUAN_W3W5|YUAN_W7,38,5,8,N,
gid,*,846,ㄇㄨ,2,BIAOKAI_W5|KAICHU_MD,9,2,4,N,
gid,*,847,ㄇㄧㄣ,2,BIAOKAI_W5|KAICHU_MD,4,2,3,N,
gid,*,849,ㄩㄥ,1,BIAOKAI_W5,2,1,1,N,
gid,*,850,ㄓ,2,KAICHU_MD|YUAN_W3W5,2,2,2,N,
gid,*,859,ㄕㄥ,5,BIAOKAI_W5|HEI_W7|KAICHU_MD|YUAN_W3W5|YUAN_W7,59,6,10,N,
gid,*,860,ㄩㄥ,5,BIAOKAI_W5|HEI_W7|KAICHU_MD|YUAN_W3W5|YUAN_W7,70,5,15,N,
gid,*,861,ㄕㄨㄞ,1,KAICHU_MD,2,1,1,N,
gid,*,863,ㄧㄡ,2,BIAOKAI_W5|KAICHU_MD,5,2,4,N,
gid,*,867,ㄅㄞ,4,BIAOKAI_W5|KAICHU_MD|YUAN_W3W5|YUAN_W7,6,4,4,N,
gid,*,868,ㄆㄧ,1,KAICHU_MD,3,1,2,N,
gid,*,870,ㄇㄨ,5,BIAOKAI_W5|HEI_W7|KAICHU_MD|YUAN_W3W5|YUAN_W7,32,6,8,N,
gid,*,874,ㄕ,4,BIAOKAI_W5|HEI_W7|KAICHU_MD|YUAN_W3W5,11,4,3,N,
gid,*,877,ㄌㄧ,3,BIAOKAI_W5|KAICHU_MD|YUAN_W3W5,40,3,9,N,
gid,*,879,ㄉㄧㄡ,2,BIAOKAI_W5|KAICHU_MD,6,2,2,N,
gid,*,884,ㄐㄧㄠ,1,KAICHU_MD,11,1,5,N,
gid,*,887,ㄈㄤ,1,KAICHU_MD,6,1,1,N,
gid,*,893,ㄈㄚ,1,KAICHU_MD,2,1,1,N,
gid,*,894,ㄒㄧㄡ,2,KAICHU_MD|YUAN_W3W5,4,2,4,N,
gid,*,897,ㄐㄧㄢ,4,BIAOKAI_W5|KAICHU_MD|YUAN_W3W5|YUAN_W7,11,4,2,N,
gid,*,898,ㄖㄣ,3,BIAOKAI_W5|KAICHU_MD|YUAN_W3W5,12,3,7,N,
gid,*,901,ㄈㄣ,1,KAICHU_MD,1,1,1,N,
gid,*,904,ㄍㄨㄤ,2,BIAOKAI_W5|KAICHU_MD,3,2,2,N,
gid,*,907,ㄒㄧㄢ,2,BIAOKAI_W5|KAICHU_MD,10,2,7,N,
gid,*,908,ㄑㄩㄢ,2,BIAOKAI_W5|KAICHU_MD,15,2,9,N,
gid,*,909,ㄍㄨㄥ,4,BIAOKAI_W5|HEI_W7|KAICHU_MD|YUAN_W3W5,5,4,2,N,
gid,*,910,ㄗㄞ,4,BIAOKAI_W5|KAICHU_MD|YUAN_W3W5|YUAN_W7,27,4,11,N,
gid,*,911,ㄅㄧㄥ,2,BIAOKAI_W5|KAICHU_MD,3,2,2,N,
gid,*,912,ㄌㄧㄝ,2,BIAOKAI_W5|KAICHU_MD,4,2,4,N,
gid,*,914,ㄏㄨㄚ,1,KAICHU_MD,3,1,1,N,
gid,*,921,ㄧㄣ,2,BIAOKAI_W5|KAICHU_MD,2,2,2,N,
gid,*,922,ㄨㄟ,1,KAICHU_MD,2,1,1,N,
gid,*,925,ㄊㄨㄥ,5,BIAOKAI_W5|HEI_W5|HEI_W7|KAICHU_MD|YUAN_W3W5,65,5,16,N,
gid,*,930,ㄍㄜ,2,KAICHU_MD|YUAN_W3W5,18,2,11,N,
gid,*,931,ㄒㄧㄤ,4,BIAOKAI_W5|KAICHU_MD|YUAN_W3W5|YUAN_W7,74,5,14,N,
gid,*,932,ㄇㄧㄥ,3,BIAOKAI_W5|KAICHU_MD|YUAN_W3W5,11,3,4,N,
gid,*,933,ㄏㄜ,4,BIAOKAI_W5|HEI_W7|KAICHU_MD|YUAN_W3W5,24,5,12,N,
gid,*,934,ㄔ,3,BIAOKAI_W5|KAICHU_MD|YUAN_W3W5,37,3,5,N,
gid,*,938,ㄧㄣ,4,BIAOKAI_W5|HEI_W5|KAICHU_MD|YUAN_W3W5,11,5,5,N,
gid,*,939,ㄏㄨㄟ,4,BIAOKAI_W5|HEI_W7|KAICHU_MD|YUAN_W3W5,38,4,7,N,
gid,*,942,ㄉㄧ,3,BIAOKAI_W5|KAICHU_MD|YUAN_W7,30,3,10,N,
gid,*,943,ㄗㄞ,4,BIAOKAI_W5|HEI_W7|KAICHU_MD|YUAN_W3W5,90,4,17,N,
gid,*,949,ㄉㄨㄛ,4,BIAOKAI_W5|KAICHU_MD|YUAN_W3W5|YUAN_W7,38,5,16,N,
gid,*,955,ㄏㄠ,4,BIAOKAI_W5|KAICHU_MD|YUAN_W3W5|YUAN_W7,48,6,11,N,
gid,*,956,ㄊㄚ,2,BIAOKAI_W5|KAICHU_MD,30,2,6,N,
gid,*,957,ㄖㄨ,4,BIAOKAI_W5|HEI_W7|KAICHU_MD|YUAN_W3W5,36,4,11,N,
gid,*,959,ㄗ,2,HEI_W7|KAICHU_MD,20,2,7,N,
gid,*,960,ㄘㄨㄣ,2,BIAOKAI_W5|KAICHU_MD,3,2,2,N,
gid,*,962,ㄕㄡ,3,HEI_W7|KAICHU_MD|YUAN_W3W5,14,3,3,N,
gid,*,964,ㄢ,3,BIAOKAI_W5|KAICHU_MD|YUAN_W3W5,13,3,4,N,
gid,*,966,ㄐㄧㄢ,1,KAICHU_MD,3,1,2,N,
gid,*,971,ㄋㄧㄢ,2,BIAOKAI_W5|KAICHU_MD,7,2,2,N,
gid,*,972,ㄕ,4,BIAOKAI_W5|KAICHU_MD|YUAN_W3W5|YUAN_W7,25,4,10,N,
gid,*,974,ㄇㄤ,3,BIAOKAI_W5|KAICHU_MD|YUAN_W3W5,5,3,2,N,
gid,*,979,ㄔㄥ,5,BIAOKAI_W5|HEI_W7|KAICHU_MD|YUAN_W3W5|YUAN_W7,52,6,15,N,
gid,*,983,ㄕㄡ,2,KAICHU_MD|YUAN_W3W5,17,2,3,N,
gid,*,984,ㄗㄠ,1,BIAOKAI_W5,2,1,1,N,
gid,*,988,ㄑㄩ,1,KAICHU_MD,7,2,4,N,
gid,*,990,ㄧㄡ,5,BIAOKAI_W5|HEI_W5|HEI_W7|KAICHU_MD|YUAN_W3W5,99,6,17,N,
gid,*,995,ㄘ,3,BIAOKAI_W5|KAICHU_MD|YUAN_W3W5,31,3,11,N,
gid,*,996,ㄘ,2,BIAOKAI_W5|KAICHU_MD,6,2,5,N,
gid,*,1001,ㄨ,1,KAICHU_MD,5,1,2,N,
gid,*,1003,ㄔ,1,KAICHU_MD,5,1,1,N,
gid,*,1013,ㄅㄞ,1,BIAOKAI_W5,1,1,1,N,
gid,*,1020,ㄌㄠ,3,BIAOKAI_W5|KAICHU_MD|YUAN_W3W5,22,3,5,N,
gid,*,1021,ㄎㄠ,4,BIAOKAI_W5|KAICHU_MD|YUAN_W3W5|YUAN_W7,17,5,4,N,
gid,*,1022,ㄦ,3,BIAOKAI_W5|KAICHU_MD|YUAN_W3W5,11,3,7,N,
gid,*,1024,ㄦ,1,KAICHU_MD,3,1,2,N,
gid,*,1026,ㄖㄡ,3,BIAOKAI_W5|KAICHU_MD|YUAN_W3W5,9,3,6,N,
gid,*,1028,ㄐㄧ,3,BIAOKAI_W5|KAICHU_MD|YUAN_W3W5,8,3,5,N,
gid,*,1030,ㄗ,5,BIAOKAI_W5|HEI_W7|KAICHU_MD|YUAN_W3W5|YUAN_W7,105,6,15,N,
gid,*,1031,ㄓ,2,BIAOKAI_W5|KAICHU_MD,2,2,2,N,
gid,*,1037,ㄙㄜ,3,BIAOKAI_W5|KAICHU_MD|YUAN_W7,10,3,6,N,
gid,*,1040,ㄒㄧㄝ,1,KAICHU_MD,4,1,2,N,
gid,*,1041,ㄒㄧㄥ,5,BIAOKAI_W5|HEI_W5|KAICHU_MD|YUAN_W3W5|YUAN_W7,41,6,10,N,
gid,*,1042,ㄧ,2,BIAOKAI_W5|KAICHU_MD,3,2,2,N,
gid,*,1043,ㄒㄧ,2,BIAOKAI_W5|KAICHU_MD,2,2,2,N,
gid,*,1047,ㄨㄟ,2,BIAOKAI_W5|KAICHU_MD,6,2,5,N,
gid,*,1048,ㄓㄨ,1,KAICHU_MD,15,1,6,N,
gid,*,1052,ㄅㄢ,2,BIAOKAI_W5|KAICHU_MD,14,2,6,N,
gid,*,1054,ㄏㄜ,3,BIAOKAI_W5|HEI_W7|KAICHU_MD,18,3,8,N,
gid,*,1055,ㄍㄨ,2,BIAOKAI_W5|KAICHU_MD,3,2,2,N,
gid,*,1057,ㄧㄡ,1,KAICHU_MD,22,1,3,N,
gid,*,1060,ㄕㄣ,2,HEI_W7|KAICHU_MD,39,2,6,N,
gid,*,1063,ㄙ,1,BIAOKAI_W5,2,1,1,N,
gid,*,1064,ㄉㄢ,2,BIAOKAI_W5|KAICHU_MD,7,2,5,N,
gid,*,1066,ㄗㄨㄛ,3,BIAOKAI_W5|KAICHU_MD|YUAN_W3W5,31,3,12,N,
gid,*,1067,ㄋㄧ,5,BIAOKAI_W5|HEI_W7|KAICHU_MD|YUAN_W3W5|YUAN_W7,95,6,17,N,
gid,*,1069,ㄉㄧ,2,KAICHU_MD|YUAN_W3W5,8,2,5,N,
gid,*,1076,ㄎㄜ,2,BIAOKAI_W5|YUAN_W3W5,4,2,2,N,
gid,*,1077,ㄇㄧㄢ,3,BIAOKAI_W5|KAICHU_MD|YUAN_W3W5,7,3,5,N,
gid,*,1080,ㄌㄥ,2,BIAOKAI_W5|KAICHU_MD,2,2,2,N,
gid,*,1081,ㄅㄧㄝ,4,BIAOKAI_W5|HEI_W7|KAICHU_MD|YUAN_W3W5,21,4,10,N,
gid,*,1082,ㄆㄢ,1,KAICHU_MD,2,1,2,N,
gid,*,1083,ㄌㄧ,4,BIAOKAI_W5|KAICHU_MD|YUAN_W3W5|YUAN_W7,13,4,5,N,
gid,*,1087,ㄓㄨ,3,BIAOKAI_W5|KAICHU_MD|YUAN_W3W5,12,4,5,N,
gid,*,1088,ㄋㄨ,2,BIAOKAI_W5|KAICHU_MD,4,2,3,N,
gid,*,1091,ㄐㄧ,1,KAICHU_MD,3,1,3,N,
gid,*,1092,ㄌㄨㄢ,1,KAICHU_MD,2,1,1,N,
gid,*,1097,ㄈㄡ,3,BIAOKAI_W5|KAICHU_MD|YUAN_W3W5,7,3,3,N,
gid,*,1099,ㄅㄚ,2,BIAOKAI_W5|KAICHU_MD,7,2,7,N,
gid,*,1103,ㄔㄥ,1,KAICHU_MD,4,1,3,N,
gid,*,1105,ㄐㄩㄣ,2,BIAOKAI_W5|YUAN_W3W5,15,2,1,N,
gid,*,1107,ㄍㄠ,2,BIAOKAI_W5|KAICHU_MD,10,2,7,N,
gid,*,1110,ㄒㄧ,4,BIAOKAI_W5|HEI_W7|KAICHU_MD|YUAN_W3W5,9,4,5,N,
gid,*,1112,ㄔㄠ,1,BIAOKAI_W5,3,1,1,N,
gid,*,1116,ㄧㄚ,2,KAICHU_MD|YUAN_W3W5,2,2,2,N,
gid,*,1122,ㄎㄨㄣ,4,BIAOKAI_W5|HEI_W7|KAICHU_MD|YUAN_W3W5,7,4,3,N,
gid,*,1130,ㄎㄢ,1,BIAOKAI_W5,1,1,1,N,
gid,*,1131,ㄙㄜ,1,KAICHU_MD,17,1,2,N,
gid,*,1132,ㄗㄨㄛ,1,KAICHU_MD,1,1,1,N,
gid,*,1135,ㄓㄨㄤ,2,KAICHU_MD|YUAN_W3W5,3,2,3,N,
gid,*,1136,ㄐㄧㄚ,1,KAICHU_MD,8,1,2,N,
gid,*,1142,ㄇㄧㄠ,1,KAICHU_MD,2,1,2,N,
gid,*,1148,ㄊㄨㄛ,1,KAICHU_MD,1,1,1,N,
gid,*,1153,ㄨㄢ,3,BIAOKAI_W5|KAICHU_MD|YUAN_W3W5,24,4,10,N,
gid,*,1157,ㄐㄩ,2,KAICHU_MD|YUAN_W7,4,2,2,N,
gid,*,1166,ㄒㄧ,2,BIAOKAI_W5|KAICHU_MD,5,2,2,N,
gid,*,1167,ㄒㄩ,2,BIAOKAI_W5|KAICHU_MD,10,2,5,N,
gid,*,1172,ㄉㄧ,2,BIAOKAI_W5|KAICHU_MD,9,3,3,N,
gid,*,1174,ㄒㄧㄥ,2,KAICHU_MD|YUAN_W3W5,12,2,6,N,
gid,*,1179,ㄓ,1,BIAOKAI_W5,1,1,1,N,
gid,*,1181,ㄔㄣ,1,YUAN_W7,1,1,1,N,
gid,*,1182,ㄎㄨㄞ,5,BIAOKAI_W5|HEI_W5|HEI_W7|KAICHU_MD|YUAN_W3W5,27,5,11,N,
gid,*,1186,ㄨㄛ,6,BIAOKAI_W5|HEI_W5|HEI_W7|KAICHU_MD|YUAN_W3W5|YUAN_W7,131,7,11,N,
gid,*,1188,ㄎㄤ,3,BIAOKAI_W5|KAICHU_MD|YUAN_W7,5,3,2,N,
gid,*,1189,ㄉㄡ,1,BIAOKAI_W5,1,1,1,N,
gid,*,1190,ㄐㄧ,3,BIAOKAI_W5|KAICHU_MD|YUAN_W7,9,3,4,N,
gid,*,1191,ㄈㄨ,2,BIAOKAI_W5|KAICHU_MD,5,2,3,N,
gid,*,1194,ㄅㄚ,3,BIAOKAI_W5|HEI_W5|KAICHU_MD,20,3,9,N,
gid,*,1196,ㄓㄠ,3,BIAOKAI_W5|KAICHU_MD|YUAN_W7,11,3,5,N,
gid,*,1197,ㄆㄧ,1,KAICHU_MD,1,1,1,N,
gid,*,1199,ㄕㄨ,2,BIAOKAI_W5|YUAN_W3W5,2,2,1,N,
gid,*,1201,ㄓㄜ,2,BIAOKAI_W5|YUAN_W3W5,3,2,1,N,
gid,*,1202,ㄅㄢ,2,BIAOKAI_W5|KAICHU_MD,2,2,2,N,
gid,*,1203,ㄊㄡ,3,BIAOKAI_W5|KAICHU_MD|YUAN_W7,6,3,3,N,
gid,*,1204,ㄓㄨㄚ,1,KAICHU_MD,1,1,1,N,
gid,*,1207,ㄍㄞ,3,BIAOKAI_W5|KAICHU_MD|YUAN_W3W5,13,3,8,N,
gid,*,1208,ㄍㄨㄥ,1,KAICHU_MD,3,1,2,N,
gid,*,1211,ㄍㄥ,4,BIAOKAI_W5|KAICHU_MD|YUAN_W3W5|YUAN_W7,13,4,7,N,
gid,*,1212,ㄕㄨ,2,BIAOKAI_W5|KAICHU_MD,4,2,3,N,
gid,*,1215,ㄘㄞ,1,KAICHU_MD,1,1,1,N,
gid,*,1225,ㄅㄨ,4,BIAOKAI_W5|KAICHU_MD|YUAN_W3W5|YUAN_W7,59,4,10,N,
gid,*,1226,ㄇㄟ,3,BIAOKAI_W5|KAICHU_MD|YUAN_W3W5,35,3,11,N,
gid,*,1227,ㄑㄧㄡ,3,HEI_W7|KAICHU_MD|YUAN_W3W5,6,3,4,N,
gid,*,1236,ㄐㄩㄝ,2,BIAOKAI_W5|KAICHU_MD,14,2,6,N,
gid,*,1242,ㄇㄟ,4,BIAOKAI_W5|HEI_W5|KAICHU_MD|YUAN_W3W5,17,4,7,N,
gid,*,1260,ㄊㄚ,1,KAICHU_MD,1,1,1,N,
gid,*,1266,ㄋㄢ,3,BIAOKAI_W5|KAICHU_MD|YUAN_W3W5,3,3,3,N,
gid,*,1275,ㄒㄧ,1,YUAN_W3W5,2,1,1,N,
gid,*,1280,ㄓㄡ,1,KAICHU_MD,2,1,1,N,
gid,*,1282,ㄉㄨ,1,YUAN_W3W5,9,1,1,N,
gid,*,1283,ㄩ,3,BIAOKAI_W5|KAICHU_MD|YUAN_W3W5,8,3,4,N,
gid,*,1284,ㄌㄧㄤ,3,BIAOKAI_W5|YUAN_W3W5|YUAN_W7,3,3,2,N,
gid,*,1288,ㄐㄧㄢ,1,KAICHU_MD,7,1,4,N,
gid,*,1289,,0,,11,4,4,N,KAICHU_MD:ㄐㄧㄠ/ㄐㄩㄝ
gid,*,1290,ㄧㄢ,2,BIAOKAI_W5|YUAN_W7,3,2,1,N,
gid,*,1292,ㄉㄡ,1,KAICHU_MD,1,1,1,N,
gid,*,1296,ㄗㄡ,1,KAICHU_MD,6,1,5,N,
gid,*,1297,ㄗㄨ,3,BIAOKAI_W5|KAICHU_MD|YUAN_W3W5,15,3,4,N,
gid,*,1298,ㄕㄣ,4,BIAOKAI_W5|KAICHU_MD|YUAN_W3W5|YUAN_W7,74,4,15,N,
gid,*,1299,ㄔㄜ,1,KAICHU_MD,1,1,1,N,
gid,*,1300,ㄒㄧㄣ,1,BIAOKAI_W5,1,1,1,N,
gid,*,1306,ㄒㄩㄣ,1,KAICHU_MD,1,1,1,N,
gid,*,1311,ㄋㄚ,1,KAICHU_MD,1,1,1,N,
gid,*,1315,ㄈㄤ,1,KAICHU_MD,9,1,1,N,
gid,*,1320,ㄅㄧㄥ,4,BIAOKAI_W5|KAICHU_MD|YUAN_W3W5|YUAN_W7,24,4,9,N,
gid,*,1322,ㄖㄨ,1,KAICHU_MD,1,1,1,N,
gid,*,1323,ㄕ,5,BIAOKAI_W5|HEI_W7|KAICHU_MD|YUAN_W3W5|YUAN_W7,25,5,7,N,
gid,*,1324,ㄒㄧㄝ,4,BIAOKAI_W5|HEI_W7|KAICHU_MD|YUAN_W3W5,31,5,12,N,
gid,*,1326,ㄒㄧㄤ,2,BIAOKAI_W5|KAICHU_MD,5,2,2,N,
gid,*,1327,ㄐㄧㄥ,1,BIAOKAI_W5,1,1,1,N,
gid,*,1329,ㄧ,2,BIAOKAI_W5|KAICHU_MD,12,2,6,N,
gid,*,1331,ㄐㄧㄚ,2,BIAOKAI_W5|KAICHU_MD,23,2,4,N,
gid,*,1332,ㄕ,3,BIAOKAI_W5|KAICHU_MD|YUAN_W3W5,14,3,7,N,
gid,*,1334,ㄍㄨㄥ,1,YUAN_W3W5,2,1,1,N,
gid,*,1335,ㄌㄧ,3,BIAOKAI_W5|KAICHU_MD|YUAN_W3W5,8,3,5,N,
gid,*,1336,ㄌㄞ,3,BIAOKAI_W5|KAICHU_MD|YUAN_W3W5,48,3,19,N,
gid,*,1339,ㄅㄧㄥ,1,KAICHU_MD,6,1,4,N,
gid,*,1348,ㄊㄨ,1,KAICHU_MD,4,1,1,N,
gid,*,1349,ㄦ,2,KAICHU_MD|YUAN_W3W5,6,3,5,N,
gid,*,1351,ㄌㄧㄤ,2,KAICHU_MD|YUAN_W3W5,17,2,6,N,
gid,*,1352,ㄐㄩ,1,KAICHU_MD,8,1,4,N,
gid,*,1353,ㄑㄧ,1,KAICHU_MD,10,1,8,N,
gid,*,1357,ㄎㄜ,1,KAICHU_MD,1,1,1,N,
gid,*,1361,ㄉㄠ,5,BIAOKAI_W5|HEI_W7|KAICHU_MD|YUAN_W3W5|YUAN_W7,81,5,17,N,
gid,*,1363,ㄓ,1,KAICHU_MD,1,1,1,N,
gid,*,1368,ㄒㄧㄝ,4,HEI_W7|KAICHU_MD|YUAN_W3W5|YUAN_W7,6,4,2,N,
gid,*,1375,ㄑㄩ,3,BIAOKAI_W5|KAICHU_MD|YUAN_W3W5,18,3,8,N,
gid,*,1377,ㄕㄡ,3,BIAOKAI_W5|KAICHU_MD|YUAN_W3W5,10,3,5,N,
gid,*,1378,ㄨㄟ,1,KAICHU_MD,4,1,3,N,
gid,*,1379,ㄛ,2,KAICHU_MD|YUAN_W3W5,10,2,6,N,
gid,*,1380,ㄎㄚ,1,KAICHU_MD,2,1,1,N,
gid,*,1389,ㄏㄨ,3,BIAOKAI_W5|HEI_W7|KAICHU_MD,28,3,8,N,
gid,*,1393,,0,,87,7,19,N,BIAOKAI_W5:ㄏㄜ/ㄏㄢ
gid,*,1395,ㄋㄜ,3,BIAOKAI_W5|KAICHU_MD|YUAN_W3W5,42,4,15,N,
gid,*,1396,ㄓㄡ,1,KAICHU_MD,2,1,2,N,
gid,*,1398,ㄇㄧㄥ,1,KAICHU_MD,2,1,1,N,
gid,*,1399,ㄐㄧㄡ,1,YUAN_W3W5,1,1,1,N,
gid,*,1400,ㄍㄨ,2,BIAOKAI_W5|KAICHU_MD,2,2,2,N,
gid,*,1401,ㄌㄜ,1,KAICHU_MD,17,1,2,N,
gid,*,1402,ㄎㄜ,1,BIAOKAI_W5,1,1,1,N,
gid,*,1405,ㄆㄛ,1,KAICHU_MD,2,1,1,N,
gid,*,1409,ㄧㄝ,1,KAICHU_MD,1,1,1,N,
gid,*,1411,ㄑㄧ,1,KAICHU_MD,4,1,2,N,
gid,*,1414,ㄅㄣ,1,KAICHU_MD,1,1,1,N,
gid,*,1417,ㄨㄟ,1,HEI_W7,1,1,1,N,
gid,*,1418,ㄇㄟ,1,KAICHU_MD,2,1,1,N,
gid,*,1422,ㄐㄧㄝ,2,BIAOKAI_W5|KAICHU_MD,7,3,4,N,
gid,*,1424,ㄕ,2,BIAOKAI_W5|KAICHU_MD,5,2,4,N,
gid,*,1425,ㄒㄧㄥ,1,YUAN_W3W5,2,1,1,N,
gid,*,1428,ㄋㄧ,1,BIAOKAI_W5,2,1,1,N,
gid,*,1435,ㄉㄧㄥ,5,BIAOKAI_W5|HEI_W7|KAICHU_MD|YUAN_W3W5|YUAN_W7,37,6,11,N,
gid,*,1441,ㄑㄩ,1,KAICHU_MD,13,1,4,N,
gid,*,1442,ㄐㄩ,1,KAICHU_MD,9,1,3,N,
gid,*,1459,ㄉㄧㄢ,1,KAICHU_MD,4,1,2,N,
gid,*,1461,ㄉㄧ,1,KAICHU_MD,3,1,2,N,
gid,*,1463,ㄧㄢ,1,KAICHU_MD,1,1,1,N,
gid,*,1470,ㄅㄧ,2,BIAOKAI_W5|KAICHU_MD,3,2,2,N,
gid,*,1474,ㄋㄧㄢ,1,KAICHU_MD,2,1,2,N,
gid,*,1482,ㄆㄚ,2,BIAOKAI_W5|YUAN_W7,3,2,1,N,
gid,*,1484,ㄒㄧㄥ,4,BIAOKAI_W5|HEI_W7|KAICHU_MD|YUAN_W3W5,12,4,6,N,
gid,*,1488,ㄏㄨㄛ,4,BIAOKAI_W5|HEI_W7|KAICHU_MD|YUAN_W3W5,24,5,9,N,
gid,*,1490,ㄈㄤ,2,BIAOKAI_W5|KAICHU_MD,3,2,2,N,
gid,*,1492,ㄙㄨㄛ,3,BIAOKAI_W5|KAICHU_MD|YUAN_W3W5,13,3,7,N,
gid,*,1493,ㄔㄥ,3,HEI_W7|KAICHU_MD|YUAN_W3W5,3,3,2,N,
gid,*,1494,ㄌㄚ,4,BIAOKAI_W5|HEI_W5|KAICHU_MD|YUAN_W3W5,27,4,8,N,
gid,*,1501,ㄓㄠ,1,KAICHU_MD,4,1,2,N,
gid,*,1505,ㄆㄠ,2,HEI_W5|KAICHU_MD,8,2,4,N,
gid,*,1508,ㄔㄡ,1,KAICHU_MD,2,1,2,N,
gid,*,1513,ㄆㄞ,2,BIAOKAI_W5|KAICHU_MD,29,2,3,N,
gid,*,1516,ㄅㄠ,1,KAICHU_MD,20,1,5,N,
gid,*,1521,ㄊㄞ,1,KAICHU_MD,6,1,1,N,
gid,*,1523,ㄈㄤ,4,BIAOKAI_W5|HEI_W7|KAICHU_MD|YUAN_W3W5,25,4,11,N,
gid,*,1525,ㄩ,3,BIAOKAI_W5|KAICHU_MD|YUAN_W3W5,15,3,6,N,
gid,*,1528,ㄧ,3,BIAOKAI_W5|KAICHU_MD|YUAN_W3W5,11,3,10,N,
gid,*,1532,ㄇㄧㄥ,4,BIAOKAI_W5|KAICHU_MD|YUAN_W3W5|YUAN_W7,10,4,4,N,
gid,*,1538,ㄈㄨ,3,BIAOKAI_W5|KAICHU_MD|YUAN_W3W5,13,4,3,N,
gid,*,1539,ㄆㄥ,3,BIAOKAI_W5|KAICHU_MD|YUAN_W3W5,7,3,4,N,
gid,*,1543,ㄉㄨㄥ,2,BIAOKAI_W5|KAICHU_MD,3,2,2,N,
gid,*,1544,ㄍㄨㄛ,3,BIAOKAI_W5|KAICHU_MD|YUAN_W3W5,28,3,10,N,
gid,*,1548,ㄓ,1,KAICHU_MD,1,1,1,N,
gid,*,1549,ㄌㄧㄣ,1,BIAOKAI_W5,2,1,1,N,
gid,*,1550,ㄅㄟ,1,KAICHU_MD,1,1,1,N,
gid,*,1552,ㄅㄢ,2,BIAOKAI_W5|KAICHU_MD,2,2,2,N,
gid,*,1555,ㄒㄧ,1,KAICHU_MD,1,1,1,N,
gid,*,1562,ㄒㄧㄣ,1,KAICHU_MD,1,1,1,N,
gid,*,1563,ㄨ,1,KAICHU_MD,2,1,1,N,
gid,*,1568,ㄑㄧ,1,BIAOKAI_W5,2,1,1,N,
gid,*,1569,ㄓㄨ,4,BIAOKAI_W5|HEI_W7|KAICHU_MD|YUAN_W3W5,16,5,8,N,
gid,*,1570,ㄩㄥ,1,KAICHU_MD,2,1,2,N,
gid,*,1574,ㄏㄜ,1,KAICHU_MD,1,1,1,N,
gid,*,1580,ㄈㄚ,5,BIAOKAI_W5|HEI_W7|KAICHU_MD|YUAN_W3W5|YUAN_W7,34,5,8,N,
gid,*,1584,ㄧㄡ,2,BIAOKAI_W5|KAICHU_MD,5,2,3,N,
gid,*,1585,ㄎㄨㄤ,4,BIAOKAI_W5|KAICHU_MD|YUAN_W3W5|YUAN_W7,11,4,8,N,
gid,*,1586,ㄐㄩ,1,BIAOKAI_W5,1,1,1,N,
gid,*,1590,ㄧㄢ,1,KAICHU_MD,1,1,1,N,
gid,*,1591,ㄓ,2,KAICHU_MD|YUAN_W3W5,6,2,2,N,
gid,*,1592,ㄆㄠ,1,KAICHU_MD,1,1,1,N,
gid,*,1594,ㄅㄛ,1,KAICHU_MD,1,1,1,N,
gid,*,1601,ㄧㄢ,2,KAICHU_MD|YUAN_W3W5,3,2,2,N,
gid,*,1605,ㄆㄚ,1,KAICHU_MD,3,1,1,N,
gid,*,1606,ㄓㄥ,1,KAICHU_MD,1,1,1,N,
gid,*,1607,ㄅㄚ,3,BIAOKAI_W5|KAICHU_MD|YUAN_W3W5,21,6,4,N,
gid,*,1610,ㄨ,3,BIAOKAI_W5|KAICHU_MD|YUAN_W3W5,54,4,13,N,
gid,*,1611,ㄓㄨㄤ,2,BIAOKAI_W5|KAICHU_MD,12,2,8,N,
gid,*,1616,ㄨㄢ,3,BIAOKAI_W5|KAICHU_MD|YUAN_W3W5,8,3,3,N,
gid,*,1625,,0,,420,8,24,N,YUAN_W3W5:ㄉㄜ/ㄉㄧ
gid,*,1628,ㄓ,2,BIAOKAI_W5|KAICHU_MD,23,2,7,N,
gid,*,1629,ㄓ,4,BIAOKAI_W5|KAICHU_MD|YUAN_W3W5|YUAN_W7,13,4,6,N,
gid,*,1631,ㄕㄜ,3,KAICHU_MD|YUAN_W3W5|YUAN_W7,23,3,4,N,
gid,*,1636,ㄎㄨㄥ,1,KAICHU_MD,4,1,2,N,
gid,*,1643,ㄓㄜ,2,BIAOKAI_W5|KAICHU_MD,13,2,5,N,
gid,*,1646,ㄓ,2,KAICHU_MD|YUAN_W7,2,2,2,N,
gid,*,1650,ㄐㄧㄢ,1,KAICHU_MD,3,1,2,N,
gid,*,1653,ㄎㄣ,1,YUAN_W3W5,1,1,1,N,
gid,*,1664,ㄏㄨㄚ,1,KAICHU_MD,5,1,2,N,
gid,*,1676,ㄅㄧㄠ,5,BIAOKAI_W5|HEI_W7|KAICHU_MD|YUAN_W3W5|YUAN_W7,28,5,10,N,
gid,*,1680,ㄐㄧㄣ,4,BIAOKAI_W5|KAICHU_MD|YUAN_W3W5|YUAN_W7,7,4,4,N,
gid,*,1686,ㄐㄧㄣ,1,BIAOKAI_W5,5,1,1,N,
gid,*,1687,,0,,27,7,11,Y,BIAOKAI_W5:ㄓㄤ/ㄔㄤ;KAICHU_MD:ㄓㄤ/ㄔㄤ;cross-style:ㄓㄤ|ㄔㄤ
gid,*,1691,ㄚ,1,YUAN_W3W5,1,1,1,N,
gid,*,1692,ㄗㄨ,2,KAICHU_MD|YUAN_W3W5,7,2,2,N,
gid,*,1698,ㄈㄟ,2,KAICHU_MD|YUAN_W3W5,4,2,4,N,
gid,*,1701,ㄌㄧㄤ,1,KAICHU_MD,17,1,3,N,
gid,*,1702,ㄒㄧㄣ,4,BIAOKAI_W5|HEI_W7|KAICHU_MD|YUAN_W3W5,6,4,2,N,
gid,*,1705,ㄅㄧㄢ,3,KAICHU_MD|YUAN_W3W5|YUAN_W7,15,3,3,N,
gid,*,1709,ㄅㄠ,3,BIAOKAI_W5|KAICHU_MD|YUAN_W3W5,8,3,5,N,
gid,*,1710,ㄘㄨ,3,BIAOKAI_W5|KAICHU_MD|YUAN_W3W5,6,3,5,N,
gid,*,1715,ㄙㄨ,1,BIAOKAI_W5,1,1,1,N,
gid,*,1719,ㄒㄧ,1,HEI_W5,1,1,1,N,
gid,*,1727,ㄍㄨㄢ,1,BIAOKAI_W5,1,1,1,N,
gid,*,1731,ㄑㄧㄢ,3,BIAOKAI_W5|KAICHU_MD|YUAN_W3W5,93,4,12,N,
gid,*,1734,ㄗㄜ,3,BIAOKAI_W5|KAICHU_MD|YUAN_W3W5,11,3,5,N,
gid,*,1735,ㄩㄥ,1,BIAOKAI_W5,1,1,1,N,
gid,*,1741,ㄑㄩㄝ,1,BIAOKAI_W5,2,1,1,N,
gid,*,1742,ㄏㄡ,1,KAICHU_MD,1,1,1,N,
gid,*,1756,ㄆㄧㄣ,2,KAICHU_MD|YUAN_W3W5,16,2,5,N,
gid,*,1757,ㄏㄨㄥ,1,BIAOKAI_W5,1,1,1,N,
gid,*,1767,ㄔㄨㄟ,2,BIAOKAI_W5|KAICHU_MD,2,2,2,N,
gid,*,1768,ㄒㄧㄥ,3,BIAOKAI_W5|KAICHU_MD|YUAN_W3W5,6,3,4,N,
gid,*,1772,ㄔㄥ,1,KAICHU_MD,1,1,1,N,
gid,*,1776,ㄑㄧ,2,BIAOKAI_W5|KAICHU_MD,2,2,2,N,
gid,*,1777,ㄗㄡ,1,KAICHU_MD,1,1,1,N,
gid,*,1782,ㄗ,2,HEI_W5|KAICHU_MD,12,2,4,N,
gid,*,1793,ㄒㄩㄢ,1,BIAOKAI_W5,1,1,1,N,
gid,*,1795,ㄕ,1,BIAOKAI_W5,2,1,1,N,
gid,*,1796,ㄎㄜ,2,BIAOKAI_W5|KAICHU_MD,2,2,2,N,
gid,*,1798,ㄈㄥ,1,KAICHU_MD,3,1,1,N,
gid,*,1811,ㄉㄨ,4,BIAOKAI_W5|KAICHU_MD|YUAN_W3W5|YUAN_W7,23,5,6,N,
gid,*,1812,ㄐㄧㄢ,2,KAICHU_MD|YUAN_W7,4,2,2,N,
gid,*,1816,ㄏㄣ,4,BIAOKAI_W5|HEI_W5|KAICHU_MD|YUAN_W3W5,25,4,11,N,
gid,*,1817,ㄉㄞ,2,BIAOKAI_W5|KAICHU_MD,2,2,2,N,
gid,*,1819,ㄌㄩ,1,KAICHU_MD,1,1,1,N,
gid,*,1821,ㄏㄡ,3,BIAOKAI_W5|KAICHU_MD|YUAN_W3W5,108,3,15,N,
gid,*,1823,ㄋㄨ,2,BIAOKAI_W5|YUAN_W3W5,2,2,1,N,
gid,*,1824,ㄙ,3,BIAOKAI_W5|KAICHU_MD|YUAN_W3W5,14,4,4,N,
gid,*,1826,ㄐㄧ,2,BIAOKAI_W5|KAICHU_MD,5,2,3,N,
gid,*,1827,ㄗㄣ,3,BIAOKAI_W5|KAICHU_MD|YUAN_W3W5,28,3,10,N,
gid,*,1832,ㄏㄨㄟ,1,KAICHU_MD,1,1,1,N,
gid,*,1840,ㄅㄞ,1,KAICHU_MD,1,1,1,N,
gid,*,1842,ㄢ,3,BIAOKAI_W5|KAICHU_MD|YUAN_W3W5,5,3,4,N,
gid,*,1843,ㄆㄧㄣ,2,KAICHU_MD|YUAN_W7,5,2,2,N,
gid,*,1845,ㄔ,3,BIAOKAI_W5|KAICHU_MD|YUAN_W3W5,9,3,6,N,
gid,*,1848,ㄓ,4,BIAOKAI_W5|HEI_W7|KAICHU_MD|YUAN_W3W5,9,4,6,N,
gid,*,1855,ㄊㄧㄠ,3,HEI_W7|KAICHU_MD|YUAN_W7,4,3,4,N,
gid,*,1858,ㄍㄨ,2,BIAOKAI_W5|HEI_W7,4,2,1,N,
gid,*,1866,ㄕ,3,BIAOKAI_W5|KAICHU_MD|YUAN_W3W5,91,4,16,N,
gid,*,1867,ㄒㄧㄥ,2,YUAN_W3W5|YUAN_W7,8,2,2,N,
gid,*,1873,ㄖㄢ,2,KAICHU_MD|YUAN_W3W5,7,2,3,N,
gid,*,1876,ㄇㄡ,1,KAICHU_MD,2,1,2,N,
gid,*,1878,ㄐㄧㄚ,2,BIAOKAI_W5|KAICHU_MD,6,2,2,N,
gid,*,1886,ㄧㄡ,1,KAICHU_MD,11,1,2,N,
gid,*,1887,ㄔㄚ,3,BIAOKAI_W5|KAICHU_MD|YUAN_W3W5,7,3,4,N,
gid,*,1900,ㄉㄨㄢ,2,BIAOKAI_W5|KAICHU_MD,4,2,3,N,
gid,*,1908,ㄌㄧㄡ,2,BIAOKAI_W5|KAICHU_MD,5,2,5,N,
gid,*,1913,ㄒㄧ,1,KAICHU_MD,4,1,2,N,
gid,*,1914,ㄏㄨㄛ,5,BIAOKAI_W5|HEI_W7|KAICHU_MD|YUAN_W3W5|YUAN_W7,38,5,10,N,
gid,*,1916,ㄆㄞ,2,BIAOKAI_W5|KAICHU_MD,3,2,3,N,
gid,*,1929,ㄨㄟ,5,BIAOKAI_W5|HEI_W5|KAICHU_MD|YUAN_W3W5|YUAN_W7,36,7,10,N,
gid,*,1954,ㄐㄧㄝ,1,BIAOKAI_W5,3,1,2,N,
gid,*,1957,ㄧ,2,KAICHU_MD|YUAN_W3W5,2,2,2,N,
gid,*,1968,ㄅㄟ,1,BIAOKAI_W5,1,1,1,N,
gid,*,1972,ㄒㄧㄤ,3,BIAOKAI_W5|KAICHU_MD|YUAN_W3W5,15,3,11,N,
gid,*,1973,ㄇㄟ,1,KAICHU_MD,1,1,1,N,
gid,*,1974,ㄎㄢ,3,BIAOKAI_W5|KAICHU_MD|YUAN_W3W5,40,3,14,N,
gid,*,1989,ㄎㄜ,1,YUAN_W3W5,1,1,1,N,
gid,*,1990,ㄇㄧㄠ,2,BIAOKAI_W5|KAICHU_MD,3,2,2,N,
gid,*,1992,ㄔㄨㄢ,1,KAICHU_MD,14,1,4,N,
gid,*,1993,ㄊㄨ,1,KAICHU_MD,1,1,1,N,
gid,*,1994,ㄍㄢ,1,KAICHU_MD,1,1,1,N,
gid,*,1998,ㄏㄨㄥ,1,KAICHU_MD,7,1,3,N,
gid,*,1999,ㄐㄧ,2,BIAOKAI_W5|KAICHU_MD,2,2,2,N,
gid,*,2002,ㄩㄝ,1,KAICHU_MD,7,1,3,N,
gid,*,2005,ㄇㄟ,3,BIAOKAI_W5|KAICHU_MD|YUAN_W3W5,10,3,3,N,
gid,*,2011,ㄆㄤ,1,KAICHU_MD,1,1,1,N,
gid,*,2014,ㄨㄟ,2,BIAOKAI_W5|KAICHU_MD,4,2,2,N,
gid,*,2016,ㄅㄟ,2,BIAOKAI_W5|KAICHU_MD,12,2,3,N,
gid,*,2030,ㄎㄨ,1,BIAOKAI_W5,1,1,1,N,
gid,*,2032,ㄖㄨㄛ,1,KAICHU_MD,3,1,2,N,
gid,*,2037,ㄧㄥ,1,KAICHU_MD,4,1,3,N,
gid,*,2053,ㄧㄠ,4,BIAOKAI_W5|KAICHU_MD|YUAN_W3W5|YUAN_W7,72,5,15,N,
gid,*,2055,ㄐㄧ,2,BIAOKAI_W5|KAICHU_MD,5,2,3,N,
gid,*,2056,ㄉㄧㄥ,2,BIAOKAI_W5|KAICHU_MD,3,2,2,N,
gid,*,2059,ㄈㄨ,4,BIAOKAI_W5|KAICHU_MD|YUAN_W3W5|YUAN_W7,15,5,5,N,
gid,*,2062,ㄆㄚ,1,BIAOKAI_W5,2,1,1,N,
gid,*,2063,ㄐㄩㄣ,1,BIAOKAI_W5,2,1,2,N,
gid,*,2065,ㄕㄨ,3,BIAOKAI_W5|HEI_W7|KAICHU_MD,4,3,2,N,
gid,*,2074,ㄐㄧㄠ,1,KAICHU_MD,1,1,1,N,
gid,*,2080,,0,,21,4,6,Y,BIAOKAI_W5:ㄓㄨㄥ/ㄔㄨㄥ;KAICHU_MD:ㄓㄨㄥ/ㄔㄨㄥ
gid,*,2085,ㄐㄧㄤ,2,KAICHU_MD|YUAN_W3W5,3,2,3,N,
gid,*,2086,ㄇㄧㄢ,5,BIAOKAI_W5|HEI_W7|KAICHU_MD|YUAN_W3W5|YUAN_W7,44,5,9,N,
gid,*,2087,ㄍㄜ,1,KAICHU_MD,1,1,1,N,
gid,*,2090,ㄧㄣ,2,BIAOKAI_W5|KAICHU_MD,4,2,3,N,
gid,*,2092,ㄈㄥ,2,BIAOKAI_W5|KAICHU_MD,2,2,2,N,
gid,*,2093,ㄈㄟ,1,KAICHU_MD,18,1,2,N,
gid,*,2094,ㄕ,3,BIAOKAI_W5|KAICHU_MD|YUAN_W3W5,28,4,9,N,
gid,*,2096,ㄒㄧㄤ,1,KAICHU_MD,3,1,2,N,
gid,*,2107,ㄒㄧㄥ,1,BIAOKAI_W5,1,1,1,N,
gid,*,2109,ㄓ,2,BIAOKAI_W5|YUAN_W7,6,2,1,N,
gid,*,2112,ㄉㄠ,1,KAICHU_MD,6,2,2,N,
gid,*,2113,ㄇㄣ,2,BIAOKAI_W5|KAICHU_MD,27,2,9,N,
gid,*,2120,ㄍㄜ,4,BIAOKAI_W5|KAICHU_MD|YUAN_W3W5|YUAN_W7,51,6,14,N,
gid,*,2121,ㄏㄡ,2,KAICHU_MD|YUAN_W3W5,3,2,3,N,
gid,*,2124,ㄒㄧㄡ,1,YUAN_W3W5,1,1,1,N,
gid,*,2141,ㄍㄤ,2,KAICHU_MD|YUAN_W3W5,6,2,2,N,
gid,*,2145,ㄩㄢ,4,BIAOKAI_W5|HEI_W5|KAICHU_MD|YUAN_W3W5,14,5,9,N,
gid,*,2153,ㄍㄜ,2,BIAOKAI_W5|KAICHU_MD,3,3,2,N,
gid,*,2159,ㄎㄨ,1,BIAOKAI_W5,5,1,1,N,
gid,*,2160,ㄩㄢ,2,BIAOKAI_W5|KAICHU_MD,4,2,4,N,
gid,*,2163,ㄋㄚ,4,BIAOKAI_W5|HEI_W7|KAICHU_MD|YUAN_W3W5,25,4,12,N,
gid,*,2174,ㄞ,1,KAICHU_MD,1,1,1,N,
gid,*,2176,ㄒㄧㄚ,1,BIAOKAI_W5,1,1,1,N,
gid,*,2196,ㄏㄞ,3,BIAOKAI_W5|KAICHU_MD|YUAN_W7,5,3,2,N,
gid,*,2197,ㄐㄧㄚ,4,BIAOKAI_W5|KAICHU_MD|YUAN_W3W5|YUAN_W7,86,5,8,N,
gid,*,2199,ㄍㄨㄥ,2,KAICHU_MD|YUAN_W7,5,2,4,N,
gid,*,2201,ㄖㄨㄥ,3,BIAOKAI_W5|KAICHU_MD|YUAN_W3W5,11,4,8,N,
gid,*,2205,ㄓㄢ,3,BIAOKAI_W5|HEI_W7|KAICHU_MD,18,3,2,N,
gid,*,2216,ㄔㄚ,2,BIAOKAI_W5|KAICHU_MD,3,2,3,N,
gid,*,2218,ㄕ,4,BIAOKAI_W5|KAICHU_MD|YUAN_W3W5|YUAN_W7,40,4,4,N,
gid,*,2220,ㄊㄧㄥ,4,BIAOKAI_W5|KAICHU_MD|YUAN_W3W5|YUAN_W7,15,4,4,N,
gid,*,2224,ㄐㄧㄥ,2,BIAOKAI_W5|KAICHU_MD,2,2,2,N,
gid,*,2229,ㄎㄨㄥ,1,BIAOKAI_W5,1,1,1,N,
gid,*,2232,ㄣ,1,BIAOKAI_W5,1,1,1,N,
gid,*,2233,ㄒㄧ,2,KAICHU_MD|YUAN_W3W5,2,2,2,N,
gid,*,2240,ㄩㄝ,1,KAICHU_MD,1,1,1,N,
gid,*,2243,ㄑㄩㄢ,1,KAICHU_MD,27,1,5,N,
gid,*,2245,ㄋㄚ,2,BIAOKAI_W5|KAICHU_MD,9,2,6,N,
gid,*,2258,ㄘㄨㄛ,2,BIAOKAI_W5|YUAN_W3W5,3,2,1,N,
gid,*,2262,ㄒㄧㄠ,2,BIAOKAI_W5|KAICHU_MD,3,2,3,N,
gid,*,2264,ㄌㄧㄠ,2,KAICHU_MD|YUAN_W3W5,3,2,3,N,
gid,*,2265,ㄆㄤ,2,KAICHU_MD|YUAN_W3W5,7,2,3,N,
gid,*,2267,ㄕ,4,BIAOKAI_W5|HEI_W7|KAICHU_MD|YUAN_W3W5,100,5,18,N,
gid,*,2275,ㄕㄨ,2,BIAOKAI_W5|KAICHU_MD,3,2,2,N,
gid,*,2279,ㄒㄧㄠ,4,BIAOKAI_W5|KAICHU_MD|YUAN_W3W5|YUAN_W7,15,4,3,N,
gid,*,2280,ㄏㄜ,1,YUAN_W3W5,1,1,1,N,
gid,*,2281,ㄢ,2,KAICHU_MD|YUAN_W3W5,3,2,2,N,
gid,*,2282,ㄎㄨㄤ,1,YUAN_W3W5,1,1,1,N,
gid,*,2284,ㄍㄣ,3,BIAOKAI_W5|KAICHU_MD|YUAN_W3W5,4,3,3,N,
gid,*,2290,ㄓㄨㄛ,1,BIAOKAI_W5,2,1,1,N,
gid,*,2296,ㄍㄜ,1,KAICHU_MD,15,1,6,N,
gid,*,2306,ㄑㄧ,3,BIAOKAI_W5|KAICHU_MD|YUAN_W7,15,3,5,N,
gid,*,2314,ㄒㄧㄠ,3,KAICHU_MD|YUAN_W3W5|YUAN_W7,4,3,2,N,
gid,*,2317,ㄐㄧㄣ,1,KAICHU_MD,1,1,1,N,
gid,*,2318,ㄏㄞ,1,KAICHU_MD,1,1,1,N,
gid,*,2323,ㄈㄨ,1,KAICHU_MD,18,1,1,N,
gid,*,2337,ㄌㄧㄝ,1,BIAOKAI_W5,2,1,1,N,
gid,*,2340,ㄊㄜ,3,BIAOKAI_W5|HEI_W7|KAICHU_MD,8,3,7,N,
gid,*,2347,ㄅㄢ,3,BIAOKAI_W5|KAICHU_MD|YUAN_W3W5,17,3,3,N,
gid,*,2357,ㄌㄧㄡ,1,KAICHU_MD,1,1,1,N,
gid,*,2358,ㄐㄧ,1,KAICHU_MD,4,1,1,N,
gid,*,2359,ㄅㄧㄥ,2,KAICHU_MD|YUAN_W3W5,11,2,3,N,
gid,*,2360,ㄓㄥ,1,KAICHU_MD,2,1,1,N,
gid,*,2364,ㄊㄥ,1,YUAN_W3W5,1,1,1,N,
gid,*,2365,ㄓㄣ,1,KAICHU_MD,1,1,1,N,
gid,*,2370,ㄧ,3,BIAOKAI_W5|KAICHU_MD|YUAN_W3W5,4,3,2,N,
gid,*,2374,ㄓㄣ,3,BIAOKAI_W5|KAICHU_MD|YUAN_W7,5,3,3,N,
gid,*,2375,ㄇㄧㄢ,1,KAICHU_MD,1,1,1,N,
gid,*,2380,ㄗㄚ,1,BIAOKAI_W5,1,1,1,N,
gid,*,2382,ㄆㄛ,1,YUAN_W3W5,1,1,1,N,
gid,*,2389,ㄇㄧ,1,YUAN_W3W5,4,1,1,N,
gid,*,2394,ㄕㄣ,2,BIAOKAI_W5|KAICHU_MD,2,2,2,N,
gid,*,2407,ㄓㄢ,1,KAICHU_MD,24,1,7,N,
gid,*,2409,ㄒㄧㄠ,2,BIAOKAI_W5|KAICHU_MD,5,2,2,N,
gid,*,2413,ㄨㄣ,1,KAICHU_MD,2,1,1,N,
gid,*,2416,ㄙㄨㄛ,1,KAICHU_MD,1,1,1,N,
gid,*,2420,ㄐㄧ,1,BIAOKAI_W5,3,1,1,N,
gid,*,2423,ㄓ,1,KAICHU_MD,6,1,3,N,
gid,*,2425,ㄑㄩㄝ,2,KAICHU_MD|YUAN_W3W5,3,3,2,N,
gid,*,2439,ㄓ,1,KAICHU_MD,1,1,1,N,
gid,*,2444,ㄘㄨㄟ,1,KAICHU_MD,1,1,1,N,
gid,*,2445,ㄒㄩㄥ,1,KAICHU_MD,6,1,4,N,
gid,*,2448,ㄋㄥ,4,BIAOKAI_W5|KAICHU_MD|YUAN_W3W5|YUAN_W7,50,5,11,N,
gid,*,2452,ㄔㄡ,1,KAICHU_MD,1,1,1,N,
gid,*,2459,ㄅㄢ,1,KAICHU_MD,3,1,3,N,
gid,*,2473,ㄔㄚ,1,KAICHU_MD,3,1,2,N,
gid,*,2480,ㄨㄣ,1,KAICHU_MD,5,1,1,N,
gid,*,2494,ㄐㄧ,4,BIAOKAI_W5|HEI_W7|KAICHU_MD|YUAN_W3W5,11,4,6,N,
gid,*,2496,ㄊㄠ,2,BIAOKAI_W5|KAICHU_MD,8,2,6,N,
gid,*,2499,ㄒㄩㄣ,2,KAICHU_MD|YUAN_W3W5,3,3,2,N,
gid,*,2500,ㄊㄨㄛ,2,BIAOKAI_W5|KAICHU_MD,2,2,2,N,
gid,*,2501,ㄒㄩㄣ,1,BIAOKAI_W5,2,1,1,N,
gid,*,2510,ㄑㄧ,3,BIAOKAI_W5|KAICHU_MD|YUAN_W3W5,74,3,15,N,
gid,*,2516,ㄙㄨㄥ,1,KAICHU_MD,4,1,2,N,
gid,*,2517,ㄋㄧ,3,BIAOKAI_W5|KAICHU_MD|YUAN_W7,5,3,3,N,
gid,*,2518,ㄇㄧ,1,YUAN_W7,1,1,1,N,
gid,*,2519,ㄊㄨㄟ,2,BIAOKAI_W5|KAICHU_MD,3,2,2,N,
gid,*,2521,ㄏㄨㄟ,1,KAICHU_MD,3,1,1,N,
gid,*,2531,ㄆㄟ,4,BIAOKAI_W5|KAICHU_MD|YUAN_W3W5|YUAN_W7,8,4,8,N,
gid,*,2534,ㄓㄣ,1,KAICHU_MD,3,1,2,N,
gid,*,2539,ㄩㄢ,1,YUAN_W3W5,2,1,1,N,
gid,*,2540,ㄓㄣ,1,KAICHU_MD,4,1,2,N,
gid,*,2544,ㄔㄨ,3,BIAOKAI_W5|HEI_W5|KAICHU_MD,10,3,8,N,
gid,*,2547,ㄓ,1,KAICHU_MD,1,1,1,N,
gid,*,2549,ㄇㄚ,1,KAICHU_MD,1,1,1,N,
gid,*,2550,ㄍㄨ,2,KAICHU_MD|YUAN_W3W5,3,2,2,N,
gid,*,2551,ㄍㄠ,2,BIAOKAI_W5|KAICHU_MD,21,2,10,N,
gid,*,2555,ㄍㄢ,2,KAICHU_MD|YUAN_W3W5,3,2,2,N,
gid,*,2558,ㄊㄧㄥ,1,KAICHU_MD,4,1,3,N,
gid,*,2559,ㄐㄧㄚ,2,BIAOKAI_W5|KAICHU_MD,5,2,2,N,
gid,*,2562,ㄗㄨㄛ,5,BIAOKAI_W5|HEI_W5|HEI_W7|KAICHU_MD|YUAN_W3W5,55,5,17,N,
gid,*,2564,ㄐㄧㄢ,3,BIAOKAI_W5|KAICHU_MD|YUAN_W3W5,29,4,8,N,
gid,*,2565,ㄡ,1,YUAN_W3W5,1,1,1,N,
gid,*,2569,ㄘㄜ,1,KAICHU_MD,6,1,1,N,
gid,*,2570,ㄊㄡ,1,YUAN_W3W5,1,1,1,N,
gid,*,2571,ㄆㄧㄢ,1,KAICHU_MD,1,1,1,N,
gid,*,2581,ㄨ,2,KAICHU_MD|YUAN_W3W5,10,2,4,N,
gid,*,2583,ㄉㄨㄥ,5,BIAOKAI_W5|HEI_W7|KAICHU_MD|YUAN_W3W5|YUAN_W7,110,6,17,N,
gid,*,2586,ㄔ,1,KAICHU_MD,1,1,1,N,
gid,*,2588,ㄑㄩ,4,BIAOKAI_W5|KAICHU_MD|YUAN_W3W5|YUAN_W7,30,4,8,N,
gid,*,2590,ㄘㄢ,4,BIAOKAI_W5|KAICHU_MD|YUAN_W3W5|YUAN_W7,14,4,3,N,
gid,*,2592,ㄕㄤ,3,BIAOKAI_W5|KAICHU_MD|YUAN_W7,5,3,2,N,
gid,*,2597,ㄈㄟ,1,KAICHU_MD,2,1,1,N,
gid,*,2599,ㄚ,1,YUAN_W3W5,1,1,1,N,
gid,*,2600,ㄔㄤ,2,BIAOKAI_W5|KAICHU_MD,2,2,2,N,
gid,*,2602,ㄨㄣ,5,BIAOKAI_W5|HEI_W7|KAICHU_MD|YUAN_W3W5|YUAN_W7,26,5,7,N,
gid,*,2604,ㄨㄟ,1,BIAOKAI_W5,1,1,1,N,
gid,*,2607,ㄕㄡ,1,KAICHU_MD,2,1,1,N,
gid,*,2614,ㄑㄩㄢ,2,BIAOKAI_W5|KAICHU_MD,27,2,7,N,
gid,*,2615,ㄍㄨㄛ,1,KAICHU_MD,2,1,2,N,
gid,*,2617,ㄩ,2,BIAOKAI_W5|KAICHU_MD,5,2,4,N,
gid,*,2618,ㄐㄧㄢ,1,KAICHU_MD,2,1,2,N,
gid,*,2620,ㄉㄨㄟ,1,KAICHU_MD,2,1,1,N,
gid,*,2623,ㄐㄧ,2,KAICHU_MD|YUAN_W3W5,2,2,2,N,
gid,*,2624,ㄊㄤ,2,BIAOKAI_W5|KAICHU_MD,8,2,2,N,
gid,*,2626,ㄓ,2,BIAOKAI_W5|KAICHU_MD,7,2,3,N,
gid,*,2628,ㄍㄡ,3,BIAOKAI_W5|KAICHU_MD|YUAN_W3W5,3,3,2,N,
gid,*,2632,ㄨㄢ,1,HEI_W7,1,1,1,N,
gid,*,2639,ㄆㄛ,1,KAICHU_MD,13,1,2,N,
gid,*,2644,ㄐㄧ,1,BIAOKAI_W5,1,1,1,N,
gid,*,2647,ㄇㄧ,1,KAICHU_MD,4,1,2,N,
gid,*,2649,ㄓㄨㄢ,3,BIAOKAI_W5|HEI_W7|KAICHU_MD,5,3,2,N,
gid,*,2650,ㄐㄧㄤ,2,BIAOKAI_W5|KAICHU_MD,29,2,7,N,
gid,*,2668,ㄔㄤ,3,BIAOKAI_W5|KAICHU_MD|YUAN_W3W5,20,3,7,N,
gid,*,2669,ㄉㄞ,1,KAICHU_MD,5,1,3,N,
gid,*,2672,ㄎㄤ,2,KAICHU_MD|YUAN_W3W5,26,3,8,N,
gid,*,2677,ㄓㄤ,2,BIAOKAI_W5|KAICHU_MD,10,2,5,N,
gid,*,2678,ㄑㄧㄤ,3,BIAOKAI_W5|KAICHU_MD|YUAN_W3W5,14,4,5,N,
gid,*,2681,ㄘㄞ,1,KAICHU_MD,1,1,1,N,
gid,*,2683,,0,,54,7,13,N,BIAOKAI_W5:ㄉㄜ/ㄉㄟ
gid,*,2685,ㄘㄨㄥ,3,BIAOKAI_W5|KAICHU_MD|YUAN_W7,12,3,6,N,
gid,*,2691,ㄏㄨㄢ,3,BIAOKAI_W5|KAICHU_MD|YUAN_W3W5,3,3,3,N,
gid,*,2699,ㄑㄧㄥ,5,BIAOKAI_W5|HEI_W7|KAICHU_MD|YUAN_W3W5|YUAN_W7,47,6,9,N,
gid,*,2702,ㄒㄧ,1,KAICHU_MD,1,1,1,N,
gid,*,2718,ㄊㄢ,1,KAICHU_MD,1,1,1,N,
gid,*,2719,ㄐㄧㄝ,5,BIAOKAI_W5|HEI_W5|KAICHU_MD|YUAN_W3W5|YUAN_W7,68,6,13,N,
gid,*,2720,ㄐㄧㄝ,1,KAICHU_MD,2,1,2,N,
gid,*,2726,ㄉㄧㄠ,1,BIAOKAI_W5,2,1,1,N,
gid,*,2730,ㄊㄨㄟ,1,KAICHU_MD,4,1,3,N,
gid,*,2734,ㄘㄞ,3,BIAOKAI_W5|KAICHU_MD|YUAN_W3W5,6,3,2,N,
gid,*,2736,ㄆㄞ,3,BIAOKAI_W5|KAICHU_MD|YUAN_W3W5,5,3,4,N,
gid,*,2745,ㄐㄧㄡ,2,BIAOKAI_W5|KAICHU_MD,7,2,3,N,
gid,*,2746,ㄐㄧㄠ,1,BIAOKAI_W5,2,2,1,N,
gid,*,2747,ㄅㄞ,2,BIAOKAI_W5|YUAN_W7,4,2,1,N,
gid,*,2748,ㄑㄧ,1,HEI_W7,1,1,1,N,
gid,*,2749,ㄇㄧㄣ,2,KAICHU_MD|YUAN_W3W5,8,2,4,N,
gid,*,2753,ㄒㄧㄝ,1,KAICHU_MD,2,1,1,N,
gid,*,2756,ㄗㄨ,1,KAICHU_MD,1,1,1,N,
gid,*,2757,ㄒㄩㄢ,1,KAICHU_MD,3,1,1,N,
gid,*,2761,ㄨㄢ,3,BIAOKAI_W5|KAICHU_MD|YUAN_W3W5,10,3,4,N,
gid,*,2768,ㄨㄤ,2,BIAOKAI_W5|KAICHU_MD,6,2,2,N,
gid,*,2770,ㄊㄧ,1,KAICHU_MD,2,1,1,N,
gid,*,2775,ㄊㄨㄥ,1,KAICHU_MD,3,1,1,N,
gid,*,2781,ㄑㄧ,2,BIAOKAI_W5|KAICHU_MD,5,2,2,N,
gid,*,2782,ㄙㄨㄛ,1,KAICHU_MD,1,1,1,N,
gid,*,2786,ㄊㄧㄠ,3,BIAOKAI_W5|KAICHU_MD|YUAN_W3W5,8,4,4,N,
gid,*,2797,ㄌㄧㄤ,1,KAICHU_MD,1,1,1,N,
gid,*,2798,ㄔㄨㄣ,2,BIAOKAI_W5|HEI_W7,9,2,1,N,
gid,*,2804,ㄊㄧㄢ,1,KAICHU_MD,1,1,1,N,
gid,*,2806,ㄑㄧㄥ,3,HEI_W7|KAICHU_MD|YUAN_W3W5,11,3,5,N,
gid,*,2807,ㄑㄧ,1,BIAOKAI_W5,1,1,1,N,
gid,*,2808,ㄌㄧㄣ,1,BIAOKAI_W5,1,1,1,N,
gid,*,2809,ㄧㄚ,1,HEI_W7,1,1,1,N,
gid,*,2815,ㄏㄨㄣ,1,KAICHU_MD,1,1,1,N,
gid,*,2825,ㄕㄣ,3,BIAOKAI_W5|HEI_W7|KAICHU_MD,4,3,2,N,
gid,*,2827,ㄐㄧㄥ,2,KAICHU_MD|YUAN_W3W5,3,2,2,N,
gid,*,2835,ㄧㄢ,1,BIAOKAI_W5,1,1,1,N,
gid,*,2840,ㄑㄧㄢ,1,KAICHU_MD,4,1,2,N,
gid,*,2842,ㄘㄞ,1,KAICHU_MD,1,1,1,N,
gid,*,2847,ㄌㄩ,1,YUAN_W3W5,1,1,1,N,
gid,*,2850,ㄑㄧㄡ,2,BIAOKAI_W5|KAICHU_MD,108,2,7,N,
gid,*,2851,ㄌㄧ,4,BIAOKAI_W5|KAICHU_MD|YUAN_W3W5|YUAN_W7,21,5,4,N,
gid,*,2852,ㄒㄧㄢ,4,BIAOKAI_W5|HEI_W7|KAICHU_MD|YUAN_W7,28,4,7,N,
gid,*,2855,ㄆㄧㄥ,1,KAICHU_MD,4,1,3,N,
gid,*,2857,ㄊㄧㄢ,1,BIAOKAI_W5,3,1,1,N,
gid,*,2858,ㄔㄢ,2,BIAOKAI_W5|KAICHU_MD,6,2,2,N,
gid,*,2859,ㄌㄩㄝ,1,BIAOKAI_W5,1,1,1,N,
gid,*,2862,ㄧ,1,YUAN_W3W5,1,1,1,N,
gid,*,2871,ㄏㄜ,1,KAICHU_MD,1,1,1,N,
gid,*,2875,ㄧㄢ,1,KAICHU_MD,2,1,1,N,
gid,*,2883,ㄆㄧㄠ,1,KAICHU_MD,2,1,1,N,
gid,*,2885,ㄧ,3,HEI_W7|KAICHU_MD|YUAN_W3W5,10,3,5,N,
gid,*,2891,ㄉㄧ,3,BIAOKAI_W5|KAICHU_MD|YUAN_W3W5,15,3,5,N,
gid,*,2892,ㄈㄨ,3,BIAOKAI_W5|KAICHU_MD|YUAN_W3W5,7,4,3,N,
gid,*,2901,ㄊㄨㄥ,1,YUAN_W3W5,2,1,1,N,
gid,*,2903,ㄕㄠ,2,BIAOKAI_W5|KAICHU_MD,2,2,2,N,
gid,*,2906,ㄒㄧ,2,KAICHU_MD|YUAN_W3W5,5,2,2,N,
gid,*,2908,ㄗㄨ,3,BIAOKAI_W5|KAICHU_MD|YUAN_W3W5,69,3,13,N,
gid,*,2909,ㄌㄟ,1,KAICHU_MD,2,1,2,N,
gid,*,2918,ㄒㄧ,5,BIAOKAI_W5|HEI_W7|KAICHU_MD|YUAN_W3W5|YUAN_W7,45,6,11,N,
gid,*,2920,ㄌㄧㄠ,4,BIAOKAI_W5|KAICHU_MD|YUAN_W3W5|YUAN_W7,5,4,2,N,
gid,*,2952,ㄔㄨ,4,BIAOKAI_W5|KAICHU_MD|YUAN_W3W5|YUAN_W7,22,6,9,N,
gid,*,2960,ㄉㄢ,1,KAICHU_MD,1,1,1,N,
gid,*,2964,ㄕㄨ,1,KAICHU_MD,2,1,1,N,
gid,*,2967,ㄅㄟ,2,BIAOKAI_W5|KAICHU_MD,5,2,4,N,
gid,*,2971,ㄉㄞ,2,KAICHU_MD|YUAN_W3W5,12,2,3,N,
gid,*,2973,ㄍㄨㄟ,3,BIAOKAI_W5|KAICHU_MD|YUAN_W3W5,5,3,2,N,
gid,*,2974,ㄈㄤ,1,KAICHU_MD,1,1,1,N,
gid,*,2976,ㄐㄩㄝ,1,KAICHU_MD,1,1,1,N,
gid,*,2978,ㄒㄩ,1,KAICHU_MD,5,1,5,N,
gid,*,2979,ㄕㄜ,5,BIAOKAI_W5|HEI_W7|KAICHU_MD|YUAN_W3W5|YUAN_W7,7,5,2,N,
gid,*,2985,ㄈㄢ,1,KAICHU_MD,2,1,1,N,
gid,*,2986,ㄗㄜ,3,BIAOKAI_W5|KAICHU_MD|YUAN_W3W5,11,4,5,N,
gid,*,2996,ㄖㄨㄢ,1,YUAN_W3W5,3,1,1,N,
gid,*,2997,ㄓㄜ,5,BIAOKAI_W5|HEI_W5|KAICHU_MD|YUAN_W3W5|YUAN_W7,17,5,9,N,
gid,*,2999,ㄊㄨㄥ,6,BIAOKAI_W5|HEI_W5|HEI_W7|KAICHU_MD|YUAN_W3W5|YUAN_W7,16,6,8,N,
gid,*,3001,ㄌㄧㄢ,1,KAICHU_MD,13,1,7,N,
gid,*,3002,ㄙㄨ,2,BIAOKAI_W5|KAICHU_MD,16,2,6,N,
gid,*,3004,ㄓㄨ,2,BIAOKAI_W5|KAICHU_MD,2,2,2,N,
gid,*,3007,ㄗㄠ,3,BIAOKAI_W5|KAICHU_MD|YUAN_W7,5,3,3,N,
gid,*,3008,ㄊㄡ,2,BIAOKAI_W5|KAICHU_MD,4,2,3,N,
gid,*,3013,ㄅㄨ,3,BIAOKAI_W5|KAICHU_MD|YUAN_W3W5,25,3,11,N,
gid,*,3014,ㄍㄨㄛ,1,BIAOKAI_W5,5,1,1,N,
gid,*,3015,ㄉㄡ,3,BIAOKAI_W5|KAICHU_MD|YUAN_W3W5,23,3,11,N,
gid,*,3024,ㄅㄧ,1,KAICHU_MD,5,1,1,N,
gid,*,3025,ㄆㄟ,3,BIAOKAI_W5|KAICHU_MD|YUAN_W3W5,8,3,5,N,
gid,*,3027,ㄔㄣ,1,HEI_W7,1,1,1,N,
gid,*,3035,ㄒㄩㄝ,1,KAICHU_MD,6,1,1,N,
gid,*,3041,ㄩ,1,KAICHU_MD,1,1,1,N,
gid,*,3044,ㄌㄨ,1,KAICHU_MD,2,1,1,N,
gid,*,3049,ㄈㄨ,1,BIAOKAI_W5,2,1,1,N,
gid,*,3050,ㄅㄟ,1,KAICHU_MD,13,1,9,N,
gid,*,3056,ㄗㄨㄟ,3,BIAOKAI_W5|KAICHU_MD|YUAN_W3W5,19,3,11,N,
gid,*,3057,ㄎㄞ,1,KAICHU_MD,3,1,1,N,
gid,*,3060,ㄔㄨㄤ,1,YUAN_W7,1,1,1,N,
gid,*,3063,ㄕㄥ,3,BIAOKAI_W5|KAICHU_MD|YUAN_W7,12,3,7,N,
gid,*,3065,ㄅㄛ,1,BIAOKAI_W5,1,1,1,N,
gid,*,3071,ㄏㄢ,1,KAICHU_MD,6,1,3,N,
gid,*,3072,ㄏㄜ,2,KAICHU_MD|YUAN_W3W5,2,2,2,N,
gid,*,3073,ㄔㄨㄢ,1,BIAOKAI_W5,2,1,1,N,
gid,*,3075,ㄒㄧ,1,KAICHU_MD,10,1,5,N,
gid,*,3076,ㄙㄤ,1,BIAOKAI_W5,2,1,1,N,
gid,*,3082,ㄉㄢ,3,BIAOKAI_W5|KAICHU_MD|YUAN_W3W5,18,3,7,N,
gid,*,3091,ㄏㄡ,1,YUAN_W3W5,1,1,1,N,
gid,*,3094,ㄨㄟ,1,KAICHU_MD,2,1,2,N,
gid,*,3097,ㄔㄤ,2,BIAOKAI_W5|KAICHU_MD,14,2,6,N,
gid,*,3100,ㄅㄠ,1,BIAOKAI_W5,1,1,1,N,
gid,*,3110,ㄇㄟ,1,KAICHU_MD,2,1,1,N,
gid,*,3115,ㄏㄢ,1,KAICHU_MD,1,1,1,N,
gid,*,3119,ㄗㄨㄣ,1,KAICHU_MD,1,1,1,N,
gid,*,3120,ㄒㄩㄣ,2,YUAN_W3W5|YUAN_W7,2,2,1,N,
gid,*,3121,ㄐㄧㄡ,3,BIAOKAI_W5|KAICHU_MD|YUAN_W3W5,22,3,11,N,
gid,*,3131,ㄐㄧ,1,KAICHU_MD,4,1,3,N,
gid,*,3138,ㄈㄨ,2,BIAOKAI_W5|KAICHU_MD,2,2,2,N,
gid,*,3139,ㄒㄩㄣ,1,KAICHU_MD,1,1,1,N,
gid,*,3144,ㄇㄣ,1,BIAOKAI_W5,2,1,1,N,
gid,*,3157,ㄩ,2,KAICHU_MD|YUAN_W3W5,3,2,2,N,
gid,*,3163,ㄓㄤ,1,KAICHU_MD,11,1,7,N,
gid,*,3164,ㄇㄧㄠ,2,BIAOKAI_W5|KAICHU_MD,3,2,2,N,
gid,*,3170,ㄔㄚ,1,KAICHU_MD,2,1,1,N,
gid,*,3172,ㄊㄧ,5,BIAOKAI_W5|HEI_W7|KAICHU_MD|YUAN_W3W5|YUAN_W7,24,5,6,N,
gid,*,3173,ㄨㄛ,1,KAICHU_MD,9,1,4,N,
gid,*,3178,ㄩㄢ,1,KAICHU_MD,1,1,1,N,
gid,*,3180,ㄏㄨㄢ,2,BIAOKAI_W5|KAICHU_MD,10,2,6,N,
gid,*,3186,ㄍㄢ,1,BIAOKAI_W5,2,1,1,N,
gid,*,3187,ㄙㄢ,1,KAICHU_MD,1,1,1,N,
gid,*,3188,ㄅㄢ,1,KAICHU_MD,2,1,1,N,
gid,*,3193,ㄑㄧㄥ,1,KAICHU_MD,2,1,1,N,
gid,*,3195,ㄐㄧㄥ,1,KAICHU_MD,1,1,1,N,
gid,*,3200,ㄘㄥ,2,BIAOKAI_W5|KAICHU_MD,3,2,3,N,
gid,*,3201,ㄊㄧ,1,KAICHU_MD,2,1,2,N,
gid,*,3202,ㄑㄧ,3,BIAOKAI_W5|KAICHU_MD|YUAN_W3W5,16,3,5,N,
gid,*,3203,ㄔㄠ,2,KAICHU_MD|YUAN_W3W5,4,2,3,N,
gid,*,3215,ㄅㄤ,2,BIAOKAI_W5|KAICHU_MD,12,2,2,N,
gid,*,3238,ㄧㄡ,1,KAICHU_MD,4,1,2,N,
gid,*,3246,ㄓㄚ,1,KAICHU_MD,2,1,1,N,
gid,*,3247,ㄐㄧㄢ,1,KAICHU_MD,4,1,3,N,
gid,*,3251,ㄏㄨ,1,KAICHU_MD,1,1,1,N,
gid,*,3259,ㄘㄜ,1,KAICHU_MD,2,1,2,N,
gid,*,3274,ㄐㄧㄠ,1,BIAOKAI_W5,2,1,1,N,
gid,*,3276,ㄨ,2,BIAOKAI_W5|YUAN_W7,2,2,1,N,
gid,*,3277,ㄖㄢ,2,BIAOKAI_W5|KAICHU_MD,7,2,4,N,
gid,*,3278,ㄓㄨ,1,BIAOKAI_W5,2,1,1,N,
gid,*,3280,ㄆㄞ,1,BIAOKAI_W5,3,1,1,N,
gid,*,3301,ㄏㄨㄚ,3,BIAOKAI_W5|KAICHU_MD|YUAN_W7,11,3,3,N,
gid,*,3303,ㄌㄧ,1,KAICHU_MD,1,1,1,N,
gid,*,3304,ㄊㄨㄥ,1,YUAN_W3W5,8,1,1,N,
gid,*,3309,ㄙㄨㄢ,1,KAICHU_MD,2,1,1,N,
gid,*,3310,ㄉㄥ,1,KAICHU_MD,1,1,1,N,
gid,*,3311,ㄈㄚ,4,BIAOKAI_W5|HEI_W7|KAICHU_MD|YUAN_W3W5,39,5,10,N,
gid,*,3317,ㄉㄨㄢ,2,BIAOKAI_W5|KAICHU_MD,2,2,2,N,
gid,*,3323,ㄔㄥ,2,BIAOKAI_W5|KAICHU_MD,5,2,3,N,
gid,*,3329,ㄊㄨㄥ,1,YUAN_W3W5,1,1,1,N,
gid,*,3331,ㄉㄥ,2,BIAOKAI_W5|KAICHU_MD,10,2,4,N,
gid,*,3332,ㄘㄜ,1,BIAOKAI_W5,1,1,1,N,
gid,*,3336,ㄉㄚ,2,BIAOKAI_W5|KAICHU_MD,2,2,2,N,
gid,*,3344,ㄐㄧㄝ,3,BIAOKAI_W5|KAICHU_MD|YUAN_W7,10,4,7,N,
gid,*,3351,ㄍㄟ,3,BIAOKAI_W5|KAICHU_MD|YUAN_W3W5,13,3,6,N,
gid,*,3355,ㄕㄢ,2,KAICHU_MD|YUAN_W3W5,4,2,3,N,
gid,*,3356,ㄒㄧㄤ,2,BIAOKAI_W5|YUAN_W3W5,4,2,1,N,
gid,*,3366,ㄓㄤ,1,YUAN_W3W5,4,1,1,N,
gid,*,3372,ㄕㄨ,3,BIAOKAI_W5|KAICHU_MD|YUAN_W3W5,6,4,4,N,
gid,*,3385,,0,,38,5,14,N,KAICHU_MD:ㄓㄜ/ㄓㄨㄛ
gid,*,3389,ㄐㄩㄣ,2,KAICHU_MD|YUAN_W3W5,4,2,2,N,
gid,*,3396,ㄘㄞ,3,BIAOKAI_W5|KAICHU_MD|YUAN_W3W5,14,3,5,N,
gid,*,3414,ㄕ,3,BIAOKAI_W5|KAICHU_MD|YUAN_W3W5,8,3,5,N,
gid,*,3415,ㄓㄨ,1,KAICHU_MD,1,1,1,N,
gid,*,3417,ㄆㄧㄥ,3,BIAOKAI_W5|HEI_W7|KAICHU_MD,5,3,2,N,
gid,*,3425,ㄙㄨ,2,BIAOKAI_W5|KAICHU_MD,4,2,4,N,
gid,*,3426,ㄓㄣ,2,KAICHU_MD|YUAN_W3W5,3,2,2,N,
gid,*,3429,ㄒㄧㄤ,1,YUAN_W3W5,1,1,1,N,
gid,*,3432,ㄊㄧㄝ,1,KAICHU_MD,6,1,5,N,
gid,*,3436,ㄈㄟ,1,KAICHU_MD,1,1,1,N,
gid,*,3439,ㄇㄞ,2,BIAOKAI_W5|KAICHU_MD,10,2,4,N,
gid,*,3443,ㄩㄝ,1,KAICHU_MD,6,1,4,N,
gid,*,3444,ㄔㄠ,1,KAICHU_MD,1,1,1,N,
gid,*,3445,ㄔㄣ,1,KAICHU_MD,1,1,1,N,
gid,*,3447,ㄐㄩ,2,HEI_W5|KAICHU_MD,3,2,2,N,
gid,*,3450,ㄆㄠ,5,BIAOKAI_W5|HEI_W5|KAICHU_MD|YUAN_W3W5|YUAN_W7,79,5,8,N,
gid,*,3460,ㄓㄡ,1,KAICHU_MD,2,1,1,N,
gid,*,3462,ㄐㄧㄣ,4,BIAOKAI_W5|HEI_W5|KAICHU_MD|YUAN_W3W5,37,5,15,N,
gid,*,3466,ㄒㄧㄤ,1,KAICHU_MD,1,1,1,N,
gid,*,3469,ㄙㄨ,1,KAICHU_MD,3,1,1,N,
gid,*,3470,ㄌㄧㄤ,4,BIAOKAI_W5|HEI_W7|KAICHU_MD|YUAN_W3W5,19,7,8,N,
gid,*,3482,ㄎㄞ,3,BIAOKAI_W5|KAICHU_MD|YUAN_W3W5,28,3,12,N,
gid,*,3484,ㄐㄧㄢ,3,BIAOKAI_W5|KAICHU_MD|YUAN_W3W5,18,3,8,N,
gid,*,3485,ㄒㄧㄢ,1,KAICHU_MD,3,1,3,N,
gid,*,3487,ㄉㄨㄟ,3,BIAOKAI_W5|KAICHU_MD|YUAN_W7,9,3,3,N,
gid,*,3488,ㄐㄧㄝ,1,KAICHU_MD,3,1,2,N,
gid,*,3499,ㄐㄧ,1,BIAOKAI_W5,1,1,1,N,
gid,*,3504,ㄒㄧㄤ,3,BIAOKAI_W5|KAICHU_MD|YUAN_W3W5,8,3,6,N,
gid,*,3505,ㄕㄨㄣ,3,BIAOKAI_W5|KAICHU_MD|YUAN_W3W5,11,3,6,N,
gid,*,3509,ㄈㄢ,2,BIAOKAI_W5|YUAN_W3W5,2,2,2,N,
gid,*,3511,ㄧㄣ,2,KAICHU_MD|YUAN_W3W5,7,2,4,N,
gid,*,3517,ㄏㄟ,2,BIAOKAI_W5|KAICHU_MD,2,2,2,N,
gid,*,3518,ㄌㄨㄢ,1,KAICHU_MD,2,1,2,N,
gid,*,3522,ㄔㄨㄢ,2,BIAOKAI_W5|KAICHU_MD,33,2,6,N,
gid,*,3524,ㄑㄧㄥ,1,KAICHU_MD,3,1,3,N,
gid,*,3526,ㄕㄤ,2,BIAOKAI_W5|KAICHU_MD,2,2,2,N,
gid,*,3535,ㄑㄧㄣ,1,KAICHU_MD,1,1,1,N,
gid,*,3536,ㄕ,2,HEI_W5|KAICHU_MD,10,2,4,N,
gid,*,3543,ㄇㄚ,3,BIAOKAI_W5|KAICHU_MD|YUAN_W3W5,28,3,12,N,
gid,*,3556,ㄩㄢ,2,KAICHU_MD|YUAN_W3W5,4,2,3,N,
gid,*,3557,ㄩㄢ,2,BIAOKAI_W5|KAICHU_MD,16,2,6,N,
gid,*,3558,ㄙㄞ,1,BIAOKAI_W5,1,1,1,N,
gid,*,3559,ㄙㄨ,2,BIAOKAI_W5|KAICHU_MD,2,2,2,N,
gid,*,3564,ㄊㄧㄢ,1,KAICHU_MD,1,1,1,N,
gid,*,3571,ㄠ,1,BIAOKAI_W5,5,1,2,N,
gid,*,3576,ㄇㄚ,3,BIAOKAI_W5|KAICHU_MD|YUAN_W3W5,50,6,6,N,
gid,*,3590,ㄨㄟ,2,BIAOKAI_W5|KAICHU_MD,4,2,3,N,
gid,*,3592,ㄧ,4,BIAOKAI_W5|HEI_W7|KAICHU_MD|YUAN_W3W5,26,5,10,N,
gid,*,3594,ㄍㄢ,4,BIAOKAI_W5|HEI_W5|KAICHU_MD|YUAN_W3W5,21,4,7,N,
gid,*,3595,ㄒㄧㄤ,5,BIAOKAI_W5|HEI_W7|KAICHU_MD|YUAN_W3W5|YUAN_W7,69,5,13,N,
gid,*,3596,ㄞ,4,BIAOKAI_W5|KAICHU_MD|YUAN_W3W5|YUAN_W7,14,4,3,N,
gid,*,3599,ㄩ,1,BIAOKAI_W5,2,1,1,N,
gid,*,3600,ㄕㄣ,1,BIAOKAI_W5,1,1,1,N,
gid,*,3616,ㄉㄚ,1,KAICHU_MD,2,1,2,N,
gid,*,3623,ㄑㄧㄤ,2,BIAOKAI_W5|KAICHU_MD,2,2,2,N,
gid,*,3624,ㄧㄠ,1,KAICHU_MD,7,1,1,N,
gid,*,3629,ㄒㄧㄣ,1,KAICHU_MD,2,1,2,N,
gid,*,3630,ㄢ,1,KAICHU_MD,2,1,1,N,
gid,*,3633,ㄩㄣ,1,KAICHU_MD,1,1,1,N,
gid,*,3634,ㄋㄨㄢ,2,BIAOKAI_W5|KAICHU_MD,5,2,3,N,
gid,*,3638,ㄏㄨㄟ,5,BIAOKAI_W5|HEI_W5|KAICHU_MD|YUAN_W3W5|YUAN_W7,78,6,12,N,
gid,*,3640,ㄧㄝ,3,BIAOKAI_W5|KAICHU_MD|YUAN_W3W5,9,3,3,N,
gid,*,3641,ㄔㄨ,3,HEI_W7|KAICHU_MD|YUAN_W3W5,8,3,3,N,
gid,*,3645,ㄐㄧ,2,YUAN_W3W5|YUAN_W7,2,2,1,N,
gid,*,3663,ㄐㄧㄢ,1,BIAOKAI_W5,1,1,1,N,
gid,*,3669,ㄩㄢ,1,KAICHU_MD,8,1,2,N,
gid,*,3670,ㄍㄡ,5,BIAOKAI_W5|HEI_W5|HEI_W7|KAICHU_MD|YUAN_W7,10,5,3,N,
gid,*,3676,ㄋㄧ,1,KAICHU_MD,4,1,1,N,
gid,*,3677,ㄨㄣ,3,BIAOKAI_W5|KAICHU_MD|YUAN_W3W5,3,3,3,N,
gid,*,3678,ㄏㄨㄚ,1,KAICHU_MD,1,1,1,N,
gid,*,3679,ㄓㄨㄣ,1,KAICHU_MD,11,1,8,N,
gid,*,3683,ㄒㄧ,1,KAICHU_MD,1,1,1,N,
gid,*,3691,ㄓㄠ,3,BIAOKAI_W5|KAICHU_MD|YUAN_W3W5,11,3,6,N,
gid,*,3701,ㄧㄝ,2,KAICHU_MD|YUAN_W3W5,4,4,2,N,
gid,*,3717,ㄉㄤ,2,BIAOKAI_W5|KAICHU_MD,16,3,9,N,
gid,*,3730,ㄐㄧㄥ,1,KAICHU_MD,2,1,1,N,
gid,*,3734,ㄉㄨ,1,KAICHU_MD,1,1,1,N,
gid,*,3742,ㄞ,1,BIAOKAI_W5,1,1,1,N,
gid,*,3744,ㄆㄥ,1,KAICHU_MD,3,1,2,N,
gid,*,3755,ㄐㄧㄣ,1,KAICHU_MD,1,1,1,N,
gid,*,3767,ㄐㄧㄝ,1,KAICHU_MD,5,1,1,N,
gid,*,3774,ㄐㄧㄥ,5,BIAOKAI_W5|HEI_W7|KAICHU_MD|YUAN_W3W5|YUAN_W7,17,5,7,N,
gid,*,3780,ㄓ,2,KAICHU_MD|YUAN_W3W5,6,2,6,N,
gid,*,3783,ㄕㄨ,1,YUAN_W3W5,2,1,1,N,
gid,*,3785,ㄒㄧㄢ,1,BIAOKAI_W5,1,1,1,N,
gid,*,3786,ㄑㄩㄣ,1,BIAOKAI_W5,1,1,1,N,
gid,*,3787,ㄕㄥ,1,KAICHU_MD,7,1,1,N,
gid,*,3792,ㄧㄠ,1,KAICHU_MD,4,1,2,N,
gid,*,3793,ㄔㄤ,3,BIAOKAI_W5|KAICHU_MD|YUAN_W3W5,6,3,3,N,
gid,*,3796,ㄐㄧㄠ,2,BIAOKAI_W5|KAICHU_MD,85,2,7,N,
gid,*,3798,ㄈㄨ,2,KAICHU_MD|YUAN_W3W5,3,2,2,N,
gid,*,3800,ㄋㄠ,2,BIAOKAI_W5|KAICHU_MD,2,2,2,N,
gid,*,3801,ㄐㄧㄡ,1,KAICHU_MD,4,2,2,N,
gid,*,3805,ㄌㄨㄛ,1,KAICHU_MD,6,1,3,N,
gid,*,3810,ㄧㄝ,1,KAICHU_MD,2,1,1,N,
gid,*,3822,ㄏㄠ,3,HEI_W7|KAICHU_MD|YUAN_W3W5,8,3,4,N,
gid,*,3838,ㄅㄨ,1,KAICHU_MD,2,1,2,N,
gid,*,3840,ㄓㄨㄤ,2,KAICHU_MD|YUAN_W3W5,4,2,2,N,
gid,*,3841,ㄌㄧ,1,KAICHU_MD,10,1,6,N,
gid,*,3846,ㄐㄧㄝ,3,BIAOKAI_W5|KAICHU_MD|YUAN_W3W5,20,4,6,N,
gid,*,3848,ㄍㄞ,3,BIAOKAI_W5|KAICHU_MD|YUAN_W3W5,6,3,4,N,
gid,*,3849,ㄒㄧㄤ,1,YUAN_W3W5,2,1,1,N,
gid,*,3850,ㄕ,4,BIAOKAI_W5|KAICHU_MD|YUAN_W3W5|YUAN_W7,38,4,12,N,
gid,*,3857,ㄏㄨㄚ,2,KAICHU_MD|YUAN_W3W5,8,2,6,N,
gid,*,3860,ㄒㄩㄣ,3,BIAOKAI_W5|KAICHU_MD|YUAN_W3W5,5,3,4,N,
gid,*,3871,ㄗ,2,KAICHU_MD|YUAN_W3W5,8,2,3,N,
gid,*,3879,ㄍㄣ,2,BIAOKAI_W5|KAICHU_MD,12,2,5,N,
gid,*,3881,ㄌㄨ,3,BIAOKAI_W5|HEI_W5|KAICHU_MD,11,3,8,N,
gid,*,3882,ㄊㄧㄠ,2,BIAOKAI_W5|KAICHU_MD,58,2,5,N,
gid,*,3888,ㄐㄧㄠ,3,BIAOKAI_W5|KAICHU_MD|YUAN_W3W5,10,3,8,N,
gid,*,3889,ㄗㄞ,1,KAICHU_MD,1,1,1,N,
gid,*,3894,ㄩㄣ,5,BIAOKAI_W5|HEI_W7|KAICHU_MD|YUAN_W3W5|YUAN_W7,38,5,14,N,
gid,*,3895,ㄧㄡ,3,BIAOKAI_W5|KAICHU_MD|YUAN_W3W5,8,3,5,N,
gid,*,3896,ㄉㄠ,5,BIAOKAI_W5|HEI_W5|KAICHU_MD|YUAN_W3W5|YUAN_W7,14,5,7,N,
gid,*,3898,ㄉㄚ,5,BIAOKAI_W5|HEI_W7|KAICHU_MD|YUAN_W3W5|YUAN_W7,20,5,6,N,
gid,*,3902,ㄩ,4,BIAOKAI_W5|HEI_W7|KAICHU_MD|YUAN_W3W5,8,4,5,N,
gid,*,3904,ㄍㄨㄛ,4,BIAOKAI_W5|HEI_W7|KAICHU_MD|YUAN_W3W5,57,4,14,N,
gid,*,3925,ㄌㄧㄥ,2,BIAOKAI_W5|KAICHU_MD,3,2,2,N,
gid,*,3941,ㄉㄧㄢ,3,BIAOKAI_W5|KAICHU_MD|YUAN_W3W5,6,3,3,N,
gid,*,3947,ㄩ,1,KAICHU_MD,4,1,3,N,
gid,*,3949,ㄉㄨㄣ,1,BIAOKAI_W5,1,1,1,N,
gid,*,3957,ㄔ,1,KAICHU_MD,4,1,1,N,
gid,*,3964,ㄍㄨ,4,BIAOKAI_W5|HEI_W7|KAICHU_MD|YUAN_W3W5,6,4,3,N,
gid,*,3965,ㄕㄨ,1,KAICHU_MD,3,1,1,N,
gid,*,3973,ㄒㄧㄤ,3,BIAOKAI_W5|KAICHU_MD|YUAN_W3W5,10,3,4,N,
gid,*,3980,ㄏㄨㄚ,1,YUAN_W3W5,1,1,1,N,
gid,*,3987,ㄔㄤ,1,KAICHU_MD,9,1,5,N,
gid,*,4000,ㄊㄨㄢ,2,KAICHU_MD|YUAN_W7,6,2,3,N,
gid,*,4001,ㄊㄨ,2,BIAOKAI_W5|YUAN_W7,3,2,1,N,
gid,*,4004,ㄐㄧㄥ,3,BIAOKAI_W5|KAICHU_MD|YUAN_W7,10,3,5,N,
gid,*,4006,ㄉㄧㄢ,1,KAICHU_MD,11,1,1,N,
gid,*,4011,ㄏㄨㄛ,1,KAICHU_MD,1,1,1,N,
gid,*,4012,ㄇㄥ,2,BIAOKAI_W5|YUAN_W7,3,2,1,N,
gid,*,4014,ㄉㄨㄛ,1,BIAOKAI_W5,1,1,1,N,
gid,*,4028,ㄕ,3,BIAOKAI_W5|KAICHU_MD|YUAN_W7,8,3,3,N,
gid,*,4032,ㄔㄚ,3,BIAOKAI_W5|KAICHU_MD|YUAN_W3W5,8,3,5,N,
gid,*,4033,ㄉㄨㄟ,5,BIAOKAI_W5|HEI_W7|KAICHU_MD|YUAN_W3W5|YUAN_W7,62,6,13,N,
gid,*,4035,ㄓㄢ,1,BIAOKAI_W5,1,1,1,N,
gid,*,4052,ㄇㄢ,3,BIAOKAI_W5|HEI_W7|KAICHU_MD,13,3,5,N,
gid,*,4053,ㄍㄨㄢ,2,KAICHU_MD|YUAN_W3W5,12,3,5,N,
gid,*,4060,ㄓㄞ,1,KAICHU_MD,1,1,1,N,
gid,*,4065,ㄓㄜ,1,BIAOKAI_W5,1,1,1,N,
gid,*,4075,ㄔㄤ,2,KAICHU_MD|YUAN_W3W5,4,2,2,N,
gid,*,4083,ㄍㄤ,1,BIAOKAI_W5,1,1,1,N,
gid,*,4097,ㄑㄧㄢ,1,BIAOKAI_W5,1,1,1,N,
gid,*,4098,ㄍㄜ,1,BIAOKAI_W5,1,1,1,N,
gid,*,4101,ㄧㄢ,3,BIAOKAI_W5|KAICHU_MD|YUAN_W7,9,3,5,N,
gid,*,4102,ㄍㄨㄣ,1,KAICHU_MD,42,1,2,N,
gid,*,4110,ㄆㄧㄠ,1,KAICHU_MD,21,1,1,N,
gid,*,4112,ㄇㄢ,3,BIAOKAI_W5|KAICHU_MD|YUAN_W3W5,4,3,2,N,
gid,*,4116,ㄐㄧㄢ,2,BIAOKAI_W5|KAICHU_MD,6,2,4,N,
gid,*,4135,ㄦ,2,BIAOKAI_W5|YUAN_W3W5,2,2,2,N,
gid,*,4136,ㄎㄠ,1,HEI_W7,1,1,1,N,
gid,*,4146,ㄧ,1,KAICHU_MD,2,1,2,N,
gid,*,4152,ㄐㄧㄣ,2,BIAOKAI_W5|KAICHU_MD,3,2,3,N,
gid,*,4154,ㄇㄧㄠ,1,KAICHU_MD,3,1,1,N,
gid,*,4157,ㄕㄨㄟ,2,KAICHU_MD|YUAN_W3W5,2,2,2,N,
gid,*,4165,ㄈㄨ,1,YUAN_W3W5,2,1,1,N,
gid,*,4167,ㄓㄨㄥ,3,BIAOKAI_W5|KAICHU_MD|YUAN_W3W5,11,3,7,N,
gid,*,4168,ㄔㄥ,3,BIAOKAI_W5|KAICHU_MD|YUAN_W3W5,7,3,5,N,
gid,*,4173,ㄍㄨㄢ,1,YUAN_W3W5,4,1,1,N,
gid,*,4175,ㄐㄧㄢ,2,KAICHU_MD|YUAN_W3W5,3,2,2,N,
gid,*,4177,ㄙㄨㄢ,1,KAICHU_MD,6,1,4,N,
gid,*,4186,ㄐㄧㄥ,1,KAICHU_MD,4,1,3,N,
gid,*,4193,ㄐㄧㄣ,2,BIAOKAI_W5|KAICHU_MD,8,2,3,N,
gid,*,4195,ㄨㄤ,1,KAICHU_MD,2,1,2,N,
gid,*,4202,ㄨㄟ,3,BIAOKAI_W5|KAICHU_MD|YUAN_W3W5,6,3,5,N,
gid,*,4203,ㄒㄩ,5,BIAOKAI_W5|HEI_W7|KAICHU_MD|YUAN_W3W5|YUAN_W7,29,6,2,N,
gid,*,4210,ㄨㄣ,1,KAICHU_MD,2,1,2,N,
gid,*,4211,ㄐㄩ,1,KAICHU_MD,2,1,2,N,
gid,*,4214,ㄅㄤ,1,KAICHU_MD,3,1,2,N,
gid,*,4218,ㄊㄨㄟ,2,BIAOKAI_W5|KAICHU_MD,46,2,6,N,
gid,*,4221,ㄊㄞ,2,BIAOKAI_W5|KAICHU_MD,5,2,2,N,
gid,*,4222,ㄩ,5,BIAOKAI_W5|HEI_W7|KAICHU_MD|YUAN_W3W5|YUAN_W7,30,6,10,N,
gid,*,4224,ㄨ,1,KAICHU_MD,12,1,1,N,
gid,*,4234,ㄍㄞ,1,KAICHU_MD,2,1,1,N,
gid,*,4239,ㄘㄤ,1,KAICHU_MD,2,1,1,N,
gid,*,4250,ㄑㄩㄢ,1,KAICHU_MD,1,1,1,N,
gid,*,4257,ㄓ,1,KAICHU_MD,2,1,1,N,
gid,*,4263,ㄩ,3,BIAOKAI_W5|KAICHU_MD|YUAN_W7,4,3,2,N,
gid,*,4265,ㄖㄣ,2,BIAOKAI_W5|KAICHU_MD,8,2,5,N,
gid,*,4268,ㄨ,1,BIAOKAI_W5,3,1,1,N,
gid,*,4269,ㄕㄨㄛ,3,BIAOKAI_W5|KAICHU_MD|YUAN_W3W5,38,3,10,N,
gid,*,4278,ㄇㄠ,1,KAICHU_MD,1,1,1,N,
gid,*,4284,ㄍㄢ,1,KAICHU_MD,1,1,1,N,
gid,*,4286,ㄈㄨ,1,BIAOKAI_W5,4,1,1,N,
gid,*,4288,ㄑㄧㄥ,1,KAICHU_MD,16,1,7,N,
gid,*,4290,ㄌㄚ,1,KAICHU_MD,1,1,1,N,
gid,*,4291,ㄩㄢ,2,BIAOKAI_W5|KAICHU_MD,2,2,2,N,
gid,*,4326,ㄓㄤ,1,BIAOKAI_W5,1,1,1,N,
gid,*,4327,ㄐㄧ,1,YUAN_W7,1,1,1,N,
gid,*,4330,ㄒㄩ,4,HEI_W7|KAICHU_MD|YUAN_W3W5|YUAN_W7,13,5,9,N,
gid,*,4335,ㄌㄧㄥ,2,BIAOKAI_W5|KAICHU_MD,3,2,2,N,
gid,*,4351,ㄇㄜ,5,BIAOKAI_W5|HEI_W5|KAICHU_MD|YUAN_W3W5|YUAN_W7,56,5,15,N,
gid,*,4352,ㄅㄧ,1,KAICHU_MD,1,1,1,N,
gid,*,4353,ㄑㄧ,1,KAICHU_MD,1,1,1,N,
gid,*,4355,ㄧ,1,KAICHU_MD,16,1,2,N,
gid,*,4358,ㄐㄧㄚ,2,BIAOKAI_W5|YUAN_W7,6,2,1,N,
gid,*,4364,ㄐㄩ,1,BIAOKAI_W5,1,1,1,N,
gid,*,4365,ㄆㄧ,1,KAICHU_MD,3,1,1,N,
gid,*,4371,ㄌㄠ,1,BIAOKAI_W5,1,1,1,N,
gid,*,4376,ㄗㄨㄟ,1,YUAN_W3W5,1,1,1,N,
gid,*,4387,ㄗㄥ,4,BIAOKAI_W5|KAICHU_MD|YUAN_W3W5|YUAN_W7,10,4,3,N,
gid,*,4394,ㄒㄧ,1,KAICHU_MD,1,1,1,N,
gid,*,4395,ㄒㄧㄢ,1,BIAOKAI_W5,13,1,1,N,
gid,*,4403,ㄒㄧㄝ,3,BIAOKAI_W5|KAICHU_MD|YUAN_W3W5,7,3,4,N,
gid,*,4411,ㄈㄟ,1,KAICHU_MD,1,1,1,N,
gid,*,4412,ㄔㄨ,2,BIAOKAI_W5|KAICHU_MD,3,2,2,N,
gid,*,4413,ㄇㄧㄠ,1,KAICHU_MD,1,1,1,N,
gid,*,4415,ㄍㄨㄤ,2,BIAOKAI_W5|KAICHU_MD,4,2,3,N,
gid,*,4417,ㄊㄢ,1,KAICHU_MD,1,1,1,N,
gid,*,4418,ㄧㄥ,2,BIAOKAI_W5|KAICHU_MD,6,2,3,N,
gid,*,4420,ㄓㄥ,1,KAICHU_MD,2,1,1,N,
gid,*,4421,ㄑㄧㄥ,3,BIAOKAI_W5|KAICHU_MD|YUAN_W7,10,3,2,N,
gid,*,4423,ㄌㄩ,1,BIAOKAI_W5,2,1,1,N,
gid,*,4425,ㄇㄨ,1,BIAOKAI_W5,1,1,1,N,
gid,*,4428,ㄨㄟ,2,BIAOKAI_W5|YUAN_W3W5,3,2,1,N,
gid,*,4437,ㄈㄣ,2,BIAOKAI_W5|YUAN_W3W5,2,2,1,N,
gid,*,4441,ㄇㄛ,1,YUAN_W3W5,1,1,1,N,
gid,*,4444,ㄓㄨㄤ,1,KAICHU_MD,1,1,1,N,
gid,*,4447,ㄔㄥ,1,KAICHU_MD,3,1,1,N,
gid,*,4455,ㄅㄛ,2,BIAOKAI_W5|KAICHU_MD,5,2,2,N,
gid,*,4464,ㄕㄨ,3,BIAOKAI_W5|HEI_W7|KAICHU_MD,14,3,5,N,
gid,*,4469,ㄧㄤ,4,BIAOKAI_W5|HEI_W5|KAICHU_MD|YUAN_W3W5,14,4,7,N,
gid,*,4474,ㄅㄧㄠ,4,BIAOKAI_W5|HEI_W7|KAICHU_MD|YUAN_W3W5,23,5,8,N,
gid,*,4476,ㄇㄛ,3,BIAOKAI_W5|KAICHU_MD|YUAN_W7,10,3,3,N,
gid,*,4480,,0,,12,5,5,N,BIAOKAI_W5:ㄌㄜ/ㄩㄝ;KAICHU_MD:ㄌㄜ/ㄩㄝ
gid,*,4494,ㄐㄧㄝ,1,KAICHU_MD,3,1,3,N,
gid,*,4510,ㄕㄡ,1,KAICHU_MD,4,1,4,N,
gid,*,4512,ㄖㄜ,2,KAICHU_MD|YUAN_W7,3,2,3,N,
gid,*,4516,ㄐㄧㄤ,2,BIAOKAI_W5|KAICHU_MD,4,2,2,N,
gid,*,4532,ㄓㄡ,1,KAICHU_MD,2,1,1,N,
gid,*,4533,ㄆㄢ,1,KAICHU_MD,30,1,5,N,
gid,*,4541,ㄑㄩㄝ,3,BIAOKAI_W5|KAICHU_MD|YUAN_W3W5,21,3,8,N,
gid,*,4545,ㄇㄚ,1,KAICHU_MD,4,1,1,N,
gid,*,4556,ㄒㄧㄤ,1,KAICHU_MD,3,1,2,N,
gid,*,4557,ㄈㄢ,3,BIAOKAI_W5|KAICHU_MD|YUAN_W7,3,3,2,N,
gid,*,4560,ㄆㄧㄢ,1,BIAOKAI_W5,1,1,1,N,
gid,*,4566,ㄌㄧㄢ,4,BIAOKAI_W5|HEI_W7|KAICHU_MD|YUAN_W7,41,4,9,N,
gid,*,4572,ㄅㄧㄢ,1,KAICHU_MD,1,1,1,N,
gid,*,4574,ㄒㄧㄢ,3,HEI_W5|KAICHU_MD|YUAN_W3W5,19,3,8,N,
gid,*,4576,ㄏㄨㄢ,2,BIAOKAI_W5|HEI_W7,2,2,1,N,
gid,*,4588,ㄒㄧ,1,KAICHU_MD,25,1,7,N,
gid,*,4589,ㄐㄧㄠ,1,KAICHU_MD,1,1,1,N,
gid,*,4590,ㄈㄨ,1,KAICHU_MD,3,1,2,N,
gid,*,4596,ㄕㄨ,2,KAICHU_MD|YUAN_W3W5,10,2,3,N,
gid,*,4607,ㄌㄤ,1,KAICHU_MD,2,1,1,N,
gid,*,4618,ㄨㄟ,2,KAICHU_MD|YUAN_W3W5,5,2,4,N,
gid,*,4619,ㄔㄨㄥ,1,KAICHU_MD,9,1,3,N,
gid,*,4621,ㄈㄨ,2,BIAOKAI_W5|KAICHU_MD,7,2,3,N,
gid,*,4628,ㄊㄢ,1,BIAOKAI_W5,1,1,1,N,
gid,*,4630,ㄉㄢ,1,KAICHU_MD,7,1,1,N,
gid,*,4631,ㄑㄧㄥ,3,BIAOKAI_W5|KAICHU_MD|YUAN_W3W5,36,3,10,N,
gid,*,4633,ㄎㄜ,3,BIAOKAI_W5|KAICHU_MD|YUAN_W3W5,16,3,3,N,
gid,*,4636,ㄊㄧㄠ,5,BIAOKAI_W5|HEI_W5|KAICHU_MD|YUAN_W3W5|YUAN_W7,12,5,7,N,
gid,*,4637,ㄕㄟ,1,KAICHU_MD,3,1,3,N,
gid,*,4638,ㄌㄨㄣ,2,BIAOKAI_W5|KAICHU_MD,9,2,5,N,
gid,*,4647,ㄕㄤ,2,HEI_W7|KAICHU_MD,2,2,2,N,
gid,*,4653,ㄇㄞ,1,KAICHU_MD,4,1,2,N,
gid,*,4655,ㄓ,2,HEI_W7|KAICHU_MD,4,2,3,N,
gid,*,4659,ㄑㄩ,2,BIAOKAI_W5|KAICHU_MD,2,2,2,N,
gid,*,4662,ㄏㄨㄞ,1,KAICHU_MD,2,1,1,N,
gid,*,4663,ㄊㄧ,2,BIAOKAI_W5|KAICHU_MD,13,2,3,N,
gid,*,4664,ㄊㄚ,1,KAICHU_MD,7,1,1,N,
gid,*,4665,ㄘㄞ,1,KAICHU_MD,5,1,2,N,
gid,*,4673,ㄅㄟ,1,KAICHU_MD,2,1,1,N,
gid,*,4675,ㄌㄨㄣ,2,BIAOKAI_W5|KAICHU_MD,2,2,2,N,
gid,*,4679,ㄕ,5,BIAOKAI_W5|HEI_W7|KAICHU_MD|YUAN_W3W5|YUAN_W7,9,5,3,N,
gid,*,4682,ㄗㄠ,1,KAICHU_MD,1,1,1,N,
gid,*,4705,ㄩㄝ,1,KAICHU_MD,1,1,1,N,
gid,*,4710,ㄎㄠ,2,KAICHU_MD|YUAN_W3W5,5,2,4,N,
gid,*,4712,ㄒㄧㄝ,1,KAICHU_MD,1,1,1,N,
gid,*,4718,ㄧㄤ,3,BIAOKAI_W5|KAICHU_MD|YUAN_W3W5,4,4,3,N,
gid,*,4721,ㄩ,1,KAICHU_MD,2,1,1,N,
gid,*,4731,ㄈㄚ,1,KAICHU_MD,1,1,1,N,
gid,*,4733,ㄋㄠ,1,KAICHU_MD,1,1,1,N,
gid,*,4754,ㄐㄧ,1,YUAN_W3W5,4,1,1,N,
gid,*,4759,ㄉㄤ,1,KAICHU_MD,2,1,1,N,
gid,*,4764,ㄑㄧ,1,KAICHU_MD,2,1,2,N,
gid,*,4771,ㄅㄧ,1,YUAN_W3W5,2,1,1,N,
gid,*,4775,ㄈㄣ,1,BIAOKAI_W5,1,1,1,N,
gid,*,4778,ㄒㄩㄝ,5,BIAOKAI_W5|HEI_W5|KAICHU_MD|YUAN_W3W5|YUAN_W7,53,6,16,N,
gid,*,4780,ㄉㄠ,2,BIAOKAI_W5|KAICHU_MD,7,2,2,N,
gid,*,4791,ㄓㄢ,2,KAICHU_MD|YUAN_W7,4,2,4,N,
gid,*,4792,ㄕㄢ,1,KAICHU_MD,2,1,2,N,
gid,*,4793,ㄩㄥ,1,KAICHU_MD,1,1,1,N,
gid,*,4794,ㄉㄤ,1,KAICHU_MD,6,1,1,N,
gid,*,4797,ㄐㄩ,3,BIAOKAI_W5|KAICHU_MD|YUAN_W3W5,4,3,3,N,
gid,*,4799,ㄗㄜ,1,KAICHU_MD,6,1,4,N,
gid,*,4801,ㄘㄠ,2,BIAOKAI_W5|KAICHU_MD,4,2,3,N,
gid,*,4804,ㄉㄢ,2,KAICHU_MD|YUAN_W3W5,3,2,2,N,
gid,*,4806,ㄓㄥ,4,BIAOKAI_W5|HEI_W5|KAICHU_MD|YUAN_W3W5,10,4,8,N,
gid,*,4819,ㄕㄨ,1,KAICHU_MD,1,1,1,N,
gid,*,4824,ㄑㄧㄠ,1,KAICHU_MD,3,1,1,N,
gid,*,4826,ㄐㄧ,4,BIAOKAI_W5|HEI_W7|KAICHU_MD|YUAN_W3W5,5,4,4,N,
gid,*,4829,ㄌㄧ,1,BIAOKAI_W5,2,1,1,N,
gid,*,4833,ㄗㄠ,1,KAICHU_MD,1,1,1,N,
gid,*,4839,ㄐㄧ,1,BIAOKAI_W5,1,1,1,N,
gid,*,4848,ㄕㄠ,1,YUAN_W3W5,2,1,1,N,
gid,*,4849,ㄉㄥ,1,KAICHU_MD,1,1,1,N,
gid,*,4853,ㄊㄤ,1,KAICHU_MD,1,1,1,N,
gid,*,4857,ㄉㄨ,3,BIAOKAI_W5|KAICHU_MD|YUAN_W7,10,3,4,N,
gid,*,4880,ㄐㄧ,2,KAICHU_MD|YUAN_W3W5,4,2,4,N,
gid,*,4905,ㄌㄧ,1,KAICHU_MD,1,1,1,N,
gid,*,4907,ㄏㄢ,2,BIAOKAI_W5|YUAN_W3W5,2,2,1,N,
gid,*,4912,ㄋㄧ,1,KAICHU_MD,1,1,1,N,
gid,*,4915,ㄒㄧㄥ,1,BIAOKAI_W5,1,1,1,N,
gid,*,4928,ㄆㄤ,1,KAICHU_MD,1,1,1,N,
gid,*,4933,ㄏㄥ,1,KAICHU_MD,1,1,1,N,
gid,*,4935,ㄎㄨ,1,KAICHU_MD,1,1,1,N,
gid,*,4939,ㄑㄧㄣ,3,BIAOKAI_W5|KAICHU_MD|YUAN_W3W5,9,3,3,N,
gid,*,4947,ㄒㄧㄝ,1,BIAOKAI_W5,1,1,1,N,
gid,*,4948,ㄗ,3,BIAOKAI_W5|KAICHU_MD|YUAN_W3W5,3,3,3,N,
gid,*,4949,ㄋㄨㄛ,2,HEI_W7|YUAN_W3W5,2,2,1,N,
gid,*,4969,ㄕㄨ,1,BIAOKAI_W5,9,1,1,N,
gid,*,4971,ㄅㄧㄢ,1,YUAN_W3W5,1,1,1,N,
gid,*,4972,ㄅㄢ,3,BIAOKAI_W5|KAICHU_MD|YUAN_W3W5,7,3,3,N,
gid,*,4973,ㄗㄨㄣ,3,HEI_W7|KAICHU_MD|YUAN_W3W5,4,3,3,N,
gid,*,4975,ㄒㄩㄢ,3,BIAOKAI_W5|HEI_W7|KAICHU_MD,14,3,5,N,
gid,*,4980,ㄒㄧㄥ,1,KAICHU_MD,5,1,3,N,
gid,*,4985,ㄘㄨㄛ,2,BIAOKAI_W5|KAICHU_MD,4,2,3,N,
gid,*,4986,ㄑㄧㄢ,1,BIAOKAI_W5,1,1,1,N,
gid,*,4989,ㄌㄨ,3,BIAOKAI_W5|KAICHU_MD|YUAN_W3W5,8,3,6,N,
gid,*,4991,ㄓㄨㄟ,2,BIAOKAI_W5|KAICHU_MD,5,2,3,N,
gid,*,4999,ㄙㄨㄟ,2,KAICHU_MD|YUAN_W3W5,7,2,6,N,
gid,*,5000,ㄒㄧㄢ,1,KAICHU_MD,1,1,1,N,
gid,*,5005,ㄏㄨㄛ,1,KAICHU_MD,1,1,1,N,
gid,*,5009,ㄐㄧㄥ,2,BIAOKAI_W5|KAICHU_MD,2,2,2,N,
gid,*,5013,ㄐㄧㄥ,1,KAICHU_MD,1,1,1,N,
gid,*,5014,ㄆㄧㄣ,1,YUAN_W3W5,1,1,1,N,
gid,*,5016,ㄊㄡ,2,BIAOKAI_W5|KAICHU_MD,21,3,8,N,
gid,*,5019,ㄘㄢ,3,BIAOKAI_W5|KAICHU_MD|YUAN_W3W5,28,3,6,N,
gid,*,5029,ㄍㄜ,2,KAICHU_MD|YUAN_W3W5,3,2,2,N,
gid,*,5040,ㄇㄛ,1,BIAOKAI_W5,1,1,1,N,
gid,*,5044,ㄧㄡ,2,KAICHU_MD|YUAN_W3W5,4,2,4,N,
gid,*,5048,ㄌㄧ,4,BIAOKAI_W5|HEI_W7|KAICHU_MD|YUAN_W3W5,8,4,4,N,
gid,*,5056,ㄧㄚ,3,BIAOKAI_W5|KAICHU_MD|YUAN_W7,18,3,4,N,
gid,*,5059,ㄧㄥ,1,KAICHU_MD,2,1,2,N,
gid,*,5061,ㄇㄚ,1,YUAN_W3W5,1,1,1,N,
gid,*,5069,ㄅㄤ,3,BIAOKAI_W5|KAICHU_MD|YUAN_W3W5,17,4,5,N,
gid,*,5072,ㄧㄥ,4,BIAOKAI_W5|KAICHU_MD|YUAN_W3W5|YUAN_W7,21,9,9,N,
gid,*,5077,ㄒㄧ,3,BIAOKAI_W5|KAICHU_MD|YUAN_W3W5,8,3,4,N,
gid,*,5080,ㄐㄧ,1,KAICHU_MD,47,1,3,N,
gid,*,5084,ㄘㄚ,1,KAICHU_MD,2,1,1,N,
gid,*,5085,ㄋㄧ,2,BIAOKAI_W5|KAICHU_MD,3,2,2,N,
gid,*,5096,ㄐㄧㄢ,2,BIAOKAI_W5|KAICHU_MD,10,2,5,N,
gid,*,5110,ㄐㄧ,1,BIAOKAI_W5,1,1,1,N,
gid,*,5124,ㄧㄥ,3,KAICHU_MD|YUAN_W3W5|YUAN_W7,3,3,3,N,
gid,*,5133,ㄑㄧㄤ,1,KAICHU_MD,7,1,3,N,
gid,*,5135,ㄏㄨㄛ,1,KAICHU_MD,10,1,7,N,
gid,*,5137,ㄏㄨㄢ,1,KAICHU_MD,7,1,5,N,
gid,*,5141,ㄌㄧㄠ,2,KAICHU_MD|YUAN_W3W5,8,2,2,N,
gid,*,5168,ㄈㄣ,1,YUAN_W3W5,2,1,1,N,
gid,*,5173,ㄙㄨㄛ,1,KAICHU_MD,5,1,3,N,
gid,*,5174,ㄐㄧ,1,BIAOKAI_W5,5,1,2,N,
gid,*,5180,ㄗㄨㄥ,2,BIAOKAI_W5|KAICHU_MD,4,2,3,N,
gid,*,5194,ㄕㄥ,2,KAICHU_MD|YUAN_W3W5,7,2,5,N,
gid,*,5201,ㄅㄧ,2,BIAOKAI_W5|KAICHU_MD,22,2,3,N,
gid,*,5202,ㄊㄨㄣ,1,KAICHU_MD,3,1,1,N,
gid,*,5205,ㄌㄧㄢ,1,BIAOKAI_W5,2,1,1,N,
gid,*,5207,ㄌㄧㄣ,1,BIAOKAI_W5,2,1,1,N,
gid,*,5208,ㄐㄩ,2,BIAOKAI_W5|KAICHU_MD,13,2,5,N,
gid,*,5221,ㄐㄧㄢ,1,KAICHU_MD,2,1,1,N,
gid,*,5224,ㄓㄤ,1,KAICHU_MD,2,1,1,N,
gid,*,5242,ㄐㄧㄤ,1,BIAOKAI_W5,1,1,1,N,
gid,*,5245,ㄒㄧㄝ,1,BIAOKAI_W5,3,1,1,N,
gid,*,5251,ㄓㄨㄢ,1,BIAOKAI_W5,1,1,1,N,
gid,*,5252,ㄙㄞ,3,BIAOKAI_W5|KAICHU_MD|YUAN_W7,21,3,2,N,
gid,*,5253,ㄍㄡ,2,KAICHU_MD|YUAN_W3W5,5,2,3,N,
gid,*,5266,ㄅㄧ,1,KAICHU_MD,5,1,4,N,
gid,*,5268,ㄏㄞ,4,BIAOKAI_W5|HEI_W5|KAICHU_MD|YUAN_W3W5,23,4,12,N,
gid,*,5269,ㄇㄞ,1,KAICHU_MD,1,1,1,N,
gid,*,5297,ㄙㄨㄟ,1,BIAOKAI_W5,1,1,1,N,
gid,*,5300,ㄐㄩ,1,BIAOKAI_W5,1,1,1,N,
gid,*,5315,ㄉㄧㄢ,3,BIAOKAI_W5|KAICHU_MD|YUAN_W3W5,25,3,5,N,
gid,*,5331,ㄓ,1,KAICHU_MD,14,1,2,N,
gid,*,5334,ㄅㄞ,1,KAICHU_MD,23,1,2,N,
gid,*,5337,ㄉㄨㄢ,2,BIAOKAI_W5|KAICHU_MD,3,2,3,N,
gid,*,5349,ㄍㄨㄟ,1,YUAN_W3W5,1,1,1,N,
gid,*,5375,ㄌㄧ,1,KAICHU_MD,2,1,2,N,
gid,*,5380,ㄑㄧㄠ,1,KAICHU_MD,1,1,1,N,
gid,*,5386,ㄐㄧㄢ,1,KAICHU_MD,1,1,1,N,
gid,*,5387,ㄌㄧㄤ,1,KAICHU_MD,1,1,1,N,
gid,*,5390,ㄖㄠ,1,KAICHU_MD,4,1,2,N,
gid,*,5397,ㄈㄢ,1,KAICHU_MD,17,1,1,N,
gid,*,5398,ㄓ,1,KAICHU_MD,1,1,1,N,
gid,*,5405,ㄌㄢ,1,KAICHU_MD,4,1,1,N,
gid,*,5431,ㄓㄨㄢ,5,BIAOKAI_W5|HEI_W7|KAICHU_MD|YUAN_W3W5|YUAN_W7,17,6,5,N,
gid,*,5436,ㄧ,2,KAICHU_MD|YUAN_W3W5,24,2,3,N,
gid,*,5451,ㄔㄨㄤ,1,KAICHU_MD,2,1,2,N,
gid,*,5454,ㄌㄧ,2,HEI_W5|KAICHU_MD,5,2,4,N,
gid,*,5455,ㄗㄚ,1,KAICHU_MD,2,1,2,N,
gid,*,5456,ㄕㄨㄤ,1,KAICHU_MD,57,1,5,N,
gid,*,5458,ㄐㄧ,1,KAICHU_MD,3,1,1,N,
gid,*,5465,ㄧㄢ,1,KAICHU_MD,3,1,2,N,
gid,*,5466,ㄊㄧ,5,BIAOKAI_W5|HEI_W7|KAICHU_MD|YUAN_W3W5|YUAN_W7,18,5,5,N,
gid,*,5478,ㄙㄨㄥ,2,HEI_W7|KAICHU_MD,11,2,4,N,
gid,*,5495,ㄌㄨㄥ,1,YUAN_W3W5,1,1,1,N,
gid,*,5496,ㄏㄨㄞ,1,YUAN_W3W5,1,1,1,N,
gid,*,5503,ㄏㄨㄞ,1,KAICHU_MD,5,1,1,N,
gid,*,5507,ㄌㄨㄥ,1,KAICHU_MD,4,1,3,N,
gid,*,5535,ㄞ,2,BIAOKAI_W5|YUAN_W3W5,2,2,2,N,
gid,*,5538,ㄨㄣ,1,KAICHU_MD,4,1,3,N,
gid,*,5542,ㄑㄧㄢ,1,KAICHU_MD,1,1,1,N,
gid,*,5548,ㄕㄥ,1,KAICHU_MD,10,1,3,N,
gid,*,5561,ㄧㄠ,3,KAICHU_MD|YUAN_W3W5|YUAN_W7,83,3,2,N,
gid,*,5564,ㄧㄥ,1,KAICHU_MD,2,1,1,N,
gid,*,5566,ㄒㄧㄝ,1,KAICHU_MD,1,1,1,N,
gid,*,5574,ㄕ,3,BIAOKAI_W5|KAICHU_MD|YUAN_W7,8,3,4,N,
gid,*,5575,ㄓㄥ,3,BIAOKAI_W5|KAICHU_MD|YUAN_W3W5,7,3,4,N,
gid,*,5581,ㄗㄥ,1,KAICHU_MD,1,1,1,N,
gid,*,5584,ㄉㄨㄣ,1,KAICHU_MD,6,1,4,N,
gid,*,5587,ㄉㄥ,1,KAICHU_MD,9,1,2,N,
gid,*,5589,ㄘㄨ,1,BIAOKAI_W5,1,1,1,N,
gid,*,5593,ㄅㄧㄢ,1,KAICHU_MD,20,1,6,N,
gid,*,5601,ㄌㄧㄢ,1,KAICHU_MD,7,1,1,N,
gid,*,5611,ㄍㄨㄢ,4,BIAOKAI_W5|HEI_W5|KAICHU_MD|YUAN_W3W5,18,4,7,N,
gid,*,5613,ㄋㄢ,4,BIAOKAI_W5|HEI_W7|KAICHU_MD|YUAN_W3W5,9,4,3,N,
gid,*,5618,ㄩㄣ,1,KAICHU_MD,1,1,1,N,
gid,*,5619,ㄌㄟ,3,BIAOKAI_W5|KAICHU_MD|YUAN_W3W5,21,3,8,N,
gid,*,5620,ㄩㄢ,1,BIAOKAI_W5,1,1,1,N,
gid,*,5650,ㄅㄠ,1,KAICHU_MD,19,2,4,N,
gid,*,5681,ㄐㄧ,1,KAICHU_MD,2,1,1,N,
gid,*,5698,ㄐㄩㄝ,4,BIAOKAI_W5|HEI_W5|KAICHU_MD|YUAN_W3W5,24,5,8,N,
gid,*,5700,ㄧ,3,HEI_W7|KAICHU_MD|YUAN_W7,6,3,3,N,
gid,*,5702,ㄐㄧㄥ,1,YUAN_W3W5,1,1,1,N,
gid,*,5706,ㄧㄥ,2,BIAOKAI_W5|KAICHU_MD,5,2,4,N,
gid,*,5714,ㄓㄨㄥ,3,BIAOKAI_W5|KAICHU_MD|YUAN_W3W5,3,3,2,N,
gid,*,5729,ㄒㄧㄢ,1,KAICHU_MD,1,1,1,N,
gid,*,5742,ㄕㄨ,1,BIAOKAI_W5,1,1,1,N,
gid,*,5744,ㄐㄩ,1,BIAOKAI_W5,1,1,1,N,
gid,*,5746,ㄕㄜ,2,BIAOKAI_W5|KAICHU_MD,6,2,3,N,
gid,*,5747,ㄒㄧ,1,KAICHU_MD,2,1,2,N,
gid,*,5751,ㄌㄢ,1,KAICHU_MD,4,1,1,N,
gid,*,5763,ㄒㄩ,1,KAICHU_MD,5,1,3,N,
gid,*,5774,ㄌㄢ,1,KAICHU_MD,1,1,1,N,
gid,*,5776,ㄏㄨ,2,KAICHU_MD|YUAN_W3W5,5,2,4,N,
gid,*,5795,ㄌㄡ,2,BIAOKAI_W5|KAICHU_MD,4,2,2,N,
gid,*,5796,ㄒㄧㄤ,3,BIAOKAI_W5|KAICHU_MD|YUAN_W3W5,7,3,3,N,
gid,*,5827,ㄨㄢ,1,KAICHU_MD,7,1,2,N,
gid,*,5829,ㄊㄢ,2,BIAOKAI_W5|KAICHU_MD,3,2,2,N,
gid,*,5830,ㄑㄩㄢ,1,KAICHU_MD,1,1,1,N,
gid,*,5831,ㄏㄨㄢ,1,KAICHU_MD,8,1,4,N,
gid,*,5836,ㄉㄧㄝ,1,KAICHU_MD,2,1,1,N,
gid,*,5843,ㄊㄧㄥ,2,KAICHU_MD|YUAN_W3W5,10,2,6,N,
gid,*,5844,ㄗㄤ,1,BIAOKAI_W5,1,1,1,N,
gid,*,5848,ㄉㄨ,1,KAICHU_MD,1,1,1,N,
gid,*,5866,ㄗㄤ,1,HEI_W5,1,1,1,N,
gid,*,5898,ㄅㄧㄢ,3,BIAOKAI_W5|KAICHU_MD|YUAN_W3W5,20,3,10,N,
gid,*,5909,ㄧㄢ,4,BIAOKAI_W5|HEI_W7|KAICHU_MD|YUAN_W7,6,4,4,N,
gid,*,5911,ㄊㄧ,4,BIAOKAI_W5|KAICHU_MD|YUAN_W3W5|YUAN_W7,50,5,12,N,
gid,*,5919,ㄓㄨ,1,KAICHU_MD,1,1,1,N,
gid,*,5926,ㄍㄨㄢ,1,KAICHU_MD,4,1,1,N,
gid,*,5931,ㄖㄤ,4,BIAOKAI_W5|HEI_W5|KAICHU_MD|YUAN_W3W5,27,4,11,N,
gid,*,5939,ㄌㄧㄥ,1,KAICHU_MD,4,1,4,N,
gid,*,5943,ㄗㄡ,3,BIAOKAI_W5|KAICHU_MD|YUAN_W7,7,3,2,N,
gid,*,5950,ㄧㄢ,1,KAICHU_MD,3,1,1,N,
gid,*,5954,ㄊㄧㄥ,1,BIAOKAI_W5,1,1,1,N,
gid,*,5956,ㄨㄢ,1,BIAOKAI_W5,1,1,1,N,
gid,*,5960,ㄍㄨㄢ,1,KAICHU_MD,9,1,6,N,
gid,*,5972,ㄗㄢ,2,KAICHU_MD|YUAN_W3W5,3,2,2,N,
gid,*,7834,ㄒㄧㄥ,2,BIAOKAI_W5|HEI_W7,9,2,1,N,
gid,*,9921,ㄍㄨ,1,KAICHU_MD,1,1,1,N,
gid,*,10853,ㄉㄧㄢ,1,KAICHU_MD,2,1,2,N,
