rule_id,priority,mode,target_char,phrase,expected_reading,excluded_phrases,source,source_url,note,pdf_contains,evidence_level
P-ROLE-JIAO,120,exact,角,角色,ㄐㄩㄝˊ；ㄐㄧㄠˇ,,教育部《重編國語辭典修訂本》,https://dict.revised.moe.edu.tw/dictView.jsp?ID=13692&la=0&powerMode=0,「角色」以ㄐㄩㄝˊ為主音，辭典亦收ㄐㄧㄠˇ變讀；兩者均接受。,,
P-MAINROLE-JIAO,120,exact,角,主角,ㄐㄩㄝˊ；ㄐㄧㄠˇ,,教育部《重編國語辭典修訂本》,https://dict.revised.moe.edu.tw/dictView.jsp?ID=118069&la=0&powerMode=0,「主角」以ㄐㄩㄝˊ為主音，辭典亦收ㄐㄧㄠˇ變讀；兩者均接受。,,
P-CHAMPION-GUAN,120,exact,冠,冠軍,ㄍㄨㄢˋ,,思考模式2.4.docx,,2.4 正向回歸規則,,
P-PLANT-ZHONG,120,exact,種,種植,ㄓㄨㄥˋ,,思考模式2.4.docx,,2.4 正向回歸規則,,
P-PUNISH-CHU,120,exact,處,處罰,ㄔㄨˇ,,思考模式2.4.docx,,2.4 正向回歸規則,,
P-IMPOSE-CHU,120,exact,處,處以,ㄔㄨˇ,,思考模式2.4.docx,,2.4 正向回歸規則,,
P-BEISHOU,120,exact,背,背手,ㄅㄟˋ,,思考模式2.4.docx,,2.4 正向回歸規則,,
P-BEIYU,120,exact,背,背於,ㄅㄟˋ,,思考模式2.4.docx,,2.4 正向回歸規則,,
P-ZHUAN-1,120,exact,轉,旋轉,ㄓㄨㄢˇ,,思考模式2.4.docx,,2.4 負向控制：完整詞條優先,,
P-ZHUAN-2,120,exact,轉,轉動,ㄓㄨㄢˇ,,思考模式2.4.docx,,2.4 負向控制：完整詞條優先,,
P-ZHUAN-3,120,exact,轉,轉速,ㄓㄨㄢˇ,,思考模式2.4.docx,,2.4 負向控制：完整詞條優先,,
P-ZHUAN-4,120,exact,轉,轉盤,ㄓㄨㄢˇ,,思考模式2.4.docx,,2.4 負向控制：完整詞條優先,,
P-SEW-FENG,120,exact,縫,縫線,ㄈㄥˊ,,思考模式2.4.docx,,2.4 負向控制,,
P-CAMP-LU,120,exact,露,露營,ㄌㄨˋ,,思考模式2.4.docx,,2.4 視覺負向控制,,
P-JI-1,120,exact,給,給予,ㄐㄧˇ,,思考模式2.4.docx,,2.4 給予類規則,,
P-JI-2,120,exact,給,給與,ㄐㄧˇ,,思考模式2.4.docx,,2.4 給予類規則,,
P-JI-3,120,exact,給,供給,ㄐㄧˇ,,思考模式2.4.docx,,2.4 給予類規則,,
P-JI-4,120,exact,給,補給,ㄐㄧˇ,,思考模式2.4.docx,,2.4 給予類規則,,
P-JI-5,120,exact,給,配給,ㄐㄧˇ,,思考模式2.4.docx,,2.4 給予類規則,,
P-JI-6,120,exact,給,給假,ㄐㄧˇ,,思考模式2.4.docx,,2.4 給予類規則,,
P-JI-7,120,exact,給,自給自足,ㄐㄧˇ,,思考模式2.4.docx,,2.4 給予類規則,,
P-JI-8,120,exact,給,職務加給,ㄐㄧˇ,,思考模式2.4.docx,,2.4 給予類規則,,
P-MO4-1,120,exact,磨,石磨,ㄇㄛˋ,,思考模式2.4.docx,,2.4 完整詞語規則,,
P-MO4-2,120,exact,磨,磨麵,ㄇㄛˋ,,思考模式2.4.docx,,2.4 完整詞語規則,,
P-MO4-3,120,exact,磨,磨豆腐,ㄇㄛˋ,,思考模式2.4.docx,,2.4 完整詞語規則,,
P-MO2-1,120,exact,磨,磨刀,ㄇㄛˊ,,思考模式2.4.docx,,2.4 完整詞語規則,,
P-MO2-2,120,exact,磨,磨牙,ㄇㄛˊ,,思考模式2.4.docx,,2.4 完整詞語規則,,
P-MO2-3,120,exact,磨,磨練,ㄇㄛˊ,,思考模式2.4.docx,,2.4 完整詞語規則,,
P-CHOU,120,exact,臭,臭味相投,ㄒㄧㄡˋ,,思考模式2.4.docx,,2.4 完整詞語規則,,
D-EX-001,100,exact,處,相處,ㄔㄨˇ,,一字多音-字典檔_marked.xlsx,,字典明列詞例或依同一詞義建立的完整詞語規則,,
D-EX-002,100,exact,處,處理,ㄔㄨˇ,,一字多音-字典檔_marked.xlsx,,字典明列詞例或依同一詞義建立的完整詞語規則,,
D-EX-003,100,exact,處,處方,ㄔㄨˇ,,一字多音-字典檔_marked.xlsx,,字典明列詞例或依同一詞義建立的完整詞語規則,,
D-EX-004,100,exact,處,所處,ㄔㄨˇ,,一字多音-字典檔_marked.xlsx,,字典明列詞例或依同一詞義建立的完整詞語規則,,
D-EX-005,100,exact,處,一處,ㄔㄨˋ,,一字多音-字典檔_marked.xlsx,,字典明列詞例或依同一詞義建立的完整詞語規則,,
D-EX-006,100,exact,處,住處,ㄔㄨˋ,,一字多音-字典檔_marked.xlsx,,字典明列詞例或依同一詞義建立的完整詞語規則,,
D-EX-007,100,exact,處,益處,ㄔㄨˋ,,一字多音-字典檔_marked.xlsx,,字典明列詞例或依同一詞義建立的完整詞語規則,,
D-EX-008,100,exact,長,成長,ㄓㄤˇ,,一字多音-字典檔_marked.xlsx,,字典明列詞例或依同一詞義建立的完整詞語規則,,
D-EX-009,100,exact,長,生長,ㄓㄤˇ,,一字多音-字典檔_marked.xlsx,,字典明列詞例或依同一詞義建立的完整詞語規則,,
D-EX-010,100,exact,長,長大,ㄓㄤˇ,,一字多音-字典檔_marked.xlsx,,字典明列詞例或依同一詞義建立的完整詞語規則,,
D-EX-011,100,exact,長,家長,ㄓㄤˇ,,一字多音-字典檔_marked.xlsx,,字典明列詞例或依同一詞義建立的完整詞語規則,,
D-EX-012,100,exact,長,首長,ㄓㄤˇ,,一字多音-字典檔_marked.xlsx,,字典明列詞例或依同一詞義建立的完整詞語規則,,
D-EX-013,100,exact,長,長期,ㄔㄤˊ,,一字多音-字典檔_marked.xlsx,,字典明列詞例或依同一詞義建立的完整詞語規則,,
D-EX-014,100,exact,長,延長,ㄔㄤˊ,,一字多音-字典檔_marked.xlsx,,字典明列詞例或依同一詞義建立的完整詞語規則,,
D-EX-015,100,exact,長,長度,ㄔㄤˊ,,一字多音-字典檔_marked.xlsx,,字典明列詞例或依同一詞義建立的完整詞語規則,,
D-EX-016,100,exact,長,長短,ㄔㄤˊ,,一字多音-字典檔_marked.xlsx,,字典明列詞例或依同一詞義建立的完整詞語規則,,
D-EX-017,100,exact,長,長久,ㄔㄤˊ,,一字多音-字典檔_marked.xlsx,,字典明列詞例或依同一詞義建立的完整詞語規則,,
D-EX-018,100,exact,行,行動,ㄒㄧㄥˊ,,一字多音-字典檔_marked.xlsx,,字典明列詞例或依同一詞義建立的完整詞語規則,,
D-EX-019,100,exact,行,進行,ㄒㄧㄥˊ,,一字多音-字典檔_marked.xlsx,,字典明列詞例或依同一詞義建立的完整詞語規則,,
D-EX-020,100,exact,行,行走,ㄒㄧㄥˊ,,一字多音-字典檔_marked.xlsx,,字典明列詞例或依同一詞義建立的完整詞語規則,,
D-EX-021,100,exact,行,執行,ㄒㄧㄥˊ,,一字多音-字典檔_marked.xlsx,,字典明列詞例或依同一詞義建立的完整詞語規則,,
D-EX-022,100,exact,行,舉行,ㄒㄧㄥˊ,,一字多音-字典檔_marked.xlsx,,字典明列詞例或依同一詞義建立的完整詞語規則,,
D-EX-023,100,exact,行,行進,ㄒㄧㄥˊ,,一字多音-字典檔_marked.xlsx,,字典明列詞例或依同一詞義建立的完整詞語規則,,
D-EX-024,100,exact,行,行為,ㄒㄧㄥˊ,,一字多音-字典檔_marked.xlsx,,字典明列詞例或依同一詞義建立的完整詞語規則,,
D-EX-025,100,exact,行,銀行,ㄏㄤˊ,,一字多音-字典檔_marked.xlsx,,字典明列詞例或依同一詞義建立的完整詞語規則,,
D-EX-026,100,exact,行,行業,ㄏㄤˊ,,一字多音-字典檔_marked.xlsx,,字典明列詞例或依同一詞義建立的完整詞語規則,,
D-EX-027,100,exact,行,行列,ㄏㄤˊ,,一字多音-字典檔_marked.xlsx,,字典明列詞例或依同一詞義建立的完整詞語規則,,
D-EX-028,100,exact,行,行家,ㄏㄤˊ,,一字多音-字典檔_marked.xlsx,,字典明列詞例或依同一詞義建立的完整詞語規則,,
D-EX-029,100,exact,分,分類,ㄈㄣ,,一字多音-字典檔_marked.xlsx,,字典明列詞例或依同一詞義建立的完整詞語規則,,
D-EX-030,100,exact,分,分析,ㄈㄣ,,一字多音-字典檔_marked.xlsx,,字典明列詞例或依同一詞義建立的完整詞語規則,,
D-EX-031,100,exact,分,分享,ㄈㄣ,,一字多音-字典檔_marked.xlsx,,字典明列詞例或依同一詞義建立的完整詞語規則,,
D-EX-032,100,exact,分,分成,ㄈㄣ,,一字多音-字典檔_marked.xlsx,,字典明列詞例或依同一詞義建立的完整詞語規則,,
D-EX-033,100,exact,分,分為,ㄈㄣ,,一字多音-字典檔_marked.xlsx,,字典明列詞例或依同一詞義建立的完整詞語規則,,
D-EX-034,100,exact,分,分鐘,ㄈㄣ,,一字多音-字典檔_marked.xlsx,,字典明列詞例或依同一詞義建立的完整詞語規則,,
D-EX-035,100,exact,分,分工,ㄈㄣ,,一字多音-字典檔_marked.xlsx,,字典明列詞例或依同一詞義建立的完整詞語規則,,
D-EX-036,100,exact,分,分配,ㄈㄣ,,一字多音-字典檔_marked.xlsx,,字典明列詞例或依同一詞義建立的完整詞語規則,,
D-EX-037,100,exact,分,成分,ㄈㄣˋ,,一字多音-字典檔_marked.xlsx,,字典明列詞例或依同一詞義建立的完整詞語規則,,
D-EX-038,100,exact,分,部分,ㄈㄣˋ,,一字多音-字典檔_marked.xlsx,,字典明列詞例或依同一詞義建立的完整詞語規則,,
D-EX-039,100,exact,分,本分,ㄈㄣˋ,,一字多音-字典檔_marked.xlsx,,字典明列詞例或依同一詞義建立的完整詞語規則,,
D-EX-040,100,exact,分,分外,ㄈㄣˋ,,一字多音-字典檔_marked.xlsx,,字典明列詞例或依同一詞義建立的完整詞語規則,,
D-EX-041,100,exact,分,身分,ㄈㄣˋ,,一字多音-字典檔_marked.xlsx,,字典明列詞例或依同一詞義建立的完整詞語規則,,
D-EX-042,100,exact,種,一種,ㄓㄨㄥˇ,,一字多音-字典檔_marked.xlsx,,字典明列詞例或依同一詞義建立的完整詞語規則,,
D-EX-043,100,exact,種,三種,ㄓㄨㄥˇ,,一字多音-字典檔_marked.xlsx,,字典明列詞例或依同一詞義建立的完整詞語規則,,
D-EX-044,100,exact,種,各種,ㄓㄨㄥˇ,,一字多音-字典檔_marked.xlsx,,字典明列詞例或依同一詞義建立的完整詞語規則,,
D-EX-045,100,exact,種,哪一種,ㄓㄨㄥˇ,,一字多音-字典檔_marked.xlsx,,字典明列詞例或依同一詞義建立的完整詞語規則,,
D-EX-046,100,exact,種,種類,ㄓㄨㄥˇ,,一字多音-字典檔_marked.xlsx,,字典明列詞例或依同一詞義建立的完整詞語規則,,
D-EX-047,100,exact,種,種子,ㄓㄨㄥˇ,,一字多音-字典檔_marked.xlsx,,字典明列詞例或依同一詞義建立的完整詞語規則,,
D-EX-048,100,exact,種,種田,ㄓㄨㄥˋ,,一字多音-字典檔_marked.xlsx,,字典明列詞例或依同一詞義建立的完整詞語規則,,
D-EX-049,100,exact,種,接種,ㄓㄨㄥˋ,,一字多音-字典檔_marked.xlsx,,字典明列詞例或依同一詞義建立的完整詞語規則,,
D-EX-050,100,exact,與,參與,ㄩˋ,,一字多音-字典檔_marked.xlsx,,字典明列詞例或依同一詞義建立的完整詞語規則,,
D-EX-051,100,exact,與,與家人,ㄩˇ,,一字多音-字典檔_marked.xlsx,,字典明列詞例或依同一詞義建立的完整詞語規則,,
D-EX-052,100,exact,與,與同學,ㄩˇ,,一字多音-字典檔_marked.xlsx,,字典明列詞例或依同一詞義建立的完整詞語規則,,
D-EX-053,100,exact,與,與大家,ㄩˇ,,一字多音-字典檔_marked.xlsx,,字典明列詞例或依同一詞義建立的完整詞語規則,,
D-EX-054,100,exact,應,反應,ㄧㄥˋ,,一字多音-字典檔_marked.xlsx,,字典明列詞例或依同一詞義建立的完整詞語規則,,
D-EX-055,100,exact,應,應變,ㄧㄥˋ,,一字多音-字典檔_marked.xlsx,,字典明列詞例或依同一詞義建立的完整詞語規則,,
D-EX-056,100,exact,應,報應,ㄧㄥˋ,,一字多音-字典檔_marked.xlsx,,字典明列詞例或依同一詞義建立的完整詞語規則,,
D-EX-057,100,exact,應,應對,ㄧㄥˋ,,一字多音-字典檔_marked.xlsx,,字典明列詞例或依同一詞義建立的完整詞語規則,,
D-EX-058,100,exact,應,應驗,ㄧㄥˋ,,一字多音-字典檔_marked.xlsx,,字典明列詞例或依同一詞義建立的完整詞語規則,,
D-EX-059,100,exact,應,應該,ㄧㄥ,,一字多音-字典檔_marked.xlsx,,字典明列詞例或依同一詞義建立的完整詞語規則,,
D-EX-060,100,exact,應,應立即,ㄧㄥ,,一字多音-字典檔_marked.xlsx,,字典明列詞例或依同一詞義建立的完整詞語規則,,
D-EX-061,100,exact,應,應使用,ㄧㄥ,,一字多音-字典檔_marked.xlsx,,字典明列詞例或依同一詞義建立的完整詞語規則,,
D-EX-062,100,exact,應,應包含,ㄧㄥ,,一字多音-字典檔_marked.xlsx,,字典明列詞例或依同一詞義建立的完整詞語規則,,
D-EX-063,100,exact,著,著火,ㄓㄠˊ,,一字多音-字典檔_marked.xlsx,,字典明列詞例或依同一詞義建立的完整詞語規則,,
D-EX-064,100,exact,著,看著,˙ㄓㄜ,,一字多音-字典檔_marked.xlsx,,字典明列詞例或依同一詞義建立的完整詞語規則,,
D-EX-065,100,exact,著,躺著,˙ㄓㄜ,,一字多音-字典檔_marked.xlsx,,字典明列詞例或依同一詞義建立的完整詞語規則,,
D-EX-066,100,exact,著,牽著,˙ㄓㄜ,,一字多音-字典檔_marked.xlsx,,字典明列詞例或依同一詞義建立的完整詞語規則,,
D-EX-067,100,exact,著,接著,˙ㄓㄜ,,一字多音-字典檔_marked.xlsx,,字典明列詞例或依同一詞義建立的完整詞語規則,,
D-EX-068,100,exact,著,拉著,˙ㄓㄜ,,一字多音-字典檔_marked.xlsx,,字典明列詞例或依同一詞義建立的完整詞語規則,,
D-EX-069,100,exact,著,靠著,˙ㄓㄜ,,一字多音-字典檔_marked.xlsx,,字典明列詞例或依同一詞義建立的完整詞語規則,,
D-EX-070,100,exact,著,急著,˙ㄓㄜ,,一字多音-字典檔_marked.xlsx,,字典明列詞例或依同一詞義建立的完整詞語規則,,
D-EX-071,100,exact,著,洋溢著,˙ㄓㄜ,,一字多音-字典檔_marked.xlsx,,字典明列詞例或依同一詞義建立的完整詞語規則,,
D-EX-072,100,exact,兒,兒童,ㄦˊ,,一字多音-字典檔_marked.xlsx,,字典明列詞例或依同一詞義建立的完整詞語規則,,
D-EX-073,100,exact,兒,育兒,ㄦˊ,,一字多音-字典檔_marked.xlsx,,字典明列詞例或依同一詞義建立的完整詞語規則,,
D-EX-074,100,exact,兒,兒子,ㄦˊ,,一字多音-字典檔_marked.xlsx,,字典明列詞例或依同一詞義建立的完整詞語規則,,
D-EX-075,100,exact,教,教育,ㄐㄧㄠˋ,,一字多音-字典檔_marked.xlsx,,字典明列詞例或依同一詞義建立的完整詞語規則,,
D-EX-076,100,exact,教,教材,ㄐㄧㄠˋ,,一字多音-字典檔_marked.xlsx,,字典明列詞例或依同一詞義建立的完整詞語規則,,
D-EX-077,100,exact,教,教室,ㄐㄧㄠˋ,,一字多音-字典檔_marked.xlsx,,字典明列詞例或依同一詞義建立的完整詞語規則,,
D-EX-078,100,exact,教,指教,ㄐㄧㄠˋ,,一字多音-字典檔_marked.xlsx,,字典明列詞例或依同一詞義建立的完整詞語規則,,
D-EX-079,100,exact,教,戶外教學,ㄐㄧㄠˋ,,一字多音-字典檔_marked.xlsx,,字典明列詞例或依同一詞義建立的完整詞語規則,,
D-EX-080,100,exact,教,教書,ㄐㄧㄠ,,一字多音-字典檔_marked.xlsx,,字典明列詞例或依同一詞義建立的完整詞語規則,,
D-EX-081,100,exact,教,教學生,ㄐㄧㄠ,,一字多音-字典檔_marked.xlsx,,字典明列詞例或依同一詞義建立的完整詞語規則,,
D-EX-082,100,exact,教,教寫字,ㄐㄧㄠ,,一字多音-字典檔_marked.xlsx,,字典明列詞例或依同一詞義建立的完整詞語規則,,
D-EX-083,100,exact,教,教唱,ㄐㄧㄠ,,一字多音-字典檔_marked.xlsx,,字典明列詞例或依同一詞義建立的完整詞語規則,,
D-EX-084,100,exact,肚,肚子,ㄉㄨˋ,,一字多音-字典檔_marked.xlsx,,字典明列詞例或依同一詞義建立的完整詞語規則,,
D-EX-085,100,exact,肚,肚臍,ㄉㄨˋ,,一字多音-字典檔_marked.xlsx,,字典明列詞例或依同一詞義建立的完整詞語規則,,
D-EX-086,100,exact,肚,肚皮,ㄉㄨˋ,,一字多音-字典檔_marked.xlsx,,字典明列詞例或依同一詞義建立的完整詞語規則,,
D-EX-087,100,exact,肚,毛肚,ㄉㄨˇ,,一字多音-字典檔_marked.xlsx,,字典明列詞例或依同一詞義建立的完整詞語規則,,
D-EX-088,100,exact,肚,羊肚,ㄉㄨˇ,,一字多音-字典檔_marked.xlsx,,字典明列詞例或依同一詞義建立的完整詞語規則,,
D-EX-089,100,exact,沒,沒有,ㄇㄟˊ,,一字多音-字典檔_marked.xlsx,,字典明列詞例或依同一詞義建立的完整詞語規則,,
D-EX-090,100,exact,沒,沒用,ㄇㄟˊ,,一字多音-字典檔_marked.xlsx,,字典明列詞例或依同一詞義建立的完整詞語規則,,
D-EX-091,100,exact,沒,沉沒,ㄇㄛˋ,,一字多音-字典檔_marked.xlsx,,字典明列詞例或依同一詞義建立的完整詞語規則,,
D-EX-092,100,exact,沒,沒收,ㄇㄛˋ,,一字多音-字典檔_marked.xlsx,,字典明列詞例或依同一詞義建立的完整詞語規則,,
D-EX-093,100,exact,覺,睡覺,ㄐㄧㄠˋ,,一字多音-字典檔_marked.xlsx,,字典明列詞例或依同一詞義建立的完整詞語規則,,
D-EX-094,100,exact,覺,午覺,ㄐㄧㄠˋ,,一字多音-字典檔_marked.xlsx,,字典明列詞例或依同一詞義建立的完整詞語規則,,
D-EX-095,100,exact,覺,感覺,ㄐㄩㄝˊ,,一字多音-字典檔_marked.xlsx,,字典明列詞例或依同一詞義建立的完整詞語規則,,
D-EX-096,100,exact,覺,覺得,ㄐㄩㄝˊ,,一字多音-字典檔_marked.xlsx,,字典明列詞例或依同一詞義建立的完整詞語規則,,
D-EX-097,100,exact,好,好奇,ㄏㄠˋ,,一字多音-字典檔_marked.xlsx,,字典明列詞例或依同一詞義建立的完整詞語規則,,
D-EX-098,100,exact,好,好學,ㄏㄠˋ,,一字多音-字典檔_marked.xlsx,,字典明列詞例或依同一詞義建立的完整詞語規則,,
D-EX-099,100,exact,好,愛好,ㄏㄠˋ,,一字多音-字典檔_marked.xlsx,,字典明列詞例或依同一詞義建立的完整詞語規則,,
D-EX-100,100,exact,好,嗜好,ㄏㄠˋ,,一字多音-字典檔_marked.xlsx,,字典明列詞例或依同一詞義建立的完整詞語規則,,
D-EX-101,100,exact,參,參加,ㄘㄢ,,一字多音-字典檔_marked.xlsx,,字典明列詞例或依同一詞義建立的完整詞語規則,,
D-EX-102,100,exact,參,參訪,ㄘㄢ,,一字多音-字典檔_marked.xlsx,,字典明列詞例或依同一詞義建立的完整詞語規則,,
D-EX-103,100,exact,參,參賽,ㄘㄢ,,一字多音-字典檔_marked.xlsx,,字典明列詞例或依同一詞義建立的完整詞語規則,,
D-EX-104,100,exact,參,參考,ㄘㄢ,,一字多音-字典檔_marked.xlsx,,字典明列詞例或依同一詞義建立的完整詞語規則,,
D-EX-105,100,exact,參,人參,ㄕㄣ,,一字多音-字典檔_marked.xlsx,,字典明列詞例或依同一詞義建立的完整詞語規則,,
D-EX-106,100,exact,參,參差,ㄘㄣ,,一字多音-字典檔_marked.xlsx,,字典明列詞例或依同一詞義建立的完整詞語規則,,
D-EX-107,100,exact,少,少年,ㄕㄠˋ,,一字多音-字典檔_marked.xlsx,,字典明列詞例或依同一詞義建立的完整詞語規則,,
D-EX-108,100,exact,少,少女,ㄕㄠˋ,,一字多音-字典檔_marked.xlsx,,字典明列詞例或依同一詞義建立的完整詞語規則,,
D-EX-109,100,exact,少,少校,ㄕㄠˋ,,一字多音-字典檔_marked.xlsx,,字典明列詞例或依同一詞義建立的完整詞語規則,,
D-EX-110,100,exact,還,還給,ㄏㄨㄢˊ,,一字多音-字典檔_marked.xlsx,,字典明列詞例或依同一詞義建立的完整詞語規則,,
D-EX-111,100,exact,還,歸還,ㄏㄨㄢˊ,,一字多音-字典檔_marked.xlsx,,字典明列詞例或依同一詞義建立的完整詞語規則,,
D-EX-112,100,exact,還,還原,ㄏㄨㄢˊ,,一字多音-字典檔_marked.xlsx,,字典明列詞例或依同一詞義建立的完整詞語規則,,
D-EX-113,100,exact,還,還錢,ㄏㄨㄢˊ,,一字多音-字典檔_marked.xlsx,,字典明列詞例或依同一詞義建立的完整詞語規則,,
D-DEF-001,50,default,的,,˙ㄉㄜ,的確;標的;目的,一字多音-字典檔_marked.xlsx,,結構助詞為常態；完整詞例例外先排除,,
D-DEF-002,50,default,們,,˙ㄇㄣ,圖們江,一字多音-字典檔_marked.xlsx,,人稱複數詞尾；河川名例外,,
D-DEF-003,50,default,有,,ㄧㄡˇ,十有五,一字多音-字典檔_marked.xlsx,,現代白話常用音；古文「有=又」例外,,
D-DEF-004,50,default,會,,ㄏㄨㄟˋ,會計;一會兒;會稽,一字多音-字典檔_marked.xlsx,,現代一般用音，先排除固定異讀詞,,
D-DEF-005,50,default,可,,ㄎㄜˇ,可汗,一字多音-字典檔_marked.xlsx,,一般用音，限讀詞例外,,
D-DEF-006,50,default,家,,ㄐㄧㄚ,阿家;大家,一字多音-字典檔_marked.xlsx,,一般用音；「大家」具古義歧讀，保守留待,,
D-DEF-007,50,default,要,,ㄧㄠˋ,摘要;要求;要功;要挾,一字多音-字典檔_marked.xlsx,,一般「需要/必要/將要」類；排除ㄧㄠ詞,,
D-DEF-008,50,default,合,,ㄏㄜˊ,公合;朝升暮合,一字多音-字典檔_marked.xlsx,,一般用音，古量詞例外,,
D-DEF-009,50,default,作,,ㄗㄨㄛˋ,作摩;作料,一字多音-字典檔_marked.xlsx,,一般用音，少數詞例外,,
D-DEF-010,50,default,大,,ㄉㄚˋ,大夫,一字多音-字典檔_marked.xlsx,,一般用音；「大夫」需另判詞義,,
D-DEF-011,50,default,來,,ㄌㄞˊ,,一字多音-字典檔_marked.xlsx,,一般現代用音,,
D-DEF-012,50,default,了,,˙ㄌㄜ,了解;了結;明了;了然;了不起,一字多音-字典檔_marked.xlsx,,語氣/動態助詞；實義ㄌㄧㄠˇ詞先排除,,
D-DEF-013,50,default,跑,,ㄆㄠˇ,虎跑泉,一字多音-字典檔_marked.xlsx,,一般跑步義；地名/古義例外,,
D-DEF-014,50,default,不,,ㄅㄨˋ；ㄅㄨˊ,,一字多音-字典檔_marked.xlsx,,專案字典基準音為ㄅㄨˋ；教材可能標示語流變調ㄅㄨˊ。未能安全解析後字時兩者均接受，避免跨冊版式造成假警報。,,
D-DEF-015,50,default,身,,ㄕㄣ,身毒,一字多音-字典檔_marked.xlsx,,一般用音，古國名例外,,
D-DEF-016,50,default,方,,ㄈㄤ,,一字多音-字典檔_marked.xlsx,,現代一般用音,,
D-DEF-017,50,default,上,,ㄕㄤˋ,上聲,一字多音-字典檔_marked.xlsx,,一般方位/動作義；聲調術語例外,,
D-DEF-018,50,default,傳,,ㄔㄨㄢˊ,傳記;左傳,一字多音-字典檔_marked.xlsx,,傳遞義；書名/傳記義例外,,
D-DEF-019,50,default,請,,ㄑㄧㄥˇ,朝請,一字多音-字典檔_marked.xlsx,,現代一般用音,,
D-DEF-020,50,default,間,,ㄐㄧㄢ,離間;間不容髮;間諜;間斷;間或;間隙;間接;間隔,一字多音-字典檔_marked.xlsx,,空間/時間義常用音；ㄐㄧㄢˋ詞先排除,,
D-DEF-021,50,default,同,,ㄊㄨㄥˊ,胡同,一字多音-字典檔_marked.xlsx,,一般用音,,
D-DEF-022,50,default,都,,ㄉㄡ,首都;都市;都會;京都;國都,一字多音-字典檔_marked.xlsx,,副詞「全部」；城市義先排除,,
D-DEF-023,50,default,便,,ㄅㄧㄢˋ,便宜;便給,一字多音-字典檔_marked.xlsx,,一般便利/排便/即義；異讀詞排除,,
D-DEF-024,50,default,戲,,ㄒㄧˋ,於戲,一字多音-字典檔_marked.xlsx,,現代一般用音,,
D-DEF-025,50,default,化,,ㄏㄨㄚˋ,叫化子,一字多音-字典檔_marked.xlsx,,現代一般用音,,
D-DEF-026,50,default,地,,ㄉㄧˋ,,一字多音-字典檔_marked.xlsx,,專案規則：國小教材結構助詞「地」改作「的」，因此保留的「地」按實詞處理,,
D-DEF-027,50,default,內,,ㄋㄟˋ,,一字多音-字典檔_marked.xlsx,,現代一般用音,,
D-DEF-028,50,default,將,,ㄐㄧㄤ,上將;名將;將領;勇將;將兵,一字多音-字典檔_marked.xlsx,,一般助動/動詞與將軍音；軍階人物義先排除,,
D-DEF-029,50,default,度,,ㄉㄨˋ,,一字多音-字典檔_marked.xlsx,,現代一般用音,,
D-DEF-030,50,default,看,,ㄎㄢˋ,看門;看守;看護;看押,一字多音-字典檔_marked.xlsx,,一般觀看/試看義；看守義例外,,
D-DEF-031,50,default,法,,ㄈㄚˇ,法子,一字多音-字典檔_marked.xlsx,,一般用音；限讀詞保守排除,,
D-DEF-032,50,default,原,,ㄩㄢˊ,,一字多音-字典檔_marked.xlsx,,現代一般用音,,
D-DEF-033,50,default,排,,ㄆㄞˊ,排子車,一字多音-字典檔_marked.xlsx,,一般用音,,
D-DEF-034,50,default,氣,,ㄑㄧˋ,,一字多音-字典檔_marked.xlsx,,現代一般用音,,
D-DEF-035,50,default,與,,ㄩˇ,參與,一字多音-字典檔_marked.xlsx,,連詞/介詞一般讀音；參與另有明確規則,,
D-DEF-036,50,default,重,,ㄓㄨㄥˋ,重複;重新;重來;重疊;重返;重圍;重組,一字多音-字典檔_marked.xlsx,,重量/重要義；再次義先排除,,
D-DEF-037,50,default,隊,,ㄉㄨㄟˋ,,一字多音-字典檔_marked.xlsx,,現代一般用音,,
D-DEF-038,50,default,些,,ㄒㄧㄝ,,一字多音-字典檔_marked.xlsx,,現代一般用音,,
D-DEF-039,50,default,哪,,ㄋㄚˇ,哪吒,一字多音-字典檔_marked.xlsx,,疑問代詞一般用音,,
D-DEF-040,50,default,免,,ㄇㄧㄢˇ,,一字多音-字典檔_marked.xlsx,,現代一般用音,,
D-DEF-041,50,default,比,,ㄅㄧˇ,,一字多音-字典檔_marked.xlsx,,現代一般用音,,
D-DEF-042,50,default,期,,ㄑㄧˊ,,一字多音-字典檔_marked.xlsx,,現代一般用音,,
D-DEF-043,50,default,阿,,ㄚ,阿房宮,一字多音-字典檔_marked.xlsx,,人名前綴一般用音,,
D-DEF-044,50,default,其,,ㄑㄧˊ,,一字多音-字典檔_marked.xlsx,,現代一般用音,,
D-DEF-045,50,default,報,,ㄅㄠˋ,,一字多音-字典檔_marked.xlsx,,現代一般用音,,
D-DEF-046,50,default,正,,ㄓㄥˋ,正月,一字多音-字典檔_marked.xlsx,,一般正確/正向義；正月例外,,
D-DEF-047,50,default,觀,,ㄍㄨㄢ,道觀,一字多音-字典檔_marked.xlsx,,觀看/觀察義；宗教建築例外,,
D-DEF-048,50,default,說,,ㄕㄨㄛ,遊說;說客,一字多音-字典檔_marked.xlsx,,一般說話義；勸說義例外,,
D-DEF-049,50,default,包,,ㄅㄠ,,一字多音-字典檔_marked.xlsx,,現代一般用音,,
D-DEF-050,50,default,兩,,ㄌㄧㄤˇ,,一字多音-字典檔_marked.xlsx,,現代一般用音,,
D-DEF-051,50,default,各,,ㄍㄜˋ,,一字多音-字典檔_marked.xlsx,,現代一般用音,,
D-DEF-052,50,default,還,,ㄏㄞˊ,歸還;還給;還錢;還原;償還;還書;還款,一字多音-字典檔_marked.xlsx,,副詞「仍/又」一般音；返還義先排除,,
D-DEF-053,50,default,校,,ㄒㄧㄠˋ,校對;校閱;校量;校訂;校勘,一字多音-字典檔_marked.xlsx,,學校義一般音；校核義先排除,,
D-DEF-054,50,default,給,,ㄍㄟˇ,給予;給與;供給;補給;配給;給假;自給自足;職務加給,一字多音-字典檔_marked.xlsx,,口語授受義一般音；專案明列ㄐㄧˇ詞排除,,
D-DEF-055,50,default,背,,ㄅㄟˋ,背包;背黑鍋;背書包;背太重;背法;輪流背;背右肩;背左肩,一字多音-字典檔_marked.xlsx,,背部/背面/違背義常用音；背負詞先排除；v3.4 盲測：背書包=背+書包，列入背負義排除。；v3.7：新增背負義句境排除，避免背部義預設跨詞誤判。,,
D-DEF-056,50,default,教,,ㄐㄧㄠˋ,教書;教學生;教寫字;教唱,一字多音-字典檔_marked.xlsx,,專案2.4：一般教育/名詞與多數詞讀ㄐㄧㄠˋ；白話單用傳授動詞例外,,
D-DEF-057,50,default,應,,ㄧㄥ,反應;報應;應對;應驗;回應;響應;應變,一字多音-字典檔_marked.xlsx,,應該/應當義；回應反應類例外,,
D-DEF-058,50,default,中,,ㄓㄨㄥ,中的;中毒;中聽;中肯;中意;中看不中用;中獎;命中;射中;擊中,一字多音-字典檔_marked.xlsx,,中央/其中/位置中等一般音；為避免「阿中的」跨詞誤判，中的整體排除,,
D-DEF-059,50,default,參,,ㄘㄢ,人參;參差;參商;參宿,一字多音-字典檔_marked.xlsx,,參加/參與/參考義一般音,,
D-DEF-060,50,default,少,,ㄕㄠˇ,少年;少女;少爺;少校,一字多音-字典檔_marked.xlsx,,數量少義；年少義例外,,
D-DEF-061,50,default,更,,ㄍㄥˋ,更改;更正;更換;更新;更迭;更衣,一字多音-字典檔_marked.xlsx,,程度增加義；變更義例外,,
MOE-QIANGJING,150,exact,勁,強勁,ㄐㄧㄥˋ,,教育部《重編國語辭典修訂本》,https://dict.revised.moe.edu.tw/dictView.jsp?ID=101756&la=0&powerMode=0,完整詞條直接列音 ㄑㄧㄤˊ ㄐㄧㄥˋ,,
V13-DEF-001,55,default,過,,ㄍㄨㄛˋ,,一字多音-字典檔_marked.xlsx,,依專案字典之現代常用音與明列例外建立；命中例外時不套用。,,
V13-DEF-002,55,default,區,,ㄑㄩ,區脫,一字多音-字典檔_marked.xlsx,,依專案字典之現代常用音與明列例外建立；命中例外時不套用。,,
V13-DEF-003,55,default,個,,ㄍㄜˋ；˙ㄍㄜ,自個兒,一字多音-字典檔_marked.xlsx,,個作一般量詞時教材可標本調ㄍㄜˋ或口語輕聲˙ㄍㄜ；詞彙性個人／個性等由較高優先完整詞條處理。,,
V13-DEF-004,55,default,單,,ㄉㄢ,單縣;單于,一字多音-字典檔_marked.xlsx,,依專案字典之現代常用音與明列例外建立；命中例外時不套用。,,
V13-DEF-005,55,default,事,,ㄕˋ,,一字多音-字典檔_marked.xlsx,,依專案字典之現代常用音與明列例外建立；命中例外時不套用。,,
V13-DEF-006,55,default,解,,ㄐㄧㄝˇ,解元;押解,一字多音-字典檔_marked.xlsx,,依專案字典之現代常用音與明列例外建立；命中例外時不套用。,,
V13-DEF-007,55,default,趣,,ㄑㄩˋ,,一字多音-字典檔_marked.xlsx,,依專案字典之現代常用音與明列例外建立；命中例外時不套用。,,
V13-DEF-008,55,default,射,,ㄕㄜˋ,射干;僕射;姑射山;無射,一字多音-字典檔_marked.xlsx,,依專案字典之現代常用音與明列例外建立；命中例外時不套用。,,
V13-DEF-009,55,default,從,,ㄘㄨㄥˊ,侍從;從犯;從兄弟;從容,一字多音-字典檔_marked.xlsx,,依專案字典之現代常用音與明列例外建立；命中例外時不套用。,,
V13-DEF-010,55,default,食,,ㄕˊ,簞食;食人;酈食其,一字多音-字典檔_marked.xlsx,,依專案字典之現代常用音與明列例外建立；命中例外時不套用。,,
V13-DEF-011,55,default,於,,ㄩˊ,於菟;於戲,一字多音-字典檔_marked.xlsx,,依專案字典之現代常用音與明列例外建立；命中例外時不套用。,,
V13-DEF-012,55,default,嗎,,˙ㄇㄚ,嗎啡,一字多音-字典檔_marked.xlsx,,依專案字典之現代常用音與明列例外建立；命中例外時不套用。,,
V13-DEF-013,55,default,衣,,ㄧ,衣錦還鄉,一字多音-字典檔_marked.xlsx,,依專案字典之現代常用音與明列例外建立；命中例外時不套用。,,
V13-DEF-014,55,default,責,,ㄗㄜˊ,,一字多音-字典檔_marked.xlsx,,依專案字典之現代常用音與明列例外建立；命中例外時不套用。,,
V13-DEF-015,55,default,何,,ㄏㄜˊ,,一字多音-字典檔_marked.xlsx,,依專案字典之現代常用音與明列例外建立；命中例外時不套用。,,
V13-DEF-016,55,default,達,,ㄉㄚˊ,,一字多音-字典檔_marked.xlsx,,依專案字典之現代常用音與明列例外建立；命中例外時不套用。,,
V13-DEF-017,55,default,無,,ㄨˊ,南無,一字多音-字典檔_marked.xlsx,,依專案字典之現代常用音與明列例外建立；命中例外時不套用。,,
V13-DEF-018,55,default,足,,ㄗㄨˊ,足恭,一字多音-字典檔_marked.xlsx,,依專案字典之現代常用音與明列例外建立；命中例外時不套用。,,
V13-DEF-019,55,default,適,,ㄕˋ,適孫,一字多音-字典檔_marked.xlsx,,依專案字典之現代常用音與明列例外建立；命中例外時不套用。,,
V13-DEF-020,55,default,任,,ㄖㄣˋ,,一字多音-字典檔_marked.xlsx,,依專案字典之現代常用音與明列例外建立；命中例外時不套用。,,
V13-DEF-021,55,default,日,,ㄖˋ,金日磾,一字多音-字典檔_marked.xlsx,,依專案字典之現代常用音與明列例外建立；命中例外時不套用。,,
V13-DEF-022,55,default,被,,ㄅㄟˋ,,一字多音-字典檔_marked.xlsx,,依專案字典之現代常用音與明列例外建立；命中例外時不套用。,,
V13-DEF-023,55,default,田,,ㄊㄧㄢˊ,,一字多音-字典檔_marked.xlsx,,依專案字典之現代常用音與明列例外建立；命中例外時不套用。,,
V13-DEF-024,55,default,提,,ㄊㄧˊ,朱提,一字多音-字典檔_marked.xlsx,,依專案字典之現代常用音與明列例外建立；命中例外時不套用。,,
V13-DEF-025,55,default,色,,ㄙㄜˋ,色子,一字多音-字典檔_marked.xlsx,,依專案字典之現代常用音與明列例外建立；命中例外時不套用。,,
V13-DEF-026,55,default,答,,ㄉㄚˊ,答應;羞答答,一字多音-字典檔_marked.xlsx,,依專案字典之現代常用音與明列例外建立；命中例外時不套用。,,
V13-DEF-027,55,default,搶,,ㄑㄧㄤˇ,搶風;呼天搶地,一字多音-字典檔_marked.xlsx,,依專案字典之現代常用音與明列例外建立；命中例外時不套用。,,
V13-DEF-028,55,default,奇,,ㄑㄧˊ,奇零;奇數,一字多音-字典檔_marked.xlsx,,依專案字典之現代常用音與明列例外建立；命中例外時不套用。,,
V13-DEF-029,55,default,只,,ㄓˇ,,一字多音-字典檔_marked.xlsx,,依專案字典之現代常用音與明列例外建立；命中例外時不套用。,,
V13-DEF-030,55,default,查,,ㄔㄚˊ,,一字多音-字典檔_marked.xlsx,,依專案字典之現代常用音與明列例外建立；命中例外時不套用。,,
V13-DEF-031,55,default,否,,ㄈㄡˇ,否卦;否極泰來;臧否,一字多音-字典檔_marked.xlsx,,依專案字典之現代常用音與明列例外建立；命中例外時不套用。,,
V13-DEF-032,55,default,般,,ㄅㄢ,般若;般樂;般桓,一字多音-字典檔_marked.xlsx,,依專案字典之現代常用音與明列例外建立；命中例外時不套用。,,
V13-DEF-033,55,default,幾,,ㄐㄧˇ,幾乎;庶幾,一字多音-字典檔_marked.xlsx,,依專案字典之現代常用音與明列例外建立；命中例外時不套用。,,
V13-DEF-034,55,default,吃,,ㄔ,口吃,一字多音-字典檔_marked.xlsx,,依專案字典之現代常用音與明列例外建立；命中例外時不套用。,,
V13-DEF-035,55,default,陳,,ㄔㄣˊ,,一字多音-字典檔_marked.xlsx,,依專案字典之現代常用音與明列例外建立；命中例外時不套用。,,
V13-DEF-036,55,default,且,,ㄑㄧㄝˇ,,一字多音-字典檔_marked.xlsx,,依專案字典之現代常用音與明列例外建立；命中例外時不套用。,,
V13-DEF-037,55,default,把,,ㄅㄚˇ,刀把兒;槍把,一字多音-字典檔_marked.xlsx,,依專案字典之現代常用音與明列例外建立；命中例外時不套用。,,
V13-DEF-038,55,default,祭,,ㄐㄧˋ,,一字多音-字典檔_marked.xlsx,,依專案字典之現代常用音與明列例外建立；命中例外時不套用。,,
V13-DEF-039,55,default,員,,ㄩㄢˊ,伍員;員員,一字多音-字典檔_marked.xlsx,,依專案字典之現代常用音與明列例外建立；命中例外時不套用。,,
V13-DEF-040,55,default,平,,ㄆㄧㄥˊ,,一字多音-字典檔_marked.xlsx,,依專案字典之現代常用音與明列例外建立；命中例外時不套用。,,
V13-DEF-041,55,default,父,,ㄈㄨˋ,仲父;漁父;尼父,一字多音-字典檔_marked.xlsx,,依專案字典之現代常用音與明列例外建立；命中例外時不套用。,,
V13-DEF-042,55,default,知,,ㄓ,,一字多音-字典檔_marked.xlsx,,依專案字典之現代常用音與明列例外建立；命中例外時不套用。,,
V13-DEF-043,55,default,鮮,,ㄒㄧㄢ,鮮少;鮮有,一字多音-字典檔_marked.xlsx,,依專案字典之現代常用音與明列例外建立；命中例外時不套用。,,
V13-DEF-044,55,default,飲,,ㄧㄣˇ,飲馬;飲犒,一字多音-字典檔_marked.xlsx,,依專案字典之現代常用音與明列例外建立；命中例外時不套用。,,
V13-DEF-045,55,default,乾,,ㄍㄢ,乾卦;乾坤;乾乾,一字多音-字典檔_marked.xlsx,,依專案字典之現代常用音與明列例外建立；命中例外時不套用。,,
V13-DEF-046,55,default,施,,ㄕ,,一字多音-字典檔_marked.xlsx,,依專案字典之現代常用音與明列例外建立；命中例外時不套用。,,
V13-DEF-047,55,default,費,,ㄈㄟˋ,,一字多音-字典檔_marked.xlsx,,依專案字典之現代常用音與明列例外建立；命中例外時不套用。,,
V13-DEF-048,55,default,害,,ㄏㄞˋ,,一字多音-字典檔_marked.xlsx,,依專案字典之現代常用音與明列例外建立；命中例外時不套用。,,
V13-DEF-049,55,default,斜,,ㄒㄧㄝˊ,斜谷,一字多音-字典檔_marked.xlsx,,依專案字典之現代常用音與明列例外建立；命中例外時不套用。,,
V13-DEF-050,55,default,簿,,ㄅㄨˋ,,一字多音-字典檔_marked.xlsx,,依專案字典之現代常用音與明列例外建立；命中例外時不套用。,,
V13-DEF-051,55,default,乘,,ㄔㄥˊ,大乘;史乘;萬乘,一字多音-字典檔_marked.xlsx,,依專案字典之現代常用音與明列例外建立；命中例外時不套用。,,
V13-DEF-052,55,default,衰,,ㄕㄨㄞ,斬衰;趙衰,一字多音-字典檔_marked.xlsx,,依專案字典之現代常用音與明列例外建立；命中例外時不套用。,,
V13-DEF-053,55,default,份,,ㄈㄣˋ,,一字多音-字典檔_marked.xlsx,,依專案字典之現代常用音與明列例外建立；命中例外時不套用。,,
V13-DEF-054,55,default,南,,ㄋㄢˊ,南無,一字多音-字典檔_marked.xlsx,,依專案字典之現代常用音與明列例外建立；命中例外時不套用。,,
V13-DEF-055,55,default,治,,ㄓˋ,,一字多音-字典檔_marked.xlsx,,依專案字典之現代常用音與明列例外建立；命中例外時不套用。,,
V13-DEF-056,55,default,遲,,ㄔˊ,,一字多音-字典檔_marked.xlsx,,依專案字典之現代常用音與明列例外建立；命中例外時不套用。,,
V13-DEF-057,55,default,景,,ㄐㄧㄥˇ,,一字多音-字典檔_marked.xlsx,,依專案字典之現代常用音與明列例外建立；命中例外時不套用。,,
V13-DEF-058,55,default,劃,,ㄏㄨㄚˋ,劃開;劃火柴,一字多音-字典檔_marked.xlsx,,依專案字典之現代常用音與明列例外建立；命中例外時不套用。,,
V13-DEF-059,55,default,石,,ㄕˊ,公石,一字多音-字典檔_marked.xlsx,,依專案字典之現代常用音與明列例外建立；命中例外時不套用。,,
V13-DEF-060,55,default,濟,,ㄐㄧˋ,人才濟濟;濟南,一字多音-字典檔_marked.xlsx,,依專案字典之現代常用音與明列例外建立；命中例外時不套用。,,
V13-DEF-061,55,default,文,,ㄨㄣˊ,文過飾非,一字多音-字典檔_marked.xlsx,,依專案字典之現代常用音與明列例外建立；命中例外時不套用。,,
V13-DEF-062,55,default,扶,,ㄈㄨˊ,,一字多音-字典檔_marked.xlsx,,依專案字典之現代常用音與明列例外建立；命中例外時不套用。,,
V13-DEF-063,55,default,禁,,ㄐㄧㄣˋ,弱不禁風;禁受;禁得起,一字多音-字典檔_marked.xlsx,,依專案字典之現代常用音與明列例外建立；命中例外時不套用。,,
V13-DEF-064,55,default,供,,ㄍㄨㄥ,供品;供奉,一字多音-字典檔_marked.xlsx,,依專案字典之現代常用音與明列例外建立；命中例外時不套用。,,
V13-DEF-065,55,default,強,,ㄑㄧㄤˊ,勉強;強迫;強詞奪理,一字多音-字典檔_marked.xlsx,,依專案字典之現代常用音與明列例外建立；命中例外時不套用。,,
V13-DEF-066,55,default,結,,ㄐㄧㄝˊ,結實;結結巴巴,一字多音-字典檔_marked.xlsx,,依專案字典之現代常用音與明列例外建立；命中例外時不套用。,,
V13-DEF-067,55,default,好,,ㄏㄠˇ,投其所好;好奇;好學;愛好;嗜好;喜好,一字多音-字典檔_marked.xlsx,,依專案字典之現代常用音與明列例外建立；命中例外時不套用。,,
V13-EX-001,105,exact,子,帶子,˙ㄗ,,一字多音-字典檔_marked.xlsx,,依專案字典例詞／備註或明確詞形建立完整詞語規則；不以 PDF 實際音反推。,,
V13-EX-002,105,exact,子,樣子,˙ㄗ,,一字多音-字典檔_marked.xlsx,,依專案字典例詞／備註或明確詞形建立完整詞語規則；不以 PDF 實際音反推。,,
V13-EX-003,105,exact,子,鞋子,˙ㄗ,,一字多音-字典檔_marked.xlsx,,依專案字典例詞／備註或明確詞形建立完整詞語規則；不以 PDF 實際音反推。,,
V13-EX-004,105,exact,子,肚子,˙ㄗ,,一字多音-字典檔_marked.xlsx,,依專案字典例詞／備註或明確詞形建立完整詞語規則；不以 PDF 實際音反推。,,
V13-EX-005,105,exact,子,墊子,˙ㄗ,,一字多音-字典檔_marked.xlsx,,依專案字典例詞／備註或明確詞形建立完整詞語規則；不以 PDF 實際音反推。,,
V13-EX-006,105,exact,子,鼻子,˙ㄗ,,一字多音-字典檔_marked.xlsx,,依專案字典例詞／備註或明確詞形建立完整詞語規則；不以 PDF 實際音反推。,,
V13-EX-007,105,exact,子,鞭子,˙ㄗ,,一字多音-字典檔_marked.xlsx,,依專案字典例詞／備註或明確詞形建立完整詞語規則；不以 PDF 實際音反推。,,
V13-EX-008,105,exact,家,大家一起,ㄐㄧㄚ,,一字多音-字典檔_marked.xlsx,,依專案字典例詞／備註或明確詞形建立完整詞語規則；不以 PDF 實際音反推。,,
V13-EX-009,105,exact,家,大家合力,ㄐㄧㄚ,,一字多音-字典檔_marked.xlsx,,依專案字典例詞／備註或明確詞形建立完整詞語規則；不以 PDF 實際音反推。,,
V13-EX-010,105,exact,家,讓大家,ㄐㄧㄚ,,一字多音-字典檔_marked.xlsx,,依專案字典例詞／備註或明確詞形建立完整詞語規則；不以 PDF 實際音反推。,,
V13-EX-011,105,exact,家,大家可以,ㄐㄧㄚ,,一字多音-字典檔_marked.xlsx,,依專案字典例詞／備註或明確詞形建立完整詞語規則；不以 PDF 實際音反推。,,
V13-EX-012,105,exact,家,希望大家,ㄐㄧㄚ,,一字多音-字典檔_marked.xlsx,,依專案字典例詞／備註或明確詞形建立完整詞語規則；不以 PDF 實際音反推。,,
V13-EX-013,105,exact,家,確保大家,ㄐㄧㄚ,,一字多音-字典檔_marked.xlsx,,依專案字典例詞／備註或明確詞形建立完整詞語規則；不以 PDF 實際音反推。,,
V13-EX-014,105,exact,家,與大家,ㄐㄧㄚ,,一字多音-字典檔_marked.xlsx,,依專案字典例詞／備註或明確詞形建立完整詞語規則；不以 PDF 實際音反推。,,
V13-EX-015,105,exact,家,大家的,ㄐㄧㄚ,,一字多音-字典檔_marked.xlsx,,依專案字典例詞／備註或明確詞形建立完整詞語規則；不以 PDF 實際音反推。,,
V13-EX-016,105,exact,中,阿中,ㄓㄨㄥ,,一字多音-字典檔_marked.xlsx,,依專案字典例詞／備註或明確詞形建立完整詞語規則；不以 PDF 實際音反推。,,
V13-EX-017,105,exact,中,家中,ㄓㄨㄥ,,一字多音-字典檔_marked.xlsx,,依專案字典例詞／備註或明確詞形建立完整詞語規則；不以 PDF 實際音反推。,,
V13-EX-018,105,exact,中,生活中,ㄓㄨㄥ,,一字多音-字典檔_marked.xlsx,,依專案字典例詞／備註或明確詞形建立完整詞語規則；不以 PDF 實際音反推。,,
V13-EX-019,105,exact,中,運動中,ㄓㄨㄥ,,一字多音-字典檔_marked.xlsx,,依專案字典例詞／備註或明確詞形建立完整詞語規則；不以 PDF 實際音反推。,,
V13-EX-020,105,exact,頭,頭部,ㄊㄡˊ,,一字多音-字典檔_marked.xlsx,,依專案字典例詞／備註或明確詞形建立完整詞語規則；不以 PDF 實際音反推。,,
V13-EX-021,105,exact,頭,白頭髮,ㄊㄡˊ,,一字多音-字典檔_marked.xlsx,,依專案字典例詞／備註或明確詞形建立完整詞語規則；不以 PDF 實際音反推。,,
V13-EX-022,105,exact,頭,抬頭,ㄊㄡˊ,,一字多音-字典檔_marked.xlsx,,依專案字典例詞／備註或明確詞形建立完整詞語規則；不以 PDF 實際音反推。,,
V13-EX-023,105,exact,頭,接頭,ㄊㄡˊ,,一字多音-字典檔_marked.xlsx,,依專案字典例詞／備註或明確詞形建立完整詞語規則；不以 PDF 實際音反推。,,
V13-EX-024,105,exact,頭,插頭,ㄊㄡˊ,,一字多音-字典檔_marked.xlsx,,依專案字典例詞／備註或明確詞形建立完整詞語規則；不以 PDF 實際音反推。,,
V13-EX-025,105,exact,相,相隔,ㄒㄧㄤ,,一字多音-字典檔_marked.xlsx,,依專案字典例詞／備註或明確詞形建立完整詞語規則；不以 PDF 實際音反推。,,
V13-EX-026,105,exact,相,相處,ㄒㄧㄤ,,一字多音-字典檔_marked.xlsx,,依專案字典例詞／備註或明確詞形建立完整詞語規則；不以 PDF 實際音反推。,,
V13-EX-027,105,exact,相,相關,ㄒㄧㄤ,,一字多音-字典檔_marked.xlsx,,依專案字典例詞／備註或明確詞形建立完整詞語規則；不以 PDF 實際音反推。,,
V13-EX-028,105,exact,相,互相,ㄒㄧㄤ,,一字多音-字典檔_marked.xlsx,,依專案字典例詞／備註或明確詞形建立完整詞語規則；不以 PDF 實際音反推。,,
V13-EX-029,105,exact,量,力量,ㄌㄧㄤˋ,,一字多音-字典檔_marked.xlsx,,依專案字典例詞／備註或明確詞形建立完整詞語規則；不以 PDF 實際音反推。,,
V13-EX-030,105,exact,量,份量,ㄌㄧㄤˋ,,一字多音-字典檔_marked.xlsx,,依專案字典例詞／備註或明確詞形建立完整詞語規則；不以 PDF 實際音反推。,,
V13-EX-031,105,exact,量,用量,ㄌㄧㄤˋ,,一字多音-字典檔_marked.xlsx,,依專案字典例詞／備註或明確詞形建立完整詞語規則；不以 PDF 實際音反推。,,
V13-EX-032,105,exact,量,大量,ㄌㄧㄤˋ,,一字多音-字典檔_marked.xlsx,,依專案字典例詞／備註或明確詞形建立完整詞語規則；不以 PDF 實際音反推。,,
V13-EX-033,105,exact,量,盡量,ㄌㄧㄤˋ,,一字多音-字典檔_marked.xlsx,,依專案字典例詞／備註或明確詞形建立完整詞語規則；不以 PDF 實際音反推。,,
V13-EX-034,105,exact,量,適量,ㄌㄧㄤˋ,,一字多音-字典檔_marked.xlsx,,依專案字典例詞／備註或明確詞形建立完整詞語規則；不以 PDF 實際音反推。,,
V13-EX-035,105,exact,漸,漸漸長大,ㄐㄧㄢˋ,,一字多音-字典檔_marked.xlsx,,依專案字典例詞／備註或明確詞形建立完整詞語規則；不以 PDF 實際音反推。,,
V13-EX-036,105,exact,漸,漸進,ㄐㄧㄢˋ,,一字多音-字典檔_marked.xlsx,,依專案字典例詞／備註或明確詞形建立完整詞語規則；不以 PDF 實際音反推。,,
V13-EX-037,105,exact,養,營養,ㄧㄤˇ,,一字多音-字典檔_marked.xlsx,,依專案字典例詞／備註或明確詞形建立完整詞語規則；不以 PDF 實際音反推。,,
V13-EX-038,105,exact,養,養成,ㄧㄤˇ,,一字多音-字典檔_marked.xlsx,,依專案字典例詞／備註或明確詞形建立完整詞語規則；不以 PDF 實際音反推。,,
V13-EX-039,105,exact,養,養老,ㄧㄤˋ,,一字多音-字典檔_marked.xlsx,,專案字典明列「養老（奉養老人）」讀ㄧㄤˋ；用來檢查教材是否誤標。,,
V13-EX-040,105,exact,見,見面,ㄐㄧㄢˋ,,一字多音-字典檔_marked.xlsx,,依專案字典例詞／備註或明確詞形建立完整詞語規則；不以 PDF 實際音反推。,,
V13-EX-041,105,exact,見,看見,ㄐㄧㄢˋ,,一字多音-字典檔_marked.xlsx,,依專案字典例詞／備註或明確詞形建立完整詞語規則；不以 PDF 實際音反推。,,
V13-EX-042,105,exact,見,常見,ㄐㄧㄢˋ,,一字多音-字典檔_marked.xlsx,,依專案字典例詞／備註或明確詞形建立完整詞語規則；不以 PDF 實際音反推。,,
V13-EX-043,105,exact,見,請見,ㄐㄧㄢˋ,,一字多音-字典檔_marked.xlsx,,依專案字典例詞／備註或明確詞形建立完整詞語規則；不以 PDF 實際音反推。,,
V13-EX-044,105,exact,當,當人,ㄉㄤ,,一字多音-字典檔_marked.xlsx,,依專案字典例詞／備註或明確詞形建立完整詞語規則；不以 PDF 實際音反推。,,
V13-EX-045,105,exact,當,來當,ㄉㄤ,,一字多音-字典檔_marked.xlsx,,依專案字典例詞／備註或明確詞形建立完整詞語規則；不以 PDF 實際音反推。,,
V13-EX-046,105,exact,當,便當,ㄉㄤ,,一字多音-字典檔_marked.xlsx,,依專案字典例詞／備註或明確詞形建立完整詞語規則；不以 PDF 實際音反推。,,
V13-EX-047,105,exact,當,當天,ㄉㄤ,,一字多音-字典檔_marked.xlsx,,依專案字典例詞／備註或明確詞形建立完整詞語規則；不以 PDF 實際音反推。,,
V13-EX-048,105,exact,為,為了,ㄨㄟˋ,,一字多音-字典檔_marked.xlsx,,依專案字典例詞／備註或明確詞形建立完整詞語規則；不以 PDF 實際音反推。,,
V13-EX-049,105,exact,為,為什麼,ㄨㄟˋ,,一字多音-字典檔_marked.xlsx,,專案字典在「為」ㄨㄟˋ組直接列正字異體「為甚麼」；視為「為什麼」的強異體詞證據，盲測差異應保留為高優先候選。,,strong_variant
V13-EX-050,105,exact,稱,稱為,ㄔㄥ,,一字多音-字典檔_marked.xlsx,,依專案字典例詞／備註或明確詞形建立完整詞語規則；不以 PDF 實際音反推。,,
V13-EX-051,105,exact,繫,聯繫,ㄒㄧˋ,,一字多音-字典檔_marked.xlsx,,依專案字典例詞／備註或明確詞形建立完整詞語規則；不以 PDF 實際音反推。,,
V13-MOE-001,150,exact,數,次數,ㄕㄨˋ,,教育部《重編國語辭典修訂本》,https://dict.revised.moe.edu.tw/dictView.jsp?ID=140768&la=0&powerMode=0,教育部完整詞條直接列音。,,
V13-MOE-002,150,exact,數,人數,ㄕㄨˋ,,教育部《重編國語辭典修訂本》,https://dict.revised.moe.edu.tw/dictView.jsp?ID=135934&la=0&powerMode=0,教育部完整詞條直接列音。,,
V13-MOE-003,150,exact,數,單數,ㄕㄨˋ,,教育部《重編國語辭典修訂本》,https://dict.revised.moe.edu.tw/dictView.jsp?ID=43833&la=0&powerMode=0,教育部完整詞條直接列音。,,
V13-MOE-004,150,exact,數,雙數,ㄕㄨˋ,,教育部《重編國語辭典修訂本》,https://dict.revised.moe.edu.tw/dictView.jsp?ID=134912&la=0&powerMode=0,教育部完整詞條直接列音。,,
V13-MOE-005,150,exact,論,討論,ㄌㄨㄣˋ,,教育部《重編國語辭典修訂本》,https://dict.revised.moe.edu.tw/dictView.jsp?ID=50338&la=0&powerMode=0,教育部完整詞條直接列音。,,
V13-MOE-006,150,exact,論,不論,ㄌㄨㄣˋ,,教育部《重編國語辭典修訂本》,https://dict.revised.moe.edu.tw/dictView.jsp?ID=20601&la=0&powerMode=0,教育部完整詞條直接列音。,,
V13-MOE-007,150,exact,論,無論,ㄌㄨㄣˋ,,教育部《重編國語辭典修訂本》,https://dict.revised.moe.edu.tw/dictView.jsp?ID=159009&la=0&powerMode=0,教育部完整詞條直接列音。,,
V14-MOE-YI-DUYI,160,exact,一,獨一無二,ㄧ,,教育部《國語辭典簡編本》,https://dict.concised.moe.edu.tw/dictView.jsp?ID=9274&la=0&powerMode=0,完整詞條「獨一無二」注音為ㄉㄨˊ ㄧ ㄨˊ ㄦˋ。,,
V14-STEP-YI,130,exact,一,步驟一,ㄧ,,一字多音-字典檔_marked.xlsx,,步驟編號屬數字／單獨讀法，採本調ㄧ。,,
V14-MOE-DONGXI-XI,160,exact,西,東西,˙ㄒㄧ,,教育部《國語辭典簡編本》,https://dict.concised.moe.edu.tw/dictView.jsp?ID=9787&la=0&powerMode=0,「物品」義完整詞條「東西」讀ㄉㄨㄥ ˙ㄒㄧ；本規則只處理該完整詞語中的西。,,
V14-MOE-YANGLAO,160,exact,養,養老,ㄧㄤˇ,,教育部《重編國語辭典修訂本》,https://dict.revised.moe.edu.tw/dictView.jsp?ID=157717&la=0&powerMode=0,完整詞條「養老」讀ㄧㄤˇ ㄌㄠˇ。,,
V14-MOE-YAOQIU,170,exact,要,要求,ㄧㄠ,,教育部《國語辭典簡編本》,https://dict.concised.moe.edu.tw/dictView.jsp?ID=41021&la=0&powerMode=0,完整詞條「要求」讀ㄧㄠ ㄑㄧㄡˊ；亦為人工確認真錯回歸案例 CONF-002。,,
V14-GRAMMAR-ZUODEDAO,150,exact,得,做得到,˙ㄉㄜ,,一字多音-字典檔_marked.xlsx,,「做得＋到」為結構助詞用法；專案字典助詞例「跑得高、跳得遠」讀輕聲。此規則阻止誤把內部字串「得到」當成詞條。,,
V14-YI-YIDING,160,exact,一,一定,ㄧˊ,,教育部《重編國語辭典修訂本》＋專案「一」變調規則,https://dict.revised.moe.edu.tw/dictView.jsp?ID=149071,教育部完整詞條列本調ㄧ ㄉㄧㄥˋ；依專案規則，「一」在四聲「定」前實際變調為ㄧˊ。,,
V14-MOE-BAOKUO,160,exact,括,包括,ㄍㄨㄚ,,教育部《國語辭典簡編本》2021,https://dict.concised.moe.edu.tw/dictView.jsp?ID=626&la=0&powerMode=0,《國語辭典簡編本》完整詞條「包括」標音ㄅㄠ ㄍㄨㄚ；v4.0 依使用者指定改以簡編本為預期注音標準，取「括」ㄍㄨㄚ。,,moe_concised_direct
V14-DICT-XINGWEI-WEI,160,exact,為,行為,ㄨㄟˊ,,一字多音-字典檔_marked.xlsx,,專案字典明列「行為」之為讀ㄨㄟˊ；高優先規則避免跨詞字串「行為了」誤命中「為了」。,,
V15-USER-FUBU-FENWEI,10200,exact,分,腹部分為,ㄈㄣ,,使用者人工確認（2026-08-14）,,課文語境為「腹部／分為」，此處「分」屬「分為」讀ㄈㄣ；作為負向回歸控制。,,
V15-PROJECT-HE-CONJ,90,default,和,(project_conjunction),ㄏㄢˋ,八千里路雲和月;大和民族;和平;和風;和尚;總和;附和;唱和;和麵;和稀泥;攪和;暖和;熱和;和牌;和諧;和氣;和睦;溫和;柔和;緩和;調和;共和;和解;和好;和善;和樂;和順;平和;祥和;飽和;中和;和聲;和弦;和音;和局;和棋,思考模式2.4.docx,https://docs.google.com/document/d/17-qk0gXP_im11Hj2PdeA3Vb89Gyu2sjX/edit,專案既有負向控制：作連接／介詞用的「和」讀ㄏㄢˋ；先排除常見固定詞。,,
V15-YI-001,145,exact,一,一起,ㄧˋ,,一字多音-字典檔_marked.xlsx,,依專案「一」變調／數字本調規則與完整詞境建立。,,
V15-YI-002,145,exact,一,一家,ㄧˋ,,一字多音-字典檔_marked.xlsx,,依專案「一」變調／數字本調規則與完整詞境建立。,,
V15-YI-003,145,exact,一,一直,ㄧˋ,,一字多音-字典檔_marked.xlsx,,依專案「一」變調／數字本調規則與完整詞境建立。,,
V15-YI-004,145,exact,一,一天,ㄧˋ,,一字多音-字典檔_marked.xlsx,,依專案「一」變調／數字本調規則與完整詞境建立。,,
V15-YI-005,145,exact,一,一些,ㄧˋ,,一字多音-字典檔_marked.xlsx,,依專案「一」變調／數字本調規則與完整詞境建立。,,
V15-YI-006,145,exact,一,一本,ㄧˋ,,一字多音-字典檔_marked.xlsx,,依專案「一」變調／數字本調規則與完整詞境建立。,,
V15-YI-007,145,exact,一,一階段,ㄧˋ,,一字多音-字典檔_marked.xlsx,,依專案「一」變調／數字本調規則與完整詞境建立。,,
V15-YI-008,145,exact,一,一週,ㄧˋ,,一字多音-字典檔_marked.xlsx,,依專案「一」變調／數字本調規則與完整詞境建立。,,
V15-YI-009,145,exact,一,一處,ㄧˊ,,一字多音-字典檔_marked.xlsx,,依專案「一」變調／數字本調規則與完整詞境建立。,,
V15-YI-010,145,exact,一,一套,ㄧˊ,,一字多音-字典檔_marked.xlsx,,依專案「一」變調／數字本調規則與完整詞境建立。,,
V15-YI-011,145,exact,一,一般,ㄧˋ,,一字多音-字典檔_marked.xlsx,,依專案「一」變調／數字本調規則與完整詞境建立。,,
V15-YI-012,145,exact,一,一同,ㄧˋ,,一字多音-字典檔_marked.xlsx,,依專案「一」變調／數字本調規則與完整詞境建立。,,
V15-YI-013,145,exact,一,一頓,ㄧˊ,,一字多音-字典檔_marked.xlsx,,依專案「一」變調／數字本調規則與完整詞境建立。,,
V15-YI-014,145,exact,一,一大,ㄧˊ,,一字多音-字典檔_marked.xlsx,,依專案「一」變調／數字本調規則與完整詞境建立。,,
V15-YI-015,145,exact,一,一星期,ㄧˋ,,一字多音-字典檔_marked.xlsx,,依專案「一」變調／數字本調規則與完整詞境建立。,,
V15-YI-016,145,exact,一,一邊,ㄧˋ,,一字多音-字典檔_marked.xlsx,,依專案「一」變調／數字本調規則與完整詞境建立。,,
V15-YI-017,145,exact,一,一棒,ㄧˊ,,一字多音-字典檔_marked.xlsx,,依專案「一」變調／數字本調規則與完整詞境建立。,,
V15-YI-018,145,exact,一,一項,ㄧˊ,,一字多音-字典檔_marked.xlsx,,依專案「一」變調／數字本調規則與完整詞境建立。,,
V15-YI-019,145,exact,一,一致,ㄧˊ,,一字多音-字典檔_marked.xlsx,,依專案「一」變調／數字本調規則與完整詞境建立。,,
V15-YI-020,145,exact,一,一迴旋,ㄧˋ,,一字多音-字典檔_marked.xlsx,,依專案「一」變調／數字本調規則與完整詞境建立。,,
V15-YI-021,145,exact,一,一座,ㄧˊ,,一字多音-字典檔_marked.xlsx,,依專案「一」變調／數字本調規則與完整詞境建立。,,
V15-YI-022,145,exact,一,一所,ㄧˋ,,一字多音-字典檔_marked.xlsx,,依專案「一」變調／數字本調規則與完整詞境建立。,,
V15-YI-023,145,exact,一,統一,ㄧ,,一字多音-字典檔_marked.xlsx,,依專案「一」變調／數字本調規則與完整詞境建立。,,
V15-YI-024,145,exact,一,一來一往,ㄧˋ,,一字多音-字典檔_marked.xlsx,,依專案「一」變調／數字本調規則與完整詞境建立。,,
V15-YI-025,145,exact,一,一點,ㄧˋ,,一字多音-字典檔_marked.xlsx,,依專案「一」變調／數字本調規則與完整詞境建立。,,
V15-YI-026,145,exact,一,一瞬間,ㄧˊ,,一字多音-字典檔_marked.xlsx,,依專案「一」變調／數字本調規則與完整詞境建立。,,
V15-YI-027,145,exact,一,一種,ㄧˋ,,一字多音-字典檔_marked.xlsx,,依專案「一」變調／數字本調規則與完整詞境建立。,,
V15-YI-028,145,exact,一,想一想,ㄧˋ,,使用者確認「一」變調規則（2026-08-17）,,後字「想」為上聲；依使用者確認規則，「一」在陰平、陽平、上聲字前標ㄧˋ。,,user_confirmed_rule
V15-YI-029,145,exact,一,一下,ㄧ；ㄧˊ,,一字多音-字典檔_marked.xlsx,,「一下」在教育部辭典可見本調與變讀；教材標ㄧ或ㄧˊ均接受。,,
V15-YI-030,145,exact,一,一個,ㄧˊ,,一字多音-字典檔_marked.xlsx,,依專案「一」變調／數字本調規則與完整詞境建立。,,
V15-YI-031,145,exact,一,一分,ㄧˋ,,一字多音-字典檔_marked.xlsx,,依專案「一」變調／數字本調規則與完整詞境建立。,,
V15-YI-032,145,exact,一,一至二,ㄧ,,一字多音-字典檔_marked.xlsx,,依專案「一」變調／數字本調規則與完整詞境建立。,,
V15-YI-033,145,exact,一,一、,ㄧ,,一字多音-字典檔_marked.xlsx,,依專案「一」變調／數字本調規則與完整詞境建立。,,
V15-YI-034,145,exact,一,前一棒,ㄧˊ,,一字多音-字典檔_marked.xlsx,,依專案「一」變調／數字本調規則與完整詞境建立。,,
V15-YI-035,145,exact,一,每一個,ㄧˊ,,一字多音-字典檔_marked.xlsx,,依專案「一」變調／數字本調規則與完整詞境建立。,,
V15-WEI-001,140,exact,為,化身為,ㄨㄟˊ,,一字多音-字典檔_marked.xlsx,,依專案字典讀音分組與完整詞境建立；不以 PDF 實際注音反推。,,
V15-WEI-002,140,exact,為,轉變為,ㄨㄟˊ,,一字多音-字典檔_marked.xlsx,,依專案字典讀音分組與完整詞境建立；不以 PDF 實際注音反推。,,
V15-WEI-003,140,exact,為,為事業,ㄨㄟˋ,,一字多音-字典檔_marked.xlsx,,依專案字典讀音分組與完整詞境建立；不以 PDF 實際注音反推。,,
V15-WEI-004,140,exact,為,為家庭,ㄨㄟˋ,,一字多音-字典檔_marked.xlsx,,依專案字典讀音分組與完整詞境建立；不以 PDF 實際注音反推。,,
V15-WEI-005,140,exact,為,為他們,ㄨㄟˋ,,一字多音-字典檔_marked.xlsx,,依專案字典讀音分組與完整詞境建立；不以 PDF 實際注音反推。,,
V15-WEI-006,140,exact,為,為中心,ㄨㄟˊ,,一字多音-字典檔_marked.xlsx,,依專案字典讀音分組與完整詞境建立；不以 PDF 實際注音反推。,,
V15-WEI-007,140,exact,為,分為,ㄨㄟˊ,,一字多音-字典檔_marked.xlsx,,依專案字典讀音分組與完整詞境建立；不以 PDF 實際注音反推。,,
V15-WEI-008,140,exact,為,稱為,ㄨㄟˊ,,一字多音-字典檔_marked.xlsx,,依專案字典讀音分組與完整詞境建立；不以 PDF 實際注音反推。,,
V15-WEI-009,140,exact,為,為優先,ㄨㄟˊ,,一字多音-字典檔_marked.xlsx,,依專案字典讀音分組與完整詞境建立；不以 PDF 實際注音反推。,,
V15-WEI-010,140,exact,為,箭頭為,ㄨㄟˊ,,一字多音-字典檔_marked.xlsx,,依專案字典讀音分組與完整詞境建立；不以 PDF 實際注音反推。,,
V15-WEI-011,140,exact,為,逃生門為,ㄨㄟˊ,,一字多音-字典檔_marked.xlsx,,依專案字典讀音分組與完整詞境建立；不以 PDF 實際注音反推。,,
V15-WEI-012,140,exact,為,列為,ㄨㄟˊ,,一字多音-字典檔_marked.xlsx,,依專案字典讀音分組與完整詞境建立；不以 PDF 實際注音反推。,,
V15-WEI-013,140,exact,為,長度為,ㄨㄟˊ,,一字多音-字典檔_marked.xlsx,,依專案字典讀音分組與完整詞境建立；不以 PDF 實際注音反推。,,
V15-WEI-014,140,exact,為,為原則,ㄨㄟˊ,,一字多音-字典檔_marked.xlsx,,依專案字典讀音分組與完整詞境建立；不以 PDF 實際注音反推。,,
V15-WEI-015,140,exact,為,成為,ㄨㄟˊ,,一字多音-字典檔_marked.xlsx,,依專案字典讀音分組與完整詞境建立；不以 PDF 實際注音反推。,,
V15-WEI-016,140,exact,為,做為,ㄨㄟˊ,,一字多音-字典檔_marked.xlsx,,依專案字典讀音分組與完整詞境建立；不以 PDF 實際注音反推。,,
V15-WEI-017,140,exact,為,作為,ㄨㄟˊ,,一字多音-字典檔_marked.xlsx,,依專案字典讀音分組與完整詞境建立；不以 PDF 實際注音反推。,,
V15-LEX-001,135,exact,什,什麼,ㄕㄣˊ,,一字多音-字典檔_marked.xlsx,,依專案字典讀音分組與完整詞境建立；不以 PDF 實際注音反推。,,
V15-LEX-002,135,exact,麼,什麼,˙ㄇㄜ,,一字多音-字典檔_marked.xlsx,,依專案字典讀音分組與完整詞境建立；不以 PDF 實際注音反推。,,
V15-LEX-003,135,exact,麼,怎麼,˙ㄇㄜ,,一字多音-字典檔_marked.xlsx,,依專案字典讀音分組與完整詞境建立；不以 PDF 實際注音反推。,,
V15-LEX-004,135,exact,呢,呢?,˙ㄋㄜ,,一字多音-字典檔_marked.xlsx,,依專案字典讀音分組與完整詞境建立；不以 PDF 實際注音反推。,,
V15-LEX-005,135,exact,呢,呢？,˙ㄋㄜ,,一字多音-字典檔_marked.xlsx,,依專案字典讀音分組與完整詞境建立；不以 PDF 實際注音反推。,,
V15-LEX-006,135,exact,吧,吧!,˙ㄅㄚ,,一字多音-字典檔_marked.xlsx,,依專案字典讀音分組與完整詞境建立；不以 PDF 實際注音反推。,,
V15-LEX-007,135,exact,吧,吧！,˙ㄅㄚ,,一字多音-字典檔_marked.xlsx,,依專案字典讀音分組與完整詞境建立；不以 PDF 實際注音反推。,,
V15-LEX-008,135,exact,得,記得,˙ㄉㄜ,,一字多音-字典檔_marked.xlsx,,依專案字典讀音分組與完整詞境建立；不以 PDF 實際注音反推。,,
V15-LEX-009,135,exact,得,覺得,˙ㄉㄜ,,一字多音-字典檔_marked.xlsx,,依專案字典讀音分組與完整詞境建立；不以 PDF 實際注音反推。,,
V15-LEX-010,135,exact,得,痛得,˙ㄉㄜ,,一字多音-字典檔_marked.xlsx,,依專案字典讀音分組與完整詞境建立；不以 PDF 實際注音反推。,,
V15-LEX-011,135,exact,得,變得,˙ㄉㄜ,,一字多音-字典檔_marked.xlsx,,依專案字典讀音分組與完整詞境建立；不以 PDF 實際注音反推。,,
V15-LEX-012,135,exact,得,不得,ㄉㄜˊ,,一字多音-字典檔_marked.xlsx,,依專案字典讀音分組與完整詞境建立；不以 PDF 實際注音反推。,,
V15-LEX-013,135,exact,得,玩得,˙ㄉㄜ,,一字多音-字典檔_marked.xlsx,,依專案字典讀音分組與完整詞境建立；不以 PDF 實際注音反推。,,
V15-LEX-014,135,exact,量,減量,ㄌㄧㄤˋ,,一字多音-字典檔_marked.xlsx,,依專案字典讀音分組與完整詞境建立；不以 PDF 實際注音反推。,,
V15-LEX-015,135,exact,量,垃圾量,ㄌㄧㄤˋ,,一字多音-字典檔_marked.xlsx,,依專案字典讀音分組與完整詞境建立；不以 PDF 實際注音反推。,,
V15-LEX-016,135,exact,量,量販,ㄌㄧㄤˋ,,一字多音-字典檔_marked.xlsx,,依專案字典讀音分組與完整詞境建立；不以 PDF 實際注音反推。,,
V15-LEX-017,135,exact,子,子宮,ㄗˇ,,一字多音-字典檔_marked.xlsx,,依專案字典讀音分組與完整詞境建立；不以 PDF 實際注音反推。,,
V15-LEX-018,135,exact,著,顯著,ㄓㄨˋ,,一字多音-字典檔_marked.xlsx,,依專案字典讀音分組與完整詞境建立；不以 PDF 實際注音反推。,,
V15-LEX-019,135,exact,著,扶著,˙ㄓㄜ,,一字多音-字典檔_marked.xlsx,,依專案字典讀音分組與完整詞境建立；不以 PDF 實際注音反推。,,
V15-LEX-020,135,exact,蓋,膝蓋,ㄍㄞˋ,,一字多音-字典檔_marked.xlsx,,依專案字典讀音分組與完整詞境建立；不以 PDF 實際注音反推。,,
V15-LEX-021,135,exact,蓋,瓶蓋,ㄍㄞˋ,,一字多音-字典檔_marked.xlsx,,依專案字典讀音分組與完整詞境建立；不以 PDF 實際注音反推。,,
V15-LEX-022,135,exact,行,我最行,ㄒㄧㄥˊ,,一字多音-字典檔_marked.xlsx,,依專案字典讀音分組與完整詞境建立；不以 PDF 實際注音反推。,,
V15-LEX-023,135,exact,行,自行車,ㄒㄧㄥˊ,,一字多音-字典檔_marked.xlsx,,依專案字典讀音分組與完整詞境建立；不以 PDF 實際注音反推。,,
V15-LEX-024,135,exact,旋,迴旋,ㄒㄩㄢˊ,,一字多音-字典檔_marked.xlsx,,依專案字典讀音分組與完整詞境建立；不以 PDF 實際注音反推。,,
V15-LEX-025,135,exact,洗,洗手,ㄒㄧˇ,,一字多音-字典檔_marked.xlsx,,依專案字典讀音分組與完整詞境建立；不以 PDF 實際注音反推。,,
V15-LEX-026,135,exact,洗,免洗,ㄒㄧˇ,,一字多音-字典檔_marked.xlsx,,依專案字典讀音分組與完整詞境建立；不以 PDF 實際注音反推。,,
V15-LEX-027,135,exact,角,右下角,ㄐㄧㄠˇ,,一字多音-字典檔_marked.xlsx,,依專案字典讀音分組與完整詞境建立；不以 PDF 實際注音反推。,,
V15-LEX-028,135,exact,角,角度,ㄐㄧㄠˇ,,一字多音-字典檔_marked.xlsx,,依專案字典讀音分組與完整詞境建立；不以 PDF 實際注音反推。,,
V15-LEX-029,135,exact,角,對角,ㄐㄧㄠˇ,,一字多音-字典檔_marked.xlsx,,依專案字典讀音分組與完整詞境建立；不以 PDF 實際注音反推。,,
V15-LEX-030,135,exact,轉,轉變,ㄓㄨㄢˇ,,一字多音-字典檔_marked.xlsx,,依專案字典讀音分組與完整詞境建立；不以 PDF 實際注音反推。,,
V15-LEX-031,135,exact,轉,向後轉,ㄓㄨㄢˇ,,一字多音-字典檔_marked.xlsx,,依專案字典讀音分組與完整詞境建立；不以 PDF 實際注音反推。,,
V15-LEX-032,135,exact,轉,轉身,ㄓㄨㄢˇ,,一字多音-字典檔_marked.xlsx,,依專案字典讀音分組與完整詞境建立；不以 PDF 實際注音反推。,,
V15-LEX-033,135,exact,中,活動中,ㄓㄨㄥ,,一字多音-字典檔_marked.xlsx,,依專案字典讀音分組與完整詞境建立；不以 PDF 實際注音反推。,,
V15-LEX-034,135,exact,中,擊中,ㄓㄨㄥˋ,,一字多音-字典檔_marked.xlsx,,依專案字典讀音分組與完整詞境建立；不以 PDF 實際注音反推。,,
V15-LEX-035,135,exact,倡,倡導,ㄔㄤˋ,,一字多音-字典檔_marked.xlsx,,依專案字典讀音分組與完整詞境建立；不以 PDF 實際注音反推。,,
V15-LEX-036,135,exact,假,假日,ㄐㄧㄚˋ,,一字多音-字典檔_marked.xlsx,,依專案字典讀音分組與完整詞境建立；不以 PDF 實際注音反推。,,
V15-LEX-037,135,exact,六,單元六,ㄌㄧㄡˋ,,一字多音-字典檔_marked.xlsx,,依專案字典讀音分組與完整詞境建立；不以 PDF 實際注音反推。,,
V15-LEX-038,135,exact,共,共同,ㄍㄨㄥˋ,,一字多音-字典檔_marked.xlsx,,依專案字典讀音分組與完整詞境建立；不以 PDF 實際注音反推。,,
V15-LEX-039,135,exact,分,多一分,ㄈㄣ,,一字多音-字典檔_marked.xlsx,,依專案字典讀音分組與完整詞境建立；不以 PDF 實際注音反推。,,
V15-LEX-040,135,exact,勞,辛勞,ㄌㄠˊ,,一字多音-字典檔_marked.xlsx,,依專案字典讀音分組與完整詞境建立；不以 PDF 實際注音反推。,,
V15-LEX-041,135,exact,喝,喝溫開水,ㄏㄜ,,一字多音-字典檔_marked.xlsx,,依專案字典讀音分組與完整詞境建立；不以 PDF 實際注音反推。,,
V15-LEX-042,135,exact,喝,不喝,ㄏㄜ,,一字多音-字典檔_marked.xlsx,,依專案字典讀音分組與完整詞境建立；不以 PDF 實際注音反推。,,
V15-LEX-043,135,exact,底,足底,ㄉㄧˇ,,一字多音-字典檔_marked.xlsx,,依專案字典讀音分組與完整詞境建立；不以 PDF 實際注音反推。,,
V15-LEX-044,135,exact,底,海底,ㄉㄧˇ,,一字多音-字典檔_marked.xlsx,,依專案字典讀音分組與完整詞境建立；不以 PDF 實際注音反推。,,
V15-LEX-045,135,exact,掃,掃向,ㄙㄠˇ,,一字多音-字典檔_marked.xlsx,,依專案字典讀音分組與完整詞境建立；不以 PDF 實際注音反推。,,
V15-LEX-046,135,exact,掃,橫掃,ㄙㄠˇ,,一字多音-字典檔_marked.xlsx,,依專案字典讀音分組與完整詞境建立；不以 PDF 實際注音反推。,,
V15-LEX-047,135,exact,放,放學,ㄈㄤˋ,,一字多音-字典檔_marked.xlsx,,依專案字典讀音分組與完整詞境建立；不以 PDF 實際注音反推。,,
V15-LEX-048,135,exact,樂,樂於,ㄌㄜˋ,,一字多音-字典檔_marked.xlsx,,依專案字典讀音分組與完整詞境建立；不以 PDF 實際注音反推。,,
V15-LEX-049,135,exact,樂,歡樂,ㄌㄜˋ,,一字多音-字典檔_marked.xlsx,,依專案字典讀音分組與完整詞境建立；不以 PDF 實際注音反推。,,
V15-LEX-050,135,exact,殷,殷殷,ㄧㄣ,,一字多音-字典檔_marked.xlsx,,依專案字典讀音分組與完整詞境建立；不以 PDF 實際注音反推。,,
V15-LEX-051,135,exact,沒,沒煩惱,ㄇㄟˊ,,一字多音-字典檔_marked.xlsx,,依專案字典讀音分組與完整詞境建立；不以 PDF 實際注音反推。,,
V15-LEX-052,135,exact,沒,沒見面,ㄇㄟˊ,,一字多音-字典檔_marked.xlsx,,依專案字典讀音分組與完整詞境建立；不以 PDF 實際注音反推。,,
V15-LEX-053,135,exact,滑,防滑,ㄏㄨㄚˊ,,一字多音-字典檔_marked.xlsx,,依專案字典讀音分組與完整詞境建立；不以 PDF 實際注音反推。,,
V15-LEX-054,135,exact,空,空氣,ㄎㄨㄥ,,一字多音-字典檔_marked.xlsx,,依專案字典讀音分組與完整詞境建立；不以 PDF 實際注音反推。,,
V15-LEX-055,135,exact,空,空隙,ㄎㄨㄥˋ,,教育部《重編國語辭典修訂本》,https://dict.revised.moe.edu.tw/dictView.jsp?ID=79086&la=0&powerMode=0,完整詞條「空隙」讀ㄎㄨㄥˋ ㄒㄧˋ；修正舊規則。,,
V15-LEX-056,135,exact,處,處所,ㄔㄨˋ,,一字多音-字典檔_marked.xlsx,,依專案字典讀音分組與完整詞境建立；不以 PDF 實際注音反推。,,
V15-LEX-057,135,exact,處,接頭處,ㄔㄨˋ,,一字多音-字典檔_marked.xlsx,,依專案字典讀音分組與完整詞境建立；不以 PDF 實際注音反推。,,
V15-LEX-058,135,exact,號,字號,ㄏㄠˋ,,一字多音-字典檔_marked.xlsx,,依專案字典讀音分組與完整詞境建立；不以 PDF 實際注音反推。,,
V15-LEX-059,135,exact,號,代號,ㄏㄠˋ,,一字多音-字典檔_marked.xlsx,,依專案字典讀音分組與完整詞境建立；不以 PDF 實際注音反推。,,
V15-LEX-060,135,exact,親,親愛,ㄑㄧㄣ,,一字多音-字典檔_marked.xlsx,,依專案字典讀音分組與完整詞境建立；不以 PDF 實際注音反推。,,
V15-LEX-061,135,exact,那,那裡,ㄋㄚˋ,,一字多音-字典檔_marked.xlsx,,依專案字典讀音分組與完整詞境建立；不以 PDF 實際注音反推。,,
V15-LEX-062,135,exact,那,那浮潛,ㄋㄚˋ,,一字多音-字典檔_marked.xlsx,,依專案字典讀音分組與完整詞境建立；不以 PDF 實際注音反推。,,
V15-LEX-063,135,exact,降,降低,ㄐㄧㄤˋ,,一字多音-字典檔_marked.xlsx,,依專案字典讀音分組與完整詞境建立；不以 PDF 實際注音反推。,,
V15-LEX-064,135,exact,頭,箭頭,ㄊㄡˊ,,一字多音-字典檔_marked.xlsx,,依專案字典讀音分組與完整詞境建立；不以 PDF 實際注音反推。,,
V15-LEX-065,135,exact,頭,罐頭,ㄊㄡˊ,,一字多音-字典檔_marked.xlsx,,依專案字典讀音分組與完整詞境建立；不以 PDF 實際注音反推。,,
V15-LEX-066,135,exact,信,信賴,ㄒㄧㄣˋ,,一字多音-字典檔_marked.xlsx,,依專案字典讀音分組與完整詞境建立；不以 PDF 實際注音反推。,,
V15-LEX-067,135,exact,倒,滑倒,ㄉㄠˇ,,一字多音-字典檔_marked.xlsx,,依專案字典讀音分組與完整詞境建立；不以 PDF 實際注音反推。,,
V15-LEX-068,135,exact,兒,嬰兒,ㄦˊ,,一字多音-字典檔_marked.xlsx,,依專案字典讀音分組與完整詞境建立；不以 PDF 實際注音反推。,,
V15-LEX-069,135,exact,創,創造,ㄔㄨㄤˋ,,一字多音-字典檔_marked.xlsx,,依專案字典讀音分組與完整詞境建立；不以 PDF 實際注音反推。,,
V15-LEX-070,135,exact,勝,勝不驕,ㄕㄥˋ,,一字多音-字典檔_marked.xlsx,,依專案字典讀音分組與完整詞境建立；不以 PDF 實際注音反推。,,
V15-LEX-071,135,exact,勾,勾選,ㄍㄡ,,一字多音-字典檔_marked.xlsx,,依專案字典讀音分組與完整詞境建立；不以 PDF 實際注音反推。,,
V15-LEX-072,135,exact,北,新北,ㄅㄟˇ,,一字多音-字典檔_marked.xlsx,,依專案字典讀音分組與完整詞境建立；不以 PDF 實際注音反推。,,
V15-LEX-073,135,exact,告,告知,ㄍㄠˋ,,一字多音-字典檔_marked.xlsx,,依專案字典讀音分組與完整詞境建立；不以 PDF 實際注音反推。,,
V15-LEX-074,135,exact,咬,咬傷,ㄧㄠˇ,,一字多音-字典檔_marked.xlsx,,依專案字典讀音分組與完整詞境建立；不以 PDF 實際注音反推。,,
V15-LEX-075,135,exact,均,均衡,ㄐㄩㄣ,,一字多音-字典檔_marked.xlsx,,依專案字典讀音分組與完整詞境建立；不以 PDF 實際注音反推。,,
V15-LEX-076,135,exact,媽,爸媽,ㄇㄚ,,一字多音-字典檔_marked.xlsx,,依專案字典讀音分組與完整詞境建立；不以 PDF 實際注音反推。,,
V15-LEX-077,135,exact,家,大家,ㄐㄧㄚ,,一字多音-字典檔_marked.xlsx,,依專案字典讀音分組與完整詞境建立；不以 PDF 實際注音反推。,,
V15-LEX-078,135,exact,彈,彈琴,ㄊㄢˊ,,一字多音-字典檔_marked.xlsx,,依專案字典讀音分組與完整詞境建立；不以 PDF 實際注音反推。,,
V15-LEX-079,135,exact,徵,特徵,ㄓㄥ,,一字多音-字典檔_marked.xlsx,,依專案字典讀音分組與完整詞境建立；不以 PDF 實際注音反推。,,
V15-LEX-080,135,exact,思,思考,ㄙ,,一字多音-字典檔_marked.xlsx,,依專案字典讀音分組與完整詞境建立；不以 PDF 實際注音反推。,,
V15-LEX-081,135,exact,擔,負擔,ㄉㄢ,,一字多音-字典檔_marked.xlsx,,依專案字典讀音分組與完整詞境建立；不以 PDF 實際注音反推。,,
V15-LEX-082,135,exact,擰,被擰,ㄋㄧㄥˇ,,一字多音-字典檔_marked.xlsx,,依專案字典讀音分組與完整詞境建立；不以 PDF 實際注音反推。,,
V15-LEX-083,135,exact,曲,三部曲,ㄑㄩˇ,,一字多音-字典檔_marked.xlsx,,依專案字典讀音分組與完整詞境建立；不以 PDF 實際注音反推。,,
V15-LEX-084,135,exact,曾,曾利用,ㄘㄥˊ,,一字多音-字典檔_marked.xlsx,,依專案字典讀音分組與完整詞境建立；不以 PDF 實際注音反推。,,
V15-LEX-085,135,exact,橫,橫掃,ㄏㄥˊ,,一字多音-字典檔_marked.xlsx,,依專案字典讀音分組與完整詞境建立；不以 PDF 實際注音反推。,,
V15-LEX-086,135,exact,混,混在,ㄏㄨㄣˋ,,一字多音-字典檔_marked.xlsx,,依專案字典讀音分組與完整詞境建立；不以 PDF 實際注音反推。,,
V15-LEX-087,135,exact,瓦,瓦斯,ㄨㄚˇ,,一字多音-字典檔_marked.xlsx,,依專案字典讀音分組與完整詞境建立；不以 PDF 實際注音反推。,,
V15-LEX-088,135,exact,相,相簿,ㄒㄧㄤˋ,,一字多音-字典檔_marked.xlsx,,依專案字典讀音分組與完整詞境建立；不以 PDF 實際注音反推。,,
V15-LEX-089,135,exact,票,發票,ㄆㄧㄠˋ,,一字多音-字典檔_marked.xlsx,,依專案字典讀音分組與完整詞境建立；不以 PDF 實際注音反推。,,
V15-LEX-090,135,exact,種,幾種,ㄓㄨㄥˇ,,一字多音-字典檔_marked.xlsx,,依專案字典讀音分組與完整詞境建立；不以 PDF 實際注音反推。,,
V15-LEX-091,135,exact,署,管理署,ㄕㄨˇ,,一字多音-字典檔_marked.xlsx,,依專案字典讀音分組與完整詞境建立；不以 PDF 實際注音反推。,,
V15-LEX-092,135,exact,落,掉落,ㄌㄨㄛˋ,,一字多音-字典檔_marked.xlsx,,依專案字典讀音分組與完整詞境建立；不以 PDF 實際注音反推。,,
V15-LEX-093,135,exact,虎,虎口,ㄏㄨˇ,,一字多音-字典檔_marked.xlsx,,依專案字典讀音分組與完整詞境建立；不以 PDF 實際注音反推。,,
V15-LEX-094,90,derived,調,調整,ㄊㄧㄠˊ,,一字多音-字典檔_marked.xlsx,,盲測發現「調整」未直接列於來源例詞；保留ㄊㄧㄠˊ為延伸詞境候選，但降為 derived_lexical，不得作強證據升格。,,derived_lexical
V15-LEX-095,135,exact,識,意識,ㄕˋ,,一字多音-字典檔_marked.xlsx,,依專案字典讀音分組與完整詞境建立；不以 PDF 實際注音反推。,,
V15-LEX-096,135,exact,讀,閱讀,ㄉㄨˊ,,一字多音-字典檔_marked.xlsx,,依專案字典讀音分組與完整詞境建立；不以 PDF 實際注音反推。,,
V15-LEX-097,135,exact,車,自行車,ㄔㄜ,,一字多音-字典檔_marked.xlsx,,依專案字典讀音分組與完整詞境建立；不以 PDF 實際注音反推。,,
V15-LEX-098,135,exact,載,載具,ㄗㄞˋ,,一字多音-字典檔_marked.xlsx,,依專案字典讀音分組與完整詞境建立；不以 PDF 實際注音反推。,,
V15-LEX-099,135,exact,都,都會帶,ㄉㄡ,,一字多音-字典檔_marked.xlsx,,依專案字典讀音分組與完整詞境建立；不以 PDF 實際注音反推。,,
V15-LEX-100,135,exact,長,長輩,ㄓㄤˇ,,一字多音-字典檔_marked.xlsx,,依專案字典讀音分組與完整詞境建立；不以 PDF 實際注音反推。,,
V15-LEX-101,135,exact,頓,一頓,ㄉㄨㄣˋ,,一字多音-字典檔_marked.xlsx,,依專案字典讀音分組與完整詞境建立；不以 PDF 實際注音反推。,,
V15-LEX-102,135,exact,養,培養,ㄧㄤˇ,,一字多音-字典檔_marked.xlsx,,依專案字典讀音分組與完整詞境建立；不以 PDF 實際注音反推。,,
V15-LEX-103,135,exact,騎,騎自行車,ㄑㄧˊ,,一字多音-字典檔_marked.xlsx,,依專案字典讀音分組與完整詞境建立；不以 PDF 實際注音反推。,,
V15-MOE-HE-SENT-END,175,exact,呵,呵!,ㄛ,,教育部《國語辭典簡編本》,https://dict.concised.moe.edu.tw/dictView.jsp?ID=39366&la=0&powerMode=0,句尾／語氣停頓處的助詞「呵」讀ㄛ。,,
V15-MOE-HE-SENT-END-FW,175,exact,呵,呵！,ㄛ,,教育部《國語辭典簡編本》,https://dict.concised.moe.edu.tw/dictView.jsp?ID=39366&la=0&powerMode=0,句尾／語氣停頓處的助詞「呵」讀ㄛ。,,
V15-MOE-HE-SENT-END-DOT,175,exact,呵,呵。,ㄛ,,教育部《國語辭典簡編本》,https://dict.concised.moe.edu.tw/dictView.jsp?ID=39366&la=0&powerMode=0,句尾／語氣停頓處的助詞「呵」讀ㄛ。,,
V15-MOE-CHUANZHUO,175,exact,著,穿著,ㄓㄨㄛˊ,,教育部《國語辭典簡編本》,https://dict.concised.moe.edu.tw/dictView.jsp?ID=32797&la=0&powerMode=0,完整詞條「穿著」讀ㄔㄨㄢ ㄓㄨㄛˊ。,,
V15-MOE-BINAN,175,exact,難,避難,ㄋㄢˋ,,教育部《國語辭典簡編本》,https://dict.concised.moe.edu.tw/searchR.jsp?ID=-1&ID=162&ID=7&la=0&powerMode=0&word=%E9%81%BF,完整詞條「避難」讀ㄅㄧˋ ㄋㄢˋ。,,
V15-MOE-ZHENGONGFU,175,exact,夫,真功夫,˙ㄈㄨ,,教育部《國語辭典簡編本》,https://dict.concised.moe.edu.tw/dictView.jsp?ID=17621&la=0&powerMode=0,此處「真功夫」為本領、造詣義；該義「功夫」讀ㄍㄨㄥ ˙ㄈㄨ。,,
V151-YI-DIYI,195,exact,一,第一,ㄧ,,專案規則／序數「第一」,,序數「第一」中的一讀本調ㄧ；優先於較短的一棒規則。,,
V151-YI-YIFEN,175,exact,一,一份,ㄧˊ,,專案一字多音規則：一的變調,,「份」為四聲，前一變調讀ㄧˊ。,,
V151-LIU-DILIU,170,exact,六,第六,ㄌㄧㄡˋ,,專案字典／完整詞境,,版面特殊時可由座標序列回退辨識「第六」。,,
V151-JIAN-ZHUJIAN,170,exact,漸,逐漸,ㄐㄧㄢˋ,,專案字典／完整詞境,,完整詞語「逐漸」。,,
V151-XING-JINXING,170,exact,行,進行,ㄒㄧㄥˊ,,專案字典／完整詞境,,完整詞語「進行」。,,
V16-USER-ZUIBA-BA,180,exact,巴,嘴巴,˙ㄅㄚ,,使用者原頁人工確認（2026-08-14）,,使用者確認課本 P156「嘴巴」之「巴」應讀輕聲 ˙ㄅㄚ；PDF 實際標 ㄅㄚ，作為確認錯誤回歸。,,
V18-SKIP-XIAOYU,220,skip,雨,小雨,,,校對範圍規則,,「小雨」為人物專名；沒有獨立姓名讀音來源時只保留 PDF 實際注音，不自動判定應讀音。,,
V18-SKIP-MANMAN,220,skip,蔓,蔓蔓,,,校對範圍規則,,「蔓蔓」為人物專名；姓名讀音不能由一般字典義項推定，故不自動判錯。,,
V18-LEX-001,180,exact,和,和樂,ㄏㄜˊ,,教育部《重編國語辭典修訂本》,https://dict.revised.moe.edu.tw/dictView.jsp?ID=79253&la=0&powerMode=0,完整詞條「和樂」讀ㄏㄜˊ ㄌㄜˋ。,,
V18-LEX-002,180,exact,樂,和樂,ㄌㄜˋ,,教育部《重編國語辭典修訂本》,https://dict.revised.moe.edu.tw/dictView.jsp?ID=79253&la=0&powerMode=0,完整詞條「和樂」讀ㄏㄜˊ ㄌㄜˋ。,,
V18-LEX-003,180,exact,啊,早啊!,˙ㄚ,,一字多音-字典檔_marked.xlsx,,句尾助詞「啊」讀輕聲。,,
V18-LEX-004,180,exact,啊,早啊！,˙ㄚ,,一字多音-字典檔_marked.xlsx,,句尾助詞「啊」讀輕聲。,,
V18-LEX-005,180,exact,啊,啊!,ㄚ；˙ㄚ,,一字多音-字典檔_marked.xlsx,,專案字典「啊」列ㄚ與輕聲˙ㄚ；句尾助詞兩者均接受。,,
V18-LEX-006,180,exact,啊,啊！,ㄚ,,一字多音-字典檔_marked.xlsx,,獨立感嘆詞「啊！」讀ㄚ；較長的句尾助詞規則優先。,,
V18-LEX-007,180,exact,紅,紅燈,ㄏㄨㄥˊ,,一字多音-字典檔_marked.xlsx,,「紅」一般顏色義讀ㄏㄨㄥˊ。,,
V18-LEX-008,180,exact,紅,紅綠燈,ㄏㄨㄥˊ,,一字多音-字典檔_marked.xlsx,,「紅」一般顏色義讀ㄏㄨㄥˊ。,,
V18-LEX-009,180,exact,呵,不呵能,ㄛ,,教育部《國語辭典簡編本》,https://dict.concised.moe.edu.tw/dictView.jsp?ID=39366&la=0&powerMode=0,該 PDF 文字層在對話框內重排為「不呵能」，原頁語句為句尾助詞「呵！」；此規則只作版面擷取救援。,,
V18-LEX-010,180,exact,忘,忘了,ㄨㄤˋ,,一字多音-字典檔_marked.xlsx,,現代一般語「忘」讀ㄨㄤˋ。,,
V18-LEX-011,180,exact,鉛,鉛筆,ㄑㄧㄢ,,一字多音-字典檔_marked.xlsx,,字典明列「鉛筆」。,,
V18-LEX-012,180,exact,識,認識,ㄕˋ,,一字多音-字典檔_marked.xlsx,,「認識」之識為一般認知義，讀ㄕˋ。,,
V18-LEX-013,180,exact,衝,衝入,ㄔㄨㄥ,,一字多音-字典檔_marked.xlsx,,「衝入」為向前突進義，讀ㄔㄨㄥ。,,
V18-LEX-014,180,exact,車,停車場,ㄔㄜ,,一字多音-字典檔_marked.xlsx,,車輛義讀ㄔㄜ。,,
V18-LEX-015,180,exact,車,公車,ㄔㄜ,,一字多音-字典檔_marked.xlsx,,車輛義讀ㄔㄜ。,,
V18-LEX-016,180,exact,車,下車,ㄔㄜ,,一字多音-字典檔_marked.xlsx,,車輛義讀ㄔㄜ。,,
V18-LEX-017,180,exact,車,等車,ㄔㄜ,,一字多音-字典檔_marked.xlsx,,車輛義讀ㄔㄜ。,,
V18-LEX-018,180,exact,車,機車,ㄔㄜ,,一字多音-字典檔_marked.xlsx,,車輛義讀ㄔㄜ。,,
V18-LEX-019,180,exact,車,車上,ㄔㄜ,,一字多音-字典檔_marked.xlsx,,車輛義讀ㄔㄜ。,,
V18-LEX-020,180,exact,車,汽車,ㄔㄜ,,一字多音-字典檔_marked.xlsx,,車輛義讀ㄔㄜ。,,
V18-LEX-021,180,exact,車,車門,ㄔㄜ,,一字多音-字典檔_marked.xlsx,,車輛義讀ㄔㄜ。,,
V18-LEX-022,180,exact,車,無人車,ㄔㄜ,,一字多音-字典檔_marked.xlsx,,車輛義讀ㄔㄜ。,,
V18-LEX-023,180,exact,車,車子,ㄔㄜ,,一字多音-字典檔_marked.xlsx,,車輛義讀ㄔㄜ。,,
V18-LEX-024,180,exact,行,行人,ㄒㄧㄥˊ,,一字多音-字典檔_marked.xlsx,,步行／行走義讀ㄒㄧㄥˊ。,,
V18-LEX-025,180,exact,聽,聽從,ㄊㄧㄥ,,一字多音-字典檔_marked.xlsx,,一般聽聞義讀ㄊㄧㄥ。,,
V18-LEX-026,180,exact,聽,聽聽,ㄊㄧㄥ,,一字多音-字典檔_marked.xlsx,,一般聽聞義讀ㄊㄧㄥ。,,
V18-LEX-027,180,exact,號,號誌,ㄏㄠˋ,,一字多音-字典檔_marked.xlsx,,「號誌」為標誌／記號義，讀ㄏㄠˋ。,,
V18-LEX-028,180,exact,亮,綠燈亮,ㄌㄧㄤˋ,,一字多音-字典檔_marked.xlsx,,明亮／亮起義讀ㄌㄧㄤˋ。,,
V18-LEX-029,180,exact,滑,滑落,ㄏㄨㄚˊ,,一字多音-字典檔_marked.xlsx,,一般滑動義讀ㄏㄨㄚˊ。,,
V18-LEX-030,180,exact,落,滑落,ㄌㄨㄛˋ,,一字多音-字典檔_marked.xlsx,,下降／掉落義讀ㄌㄨㄛˋ。,,
V18-LEX-031,180,exact,倒,摔倒,ㄉㄠˇ,,一字多音-字典檔_marked.xlsx,,倒下義讀ㄉㄠˇ。,,
V18-LEX-032,180,exact,沒,沒扣,ㄇㄟˊ,,一字多音-字典檔_marked.xlsx,,否定「沒有」義讀ㄇㄟˊ。,,
V18-LEX-033,180,exact,沒,沒繫,ㄇㄟˊ,,一字多音-字典檔_marked.xlsx,,否定「沒有」義讀ㄇㄟˊ。,,
V18-LEX-034,180,exact,繫,繫妥,ㄐㄧˋ,,一字多音-字典檔_marked.xlsx,,綁繫義，同「繫鞋帶」讀ㄐㄧˋ。,,
V18-LEX-035,180,exact,繫,繫好,ㄐㄧˋ,,一字多音-字典檔_marked.xlsx,,綁繫義，同「繫鞋帶」讀ㄐㄧˋ。,,
V18-LEX-036,180,exact,分,分心,ㄈㄣ,,一字多音-字典檔_marked.xlsx,,分開／分散義讀ㄈㄣ。,,
V18-LEX-037,180,exact,分,分組,ㄈㄣ,,一字多音-字典檔_marked.xlsx,,分開／分組義讀ㄈㄣ。,,
V18-LEX-038,180,exact,分,公分,ㄈㄣ,,一字多音-字典檔_marked.xlsx,,度量單位「公分」讀ㄈㄣ。,,
V18-LEX-039,180,exact,一,萬一,ㄧ,,一字多音-字典檔_marked.xlsx,,固定詞「萬一」中「一」採本調ㄧ。,,
V18-LEX-040,180,exact,一,一人,ㄧˋ,,一字多音-字典檔_marked.xlsx,,「一」在二聲「人」前依專案變調規則讀ㄧˋ。,,
V18-LEX-041,180,exact,那,那一側,ㄋㄚˋ,,一字多音-字典檔_marked.xlsx,,指示代詞「那」讀ㄋㄚˋ。,,
V18-LEX-042,180,exact,著,試著,˙ㄓㄜ,,一字多音-字典檔_marked.xlsx,,動作持續／語法助詞「著」讀輕聲。,,
V18-LEX-043,180,exact,著,跟著,˙ㄓㄜ,,一字多音-字典檔_marked.xlsx,,動作持續／語法助詞「著」讀輕聲。,,
V18-LEX-044,180,exact,子,車子,˙ㄗ,,一字多音-字典檔_marked.xlsx,,詞尾「子」讀輕聲。,,
V18-LEX-045,180,exact,頸,頸部,ㄐㄧㄥˇ,,一字多音-字典檔_marked.xlsx,,一般「頸」讀ㄐㄧㄥˇ。,,
V18-LEX-046,180,exact,得,認得,˙ㄉㄜ,,教育部《重編國語辭典修訂本》,https://dict.revised.moe.edu.tw/dictView.jsp?ID=136147&la=0&powerMode=0,完整詞條「認得」讀ㄖㄣˋ ˙ㄉㄜ。,,
V18-LEX-047,180,exact,載,載你,ㄗㄞˋ,,一字多音-字典檔_marked.xlsx,,承載／載客義讀ㄗㄞˋ。,,
V18-LEX-048,180,exact,覺,警覺,ㄐㄩㄝˊ,,一字多音-字典檔_marked.xlsx,,知覺／覺察義讀ㄐㄩㄝˊ。,,
V18-LEX-049,180,exact,當,當同學,ㄉㄤ,,一字多音-字典檔_marked.xlsx,,表示「在…時／當…」讀ㄉㄤ。,,
V18-LEX-050,180,exact,當,當然,ㄉㄤ,,一字多音-字典檔_marked.xlsx,,固定詞「當然」讀ㄉㄤ。,,
V18-LEX-051,180,exact,曾,曾經,ㄘㄥˊ,,一字多音-字典檔_marked.xlsx,,字典明列「曾經」。,,
V18-LEX-052,180,exact,女,女生,ㄋㄩˇ,,一字多音-字典檔_marked.xlsx,,一般女性義讀ㄋㄩˇ。,,
V18-LEX-053,180,exact,暖,暖身操,ㄋㄨㄢˇ,,一字多音-字典檔_marked.xlsx,,一般「暖」讀ㄋㄨㄢˇ。,,
V18-LEX-054,180,exact,樂,遊樂園,ㄌㄜˋ,,一字多音-字典檔_marked.xlsx,,娛樂／快樂義讀ㄌㄜˋ。,,
V18-LEX-055,180,exact,樂,樂趣,ㄌㄜˋ,,一字多音-字典檔_marked.xlsx,,樂趣之樂讀ㄌㄜˋ。,,
V18-LEX-056,180,exact,吧,奔跑吧,˙ㄅㄚ,,一字多音-字典檔_marked.xlsx,,句尾助詞「吧」讀輕聲。,,
V18-MOE-KONGGE,190,exact,空,空格,ㄎㄨㄥˋ,,教育部《重編國語辭典修訂本》,https://dict.revised.moe.edu.tw/dictView.jsp?ID=79082&la=0&powerMode=0,教育部「空格兒」列音ㄎㄨㄥˋ ㄍㄜˊㄦ；本頁「空格中」為空白格子義，先列為高信心預期音，若與 PDF 不同仍只產生差異候選。,,
V18-LEX-CHELIANG,180,exact,車,車輛,ㄔㄜ,,一字多音-字典檔_marked.xlsx,,車輛義讀ㄔㄜ；補足「看看車輛」詞境。,,
V19-MOE-XIAOYING,200,exact,應,效應,ㄧㄥˋ,,教育部《國語辭典簡編本》,https://dict.concised.moe.edu.tw/dictView.jsp?ID=27106&la=0&powerMode=0,完整詞條「效應」讀ㄒㄧㄠˋ ㄧㄥˋ；覆蓋一般「應該」預設規則。,,
V19-MOE-DIAOSHI,200,exact,調,調適,ㄊㄧㄠˊ,,教育部《國語辭典簡編本》,https://dict.concised.moe.edu.tw/dictView.jsp?ID=11013&la=0&powerMode=0,完整詞條「調適」讀ㄊㄧㄠˊ ㄕˋ。,,
V19-LEX-ZHISHI,190,exact,識,知識,ㄕˋ,,一字多音-字典檔_marked.xlsx,,「知識」之識屬見識、常識義；可由跨行/座標 fallback 命中完整詞。,,
V19-LEX-ZHUI,190,exact,追,追追追,ㄓㄨㄟ,,一字多音-字典檔_marked.xlsx,,動詞「追」讀ㄓㄨㄟ；完整標題詞境。,,
V19-LEX-JIURENZU,190,exact,九,九人組,ㄐㄧㄡˇ,,一字多音-字典檔_marked.xlsx,,數字九的一般讀音。,,
V19-LEX-DE-YUAN,190,exact,得,擲得遠,˙ㄉㄜ,,一字多音-字典檔_marked.xlsx,,結構助詞「得」；專案字典例示「跑得高、跳得遠」。,,
V19-MOE-XUANZHUAN,200,exact,旋,旋轉,ㄒㄩㄢˊ,,教育部《國語辭典簡編本》,https://dict.concised.moe.edu.tw/dictView.jsp?ID=28613&la=0&powerMode=0,完整詞條「旋轉」讀ㄒㄩㄢˊ ㄓㄨㄢˇ。,,
V19-LEX-YI-CO,190,exact,一,一氧化碳,ㄧ,,一字多音-字典檔_marked.xlsx,,固定化學名稱；此處「一」採本音。,,
V19-LEX-YI-Q1,190,exact,一,問題一,ㄧ,,一字多音-字典檔_marked.xlsx,,題號／序號標示中的「一」採本音。,,
V19-MOE-GAIZHI,200,exact,質,鈣質,ㄓˊ,,教育部《國語辭典簡編本》,https://dict.concised.moe.edu.tw/dictView.jsp?ID=16025&la=0&powerMode=0,完整詞條「鈣質」讀ㄍㄞˋ ㄓˊ。,,
V19-LEX-LIUDALEI,190,exact,六,六大類,ㄌㄧㄡˋ,,一字多音-字典檔_marked.xlsx,,數字六的一般讀音。,,
V19-LEX-YI-UNIT,190,exact,一,單元一,ㄧ,,一字多音-字典檔_marked.xlsx,,單元序號中的「一」採本音。,,
V19-LEX-WANG,190,exact,王,智慧王,ㄨㄤˊ,,一字多音-字典檔_marked.xlsx,,名詞「王」在稱號／王者義讀ㄨㄤˊ。,,
V19-MOE-ZHONGZI,210,exact,子,種子,ㄗˇ,,教育部《國語辭典簡編本》,https://dict.concised.moe.edu.tw/dictView.jsp?ID=31272&la=0&powerMode=0,「種子」讀ㄓㄨㄥˇ ㄗˇ；若PDF標輕聲則保留為差異候選。,,
V19-LEX-DANBAIZHI,190,exact,質,蛋白質,ㄓˊ,,一字多音-字典檔_marked.xlsx,,物質／性質義的「質」讀ㄓˊ。,,
V19-LEX-ZHIZHI,190,exact,質,脂質,ㄓˊ,,一字多音-字典檔_marked.xlsx,,物質／性質義的「質」讀ㄓˊ。,,
V19-LEX-ZHONG-SLEEP,190,exact,中,睡眠中,ㄓㄨㄥ,,一字多音-字典檔_marked.xlsx,,方位／範圍義「中」讀ㄓㄨㄥ。,,
V19-LEX-ZHONG-THINK,190,exact,中,思考中,ㄓㄨㄥ,,一字多音-字典檔_marked.xlsx,,進行中／範圍義「中」讀ㄓㄨㄥ。,,
V19-LEX-NVXUESHENG,190,exact,女,女學生,ㄋㄩˇ,,一字多音-字典檔_marked.xlsx,,「女學生」之女讀ㄋㄩˇ。,,
V19-LEX-CHUANGYI,190,exact,創,創意,ㄔㄨㄤˋ,,一字多音-字典檔_marked.xlsx,,創造義「創」讀ㄔㄨㄤˋ。,,
V19-LEX-JIANKANGSHU,190,exact,署,健康署,ㄕㄨˇ,,一字多音-字典檔_marked.xlsx,,機關名「健康署」之署讀ㄕㄨˇ。,,
V19-LEX-SHUTIGONG,190,exact,署,署提供,ㄕㄨˇ,,一字多音-字典檔_marked.xlsx,,來源欄以「署」指機關，讀ㄕㄨˇ。,,
V19-LEX-TUBINLANG,190,exact,吐,吐檳榔,ㄊㄨˇ,,一字多音-字典檔_marked.xlsx,,吐出義「吐」讀ㄊㄨˇ。,,
V19-MOE-NANZI,210,exact,子,男子,ㄗˇ,,教育部《國語辭典簡編本》,https://dict.concised.moe.edu.tw/dictView.jsp?ID=12390&la=0&powerMode=0,完整詞條「男子」讀ㄋㄢˊ ㄗˇ；若 PDF 為輕聲，只列差異候選待人工回頁。,,
V19-LEX-SHOUTUICHE,190,exact,車,手推車,ㄔㄜ,,一字多音-字典檔_marked.xlsx,,一般車輛義讀ㄔㄜ。,,
V19-LEX-ZHUANCHENG,190,exact,轉,轉成,ㄓㄨㄢˇ,轉成功,一字多音-字典檔_marked.xlsx,,改變成另一狀態義「轉」讀ㄓㄨㄢˇ。；v3.5 加入「轉成功」邊界排除，避免把「成功」的「成」誤切為「轉成」。,,
V19-LEX-ZHENXING,190,exact,行,真行,ㄒㄧㄥˊ,,一字多音-字典檔_marked.xlsx,,口語「行」表示可以／有本事，讀ㄒㄧㄥˊ。,,
V19-LEX-AOYUN,190,exact,奧,奧運,ㄠˋ,,一字多音-字典檔_marked.xlsx,,「奧運」之奧讀ㄠˋ。,,
V19-MOE-ZHANGLIANG,200,exact,量,丈量,ㄌㄧㄤˊ,,教育部《國語辭典簡編本》,https://dict.concised.moe.edu.tw/dictView.jsp?ID=30193&la=0&powerMode=0,完整詞條「丈量」讀ㄓㄤˋ ㄌㄧㄤˊ。,,
V19-LEX-CHONGCHONG,190,exact,衝,衝衝衝,ㄔㄨㄥ,,一字多音-字典檔_marked.xlsx,,衝向前義讀ㄔㄨㄥ。,,
V19-MOE-HUANCHONG,200,exact,衝,緩衝,ㄔㄨㄥ,,教育部《國語辭典簡編本》,https://dict.concised.moe.edu.tw/dictView.jsp?ID=20789&la=0&powerMode=0,完整詞條「緩衝」讀ㄏㄨㄢˇ ㄔㄨㄥ。,,
V19-LEX-YOUDU,190,exact,毒,有毒,ㄉㄨˊ,,一字多音-字典檔_marked.xlsx,,毒物／有毒義讀ㄉㄨˊ。,,
V19G-EX-001,180,exact,應,應酬,ㄧㄥˋ,,一字多音-字典檔_marked.xlsx,,依專案字典現代常用義／完整詞境建立；不使用PDF實際音反推。,,
V19G-EX-002,180,exact,應,對應,ㄧㄥˋ,,一字多音-字典檔_marked.xlsx,,依專案字典現代常用義／完整詞境建立；不使用PDF實際音反推。,,
V19G-EX-003,180,exact,應,適應,ㄧㄥˋ,,一字多音-字典檔_marked.xlsx,,依專案字典現代常用義／完整詞境建立；不使用PDF實際音反推。,,
V19G-EX-004,180,exact,應,得心應手,ㄧㄥˋ,,一字多音-字典檔_marked.xlsx,,依專案字典現代常用義／完整詞境建立；不使用PDF實際音反推。,,
V19G-EX-005,180,exact,應,接應,ㄧㄥˋ,,一字多音-字典檔_marked.xlsx,,依專案字典現代常用義／完整詞境建立；不使用PDF實際音反推。,,
V19G-EX-006,180,exact,角,嶄露頭角,ㄐㄧㄠˇ,,一字多音-字典檔_marked.xlsx,,依專案字典現代常用義／完整詞境建立；不使用PDF實際音反推。,,
V19G-EX-007,180,exact,角,角錐,ㄐㄧㄠˇ,,一字多音-字典檔_marked.xlsx,,依專案字典現代常用義／完整詞境建立；不使用PDF實際音反推。,,
V19G-EX-008,180,exact,角,三角錐,ㄐㄧㄠˇ,,一字多音-字典檔_marked.xlsx,,依專案字典現代常用義／完整詞境建立；不使用PDF實際音反推。,,
V19G-EX-009,180,exact,一,唯一,ㄧ,,一字多音-字典檔_marked.xlsx,,依專案字典現代常用義／完整詞境建立；不使用PDF實際音反推。,,
V19G-EX-010,180,exact,一,一小時,ㄧˋ,,一字多音-字典檔_marked.xlsx,,依專案字典現代常用義／完整詞境建立；不使用PDF實際音反推。,,
V19G-EX-011,180,exact,得,得到處,˙ㄉㄜ,,一字多音-字典檔_marked.xlsx,,依專案字典現代常用義／完整詞境建立；不使用PDF實際音反推。,,
V19G-EX-012,180,exact,得,得分,ㄉㄜˊ,,一字多音-字典檔_marked.xlsx,,依專案字典現代常用義／完整詞境建立；不使用PDF實際音反推。,,
V19G-EX-013,180,exact,重,重塑,ㄔㄨㄥˊ,,一字多音-字典檔_marked.xlsx,,依專案字典現代常用義／完整詞境建立；不使用PDF實際音反推。,,
V19G-EX-014,180,exact,重,重拾,ㄔㄨㄥˊ,,一字多音-字典檔_marked.xlsx,,依專案字典現代常用義／完整詞境建立；不使用PDF實際音反推。,,
V19G-EX-015,180,exact,分,部分組織,ㄈㄣˋ,,一字多音-字典檔_marked.xlsx,,依專案字典現代常用義／完整詞境建立；不使用PDF實際音反推。,,
V19G-EX-016,180,exact,教,教小君,ㄐㄧㄠ,,一字多音-字典檔_marked.xlsx,,依專案字典現代常用義／完整詞境建立；不使用PDF實際音反推。,,
V19G-EX-017,180,exact,的,題目的,˙ㄉㄜ,,一字多音-字典檔_marked.xlsx,,依專案字典現代常用義／完整詞境建立；不使用PDF實際音反推。,,
V19G-EX-018,180,exact,親,單親家庭,ㄑㄧㄣ,,一字多音-字典檔_marked.xlsx,,依專案字典現代常用義／完整詞境建立；不使用PDF實際音反推。,,
V19G-EX-019,180,exact,中,中風,ㄓㄨㄥˋ,,一字多音-字典檔_marked.xlsx,,依專案字典現代常用義／完整詞境建立；不使用PDF實際音反推。,,
V19G-EX-020,180,exact,結,結實累累,ㄐㄧㄝˊ,,一字多音-字典檔_marked.xlsx,,依專案字典現代常用義／完整詞境建立；不使用PDF實際音反推。,,
V19G-EX-021,180,exact,間,合作無間,ㄐㄧㄢˋ,,一字多音-字典檔_marked.xlsx,,依專案字典現代常用義／完整詞境建立；不使用PDF實際音反推。,,
V19G-EX-022,180,exact,長,造成長期,ㄔㄤˊ,,一字多音-字典檔_marked.xlsx,,依專案字典現代常用義／完整詞境建立；不使用PDF實際音反推。,,
V19G-EX-023,180,exact,分,分析圖,ㄈㄣ,,一字多音-字典檔_marked.xlsx,,依專案字典現代常用義／完整詞境建立；不使用PDF實際音反推。,,
V19G-EX-024,180,exact,行,行動,ㄒㄧㄥˊ,,一字多音-字典檔_marked.xlsx,,依專案字典現代常用義／完整詞境建立；不使用PDF實際音反推。,,
V19G-EX-025,180,exact,行,可行,ㄒㄧㄥˊ,,一字多音-字典檔_marked.xlsx,,依專案字典現代常用義／完整詞境建立；不使用PDF實際音反推。,,
V19G-EX-026,180,exact,行,行車,ㄒㄧㄥˊ,,一字多音-字典檔_marked.xlsx,,依專案字典現代常用義／完整詞境建立；不使用PDF實際音反推。,,
V19G-EX-027,180,exact,行,進行,ㄒㄧㄥˊ,,一字多音-字典檔_marked.xlsx,,依專案字典現代常用義／完整詞境建立；不使用PDF實際音反推。,,
V19G-EX-028,180,exact,行,前行,ㄒㄧㄥˊ,,一字多音-字典檔_marked.xlsx,,依專案字典現代常用義／完整詞境建立；不使用PDF實際音反推。,,
V19G-EX-029,180,exact,行,平行,ㄒㄧㄥˊ,,一字多音-字典檔_marked.xlsx,,依專案字典現代常用義／完整詞境建立；不使用PDF實際音反推。,,
V19G-EX-030,180,exact,行,飛行,ㄒㄧㄥˊ,,一字多音-字典檔_marked.xlsx,,依專案字典現代常用義／完整詞境建立；不使用PDF實際音反推。,,
V19G-EX-031,180,exact,數,份數,ㄕㄨˋ,,一字多音-字典檔_marked.xlsx,,依專案字典現代常用義／完整詞境建立；不使用PDF實際音反推。,,
V19G-EX-032,180,exact,數,數學,ㄕㄨˋ,,一字多音-字典檔_marked.xlsx,,依專案字典現代常用義／完整詞境建立；不使用PDF實際音反推。,,
V19G-EX-033,180,exact,數,指數,ㄕㄨˋ,,一字多音-字典檔_marked.xlsx,,依專案字典現代常用義／完整詞境建立；不使用PDF實際音反推。,,
V19G-EX-034,180,exact,數,分數,ㄕㄨˋ,,一字多音-字典檔_marked.xlsx,,依專案字典現代常用義／完整詞境建立；不使用PDF實際音反推。,,
V19G-EX-035,180,exact,數,人數,ㄕㄨˋ,,一字多音-字典檔_marked.xlsx,,依專案字典現代常用義／完整詞境建立；不使用PDF實際音反推。,,
V19G-EX-036,180,exact,數,數組,ㄕㄨˋ,,一字多音-字典檔_marked.xlsx,,依專案字典現代常用義／完整詞境建立；不使用PDF實際音反推。,,
V19G-EX-037,180,exact,養,營養,ㄧㄤˇ,,一字多音-字典檔_marked.xlsx,,依專案字典現代常用義／完整詞境建立；不使用PDF實際音反推。,,
V19G-EX-038,180,exact,養,養家,ㄧㄤˇ,,一字多音-字典檔_marked.xlsx,,依專案字典現代常用義／完整詞境建立；不使用PDF實際音反推。,,
V19G-EX-039,180,exact,養,涵養,ㄧㄤˇ,,一字多音-字典檔_marked.xlsx,,依專案字典現代常用義／完整詞境建立；不使用PDF實際音反推。,,
V19G-EX-040,180,exact,長,長得,ㄓㄤˇ,,一字多音-字典檔_marked.xlsx,,依專案字典現代常用義／完整詞境建立；不使用PDF實際音反推。,,
V19G-EX-041,180,exact,長,長者,ㄓㄤˇ,,一字多音-字典檔_marked.xlsx,,依專案字典現代常用義／完整詞境建立；不使用PDF實際音反推。,,
V19G-EX-042,180,exact,長,師長,ㄓㄤˇ,,一字多音-字典檔_marked.xlsx,,依專案字典現代常用義／完整詞境建立；不使用PDF實際音反推。,,
V19G-EX-043,180,exact,相,相當,ㄒㄧㄤ,,一字多音-字典檔_marked.xlsx,,依專案字典現代常用義／完整詞境建立；不使用PDF實際音反推。,,
V19G-EX-044,180,exact,相,相同,ㄒㄧㄤ,,一字多音-字典檔_marked.xlsx,,依專案字典現代常用義／完整詞境建立；不使用PDF實際音反推。,,
V19G-EX-045,180,exact,相,相貼,ㄒㄧㄤ,,一字多音-字典檔_marked.xlsx,,依專案字典現代常用義／完整詞境建立；不使用PDF實際音反推。,,
V19G-EX-046,180,exact,相,相對,ㄒㄧㄤ,,一字多音-字典檔_marked.xlsx,,依專案字典現代常用義／完整詞境建立；不使用PDF實際音反推。,,
V19G-EX-047,180,exact,相,互相,ㄒㄧㄤ,,一字多音-字典檔_marked.xlsx,,依專案字典現代常用義／完整詞境建立；不使用PDF實際音反推。,,
V19G-EX-048,180,exact,和,緩和,ㄏㄜˊ,,一字多音-字典檔_marked.xlsx,,依專案字典現代常用義／完整詞境建立；不使用PDF實際音反推。,,
V19G-EX-049,180,exact,和,和爸爸,ㄏㄢˋ,,一字多音-字典檔_marked.xlsx,,依專案字典現代常用義／完整詞境建立；不使用PDF實際音反推。,,
V19G-EX-050,180,exact,和,和好朋友,ㄏㄢˋ,,一字多音-字典檔_marked.xlsx,,依專案字典現代常用義／完整詞境建立；不使用PDF實際音反推。,,
V19G-EX-051,180,exact,和,和家人,ㄏㄢˋ,,一字多音-字典檔_marked.xlsx,,依專案字典現代常用義／完整詞境建立；不使用PDF實際音反推。,,
V19G-EX-052,180,exact,和,和同學,ㄏㄢˋ,,一字多音-字典檔_marked.xlsx,,依專案字典現代常用義／完整詞境建立；不使用PDF實際音反推。,,
V19G-EX-053,180,exact,麼,怎麼,˙ㄇㄜ,,一字多音-字典檔_marked.xlsx,,依專案字典現代常用義／完整詞境建立；不使用PDF實際音反推。,,
V19G-EX-054,180,exact,麼,這麼,˙ㄇㄜ,,一字多音-字典檔_marked.xlsx,,依專案字典現代常用義／完整詞境建立；不使用PDF實際音反推。,,
V19G-EX-055,180,exact,麼,那麼,˙ㄇㄜ,,一字多音-字典檔_marked.xlsx,,依專案字典現代常用義／完整詞境建立；不使用PDF實際音反推。,,
V19G-EX-056,180,exact,累,好累,ㄌㄟˋ,,一字多音-字典檔_marked.xlsx,,依專案字典現代常用義／完整詞境建立；不使用PDF實際音反推。,,
V19G-EX-057,180,exact,累,累累,ㄌㄟˇ,,一字多音-字典檔_marked.xlsx,,依專案字典現代常用義／完整詞境建立；不使用PDF實際音反推。,,
V19G-EX-058,180,exact,累,累計,ㄌㄟˇ,,一字多音-字典檔_marked.xlsx,,依專案字典現代常用義／完整詞境建立；不使用PDF實際音反推。,,
V19G-EX-059,180,exact,曲,樂曲,ㄑㄩˇ,,一字多音-字典檔_marked.xlsx,,依專案字典現代常用義／完整詞境建立；不使用PDF實際音反推。,,
V19G-EX-060,180,exact,曲,捲曲,ㄑㄩ,,一字多音-字典檔_marked.xlsx,,依專案字典現代常用義／完整詞境建立；不使用PDF實際音反推。,,
V19G-EX-061,180,exact,曲,臂曲,ㄑㄩ,,一字多音-字典檔_marked.xlsx,,依專案字典現代常用義／完整詞境建立；不使用PDF實際音反推。,,
V19G-EX-062,180,exact,擔,分擔,ㄉㄢ,,一字多音-字典檔_marked.xlsx,,依專案字典現代常用義／完整詞境建立；不使用PDF實際音反推。,,
V19G-EX-063,180,exact,擔,擔任,ㄉㄢ,,一字多音-字典檔_marked.xlsx,,依專案字典現代常用義／完整詞境建立；不使用PDF實際音反推。,,
V19G-EX-064,180,exact,嚼,嚼食,ㄐㄧㄠˊ,,一字多音-字典檔_marked.xlsx,,依專案字典現代常用義／完整詞境建立；不使用PDF實際音反推。,,
V19G-EX-065,180,exact,嚼,嚼檳榔,ㄐㄧㄠˊ,,一字多音-字典檔_marked.xlsx,,依專案字典現代常用義／完整詞境建立；不使用PDF實際音反推。,,
V19G-EX-066,180,exact,嚼,嚼勁,ㄐㄧㄠˊ,,一字多音-字典檔_marked.xlsx,,依專案字典現代常用義／完整詞境建立；不使用PDF實際音反推。,,
V19G-EX-067,180,exact,朝,朝著,ㄔㄠˊ,,一字多音-字典檔_marked.xlsx,,依專案字典現代常用義／完整詞境建立；不使用PDF實際音反推。,,
V19G-EX-068,180,exact,朝,朝向,ㄔㄠˊ,,一字多音-字典檔_marked.xlsx,,依專案字典現代常用義／完整詞境建立；不使用PDF實際音反推。,,
V19G-EX-069,180,exact,散,退散,ㄙㄢˋ,,一字多音-字典檔_marked.xlsx,,依專案字典現代常用義／完整詞境建立；不使用PDF實際音反推。,,
V19G-EX-070,180,exact,散,散開,ㄙㄢˋ,,一字多音-字典檔_marked.xlsx,,依專案字典現代常用義／完整詞境建立；不使用PDF實際音反推。,,
V19G-EX-071,180,exact,倒,倒掉,ㄉㄠˋ,,一字多音-字典檔_marked.xlsx,,依專案字典現代常用義／完整詞境建立；不使用PDF實際音反推。,,
V19G-EX-072,180,exact,倒,倒杯,ㄉㄠˋ,,一字多音-字典檔_marked.xlsx,,依專案字典現代常用義／完整詞境建立；不使用PDF實際音反推。,,
V19G-EX-073,180,exact,倒,倒了,ㄉㄠˇ,,一字多音-字典檔_marked.xlsx,,依專案字典現代常用義／完整詞境建立；不使用PDF實際音反推。,,
V19G-EX-074,180,exact,倒,醉倒,ㄉㄠˇ,,一字多音-字典檔_marked.xlsx,,依專案字典現代常用義／完整詞境建立；不使用PDF實際音反推。,,
V19G-EX-075,180,exact,倒,倒立,ㄉㄠˋ,,一字多音-字典檔_marked.xlsx,,「倒立」表示上下顛倒而立，倒讀ㄉㄠˋ。,,
V19G-EX-076,180,exact,倒,擊倒,ㄉㄠˇ,,一字多音-字典檔_marked.xlsx,,依專案字典現代常用義／完整詞境建立；不使用PDF實際音反推。,,
V19G-EX-077,90,derived,頭,骨頭,˙ㄊㄡ,,一字多音-字典檔_marked.xlsx,,盲測發現原規則並非字典直接列詞：「頭」之例詞僅見「指頭、石頭」，「骨頭」為延伸推定；保留為低信心詞境候選，不得作強證據升格。,,derived_lexical
V19G-EX-078,180,exact,頭,垂頭,ㄊㄡˊ,,一字多音-字典檔_marked.xlsx,,依專案字典現代常用義／完整詞境建立；不使用PDF實際音反推。,,
V19G-EX-079,180,exact,頭,頭角,ㄊㄡˊ,,一字多音-字典檔_marked.xlsx,,依專案字典現代常用義／完整詞境建立；不使用PDF實際音反推。,,
V19G-EX-080,180,exact,頭,頭髮,ㄊㄡˊ,,一字多音-字典檔_marked.xlsx,,依專案字典現代常用義／完整詞境建立；不使用PDF實際音反推。,,
V19G-EX-081,180,exact,頭,口頭,ㄊㄡˊ,,一字多音-字典檔_marked.xlsx,,依專案字典現代常用義／完整詞境建立；不使用PDF實際音反推。,,
V19G-EX-082,180,exact,頭,排頭,ㄊㄡˊ,,一字多音-字典檔_marked.xlsx,,依專案字典現代常用義／完整詞境建立；不使用PDF實際音反推。,,
V19G-EX-083,180,exact,頭,抬頭,ㄊㄡˊ,,一字多音-字典檔_marked.xlsx,,依專案字典現代常用義／完整詞境建立；不使用PDF實際音反推。,,
V19G-EX-084,180,exact,頭,過頭,ㄊㄡˊ,,一字多音-字典檔_marked.xlsx,,依專案字典現代常用義／完整詞境建立；不使用PDF實際音反推。,,
V19G-EX-085,180,exact,頭,頭下,ㄊㄡˊ,,一字多音-字典檔_marked.xlsx,,依專案字典現代常用義／完整詞境建立；不使用PDF實際音反推。,,
V19G-DEF-001,60,default,壘,,ㄌㄟˇ,鬱壘,一字多音-字典檔_marked.xlsx,,依專案字典現代常用義／完整詞境建立；不使用PDF實際音反推。,,
V19G-DEF-002,60,default,勝,,ㄕㄥˋ,不勝;勝任,一字多音-字典檔_marked.xlsx,,依專案字典現代常用義／完整詞境建立；不使用PDF實際音反推。,,
V19G-DEF-003,60,default,放,,ㄈㄤˋ,放於利而行,一字多音-字典檔_marked.xlsx,,依專案字典現代常用義／完整詞境建立；不使用PDF實際音反推。,,
V19G-DEF-004,60,default,落,,ㄌㄨㄛˋ,落了;丟三落四;落枕;蓮花落,一字多音-字典檔_marked.xlsx,,依專案字典現代常用義／完整詞境建立；不使用PDF實際音反推。,,
V19G-DEF-005,60,default,追,,ㄓㄨㄟ,追蠡,一字多音-字典檔_marked.xlsx,,依專案字典現代常用義／完整詞境建立；不使用PDF實際音反推。,,
V19G-DEF-006,60,default,親,,ㄑㄧㄣ,親家;親翁,一字多音-字典檔_marked.xlsx,,依專案字典現代常用義／完整詞境建立；不使用PDF實際音反推。,,
V19G-DEF-007,60,default,告,,ㄍㄠˋ,告朔,一字多音-字典檔_marked.xlsx,,依專案字典現代常用義／完整詞境建立；不使用PDF實際音反推。,,
V19G-DEF-008,60,default,質,,ㄓˊ,人質;典質,一字多音-字典檔_marked.xlsx,,依專案字典現代常用義／完整詞境建立；不使用PDF實際音反推。,,
V19G-DEF-009,60,default,難,,ㄋㄢˊ,災難;問難;避難,一字多音-字典檔_marked.xlsx,,依專案字典現代常用義／完整詞境建立；不使用PDF實際音反推。,,
V19G-DEF-010,60,default,車,,ㄔㄜ,車馬炮,一字多音-字典檔_marked.xlsx,,依專案字典現代常用義／完整詞境建立；不使用PDF實際音反推。,,
V19G-DEF-011,60,default,沒,,ㄇㄟˊ,沉沒;沒收,一字多音-字典檔_marked.xlsx,,依專案字典現代常用義／完整詞境建立；不使用PDF實際音反推。,,
V19G-DEF-012,60,default,圈,,ㄑㄩㄢ,圈豬;圈禁;圈閉;豬圈;獸圈,一字多音-字典檔_marked.xlsx,,依專案字典現代常用義／完整詞境建立；不使用PDF實際音反推。,,
V19G-DEF-013,60,default,喝,,ㄏㄜ,喝責;喝采;喝令;呼喝,一字多音-字典檔_marked.xlsx,,依專案字典現代常用義／完整詞境建立；不使用PDF實際音反推。,,
V19G-DEF-014,60,default,語,,ㄩˇ,吾語汝;不以語人,一字多音-字典檔_marked.xlsx,,依專案字典現代常用義／完整詞境建立；不使用PDF實際音反推。,,
V19G-DEF-015,60,default,弟,,ㄉㄧˋ,孝弟,一字多音-字典檔_marked.xlsx,,依專案字典現代常用義／完整詞境建立；不使用PDF實際音反推。,,
V19G-DEF-016,60,default,待,,ㄉㄞˋ,待不了;待一會兒,一字多音-字典檔_marked.xlsx,,依專案字典現代常用義／完整詞境建立；不使用PDF實際音反推。,,
V19G-DEF-017,60,default,折,,ㄓㄜˊ,折莫;折騰;折本;折耗,一字多音-字典檔_marked.xlsx,,依專案字典現代常用義／完整詞境建立；不使用PDF實際音反推。,,
V19G-DEF-018,60,default,信,,ㄒㄧㄣˋ,,一字多音-字典檔_marked.xlsx,,依專案字典現代常用義／完整詞境建立；不使用PDF實際音反推。,,
V19G-DEF-019,60,default,風,,ㄈㄥ,,一字多音-字典檔_marked.xlsx,,依專案字典現代常用義／完整詞境建立；不使用PDF實際音反推。,,
V19G-DEF-020,60,default,勾,,ㄍㄡ,勾當,一字多音-字典檔_marked.xlsx,,依專案字典現代常用義／完整詞境建立；不使用PDF實際音反推。,,
V19G-DEF-021,60,default,覺,,ㄐㄩㄝˊ,睡覺,一字多音-字典檔_marked.xlsx,,依專案字典現代常用義／完整詞境建立；不使用PDF實際音反推。,,
V19G-DEF-022,60,default,旁,,ㄆㄤˊ,旁午,一字多音-字典檔_marked.xlsx,,依專案字典現代常用義／完整詞境建立；不使用PDF實際音反推。,,
V19G-DEF-023,60,default,暖,,ㄋㄨㄢˇ,暖姝,一字多音-字典檔_marked.xlsx,,依專案字典現代常用義／完整詞境建立；不使用PDF實際音反推。,,
V19G-DEF-024,60,default,抓,,ㄓㄨㄚ,抓子兒,一字多音-字典檔_marked.xlsx,,依專案字典現代常用義／完整詞境建立；不使用PDF實際音反推。,,
V19G-DEF-025,60,default,胖,,ㄆㄤˋ,心廣體胖,一字多音-字典檔_marked.xlsx,,依專案字典現代常用義／完整詞境建立；不使用PDF實際音反推。,,
V19G-DEF-026,60,default,兒,,ㄦˊ,,一字多音-字典檔_marked.xlsx,,依專案字典現代常用義／完整詞境建立；不使用PDF實際音反推。,,
V19G-DEF-027,60,default,女,,ㄋㄩˇ,,一字多音-字典檔_marked.xlsx,,依專案字典現代常用義／完整詞境建立；不使用PDF實際音反推。,,
V19G-DEF-028,60,default,刻,,ㄎㄜˋ,,一字多音-字典檔_marked.xlsx,,依專案字典現代常用義／完整詞境建立；不使用PDF實際音反推。,,
V19G-DEF-029,60,default,伯,,ㄅㄛˊ,大伯子,一字多音-字典檔_marked.xlsx,,依專案字典現代常用義／完整詞境建立；不使用PDF實際音反推。,,
V19G-DEF-030,60,default,培,,ㄆㄟˊ,培塿,一字多音-字典檔_marked.xlsx,,依專案字典現代常用義／完整詞境建立；不使用PDF實際音反推。,,
V19G-DEF-031,60,default,卡,,ㄎㄚˇ,卡子,一字多音-字典檔_marked.xlsx,,依專案字典現代常用義／完整詞境建立；不使用PDF實際音反推。,,
V19H-FEN-01,175,exact,分,充分,ㄈㄣˋ,,使用者人工覆核（115國小健體4上）＋既有V20規則,,v3.6修正舊規則：完整詞「充分」之「分」讀ㄈㄣˋ；沿用先前人工確認的跨冊詞語真值。,,user_confirmed_lexical
V19H-FEN-02,175,exact,分,滿分,ㄈㄣ,,一字多音-字典檔_marked.xlsx,,依專案字典讀音分組與完整詞境建立；不以PDF實際注音反推。,,
V19H-FEN-03,175,exact,分,天分,ㄈㄣˋ,,一字多音-字典檔_marked.xlsx,,依專案字典讀音分組與完整詞境建立；不以PDF實際注音反推。,,
V19H-FEN-04,175,exact,分,分擔,ㄈㄣ,,一字多音-字典檔_marked.xlsx,,依專案字典讀音分組與完整詞境建立；不以PDF實際注音反推。,,
V19H-FEN-05,175,exact,分,分裝,ㄈㄣ,,一字多音-字典檔_marked.xlsx,,依專案字典讀音分組與完整詞境建立；不以PDF實際注音反推。,,
V19H-FEN-06,175,exact,分,分成,ㄈㄣ,,一字多音-字典檔_marked.xlsx,,依專案字典讀音分組與完整詞境建立；不以PDF實際注音反推。,,
V19H-FEN-07,175,exact,分,分為,ㄈㄣ,,一字多音-字典檔_marked.xlsx,,依專案字典讀音分組與完整詞境建立；不以PDF實際注音反推。,,
V19H-FEN-08,175,exact,分,分組,ㄈㄣ,,一字多音-字典檔_marked.xlsx,,依專案字典讀音分組與完整詞境建立；不以PDF實際注音反推。,,
V19H-FEN-09,175,exact,分,分開,ㄈㄣ,,一字多音-字典檔_marked.xlsx,,依專案字典讀音分組與完整詞境建立；不以PDF實際注音反推。,,
V19H-FEN-10,175,exact,分,得分,ㄈㄣ,,一字多音-字典檔_marked.xlsx,,依專案字典讀音分組與完整詞境建立；不以PDF實際注音反推。,,
V19H-FEN-11,175,exact,分,分數,ㄈㄣ,,一字多音-字典檔_marked.xlsx,,依專案字典讀音分組與完整詞境建立；不以PDF實際注音反推。,,
V19H-FEN-12,175,exact,分,部分,ㄈㄣˋ,,一字多音-字典檔_marked.xlsx,,依專案字典讀音分組與完整詞境建立；不以PDF實際注音反推。,,
V19H-FEN-13,175,exact,分,身分,ㄈㄣˋ,,一字多音-字典檔_marked.xlsx,,依專案字典讀音分組與完整詞境建立；不以PDF實際注音反推。,,
V19H-FEN-14,175,exact,分,充分睡眠,ㄈㄣˋ,,使用者人工覆核（115國小健體4上）＋既有V20規則,,v3.6修正舊規則：完整詞「充分」之「分」讀ㄈㄣˋ；沿用先前人工確認的跨冊詞語真值。,,user_confirmed_lexical
V19H-WEI-01,175,exact,為,因為,ㄨㄟˋ,,一字多音-字典檔_marked.xlsx,,依專案字典讀音分組與完整詞境建立；不以PDF實際注音反推。,,
V19H-WEI-02,175,exact,為,為了,ㄨㄟˋ,,一字多音-字典檔_marked.xlsx,,依專案字典讀音分組與完整詞境建立；不以PDF實際注音反推。,,
V19H-WEI-03,175,exact,為,為民,ㄨㄟˋ,,一字多音-字典檔_marked.xlsx,,依專案字典讀音分組與完整詞境建立；不以PDF實際注音反推。,,
V19H-WEI-04,175,exact,為,成為,ㄨㄟˊ,,一字多音-字典檔_marked.xlsx,,依專案字典讀音分組與完整詞境建立；不以PDF實際注音反推。,,
V19H-WEI-05,175,exact,為,身為,ㄨㄟˊ,,一字多音-字典檔_marked.xlsx,,依專案字典讀音分組與完整詞境建立；不以PDF實際注音反推。,,
V19H-WEI-06,175,exact,為,名為,ㄨㄟˊ,,一字多音-字典檔_marked.xlsx,,依專案字典讀音分組與完整詞境建立；不以PDF實際注音反推。,,
V19H-WEI-07,175,exact,為,稱為,ㄨㄟˊ,,一字多音-字典檔_marked.xlsx,,依專案字典讀音分組與完整詞境建立；不以PDF實際注音反推。,,
V19H-WEI-08,175,exact,為,最為,ㄨㄟˊ,,一字多音-字典檔_marked.xlsx,,依專案字典讀音分組與完整詞境建立；不以PDF實際注音反推。,,
V19H-WEI-09,175,exact,為,為主,ㄨㄟˊ,,一字多音-字典檔_marked.xlsx,,依專案字典讀音分組與完整詞境建立；不以PDF實際注音反推。,,
V19H-WEI-10,175,exact,為,視為,ㄨㄟˊ,,一字多音-字典檔_marked.xlsx,,依專案字典讀音分組與完整詞境建立；不以PDF實際注音反推。,,
V19H-WEI-11,175,exact,為,作為,ㄨㄟˊ,,一字多音-字典檔_marked.xlsx,,依專案字典讀音分組與完整詞境建立；不以PDF實際注音反推。,,
V19H-DE-01,175,exact,得,獲得,ㄉㄜˊ,,一字多音-字典檔_marked.xlsx,,依專案字典讀音分組與完整詞境建立；不以PDF實際注音反推。,,
V19H-DE-02,175,exact,得,得到,ㄉㄜˊ,,一字多音-字典檔_marked.xlsx,,依專案字典讀音分組與完整詞境建立；不以PDF實際注音反推。,,
V19H-DE-03,175,exact,得,得以,ㄉㄜˊ,,一字多音-字典檔_marked.xlsx,,依專案字典讀音分組與完整詞境建立；不以PDF實際注音反推。,,
V19H-DE-04,175,exact,得,得分,ㄉㄜˊ,,一字多音-字典檔_marked.xlsx,,依專案字典讀音分組與完整詞境建立；不以PDF實際注音反推。,,
V19H-DE-05,175,exact,得,覺得,˙ㄉㄜ,,一字多音-字典檔_marked.xlsx,,依專案字典讀音分組與完整詞境建立；不以PDF實際注音反推。,,
V19H-DE-06,175,exact,得,吃得,˙ㄉㄜ,,一字多音-字典檔_marked.xlsx,,依專案字典讀音分組與完整詞境建立；不以PDF實際注音反推。,,
V19H-DE-07,175,exact,得,跑得,˙ㄉㄜ,,一字多音-字典檔_marked.xlsx,,依專案字典讀音分組與完整詞境建立；不以PDF實際注音反推。,,
V19H-DE-08,175,exact,得,長得,˙ㄉㄜ,,一字多音-字典檔_marked.xlsx,,依專案字典讀音分組與完整詞境建立；不以PDF實際注音反推。,,
V19H-DE-09,175,exact,得,做得,˙ㄉㄜ,,一字多音-字典檔_marked.xlsx,,依專案字典讀音分組與完整詞境建立；不以PDF實際注音反推。,,
V19H-DE-10,175,exact,得,飛得,˙ㄉㄜ,,一字多音-字典檔_marked.xlsx,,依專案字典讀音分組與完整詞境建立；不以PDF實際注音反推。,,
V19H-DE-11,175,exact,得,跳得,˙ㄉㄜ,,一字多音-字典檔_marked.xlsx,,依專案字典讀音分組與完整詞境建立；不以PDF實際注音反推。,,
V19H-DE-12,175,exact,得,喝得,˙ㄉㄜ,,一字多音-字典檔_marked.xlsx,,依專案字典讀音分組與完整詞境建立；不以PDF實際注音反推。,,
V19H-DE-13,175,exact,得,得很,˙ㄉㄜ,,一字多音-字典檔_marked.xlsx,,依專案字典讀音分組與完整詞境建立；不以PDF實際注音反推。,,
V19H-DE-14,175,exact,得,得多,˙ㄉㄜ,,一字多音-字典檔_marked.xlsx,,依專案字典讀音分組與完整詞境建立；不以PDF實際注音反推。,,
V19H-DE-15,175,exact,得,得快,˙ㄉㄜ,,一字多音-字典檔_marked.xlsx,,依專案字典讀音分組與完整詞境建立；不以PDF實際注音反推。,,
V19H-DE-16,175,exact,得,得好,˙ㄉㄜ,,一字多音-字典檔_marked.xlsx,,依專案字典讀音分組與完整詞境建立；不以PDF實際注音反推。,,
V19H-DE-17,175,exact,得,得夠,˙ㄉㄜ,,一字多音-字典檔_marked.xlsx,,依專案字典讀音分組與完整詞境建立；不以PDF實際注音反推。,,
V19H-DE-18,175,exact,得,得對,˙ㄉㄜ,,一字多音-字典檔_marked.xlsx,,依專案字典讀音分組與完整詞境建立；不以PDF實際注音反推。,,
V19H-DE-19,175,exact,得,得巧,˙ㄉㄜ,,一字多音-字典檔_marked.xlsx,,依專案字典讀音分組與完整詞境建立；不以PDF實際注音反推。,,
V19H-DE-20,175,exact,得,得補充,ㄉㄟˇ,,一字多音-字典檔_marked.xlsx,,依專案字典讀音分組與完整詞境建立；不以PDF實際注音反推。,,
V19H-DE-21,175,exact,得,得留意,ㄉㄟˇ,,一字多音-字典檔_marked.xlsx,,依專案字典讀音分組與完整詞境建立；不以PDF實際注音反推。,,
V19H-DE-22,175,exact,得,得去,ㄉㄟˇ,,一字多音-字典檔_marked.xlsx,,依專案字典讀音分組與完整詞境建立；不以PDF實際注音反推。,,
V19H-DE-23,175,exact,得,得再,ㄉㄟˇ,,一字多音-字典檔_marked.xlsx,,依專案字典讀音分組與完整詞境建立；不以PDF實際注音反推。,,
V19H-DE-24,175,exact,得,得把,ㄉㄟˇ,,一字多音-字典檔_marked.xlsx,,依專案字典讀音分組與完整詞境建立；不以PDF實際注音反推。,,
V19H-DE-25,175,exact,得,總得,ㄉㄟˇ,,一字多音-字典檔_marked.xlsx,,依專案字典讀音分組與完整詞境建立；不以PDF實際注音反推。,,
V19H-DE-26,175,exact,得,非得,ㄉㄟˇ,,一字多音-字典檔_marked.xlsx,,依專案字典讀音分組與完整詞境建立；不以PDF實際注音反推。,,
V19H-LE-01,175,exact,樂,快樂,ㄌㄜˋ,,一字多音-字典檔_marked.xlsx,,依專案字典讀音分組與完整詞境建立；不以PDF實際注音反推。,,
V19H-LE-02,175,exact,樂,不樂,ㄌㄜˋ,,一字多音-字典檔_marked.xlsx,,依專案字典讀音分組與完整詞境建立；不以PDF實際注音反推。,,
V19H-LE-03,175,exact,樂,樂曲,ㄩㄝˋ,,一字多音-字典檔_marked.xlsx,,依專案字典讀音分組與完整詞境建立；不以PDF實際注音反推。,,
V19H-LE-04,175,exact,樂,作樂,ㄌㄜˋ,,一字多音-字典檔_marked.xlsx,,依專案字典讀音分組與完整詞境建立；不以PDF實際注音反推。,,
V19H-LE-05,175,exact,樂,同樂,ㄌㄜˋ,,一字多音-字典檔_marked.xlsx,,依專案字典讀音分組與完整詞境建立；不以PDF實際注音反推。,,
V19H-LE-06,175,exact,樂,樂樂棒球,ㄌㄜˋ,,一字多音-字典檔_marked.xlsx,,依專案字典讀音分組與完整詞境建立；不以PDF實際注音反推。,,
V19H-LE-07,175,exact,樂,飛盤樂,ㄌㄜˋ,,一字多音-字典檔_marked.xlsx,,依專案字典讀音分組與完整詞境建立；不以PDF實際注音反推。,,
V19H-LE-08,175,exact,樂,樂趣,ㄌㄜˋ,,一字多音-字典檔_marked.xlsx,,依專案字典讀音分組與完整詞境建立；不以PDF實際注音反推。,,
V19H-LIANG-01,175,exact,量,建議量,ㄌㄧㄤˋ,,一字多音-字典檔_marked.xlsx,,依專案字典讀音分組與完整詞境建立；不以PDF實際注音反推。,,
V19H-LIANG-02,175,exact,量,能量,ㄌㄧㄤˋ,,一字多音-字典檔_marked.xlsx,,依專案字典讀音分組與完整詞境建立；不以PDF實際注音反推。,,
V19H-LIANG-03,175,exact,量,熱量,ㄌㄧㄤˋ,,一字多音-字典檔_marked.xlsx,,依專案字典讀音分組與完整詞境建立；不以PDF實際注音反推。,,
V19H-LIANG-04,175,exact,量,攝取量,ㄌㄧㄤˋ,,一字多音-字典檔_marked.xlsx,,依專案字典讀音分組與完整詞境建立；不以PDF實際注音反推。,,
V19H-LIANG-05,175,exact,量,活動量,ㄌㄧㄤˋ,,一字多音-字典檔_marked.xlsx,,依專案字典讀音分組與完整詞境建立；不以PDF實際注音反推。,,
V19H-LIANG-06,175,exact,量,重量,ㄌㄧㄤˋ,,一字多音-字典檔_marked.xlsx,,依專案字典讀音分組與完整詞境建立；不以PDF實際注音反推。,,
V19H-LIANG-07,175,exact,量,份量,ㄌㄧㄤˋ,,一字多音-字典檔_marked.xlsx,,依專案字典讀音分組與完整詞境建立；不以PDF實際注音反推。,,
V19H-LIANG-08,175,exact,量,酒量,ㄌㄧㄤˋ,,一字多音-字典檔_marked.xlsx,,依專案字典讀音分組與完整詞境建立；不以PDF實際注音反推。,,
V19H-LIANG-09,175,exact,量,總量,ㄌㄧㄤˋ,,一字多音-字典檔_marked.xlsx,,依專案字典讀音分組與完整詞境建立；不以PDF實際注音反推。,,
V19H-LIANG-10,175,exact,量,測量,ㄌㄧㄤˊ,,一字多音-字典檔_marked.xlsx,,依專案字典讀音分組與完整詞境建立；不以PDF實際注音反推。,,
V19H-LIANG-11,175,exact,量,評量,ㄌㄧㄤˊ,,一字多音-字典檔_marked.xlsx,,依專案字典讀音分組與完整詞境建立；不以PDF實際注音反推。,,
V19H-ZHE-01,175,exact,著,微笑著,˙ㄓㄜ,,一字多音-字典檔_marked.xlsx,,依專案字典讀音分組與完整詞境建立；不以PDF實際注音反推。,,
V19H-ZHE-02,175,exact,著,有著,˙ㄓㄜ,,一字多音-字典檔_marked.xlsx,,依專案字典讀音分組與完整詞境建立；不以PDF實際注音反推。,,
V19H-ZHE-03,175,exact,著,聊著,˙ㄓㄜ,,一字多音-字典檔_marked.xlsx,,依專案字典讀音分組與完整詞境建立；不以PDF實際注音反推。,,
V19H-ZHE-04,175,exact,著,朝著,˙ㄓㄜ,,一字多音-字典檔_marked.xlsx,,依專案字典讀音分組與完整詞境建立；不以PDF實際注音反推。,,
V19H-ZHE-05,175,exact,著,附著,ㄓㄨㄛˊ,,一字多音-字典檔_marked.xlsx,,「附著」讀ㄈㄨˋ ㄓㄨㄛˊ。,,
V19H-ZHE-06,175,exact,著,沿著,˙ㄓㄜ,,一字多音-字典檔_marked.xlsx,,依專案字典讀音分組與完整詞境建立；不以PDF實際注音反推。,,
V19H-ZHE-07,175,exact,著,帶著,˙ㄓㄜ,,一字多音-字典檔_marked.xlsx,,依專案字典讀音分組與完整詞境建立；不以PDF實際注音反推。,,
V19H-ZHE-08,175,exact,著,跟著,˙ㄓㄜ,,一字多音-字典檔_marked.xlsx,,依專案字典讀音分組與完整詞境建立；不以PDF實際注音反推。,,
V19H-ZHE-09,175,exact,著,著地,ㄓㄨㄛˊ,,一字多音-字典檔_marked.xlsx,,依專案字典讀音分組與完整詞境建立；不以PDF實際注音反推。,,
V19H-ZHE-10,175,exact,著,著火,ㄓㄠˊ,,一字多音-字典檔_marked.xlsx,,依專案字典讀音分組與完整詞境建立；不以PDF實際注音反推。,,
V19H-ZHE-11,175,exact,著,穿著,ㄓㄨㄛˊ,,一字多音-字典檔_marked.xlsx,,依專案字典讀音分組與完整詞境建立；不以PDF實際注音反推。,,
V19H-ZHE-12,175,exact,著,著想,ㄓㄨㄛˊ,,一字多音-字典檔_marked.xlsx,,依專案字典讀音分組與完整詞境建立；不以PDF實際注音反推。,,
V19H-DANG-DEFAULT,58,default,當,,ㄉㄤ,當鋪;適當;勾當;當作,一字多音-字典檔_marked.xlsx,,專案字典中一般時機／充任義讀ㄉㄤ；明列ㄉㄤˋ詞境排除。,,
V19H-ZHUAN-01,175,exact,轉,轉移,ㄓㄨㄢˇ,,一字多音-字典檔_marked.xlsx,,依專案字典讀音分組與完整詞境建立；不以PDF實際注音反推。,,
V19H-ZHUAN-02,175,exact,轉,轉種,ㄓㄨㄢˇ,,一字多音-字典檔_marked.xlsx,,依專案字典讀音分組與完整詞境建立；不以PDF實際注音反推。,,
V19H-ZHUAN-03,175,exact,轉,轉為,ㄓㄨㄢˇ,,一字多音-字典檔_marked.xlsx,,依專案字典讀音分組與完整詞境建立；不以PDF實際注音反推。,,
V19H-ZHUAN-04,175,exact,轉,轉至,ㄓㄨㄢˇ,,一字多音-字典檔_marked.xlsx,,依專案字典讀音分組與完整詞境建立；不以PDF實際注音反推。,,
V19H-ZHUAN-05,175,exact,轉,轉回,ㄓㄨㄢˇ,,一字多音-字典檔_marked.xlsx,,依專案字典讀音分組與完整詞境建立；不以PDF實際注音反推。,,
V19H-ZHUAN-06,175,exact,轉,轉向,ㄓㄨㄢˇ,,一字多音-字典檔_marked.xlsx,,依專案字典讀音分組與完整詞境建立；不以PDF實際注音反推。,,
V19H-ZHUAN-07,175,exact,轉,逆轉,ㄓㄨㄢˇ,,一字多音-字典檔_marked.xlsx,,依專案字典讀音分組與完整詞境建立；不以PDF實際注音反推。,,
V19H-ZHUAN-08,175,exact,轉,倒轉,ㄓㄨㄢˇ,,一字多音-字典檔_marked.xlsx,,依專案字典讀音分組與完整詞境建立；不以PDF實際注音反推。,,
V19H-ZI-01,175,exact,子,棒子,˙ㄗ,,一字多音-字典檔_marked.xlsx,,依專案字典讀音分組與完整詞境建立；不以PDF實際注音反推。,,
V19H-ZI-02,175,exact,子,桌子,˙ㄗ,,一字多音-字典檔_marked.xlsx,,依專案字典讀音分組與完整詞境建立；不以PDF實際注音反推。,,
V19H-ZI-03,175,exact,子,兒子,˙ㄗ,,一字多音-字典檔_marked.xlsx,,依專案字典讀音分組與完整詞境建立；不以PDF實際注音反推。,,
V19H-ZI-04,175,exact,子,椅子,˙ㄗ,,一字多音-字典檔_marked.xlsx,,依專案字典讀音分組與完整詞境建立；不以PDF實際注音反推。,,
V19H-ZI-05,175,exact,子,梯子,˙ㄗ,,一字多音-字典檔_marked.xlsx,,依專案字典讀音分組與完整詞境建立；不以PDF實際注音反推。,,
V19H-ZI-06,175,exact,子,種子,˙ㄗ,,一字多音-字典檔_marked.xlsx,,依專案字典讀音分組與完整詞境建立；不以PDF實際注音反推。,,
V19H-ZI-07,175,exact,子,檳榔子,ㄗˇ,,一字多音-字典檔_marked.xlsx,,「檳榔子」此處子為實詞讀ㄗˇ；不作一般輕聲詞尾。,,
V19H-ZI-08,175,exact,子,女子,ㄗˇ,,一字多音-字典檔_marked.xlsx,,依專案字典讀音分組與完整詞境建立；不以PDF實際注音反推。,,
V19H-ZI-09,175,exact,子,男子,ㄗˇ,,一字多音-字典檔_marked.xlsx,,依專案字典讀音分組與完整詞境建立；不以PDF實際注音反推。,,
V19H-CHU-01,175,exact,處,獨處,ㄔㄨˇ,,一字多音-字典檔_marked.xlsx,,依專案字典讀音分組與完整詞境建立；不以PDF實際注音反推。,,
V19H-CHU-02,175,exact,處,到處,ㄔㄨˋ,,一字多音-字典檔_marked.xlsx,,依專案字典讀音分組與完整詞境建立；不以PDF實際注音反推。,,
V19H-CHU-03,175,exact,處,壞處,ㄔㄨˋ,,一字多音-字典檔_marked.xlsx,,依專案字典讀音分組與完整詞境建立；不以PDF實際注音反推。,,
V19H-CHU-04,175,exact,處,顯眼處,ㄔㄨˋ,,一字多音-字典檔_marked.xlsx,,依專案字典讀音分組與完整詞境建立；不以PDF實際注音反推。,,
V19H-CHU-05,175,exact,處,起始處,ㄔㄨˋ,,一字多音-字典檔_marked.xlsx,,依專案字典讀音分組與完整詞境建立；不以PDF實際注音反推。,,
V19H-CHU-06,175,exact,處,交界處,ㄔㄨˋ,,一字多音-字典檔_marked.xlsx,,依專案字典讀音分組與完整詞境建立；不以PDF實際注音反推。,,
V19H-CHU-07,175,exact,處,原處,ㄔㄨˋ,,一字多音-字典檔_marked.xlsx,,依專案字典讀音分組與完整詞境建立；不以PDF實際注音反推。,,
V19H-CHU-08,175,exact,處,公尺處,ㄔㄨˋ,,一字多音-字典檔_marked.xlsx,,依專案字典讀音分組與完整詞境建立；不以PDF實際注音反推。,,
V19H-ZHONG-01,175,exact,種,種子,ㄓㄨㄥˇ,,一字多音-字典檔_marked.xlsx,,依專案字典讀音分組與完整詞境建立；不以PDF實際注音反推。,,
V19H-ZHONG-02,175,exact,種,哪種,ㄓㄨㄥˇ,,一字多音-字典檔_marked.xlsx,,依專案字典讀音分組與完整詞境建立；不以PDF實際注音反推。,,
V19H-ZHONG-03,175,exact,種,各種,ㄓㄨㄥˇ,,一字多音-字典檔_marked.xlsx,,依專案字典讀音分組與完整詞境建立；不以PDF實際注音反推。,,
V19H-ZHONG-04,175,exact,種,四種,ㄓㄨㄥˇ,,一字多音-字典檔_marked.xlsx,,依專案字典讀音分組與完整詞境建立；不以PDF實際注音反推。,,
V19H-ZHONG-05,175,exact,種,兩種,ㄓㄨㄥˇ,,一字多音-字典檔_marked.xlsx,,依專案字典讀音分組與完整詞境建立；不以PDF實際注音反推。,,
V19H-ZHONG-06,175,exact,種,種類,ㄓㄨㄥˇ,,一字多音-字典檔_marked.xlsx,,依專案字典讀音分組與完整詞境建立；不以PDF實際注音反推。,,
V19H-ZHONG-07,175,exact,種,種檳榔,ㄓㄨㄥˋ,,一字多音-字典檔_marked.xlsx,,依專案字典讀音分組與完整詞境建立；不以PDF實際注音反推。,,
V19H-ZHONG-08,175,exact,種,轉種,ㄓㄨㄥˋ,,一字多音-字典檔_marked.xlsx,,依專案字典讀音分組與完整詞境建立；不以PDF實際注音反推。,,
V19H-ZHONG-09,175,exact,種,改種,ㄓㄨㄥˋ,,一字多音-字典檔_marked.xlsx,,依專案字典讀音分組與完整詞境建立；不以PDF實際注音反推。,,
V19H-ZHONGMID-01,175,exact,中,心目中,ㄓㄨㄥ,,一字多音-字典檔_marked.xlsx,,依專案字典讀音分組與完整詞境建立；不以PDF實際注音反推。,,
V19H-ZHONGMID-02,175,exact,中,家中,ㄓㄨㄥ,,一字多音-字典檔_marked.xlsx,,依專案字典讀音分組與完整詞境建立；不以PDF實際注音反推。,,
V19H-ZHONGMID-03,175,exact,中,運動中,ㄓㄨㄥ,,一字多音-字典檔_marked.xlsx,,依專案字典讀音分組與完整詞境建立；不以PDF實際注音反推。,,
V19H-ZHONGMID-04,175,exact,中,圖中,ㄓㄨㄥ,,一字多音-字典檔_marked.xlsx,,依專案字典讀音分組與完整詞境建立；不以PDF實際注音反推。,,
V19H-ZHONGMID-05,175,exact,中,酒精中,ㄓㄨㄥ,,一字多音-字典檔_marked.xlsx,,依專案字典讀音分組與完整詞境建立；不以PDF實際注音反推。,,
V19H-ZHONGMID-06,175,exact,中,圓圈中,ㄓㄨㄥ,,一字多音-字典檔_marked.xlsx,,依專案字典讀音分組與完整詞境建立；不以PDF實際注音反推。,,
V19H-ZHONGMID-07,175,exact,中,移動中,ㄓㄨㄥ,,一字多音-字典檔_marked.xlsx,,依專案字典讀音分組與完整詞境建立；不以PDF實際注音反推。,,
V19H-ZHONGMID-08,175,exact,中,方格中,ㄓㄨㄥ,,一字多音-字典檔_marked.xlsx,,依專案字典讀音分組與完整詞境建立；不以PDF實際注音反推。,,
V19H-ZHONGMID-09,175,exact,中,擲中,ㄓㄨㄥˋ,,一字多音-字典檔_marked.xlsx,,依專案字典讀音分組與完整詞境建立；不以PDF實際注音反推。,,
V19H-ZHONGMID-10,175,exact,中,中毒,ㄓㄨㄥˋ,,一字多音-字典檔_marked.xlsx,,依專案字典讀音分組與完整詞境建立；不以PDF實際注音反推。,,
V19H-RUO-DEFAULT,60,default,若,,ㄖㄨㄛˋ,般若;蘭若,一字多音-字典檔_marked.xlsx,,專案字典現代假設連詞義讀ㄖㄨㄛˋ；佛教/古詞例外排除。,,
V19H-JIAN-01,175,exact,見,看見,ㄐㄧㄢˋ,,一字多音-字典檔_marked.xlsx,,依專案字典讀音分組與完整詞境建立；不以PDF實際注音反推。,,
V19H-JIAN-02,175,exact,見,常見,ㄐㄧㄢˋ,,一字多音-字典檔_marked.xlsx,,依專案字典讀音分組與完整詞境建立；不以PDF實際注音反推。,,
V19H-JIAN-03,175,exact,見,見到,ㄐㄧㄢˋ,,一字多音-字典檔_marked.xlsx,,依專案字典讀音分組與完整詞境建立；不以PDF實際注音反推。,,
V19I-GE-001,185,exact,個,上個廁所,˙ㄍㄜ,,一字多音-字典檔_marked.xlsx,,依專案字典／明確詞境建立；不以PDF實際音反推。,,
V19I-DAI-001,185,exact,待,自己待,ㄉㄞ,,一字多音-字典檔_marked.xlsx,,依專案字典／明確詞境建立；不以PDF實際音反推。,,
V19I-BU-01,170,exact,不,不愛,ㄅㄨˊ；ㄅㄨˋ,,一字多音-字典檔_marked.xlsx,,四聲字前可讀語流變調ㄅㄨˊ；教材若保留本調ㄅㄨˋ亦接受，避免跨年級標音慣例造成假警報。,,
V19I-BU-02,170,exact,不,不順,ㄅㄨˊ；ㄅㄨˋ,,一字多音-字典檔_marked.xlsx,,四聲字前可讀語流變調ㄅㄨˊ；教材若保留本調ㄅㄨˋ亦接受，避免跨年級標音慣例造成假警報。,,
V19I-BU-03,170,exact,不,不夠,ㄅㄨˊ；ㄅㄨˋ,,一字多音-字典檔_marked.xlsx,,四聲字前可讀語流變調ㄅㄨˊ；教材若保留本調ㄅㄨˋ亦接受，避免跨年級標音慣例造成假警報。,,
V19I-BU-04,170,exact,不,不運動,ㄅㄨˊ；ㄅㄨˋ,,一字多音-字典檔_marked.xlsx,,四聲字前可讀語流變調ㄅㄨˊ；教材若保留本調ㄅㄨˋ亦接受，避免跨年級標音慣例造成假警報。,,
V19I-BU-05,170,exact,不,不下,ㄅㄨˊ；ㄅㄨˋ,,一字多音-字典檔_marked.xlsx,,四聲字前可讀語流變調ㄅㄨˊ；教材若保留本調ㄅㄨˋ亦接受，避免跨年級標音慣例造成假警報。,,
V19I-BU-06,170,exact,不,不到,ㄅㄨˊ；ㄅㄨˋ,,一字多音-字典檔_marked.xlsx,,四聲字前可讀語流變調ㄅㄨˊ；教材若保留本調ㄅㄨˋ亦接受，避免跨年級標音慣例造成假警報。,,
V19I-BU-07,170,exact,不,不願,ㄅㄨˊ；ㄅㄨˋ,,一字多音-字典檔_marked.xlsx,,四聲字前可讀語流變調ㄅㄨˊ；教材若保留本調ㄅㄨˋ亦接受，避免跨年級標音慣例造成假警報。,,
V19I-BU-08,170,exact,不,不放棄,ㄅㄨˊ；ㄅㄨˋ,,一字多音-字典檔_marked.xlsx,,四聲字前可讀語流變調ㄅㄨˊ；教材若保留本調ㄅㄨˋ亦接受，避免跨年級標音慣例造成假警報。,,
V19I-BU-09,170,exact,不,不慎,ㄅㄨˊ；ㄅㄨˋ,,一字多音-字典檔_marked.xlsx,,四聲字前可讀語流變調ㄅㄨˊ；教材若保留本調ㄅㄨˋ亦接受，避免跨年級標音慣例造成假警報。,,
V19I-BU-10,170,exact,不,不再,ㄅㄨˊ；ㄅㄨˋ,,一字多音-字典檔_marked.xlsx,,四聲字前可讀語流變調ㄅㄨˊ；教材若保留本調ㄅㄨˋ亦接受，避免跨年級標音慣例造成假警報。,,
V19I-BU-11,170,exact,不,不孕,ㄅㄨˊ；ㄅㄨˋ,,一字多音-字典檔_marked.xlsx,,四聲字前可讀語流變調ㄅㄨˊ；教材若保留本調ㄅㄨˋ亦接受，避免跨年級標音慣例造成假警報。,,
V19I-BU-12,170,exact,不,不讓,ㄅㄨˊ；ㄅㄨˋ,,一字多音-字典檔_marked.xlsx,,四聲字前可讀語流變調ㄅㄨˊ；教材若保留本調ㄅㄨˋ亦接受，避免跨年級標音慣例造成假警報。,,
V19I-BU-13,170,exact,不,不動,ㄅㄨˊ；ㄅㄨˋ,,一字多音-字典檔_marked.xlsx,,四聲字前可讀語流變調ㄅㄨˊ；教材若保留本調ㄅㄨˋ亦接受，避免跨年級標音慣例造成假警報。,,
V19I-BU-14,170,exact,不,不變,ㄅㄨˊ；ㄅㄨˋ,,一字多音-字典檔_marked.xlsx,,四聲字前可讀語流變調ㄅㄨˊ；教材若保留本調ㄅㄨˋ亦接受，避免跨年級標音慣例造成假警報。,,
V19I-BU-GAN,170,exact,不,不敢,ㄅㄨˋ,,一字多音-字典檔_marked.xlsx,,「敢」為三聲，不維持本調ㄅㄨˋ。,,
V19I-JIAO-001,185,exact,教,可以教,ㄐㄧㄠ,,一字多音-字典檔_marked.xlsx,,依專案字典／明確詞境建立；不以PDF實際音反推。,,
V19J-WEI-01,180,exact,為,再為目標,ㄨㄟˋ,,一字多音-字典檔_marked.xlsx,,依專案字典與完整詞境建立；不以PDF實際注音反推。,,
V19J-WEI-02,180,exact,為,家人為我,ㄨㄟˋ,,一字多音-字典檔_marked.xlsx,,依專案字典與完整詞境建立；不以PDF實際注音反推。,,
V19J-WEI-03,180,exact,為,為守護,ㄨㄟˋ,,一字多音-字典檔_marked.xlsx,,依專案字典與完整詞境建立；不以PDF實際注音反推。,,
V19J-WEI-04,180,exact,為,為何,ㄨㄟˋ,,一字多音-字典檔_marked.xlsx,,依專案字典與完整詞境建立；不以PDF實際注音反推。,,
V19J-WEI-05,180,exact,為,專為,ㄨㄟˋ,,一字多音-字典檔_marked.xlsx,,依專案字典與完整詞境建立；不以PDF實際注音反推。,,
V19J-WEI-06,180,exact,為,設定為,ㄨㄟˊ,,一字多音-字典檔_marked.xlsx,,依專案字典與完整詞境建立；不以PDF實際注音反推。,,
V19J-WEI-07,180,exact,為,時間為,ㄨㄟˊ,,一字多音-字典檔_marked.xlsx,,依專案字典與完整詞境建立；不以PDF實際注音反推。,,
V19J-WEI-08,180,exact,為,廣為,ㄨㄟˊ,,一字多音-字典檔_marked.xlsx,,依專案字典與完整詞境建立；不以PDF實際注音反推。,,
V19J-WEI-09,180,exact,為,轉為,ㄨㄟˊ,,一字多音-字典檔_marked.xlsx,,依專案字典與完整詞境建立；不以PDF實際注音反推。,,
V19J-WEI-10,180,exact,為,田徑為,ㄨㄟˊ,,一字多音-字典檔_marked.xlsx,,依專案字典與完整詞境建立；不以PDF實際注音反推。,,
V19J-WEI-11,180,exact,為,為追者,ㄨㄟˊ,,一字多音-字典檔_marked.xlsx,,依專案字典與完整詞境建立；不以PDF實際注音反推。,,
V19J-WEI-12,180,exact,為,為逃者,ㄨㄟˊ,,一字多音-字典檔_marked.xlsx,,依專案字典與完整詞境建立；不以PDF實際注音反推。,,
V19J-WEI-13,180,exact,為,為一隊,ㄨㄟˊ,,一字多音-字典檔_marked.xlsx,,依專案字典與完整詞境建立；不以PDF實際注音反推。,,
V19J-WEI-14,180,exact,為,為一組,ㄨㄟˊ,,一字多音-字典檔_marked.xlsx,,依專案字典與完整詞境建立；不以PDF實際注音反推。,,
V19J-WEI-15,180,exact,為,想法為何,ㄨㄟˊ,,一字多音-字典檔_marked.xlsx,,依專案字典與完整詞境建立；不以PDF實際注音反推。,,
V19J-WEI-16,180,exact,為,地點為,ㄨㄟˊ,,一字多音-字典檔_marked.xlsx,,依專案字典與完整詞境建立；不以PDF實際注音反推。,,
V19J-WEI-17,180,exact,為,連線為,ㄨㄟˊ,,一字多音-字典檔_marked.xlsx,,依專案字典與完整詞境建立；不以PDF實際注音反推。,,
V19J-WEI-18,180,exact,為,為軸,ㄨㄟˊ,,一字多音-字典檔_marked.xlsx,,依專案字典與完整詞境建立；不以PDF實際注音反推。,,
V19J-WEI-19,180,exact,為,接球區為,ㄨㄟˊ,,一字多音-字典檔_marked.xlsx,,依專案字典與完整詞境建立；不以PDF實際注音反推。,,
V19J-WEI-20,180,exact,為,距離為,ㄨㄟˊ,,一字多音-字典檔_marked.xlsx,,依專案字典與完整詞境建立；不以PDF實際注音反推。,,
V19J-WEI-21,180,exact,為,"扇形,為",ㄨㄟˊ,,一字多音-字典檔_marked.xlsx,,依專案字典與完整詞境建立；不以PDF實際注音反推。,,
V19J-WEI-22,180,exact,為,即為,ㄨㄟˊ,,一字多音-字典檔_marked.xlsx,,依專案字典與完整詞境建立；不以PDF實際注音反推。,,
V19J-WEI-23,180,exact,為,處為,ㄨㄟˊ,,一字多音-字典檔_marked.xlsx,,依專案字典與完整詞境建立；不以PDF實際注音反推。,,
V19J-WEI-24,180,exact,為,範圍為,ㄨㄟˊ,,一字多音-字典檔_marked.xlsx,,依專案字典與完整詞境建立；不以PDF實際注音反推。,,
V19J-FEN-DEFAULT,57,default,分,,ㄈㄣ,本分;部分;分外;身分;天分,一字多音-字典檔_marked.xlsx,,專案字典一般分開／數值義讀ㄈㄣ；名分/部分等ㄈㄣˋ詞境排除。,,
V19J-LIANG-01,180,exact,量,少量,ㄌㄧㄤˋ,,一字多音-字典檔_marked.xlsx,,依專案字典與完整詞境建立；不以PDF實際注音反推。,,
V19J-LIANG-02,180,exact,量,過量,ㄌㄧㄤˋ,,一字多音-字典檔_marked.xlsx,,依專案字典與完整詞境建立；不以PDF實際注音反推。,,
V19J-LIANG-03,180,exact,量,質量,ㄌㄧㄤˋ,,一字多音-字典檔_marked.xlsx,,依專案字典與完整詞境建立；不以PDF實際注音反推。,,
V19J-LIANG-04,180,exact,量,量不過量,ㄌㄧㄤˋ,,一字多音-字典檔_marked.xlsx,,依專案字典與完整詞境建立；不以PDF實際注音反推。,,
V19J-LIANG-05,180,exact,量,商量,ㄌㄧㄤˊ,,一字多音-字典檔_marked.xlsx,,依專案字典與完整詞境建立；不以PDF實際注音反推。,,
V19J-LIANG-06,180,exact,量,量身高,ㄌㄧㄤˊ,,一字多音-字典檔_marked.xlsx,,依專案字典與完整詞境建立；不以PDF實際注音反推。,,
V19J-LIANG-07,180,exact,量,垂直量,ㄌㄧㄤˊ,,一字多音-字典檔_marked.xlsx,,依專案字典與完整詞境建立；不以PDF實際注音反推。,,
V19J-DE-01,180,exact,得,免得,˙ㄉㄜ,,一字多音-字典檔_marked.xlsx,,依專案字典與完整詞境建立；不以PDF實際注音反推。,,
V19J-DE-02,180,exact,得,條理得,˙ㄉㄜ,,一字多音-字典檔_marked.xlsx,,依專案字典與完整詞境建立；不以PDF實際注音反推。,,
V19J-DE-03,180,exact,得,值得,˙ㄉㄜ,,一字多音-字典檔_marked.xlsx,,依專案字典與完整詞境建立；不以PDF實際注音反推。,,
V19J-DE-04,180,exact,得,得主,ㄉㄜˊ,,一字多音-字典檔_marked.xlsx,,依專案字典與完整詞境建立；不以PDF實際注音反推。,,
V19J-DE-05,180,exact,得,得知,ㄉㄜˊ,,一字多音-字典檔_marked.xlsx,,依專案字典與完整詞境建立；不以PDF實際注音反推。,,
V19J-DE-06,180,exact,得,我得趕快,ㄉㄟˇ,,一字多音-字典檔_marked.xlsx,,依專案字典與完整詞境建立；不以PDF實際注音反推。,,
V19J-DE-07,180,exact,得,得心應手,ㄉㄜˊ,,一字多音-字典檔_marked.xlsx,,依專案字典與完整詞境建立；不以PDF實際注音反推。,,
V19J-DE-08,180,exact,得,心得,ㄉㄜˊ,,一字多音-字典檔_marked.xlsx,,依專案字典與完整詞境建立；不以PDF實際注音反推。,,
V19J-DE-09,180,exact,得,擲得,˙ㄉㄜ,,一字多音-字典檔_marked.xlsx,,依專案字典與完整詞境建立；不以PDF實際注音反推。,,
V19J-DE-10,180,exact,得,丟得,˙ㄉㄜ,,一字多音-字典檔_marked.xlsx,,依專案字典與完整詞境建立；不以PDF實際注音反推。,,
V19J-TAN-01,180,exact,彈,彈振,ㄊㄢˊ,,一字多音-字典檔_marked.xlsx,,依專案字典與完整詞境建立；不以PDF實際注音反推。,,
V19J-TAN-02,180,exact,彈,彈地,ㄊㄢˊ,,一字多音-字典檔_marked.xlsx,,依專案字典與完整詞境建立；不以PDF實際注音反推。,,
V19J-TAN-03,180,exact,彈,彈起,ㄊㄢˊ,,一字多音-字典檔_marked.xlsx,,依專案字典與完整詞境建立；不以PDF實際注音反推。,,
V19J-TAN-04,180,exact,彈,反彈,ㄊㄢˊ,,一字多音-字典檔_marked.xlsx,,依專案字典與完整詞境建立；不以PDF實際注音反推。,,
V19J-ZHONG-01,180,exact,中,理想中的,ㄓㄨㄥ,,一字多音-字典檔_marked.xlsx,,依專案字典與完整詞境建立；不以PDF實際注音反推。,,
V19J-ZHONG-02,180,exact,中,現實中的,ㄓㄨㄥ,,一字多音-字典檔_marked.xlsx,,依專案字典與完整詞境建立；不以PDF實際注音反推。,,
V19J-ZHONG-03,180,exact,中,菸品中的,ㄓㄨㄥ,,一字多音-字典檔_marked.xlsx,,依專案字典與完整詞境建立；不以PDF實際注音反推。,,
V19J-ZHONG-04,180,exact,中,靈魂中的,ㄓㄨㄥ,,一字多音-字典檔_marked.xlsx,,依專案字典與完整詞境建立；不以PDF實際注音反推。,,
V19J-ZHONG-05,180,exact,中,廣告中的,ㄓㄨㄥ,,一字多音-字典檔_marked.xlsx,,依專案字典與完整詞境建立；不以PDF實際注音反推。,,
V19J-ZHONG-06,180,exact,中,呼拉圈中的,ㄓㄨㄥ,,一字多音-字典檔_marked.xlsx,,依專案字典與完整詞境建立；不以PDF實際注音反推。,,
V19J-TOU-01,180,exact,頭,頭要,ㄊㄡˊ,,一字多音-字典檔_marked.xlsx,,依專案字典與完整詞境建立；不以PDF實際注音反推。,,
V19J-TOU-02,180,exact,頭,額頭,˙ㄊㄡ,,一字多音-字典檔_marked.xlsx,,依專案字典與完整詞境建立；不以PDF實際注音反推。,,
V19J-TOU-03,180,exact,頭,拋過頭,ㄊㄡˊ,,一字多音-字典檔_marked.xlsx,,依專案字典與完整詞境建立；不以PDF實際注音反推。,,
V19J-TOU-04,180,exact,頭,頭貼,ㄊㄡˊ,,一字多音-字典檔_marked.xlsx,,依專案字典與完整詞境建立；不以PDF實際注音反推。,,
V19J-TOU-05,180,exact,頭,大頭,ㄊㄡˊ,,一字多音-字典檔_marked.xlsx,,依專案字典與完整詞境建立；不以PDF實際注音反推。,,
V19J-ZHUAN-01,180,exact,轉,轉作,ㄓㄨㄢˇ,,一字多音-字典檔_marked.xlsx,,依專案字典與完整詞境建立；不以PDF實際注音反推。,,
V19J-ZHUAN-02,180,exact,轉,轉慢,ㄓㄨㄢˇ,,一字多音-字典檔_marked.xlsx,,依專案字典與完整詞境建立；不以PDF實際注音反推。,,
V19J-ZHUAN-03,180,exact,轉,轉腰,ㄓㄨㄢˇ,,一字多音-字典檔_marked.xlsx,,依專案字典與完整詞境建立；不以PDF實際注音反推。,,
V19J-ZHUAN-04,180,exact,轉,轉正面,ㄓㄨㄢˇ,,一字多音-字典檔_marked.xlsx,,依專案字典與完整詞境建立；不以PDF實際注音反推。,,
V19J-CHONG-RE,180,exact,重,重新,ㄔㄨㄥˊ,,一字多音-字典檔_marked.xlsx,,依專案字典與完整詞境建立；不以PDF實際注音反推。,,
V19J-GE-FANSHU,180,exact,個,番薯個,˙ㄍㄜ,,一字多音-字典檔_marked.xlsx,,依專案字典與完整詞境建立；不以PDF實際注音反推。,,
V19K-XINGWEI,210,exact,為,行為,ㄨㄟˊ,,一字多音-字典檔_marked.xlsx,,完整詞「行為」讀ㄒㄧㄥˊ ㄨㄟˊ；阻止跨詞「為了」誤命中。,,
V19K-YISHANG-GRADE,210,exact,一,一上冊,ㄧ,,一字多音-字典檔_marked.xlsx,,只限冊別／年級詞「一上冊」；避免誤命中「一上一下」。,,
V19L-YI-JI,80,derived,一,一級,ㄧˋ,,一字多音-字典檔_marked.xlsx,,使用者於三上盲測人工確認「一級棒」之「一」課本注音為ㄧˋ（2026-08-15）；亦符合後字「級」第二聲前「一」讀ㄧˋ的變調規則。,,user_confirmed
V19L-YI-LEI,220,exact,一,一壘,ㄧ,,一字多音-字典檔_marked.xlsx,,棒球術語「一壘」中的一表示第一壘，採數字本調ㄧ。,,
V19L-YI-WENTI,220,exact,一,問題一,ㄧ,,一字多音-字典檔_marked.xlsx,,題號「問題一」中的一為數字標號，採本調ㄧ。,,
V19L-GEI-TIGONG,220,exact,給,提供給,ㄍㄟˇ,,一字多音-字典檔_marked.xlsx,,「提供給」的給為口語介詞／授與義，依專案字典「送給、給我…」分組。,,
V19L-HAO-HAO,220,exact,好,好好,ㄏㄠˇ,,一字多音-字典檔_marked.xlsx,,「好好」為程度／方式副詞，兩個好均採ㄏㄠˇ。,,
V19L-JIANG-XIAO,220,exact,將,小將,ㄐㄧㄤˋ,,一字多音-字典檔_marked.xlsx,,「小將」的將為將領／選手稱謂義，採ㄐㄧㄤˋ。,,
V19L-JIANG-SHUI,220,exact,將,將水,ㄐㄧㄤ,,一字多音-字典檔_marked.xlsx,,「將水…」中的將為把／將要結構，採ㄐㄧㄤ。,,
V19L-HE-JIAZHANG,220,exact,和,家長和,ㄏㄢˋ,,一字多音-字典檔_marked.xlsx,,「家長和…」為現代白話並列連詞，依專案字典「我和你」採ㄏㄢˋ。,,
V19L-DE-ZUODEDAO,230,exact,得,做得到,˙ㄉㄜ,,一字多音-字典檔_marked.xlsx,,「做得到」的得為可能補語結構中的助詞，採輕聲˙ㄉㄜ；避免「得到」字面跨詞誤命中。,,
V20-USER-DE-MUST,300,exact,得,飲食得以正常三餐為主,ㄉㄟˇ,,使用者人工覆核（115國小健體4上 P19，2026-08-14）,,課文分詞為「飲食／得／以正常三餐為主」；此處「得」表示必須，讀ㄉㄟˇ。避免短字串「得以」誤套ㄉㄜˊ。,,
V20-USER-ZHEX,300,exact,著,著想,ㄓㄠˊ,,使用者人工覆核（115國小健體4上 P19，2026-08-14）,,使用者回原頁確認課文注音正確；專案規範以此處「著想」讀ㄓㄠˊ。,,
V20-USER-CHONGFEN,300,exact,分,充分,ㄈㄣˋ,,使用者人工覆核（115國小健體4上 P21/P23，2026-08-14）,,「充分」的「分」讀ㄈㄣˋ；修正v1.9自專案字典錯誤分組產生的ㄈㄣ候選。,,
V20-USER-BEIYU,300,exact,背,背於,ㄅㄟ,,使用者人工覆核（115國小健體4上 P153，2026-08-14）,,課文動作為雙手背於腰後／腰兩側；使用者確認「背」讀ㄅㄟ。,,
V20-USER-BEISHOU,300,exact,背,背手,ㄅㄟ,,使用者人工覆核（115國小健體4上 P153，2026-08-14）,,「背手跳」的「背」依課文動作讀ㄅㄟ；修正舊P-BEISHOU規則。,,
V21-YI-001,225,exact,一,一組,ㄧˋ,,一字多音-字典檔_marked.xlsx,,依專案「一」變調規則及完整詞境建立；序數/數字語境維持本調。,,
V21-YI-002,225,exact,一,一隻,ㄧˋ,,一字多音-字典檔_marked.xlsx,,依專案「一」變調規則及完整詞境建立；序數/數字語境維持本調。,,
V21-YI-003,225,exact,一,一名,ㄧˋ,,一字多音-字典檔_marked.xlsx,,依專案「一」變調規則及完整詞境建立；序數/數字語境維持本調。,,
V21-YI-004,225,exact,一,一類,ㄧˊ,,一字多音-字典檔_marked.xlsx,,依專案「一」變調規則及完整詞境建立；序數/數字語境維持本調。,,
V21-YI-005,225,exact,一,一步,ㄧˊ,,一字多音-字典檔_marked.xlsx,,依專案「一」變調規則及完整詞境建立；序數/數字語境維持本調。,,
V21-YI-006,225,exact,一,一段,ㄧˊ,,一字多音-字典檔_marked.xlsx,,依專案「一」變調規則及完整詞境建立；序數/數字語境維持本調。,,
V21-YI-007,225,exact,一,一位,ㄧˊ,,一字多音-字典檔_marked.xlsx,,依專案「一」變調規則及完整詞境建立；序數/數字語境維持本調。,,
V21-YI-008,225,exact,一,一杯,ㄧˋ,,一字多音-字典檔_marked.xlsx,,依專案「一」變調規則及完整詞境建立；序數/數字語境維持本調。,,
V21-YI-009,225,exact,一,一整,ㄧˋ,,一字多音-字典檔_marked.xlsx,,依專案「一」變調規則及完整詞境建立；序數/數字語境維持本調。,,
V21-YI-010,225,exact,一,一餐,ㄧˋ,,一字多音-字典檔_marked.xlsx,,依專案「一」變調規則及完整詞境建立；序數/數字語境維持本調。,,
V21-YI-011,225,exact,一,一篇,ㄧˋ,,一字多音-字典檔_marked.xlsx,,依專案「一」變調規則及完整詞境建立；序數/數字語境維持本調。,,
V21-YI-012,225,exact,一,一代,ㄧˊ,,一字多音-字典檔_marked.xlsx,,依專案「一」變調規則及完整詞境建立；序數/數字語境維持本調。,,
V21-YI-013,225,exact,一,一則,ㄧˋ,,一字多音-字典檔_marked.xlsx,,依專案「一」變調規則及完整詞境建立；序數/數字語境維持本調。,,
V21-YI-014,240,exact,一,一開始,ㄧˋ,,一字多音-字典檔_marked.xlsx,,依專案「一」變調規則及完整詞境建立；序數/數字語境維持本調。,,
V21-YI-015,225,exact,一,一站,ㄧˊ,,一字多音-字典檔_marked.xlsx,,依專案「一」變調規則及完整詞境建立；序數/數字語境維持本調。,,
V21-YI-016,225,exact,一,一扯,ㄧˋ,,一字多音-字典檔_marked.xlsx,,依專案「一」變調規則及完整詞境建立；序數/數字語境維持本調。,,
V21-YI-017,225,exact,一,一手,ㄧˋ,,一字多音-字典檔_marked.xlsx,,依專案「一」變調規則及完整詞境建立；序數/數字語境維持本調。,,
V21-YI-018,225,exact,一,一外,ㄧˊ,,一字多音-字典檔_marked.xlsx,,依專案「一」變調規則及完整詞境建立；序數/數字語境維持本調。,,
V21-YI-019,225,exact,一,一球,ㄧˋ,,一字多音-字典檔_marked.xlsx,,依專案「一」變調規則及完整詞境建立；序數/數字語境維持本調。,,
V21-YI-020,225,exact,一,一環,ㄧˋ,,一字多音-字典檔_marked.xlsx,,依專案「一」變調規則及完整詞境建立；序數/數字語境維持本調。,,
V21-YI-021,225,exact,一,一律,ㄧˊ,,一字多音-字典檔_marked.xlsx,,依專案「一」變調規則及完整詞境建立；序數/數字語境維持本調。,,
V21-YI-022,225,exact,一,之一,ㄧ,,一字多音-字典檔_marked.xlsx,,依專案「一」變調規則及完整詞境建立；序數/數字語境維持本調。,,
V21-YI-023,240,exact,一,一往二壘,ㄧ,,一字多音-字典檔_marked.xlsx,,依專案「一」變調規則及完整詞境建立；序數/數字語境維持本調。,,
V21-YI-024,240,exact,一,任一位置,ㄧ,,一字多音-字典檔_marked.xlsx,,依專案「一」變調規則及完整詞境建立；序數/數字語境維持本調。,,
V21-DEF-001,70,default,葉,,ㄧㄝˋ,葉縣;葉公,一字多音-字典檔_marked.xlsx,,專案字典的其他讀音屬限讀、地名、古義或特定詞；列出例外後採現代常用音預設。,,
V21-DEF-002,70,default,六,,ㄌㄧㄡˋ,六安;六合,一字多音-字典檔_marked.xlsx,,專案字典的其他讀音屬限讀、地名、古義或特定詞；列出例外後採現代常用音預設。,,
V21-DEF-003,70,default,頓,,ㄉㄨㄣˋ,冒頓,一字多音-字典檔_marked.xlsx,,專案字典的其他讀音屬限讀、地名、古義或特定詞；列出例外後採現代常用音預設。,,
V21-DEF-004,70,default,沿,,ㄧㄢˊ,階沿;河沿,一字多音-字典檔_marked.xlsx,,專案字典的其他讀音屬限讀、地名、古義或特定詞；列出例外後採現代常用音預設。,,
V21-DEF-005,70,default,滑,,ㄏㄨㄚˊ,滑稽列傳,一字多音-字典檔_marked.xlsx,,專案字典的其他讀音屬限讀、地名、古義或特定詞；列出例外後採現代常用音預設。,,
V21-DEF-006,70,default,青,,ㄑㄧㄥ,,一字多音-字典檔_marked.xlsx,,專案字典的其他讀音屬限讀、地名、古義或特定詞；列出例外後採現代常用音預設。,,
V21-DEF-007,70,default,幅,,ㄈㄨˊ,,一字多音-字典檔_marked.xlsx,,專案字典的其他讀音屬限讀、地名、古義或特定詞；列出例外後採現代常用音預設。,,
V21-DEF-008,70,default,百,,ㄅㄞˇ,百色,一字多音-字典檔_marked.xlsx,,專案字典的其他讀音屬限讀、地名、古義或特定詞；列出例外後採現代常用音預設。,,
V21-DEF-009,70,default,妳,,ㄋㄧˇ,,一字多音-字典檔_marked.xlsx,,專案字典的其他讀音屬限讀、地名、古義或特定詞；列出例外後採現代常用音預設。,,
V21-DEF-010,70,default,錢,,ㄑㄧㄢˊ,錢鎛,一字多音-字典檔_marked.xlsx,,專案字典的其他讀音屬限讀、地名、古義或特定詞；列出例外後採現代常用音預設。,,
V21-DEF-011,70,default,底,,ㄉㄧˇ,,一字多音-字典檔_marked.xlsx,,專案字典的其他讀音屬限讀、地名、古義或特定詞；列出例外後採現代常用音預設。,,
V21-DEF-012,70,default,雅,,ㄧㄚˇ,,一字多音-字典檔_marked.xlsx,,專案字典的其他讀音屬限讀、地名、古義或特定詞；列出例外後採現代常用音預設。,,
V21-DEF-013,70,default,委,,ㄨㄟˇ,委蛇,一字多音-字典檔_marked.xlsx,,專案字典的其他讀音屬限讀、地名、古義或特定詞；列出例外後採現代常用音預設。,,
V21-DEF-014,70,default,鄉,,ㄒㄧㄤ,,一字多音-字典檔_marked.xlsx,,專案字典的其他讀音屬限讀、地名、古義或特定詞；列出例外後採現代常用音預設。,,
V21-DEF-015,70,default,拾,,ㄕˊ,拾級,一字多音-字典檔_marked.xlsx,,專案字典的其他讀音屬限讀、地名、古義或特定詞；列出例外後採現代常用音預設。,,
V21-DEF-016,70,default,洗,,ㄒㄧˇ,洗馬,一字多音-字典檔_marked.xlsx,,專案字典的其他讀音屬限讀、地名、古義或特定詞；列出例外後採現代常用音預設。,,
V21-DEF-017,70,default,亡,,ㄨㄤˊ,,一字多音-字典檔_marked.xlsx,,專案字典的其他讀音屬限讀、地名、古義或特定詞；列出例外後採現代常用音預設。,,
V21-DEF-018,70,default,尺,,ㄔˇ,工尺,一字多音-字典檔_marked.xlsx,,專案字典的其他讀音屬限讀、地名、古義或特定詞；列出例外後採現代常用音預設。,,
V21-DEF-019,70,default,均,,ㄐㄩㄣ,,一字多音-字典檔_marked.xlsx,,專案字典的其他讀音屬限讀、地名、古義或特定詞；列出例外後採現代常用音預設。,,
V21-EX-001,180,exact,率,代謝率,ㄌㄩˋ,,一字多音-字典檔_marked.xlsx,,依專案字典的詞義/例詞與教材完整詞境判讀；未參照 PDF 實際注音。,,
V21-EX-002,180,exact,率,機率,ㄌㄩˋ,,一字多音-字典檔_marked.xlsx,,依專案字典的詞義/例詞與教材完整詞境判讀；未參照 PDF 實際注音。,,
V21-EX-003,180,exact,見,見證人,ㄐㄧㄢˋ,,一字多音-字典檔_marked.xlsx,,依專案字典的詞義/例詞與教材完整詞境判讀；未參照 PDF 實際注音。,,
V21-EX-004,180,exact,見,再見,ㄐㄧㄢˋ,,一字多音-字典檔_marked.xlsx,,依專案字典的詞義/例詞與教材完整詞境判讀；未參照 PDF 實際注音。,,
V21-EX-005,180,exact,號,口號,ㄏㄠˋ,,一字多音-字典檔_marked.xlsx,,依專案字典的詞義/例詞與教材完整詞境判讀；未參照 PDF 實際注音。,,
V21-EX-006,180,exact,號,頭號,ㄏㄠˋ,,一字多音-字典檔_marked.xlsx,,依專案字典的詞義/例詞與教材完整詞境判讀；未參照 PDF 實際注音。,,
V21-EX-007,180,exact,號,圖號,ㄏㄠˋ,,一字多音-字典檔_marked.xlsx,,依專案字典的詞義/例詞與教材完整詞境判讀；未參照 PDF 實際注音。,,
V21-EX-008,180,exact,間,間接吸入,ㄐㄧㄢˋ,,一字多音-字典檔_marked.xlsx,,完整詞語「間接吸入」中的間讀ㄐㄧㄢˋ；使用較長詞形避免「之間／接棒」跨詞誤命中。,,
V21-EX-009,180,exact,間,間隔,ㄐㄧㄢˋ,,一字多音-字典檔_marked.xlsx,,依專案字典的詞義/例詞與教材完整詞境判讀；未參照 PDF 實際注音。,,
V21-EX-010,180,exact,處,明顯處,ㄔㄨˋ,,一字多音-字典檔_marked.xlsx,,依專案字典的詞義/例詞與教材完整詞境判讀；未參照 PDF 實際注音。,,
V21-EX-011,180,exact,處,學務處,ㄔㄨˋ,,一字多音-字典檔_marked.xlsx,,依專案字典的詞義/例詞與教材完整詞境判讀；未參照 PDF 實際注音。,,
V21-EX-012,180,exact,處,"處1,200元",ㄔㄨˇ,,教育部《重編國語辭典修訂本》＋教材法規詞境,https://dict.revised.moe.edu.tw/dictView.jsp?ID=125298&la=0&powerMode=0,"「處」在懲罰／處罰義讀 ㄔㄨˇ；本句「處1,200元以上…罰鍰」為同一動詞義。",,
V21-EX-013,180,exact,稱,活動名稱,ㄔㄥ,,一字多音-字典檔_marked.xlsx,,依專案字典的詞義/例詞與教材完整詞境判讀；未參照 PDF 實際注音。,,
V21-EX-014,180,exact,稱,部位名稱,ㄔㄥ,,一字多音-字典檔_marked.xlsx,,依專案字典的詞義/例詞與教材完整詞境判讀；未參照 PDF 實際注音。,,
V21-EX-015,180,exact,空,空中,ㄎㄨㄥ,,一字多音-字典檔_marked.xlsx,,依專案字典的詞義/例詞與教材完整詞境判讀；未參照 PDF 實際注音。,,
V21-EX-016,180,exact,殺,觸殺,ㄕㄚ,,一字多音-字典檔_marked.xlsx,,依專案字典的詞義/例詞與教材完整詞境判讀；未參照 PDF 實際注音。,,
V21-EX-017,180,exact,殺,封殺,ㄕㄚ,,一字多音-字典檔_marked.xlsx,,依專案字典的詞義/例詞與教材完整詞境判讀；未參照 PDF 實際注音。,,
V21-EX-018,180,exact,樂,芭樂,ㄌㄜˋ,,一字多音-字典檔_marked.xlsx,,依專案字典的詞義/例詞與教材完整詞境判讀；未參照 PDF 實際注音。,,
V21-EX-019,180,exact,樂,丟球樂,ㄌㄜˋ,,一字多音-字典檔_marked.xlsx,,依專案字典的詞義/例詞與教材完整詞境判讀；未參照 PDF 實際注音。,,
V21-EX-020,180,exact,都,都會使,ㄉㄡ,,一字多音-字典檔_marked.xlsx,,依專案字典的詞義/例詞與教材完整詞境判讀；未參照 PDF 實際注音。,,
V21-EX-021,180,exact,都,"時,都會",ㄉㄡ,,一字多音-字典檔_marked.xlsx,,依專案字典的詞義/例詞與教材完整詞境判讀；未參照 PDF 實際注音。,,
V21-EX-022,180,exact,炸,炸物,ㄓㄚˊ,,一字多音-字典檔_marked.xlsx,,依專案字典的詞義/例詞與教材完整詞境判讀；未參照 PDF 實際注音。,,
V21-EX-023,180,exact,炸,炸的,ㄓㄚˊ,,一字多音-字典檔_marked.xlsx,,依專案字典的詞義/例詞與教材完整詞境判讀；未參照 PDF 實際注音。,,
V21-EX-024,180,exact,磨,磨碎,ㄇㄛˊ,,一字多音-字典檔_marked.xlsx,,依專案字典的詞義/例詞與教材完整詞境判讀；未參照 PDF 實際注音。,,
V21-EX-025,180,exact,磨,磨損,ㄇㄛˊ,,一字多音-字典檔_marked.xlsx,,依專案字典的詞義/例詞與教材完整詞境判讀；未參照 PDF 實際注音。,,
V21-EX-026,180,exact,降,下降,ㄐㄧㄤˋ,,一字多音-字典檔_marked.xlsx,,依專案字典的詞義/例詞與教材完整詞境判讀；未參照 PDF 實際注音。,,
V21-EX-027,180,exact,降,免疫力下降,ㄐㄧㄤˋ,,一字多音-字典檔_marked.xlsx,,依專案字典的詞義/例詞與教材完整詞境判讀；未參照 PDF 實際注音。,,
V21-EX-028,180,exact,骨,骨密度,ㄍㄨˇ,,一字多音-字典檔_marked.xlsx,,依專案字典的詞義/例詞與教材完整詞境判讀；未參照 PDF 實際注音。,,
V21-EX-029,180,exact,骨,骨質,ㄍㄨˇ,,一字多音-字典檔_marked.xlsx,,依專案字典的詞義/例詞與教材完整詞境判讀；未參照 PDF 實際注音。,,
V21-EX-030,180,exact,吧,習慣吧,˙ㄅㄚ,,一字多音-字典檔_marked.xlsx,,依專案字典的詞義/例詞與教材完整詞境判讀；未參照 PDF 實際注音。,,
V21-EX-031,180,exact,吧,學習吧,˙ㄅㄚ,,一字多音-字典檔_marked.xlsx,,依專案字典的詞義/例詞與教材完整詞境判讀；未參照 PDF 實際注音。,,
V21-EX-032,180,exact,共,共識,ㄍㄨㄥˋ,,一字多音-字典檔_marked.xlsx,,依專案字典的詞義/例詞與教材完整詞境判讀；未參照 PDF 實際注音。,,
V21-EX-033,180,exact,共,公共,ㄍㄨㄥˋ,,一字多音-字典檔_marked.xlsx,,依專案字典的詞義/例詞與教材完整詞境判讀；未參照 PDF 實際注音。,,
V21-EX-034,180,exact,興,興奮,ㄒㄧㄥ,,一字多音-字典檔_marked.xlsx,,依專案字典的詞義/例詞與教材完整詞境判讀；未參照 PDF 實際注音。,,
V21-EX-035,180,exact,興,隨興,ㄒㄧㄥˋ,,一字多音-字典檔_marked.xlsx,,依專案字典的詞義/例詞與教材完整詞境判讀；未參照 PDF 實際注音。,,
V21-EX-036,180,exact,著,過著,˙ㄓㄜ,,一字多音-字典檔_marked.xlsx,,依專案字典的詞義/例詞與教材完整詞境判讀；未參照 PDF 實際注音。,,
V21-EX-037,180,exact,著,顧著,˙ㄓㄜ,,一字多音-字典檔_marked.xlsx,,依專案字典的詞義/例詞與教材完整詞境判讀；未參照 PDF 實際注音。,,
V21-EX-038,180,exact,種,何種,ㄓㄨㄥˇ,,一字多音-字典檔_marked.xlsx,,依專案字典的詞義/例詞與教材完整詞境判讀；未參照 PDF 實際注音。,,
V21-EX-039,180,exact,種,種一大片,ㄓㄨㄥˋ,,一字多音-字典檔_marked.xlsx,,依專案字典的詞義/例詞與教材完整詞境判讀；未參照 PDF 實際注音。,,
V21-EX-040,180,exact,省,省下,ㄕㄥˇ,,一字多音-字典檔_marked.xlsx,,依專案字典的詞義/例詞與教材完整詞境判讀；未參照 PDF 實際注音。,,
V21-EX-041,180,exact,省,不省人事,ㄒㄧㄥˇ,,一字多音-字典檔_marked.xlsx,,依專案字典的詞義/例詞與教材完整詞境判讀；未參照 PDF 實際注音。,,
V21-EX-042,180,exact,子,小孩子,˙ㄗ,,一字多音-字典檔_marked.xlsx,,依專案字典的詞義/例詞與教材完整詞境判讀；未參照 PDF 實際注音。,,
V21-EX-043,180,exact,子,棍子,˙ㄗ,,一字多音-字典檔_marked.xlsx,,依專案字典的詞義/例詞與教材完整詞境判讀；未參照 PDF 實際注音。,,
V21-EX-044,180,exact,曾,曾想,ㄘㄥˊ,,一字多音-字典檔_marked.xlsx,,依專案字典的詞義/例詞與教材完整詞境判讀；未參照 PDF 實際注音。,,
V21-EX-045,180,exact,曾,曾在,ㄘㄥˊ,,一字多音-字典檔_marked.xlsx,,依專案字典的詞義/例詞與教材完整詞境判讀；未參照 PDF 實際注音。,,
V21-EX-046,180,exact,啦,去打球處報告。啦,˙ㄌㄚ,,一字多音-字典檔_marked.xlsx,,依專案字典的詞義/例詞與教材完整詞境判讀；未參照 PDF 實際注音。,,
V21-EX-047,180,exact,啦,不敢啦,˙ㄌㄚ,,一字多音-字典檔_marked.xlsx,,依專案字典的詞義/例詞與教材完整詞境判讀；未參照 PDF 實際注音。,,
V21-EX-048,180,exact,思,不好意思,˙ㄙ,,一字多音-字典檔_marked.xlsx,,依專案字典的詞義/例詞與教材完整詞境判讀；未參照 PDF 實際注音。,,
V21-EX-049,180,exact,思,有意思,˙ㄙ,,一字多音-字典檔_marked.xlsx,,依專案字典的詞義/例詞與教材完整詞境判讀；未參照 PDF 實際注音。,,
V21-EX-050,180,exact,聽,聽到,ㄊㄧㄥ,,一字多音-字典檔_marked.xlsx,,依專案字典的詞義/例詞與教材完整詞境判讀；未參照 PDF 實際注音。,,
V21-EX-051,180,exact,聽,聽完,ㄊㄧㄥ,,一字多音-字典檔_marked.xlsx,,依專案字典的詞義/例詞與教材完整詞境判讀；未參照 PDF 實際注音。,,
V21-EX-052,180,exact,洞,進洞,ㄉㄨㄥˋ,,一字多音-字典檔_marked.xlsx,,依專案字典的詞義/例詞與教材完整詞境判讀；未參照 PDF 實際注音。,,
V21-EX-053,180,exact,奧,奧林匹克,ㄠˋ,,一字多音-字典檔_marked.xlsx,,依專案字典的詞義/例詞與教材完整詞境判讀；未參照 PDF 實際注音。,,
V21-EX-054,180,exact,奧,奧林匹亞,ㄠˋ,,一字多音-字典檔_marked.xlsx,,依專案字典的詞義/例詞與教材完整詞境判讀；未參照 PDF 實際注音。,,
V21-EX-055,180,exact,匹,奧林匹克,ㄆㄧ,,一字多音-字典檔_marked.xlsx,,依專案字典的詞義/例詞與教材完整詞境判讀；未參照 PDF 實際注音。,,
V21-EX-056,180,exact,匹,奧林匹亞,ㄆㄧ,,一字多音-字典檔_marked.xlsx,,依專案字典的詞義/例詞與教材完整詞境判讀；未參照 PDF 實際注音。,,
V21-EX-057,180,exact,角,三角形,ㄐㄧㄠˇ,,一字多音-字典檔_marked.xlsx,,依專案字典的詞義/例詞與教材完整詞境判讀；未參照 PDF 實際注音。,,
V21-EX-058,180,exact,扇,扇形,ㄕㄢˋ,,一字多音-字典檔_marked.xlsx,,依專案字典的詞義/例詞與教材完整詞境判讀；未參照 PDF 實際注音。,,
V21-EX-059,180,exact,番,番薯,ㄈㄢ,,一字多音-字典檔_marked.xlsx,,依專案字典的詞義/例詞與教材完整詞境判讀；未參照 PDF 實際注音。,,
V21-EX-060,180,exact,蝦,蝦仁,ㄒㄧㄚ,,一字多音-字典檔_marked.xlsx,,依專案字典的詞義/例詞與教材完整詞境判讀；未參照 PDF 實際注音。,,
V21-EX-061,180,exact,盛,盛多一點,ㄔㄥˊ,,一字多音-字典檔_marked.xlsx,,依專案字典的詞義/例詞與教材完整詞境判讀；未參照 PDF 實際注音。,,
V21-EX-062,180,exact,呵,炸的呵,ㄛ,,一字多音-字典檔_marked.xlsx,,依專案字典的詞義/例詞與教材完整詞境判讀；未參照 PDF 實際注音。,,
V21-EX-063,180,exact,量,足夠的量,ㄌㄧㄤˋ,,一字多音-字典檔_marked.xlsx,,依專案字典的詞義/例詞與教材完整詞境判讀；未參照 PDF 實際注音。,,
V21-EX-064,180,exact,咬,咬不太動,ㄧㄠˇ,,一字多音-字典檔_marked.xlsx,,依專案字典的詞義/例詞與教材完整詞境判讀；未參照 PDF 實際注音。,,
V21-EX-065,180,exact,契,默契,ㄑㄧˋ,,一字多音-字典檔_marked.xlsx,,依專案字典的詞義/例詞與教材完整詞境判讀；未參照 PDF 實際注音。,,
V21-EX-066,180,exact,識,共識,ㄕˋ,,一字多音-字典檔_marked.xlsx,,依專案字典的詞義/例詞與教材完整詞境判讀；未參照 PDF 實際注音。,,
V21-EX-067,180,exact,應,回應,ㄧㄥˋ,,一字多音-字典檔_marked.xlsx,,依專案字典的詞義/例詞與教材完整詞境判讀；未參照 PDF 實際注音。,,
V21-EX-068,180,exact,歸,歸咎,ㄍㄨㄟ,,一字多音-字典檔_marked.xlsx,,依專案字典的詞義/例詞與教材完整詞境判讀；未參照 PDF 實際注音。,,
V21-EX-069,180,exact,喪,垂頭喪氣,ㄙㄤˋ,,一字多音-字典檔_marked.xlsx,,依專案字典的詞義/例詞與教材完整詞境判讀；未參照 PDF 實際注音。,,
V21-EX-070,180,exact,差,數學差,ㄔㄚ,,一字多音-字典檔_marked.xlsx,,依專案字典的詞義/例詞與教材完整詞境判讀；未參照 PDF 實際注音。,,
V21-EX-071,180,exact,夏,夏天,ㄒㄧㄚˋ,,一字多音-字典檔_marked.xlsx,,依專案字典的詞義/例詞與教材完整詞境判讀；未參照 PDF 實際注音。,,
V21-EX-072,180,exact,了,證明了,˙ㄌㄜ,,一字多音-字典檔_marked.xlsx,,依專案字典的詞義/例詞與教材完整詞境判讀；未參照 PDF 實際注音。,,
V21-EX-073,180,exact,露,嶄露頭角,ㄌㄨˋ,,教育部《國語辭典簡編本》,https://dict.concised.moe.edu.tw/dictView.jsp?ID=29840&la=0&powerMode=0,教育部完整詞條「嶄露頭角」列音 ㄓㄢˇ ㄌㄨˋ ㄊㄡˊ ㄐㄧㄠˇ；不參照 PDF 實際注音。,,
V21-EX-074,180,exact,論,談論,ㄌㄨㄣˋ,,一字多音-字典檔_marked.xlsx,,依專案字典的詞義/例詞與教材完整詞境判讀；未參照 PDF 實際注音。,,
V21-EX-075,180,exact,委,委婉,ㄨㄟˇ,,一字多音-字典檔_marked.xlsx,,依專案字典的詞義/例詞與教材完整詞境判讀；未參照 PDF 實際注音。,,
V21-EX-076,180,exact,吐,吐出的煙霧,ㄊㄨˇ,,一字多音-字典檔_marked.xlsx,,依專案字典的詞義/例詞與教材完整詞境判讀；未參照 PDF 實際注音。,,
V21-EX-077,180,exact,為,為「一,ㄨㄟˊ,,一字多音-字典檔_marked.xlsx,,依專案字典的詞義/例詞與教材完整詞境判讀；未參照 PDF 實際注音。,,
V21-EX-078,180,exact,頭,頭號,ㄊㄡˊ,,一字多音-字典檔_marked.xlsx,,依專案字典的詞義/例詞與教材完整詞境判讀；未參照 PDF 實際注音。,,
V21-EX-079,180,exact,冒,感冒,ㄇㄠˋ,,一字多音-字典檔_marked.xlsx,,依專案字典的詞義/例詞與教材完整詞境判讀；未參照 PDF 實際注音。,,
V21-EX-080,180,exact,臭,好臭,ㄔㄡˋ,,一字多音-字典檔_marked.xlsx,,依專案字典的詞義/例詞與教材完整詞境判讀；未參照 PDF 實際注音。,,
V21-EX-081,180,exact,鄉,竹田鄉,ㄒㄧㄤ,,一字多音-字典檔_marked.xlsx,,依專案字典的詞義/例詞與教材完整詞境判讀；未參照 PDF 實際注音。,,
V21-EX-082,180,exact,勞,勤勞,ㄌㄠˊ,,一字多音-字典檔_marked.xlsx,,依專案字典的詞義/例詞與教材完整詞境判讀；未參照 PDF 實際注音。,,
V21-EX-083,180,exact,得,得口腔癌,ㄉㄜˊ,,一字多音-字典檔_marked.xlsx,,依專案字典的詞義/例詞與教材完整詞境判讀；未參照 PDF 實際注音。,,
V21-EX-084,180,exact,北,西北風,ㄅㄟˇ,,一字多音-字典檔_marked.xlsx,,依專案字典的詞義/例詞與教材完整詞境判讀；未參照 PDF 實際注音。,,
V21-EX-085,180,exact,紅,檸檬紅茶,ㄏㄨㄥˊ,,一字多音-字典檔_marked.xlsx,,依專案字典的詞義/例詞與教材完整詞境判讀；未參照 PDF 實際注音。,,
V21-EX-086,180,exact,藏,潛藏,ㄘㄤˊ,,一字多音-字典檔_marked.xlsx,,依專案字典的詞義/例詞與教材完整詞境判讀；未參照 PDF 實際注音。,,
V21-EX-087,180,exact,拾,重拾,ㄕˊ,,一字多音-字典檔_marked.xlsx,,依專案字典的詞義/例詞與教材完整詞境判讀；未參照 PDF 實際注音。,,
V21-EX-088,180,exact,藉,藉由,ㄐㄧㄝˋ,,一字多音-字典檔_marked.xlsx,,依專案字典的詞義/例詞與教材完整詞境判讀；未參照 PDF 實際注音。,,
V21-EX-089,180,exact,惡,酒惡魔,ㄜˋ,,一字多音-字典檔_marked.xlsx,,依專案字典的詞義/例詞與教材完整詞境判讀；未參照 PDF 實際注音。,,
V21-EX-090,180,exact,洗,洗劫,ㄒㄧˇ,,一字多音-字典檔_marked.xlsx,,依專案字典的詞義/例詞與教材完整詞境判讀；未參照 PDF 實際注音。,,
V21-EX-091,180,exact,亡,死亡,ㄨㄤˊ,,一字多音-字典檔_marked.xlsx,,依專案字典的詞義/例詞與教材完整詞境判讀；未參照 PDF 實際注音。,,
V21-EX-092,180,exact,華,小華,ㄏㄨㄚˊ,,一字多音-字典檔_marked.xlsx,,依專案字典的詞義/例詞與教材完整詞境判讀；未參照 PDF 實際注音。,,
V21-EX-093,180,exact,媽,我媽,ㄇㄚ,,一字多音-字典檔_marked.xlsx,,依專案字典的詞義/例詞與教材完整詞境判讀；未參照 PDF 實際注音。,,
V21-EX-094,180,exact,衝,衝勁,ㄔㄨㄥ,,一字多音-字典檔_marked.xlsx,,依專案字典的詞義/例詞與教材完整詞境判讀；未參照 PDF 實際注音。,,
V21-EX-095,180,exact,尺,測量尺,ㄔˇ,,一字多音-字典檔_marked.xlsx,,依專案字典的詞義/例詞與教材完整詞境判讀；未參照 PDF 實際注音。,,
V21-EX-096,180,exact,行,簡單易行,ㄒㄧㄥˊ,,一字多音-字典檔_marked.xlsx,,依專案字典的詞義/例詞與教材完整詞境判讀；未參照 PDF 實際注音。,,
V21-EX-097,180,exact,橫,橫列,ㄏㄥˊ,,一字多音-字典檔_marked.xlsx,,依專案字典的詞義/例詞與教材完整詞境判讀；未參照 PDF 實際注音。,,
V21-EX-098,180,exact,創,創始人,ㄔㄨㄤˋ,,一字多音-字典檔_marked.xlsx,,依專案字典的詞義/例詞與教材完整詞境判讀；未參照 PDF 實際注音。,,
V21-EX-099,180,exact,徵,象徵,ㄓㄥ,,一字多音-字典檔_marked.xlsx,,依專案字典的詞義/例詞與教材完整詞境判讀；未參照 PDF 實際注音。,,
V21-EX-100,180,exact,數,數次,ㄕㄨˋ,,一字多音-字典檔_marked.xlsx,,依專案字典的詞義/例詞與教材完整詞境判讀；未參照 PDF 實際注音。,,
V21-EX-101,180,exact,均,均需,ㄐㄩㄣ,,一字多音-字典檔_marked.xlsx,,依專案字典的詞義/例詞與教材完整詞境判讀；未參照 PDF 實際注音。,,
V21-EX-102,180,exact,朝,朝傳球方向,ㄔㄠˊ,,一字多音-字典檔_marked.xlsx,,依專案字典的詞義/例詞與教材完整詞境判讀；未參照 PDF 實際注音。,,
V21-EX-103,180,exact,假,寒假,ㄐㄧㄚˋ,,一字多音-字典檔_marked.xlsx,,依專案字典的詞義/例詞與教材完整詞境判讀；未參照 PDF 實際注音。,,
V21-AA-OPTIONS,80,default,啊,,ㄚ；˙ㄚ,,一字多音-字典檔_marked.xlsx,,專案字典同列ㄚ與輕聲˙ㄚ；未能可靠區分語氣強弱時兩者均接受。,,
V21-EX-TENGKONG,230,exact,空,騰空時,ㄎㄨㄥ,,一字多音-字典檔_marked.xlsx,,「騰空」為離地進入空中之義，空讀ㄎㄨㄥ；依完整詞境判讀。,,
V21-EX-DIYIZHOU,250,exact,一,第一週,ㄧ,,一字多音-字典檔_marked.xlsx,,序數「第一週」中的一採本調ㄧ；用於直排／特殊版面 fallback。,,
V21-YI-YIJIAN,235,exact,一,一件,ㄧˊ,,一字多音-字典檔_marked.xlsx,,「件」為四聲，依專案「一」變調規則讀ㄧˊ；完整詞形優先於重複文字造成的假「一一」數字判斷。,,
V23-TRUTH-YEAH,300,exact,耶,耶!,ㄧㄝ,,使用者原頁人工確認（2026-08-14）,,三下P58 此處「耶！」為 Yeah 音譯／口語感嘆，課本標ㄧㄝ正確；v2.7 句界重建後以完整感嘆句「耶!」限定。,115國小健體3下課本,
V23-LEX-TIZHONG,260,exact,中,踢中,ㄓㄨㄥˋ,,使用者原頁人工確認（2026-08-14）,,「踢中」為擊中、命中義，中讀ㄓㄨㄥˋ；三下P131人工確認課本正確。,,
V23-LEX-DIYIQIU,280,exact,一,第一球,ㄧ,,使用者原頁人工確認（2026-08-14）,,序數「第一球」的一採本調ㄧ；完整詞形優先於較短「一球」變調規則。,,
V24-NINE-AGE,260,exact,九,九個月,ㄐㄧㄡˇ,,一字多音-字典檔_marked.xlsx,,依專案字典讀音與完整詞境判讀；不參照 PDF 實際注音。,,
V24-CHANGXIANG-LONG,260,exact,長,長相,ㄓㄤˇ,,一字多音-字典檔_marked.xlsx,,依專案字典讀音與完整詞境判讀；不參照 PDF 實際注音。,,
V24-CHANGXIANG-XIANG,260,exact,相,長相,ㄒㄧㄤˋ,,一字多音-字典檔_marked.xlsx,,依專案字典讀音與完整詞境判讀；不參照 PDF 實際注音。,,
V24-YI-YISUI,260,exact,一,一歲,ㄧˊ,,一字多音-字典檔_marked.xlsx,,依專案字典讀音與完整詞境判讀；不參照 PDF 實際注音。,,
V24-XING-PAXING,260,exact,行,爬行,ㄒㄧㄥˊ,,一字多音-字典檔_marked.xlsx,,依專案字典讀音與完整詞境判讀；不參照 PDF 實際注音。,,
V24-ZHONG-PHOTO,260,exact,中,照片中的人,ㄓㄨㄥ,,一字多音-字典檔_marked.xlsx,,依專案字典讀音與完整詞境判讀；不參照 PDF 實際注音。,,
V24-NA-THAT1,260,exact,那,那是我,ㄋㄚˋ,,一字多音-字典檔_marked.xlsx,,依專案字典讀音與完整詞境判讀；不參照 PDF 實際注音。,,
V24-BA-KANKAN,260,exact,吧,看看吧,˙ㄅㄚ,,一字多音-字典檔_marked.xlsx,,依專案字典讀音與完整詞境判讀；不參照 PDF 實際注音。,,
V24-NE-BUYIYANG,260,exact,呢,不一樣呢,˙ㄋㄜ,,一字多音-字典檔_marked.xlsx,,依專案字典讀音與完整詞境判讀；不參照 PDF 實際注音。,,
V24-CHANG-ZHANGCHU,260,exact,長,長出白頭髮,ㄓㄤˇ,,一字多音-字典檔_marked.xlsx,,依專案字典讀音與完整詞境判讀；不參照 PDF 實際注音。,,
V24-DOU-MEIGEREN,260,exact,都,每個人都,ㄉㄡ,,一字多音-字典檔_marked.xlsx,,依專案字典讀音與完整詞境判讀；不參照 PDF 實際注音。,,
V24-CHA-BIANCHA,260,exact,差,變差,ㄔㄚ,,一字多音-字典檔_marked.xlsx,,依專案字典讀音與完整詞境判讀；不參照 PDF 實際注音。,,
V24-NA-THAT2,260,exact,那,那你還,ㄋㄚˋ,,一字多音-字典檔_marked.xlsx,,依專案字典讀音與完整詞境判讀；不參照 PDF 實際注音。,,
V24-LUO-DANGRAN,260,exact,囉,當然囉,˙ㄌㄨㄛ,,一字多音-字典檔_marked.xlsx,,依專案字典讀音與完整詞境判讀；不參照 PDF 實際注音。,,
V24-TING-GE,260,exact,聽,給你聽,ㄊㄧㄥ,,一字多音-字典檔_marked.xlsx,,依專案字典讀音與完整詞境判讀；不參照 PDF 實際注音。,,
V24-YI-YILAO,260,exact,一,一老,ㄧˋ,,一字多音-字典檔_marked.xlsx,,依專案字典讀音與完整詞境判讀；不參照 PDF 實際注音。,,
V24-YI-YIBAO,260,exact,一,一寶,ㄧˋ,,一字多音-字典檔_marked.xlsx,,依專案字典讀音與完整詞境判讀；不參照 PDF 實際注音。,,
V24-LIANG-TIWEN,260,exact,量,量體溫,ㄌㄧㄤˊ,,一字多音-字典檔_marked.xlsx,,依專案字典讀音與完整詞境判讀；不參照 PDF 實際注音。,,
V24-ZHONG-HOSP,260,exact,中,醫院中的家庭,ㄓㄨㄥ,,一字多音-字典檔_marked.xlsx,,依專案字典讀音與完整詞境判讀；不參照 PDF 實際注音。,,
V24-CHENG-MINGCHENG,260,exact,稱,名稱,ㄔㄥ,,一字多音-字典檔_marked.xlsx,,依專案字典讀音與完整詞境判讀；不參照 PDF 實際注音。,,
V24-HAO-DABIAN,260,exact,號,上大號,ㄏㄠˋ,,一字多音-字典檔_marked.xlsx,,依專案字典讀音與完整詞境判讀；不參照 PDF 實際注音。,,
V24-TING-TINGSHUO,260,exact,聽,聽說,ㄊㄧㄥ,,一字多音-字典檔_marked.xlsx,,依專案字典讀音與完整詞境判讀；不參照 PDF 實際注音。,,
V24-ZHONG-ZHEZHONG,260,exact,種,這種藥,ㄓㄨㄥˇ,,一字多音-字典檔_marked.xlsx,,依專案字典讀音與完整詞境判讀；不參照 PDF 實際注音。,,
V24-ZI-CHANGZI,260,exact,子,腸子,˙ㄗ,,一字多音-字典檔_marked.xlsx,,依專案字典讀音與完整詞境判讀；不參照 PDF 實際注音。,,
V24-ZI-DANZI,260,exact,子,單子,˙ㄗ,,一字多音-字典檔_marked.xlsx,,依專案字典讀音與完整詞境判讀；不參照 PDF 實際注音。,,
V24-TIAO-TIAOJI,260,exact,調,調劑,ㄊㄧㄠˊ,,一字多音-字典檔_marked.xlsx,,依專案字典讀音與完整詞境判讀；不參照 PDF 實際注音。,,
V24-YA-HAOYA,260,exact,呀,好呀,˙ㄧㄚ,,一字多音-字典檔_marked.xlsx,,依專案字典讀音與完整詞境判讀；不參照 PDF 實際注音。,,
V24-XING-ZIXING,260,exact,行,自行,ㄒㄧㄥˊ,,一字多音-字典檔_marked.xlsx,,依專案字典讀音與完整詞境判讀；不參照 PDF 實際注音。,,
V24-LIANG-JILIANG,260,exact,量,劑量,ㄌㄧㄤˋ,,一字多音-字典檔_marked.xlsx,,依專案字典讀音與完整詞境判讀；不參照 PDF 實際注音。,,
V24-TING-TINGGUO,260,exact,聽,聽過,ㄊㄧㄥ,,一字多音-字典檔_marked.xlsx,,依專案字典讀音與完整詞境判讀；不參照 PDF 實際注音。,,
V24-DAO-HUNDAO,260,exact,倒,昏倒,ㄉㄠˇ,,一字多音-字典檔_marked.xlsx,,依專案字典讀音與完整詞境判讀；不參照 PDF 實際注音。,,
V24-SHA-SHASHOU,260,exact,殺,殺手,ㄕㄚ,,一字多音-字典檔_marked.xlsx,,依專案字典讀音與完整詞境判讀；不參照 PDF 實際注音。,,
V24-XING-QIANGXING,260,exact,行,強行,ㄒㄧㄥˊ,,一字多音-字典檔_marked.xlsx,,依專案字典讀音與完整詞境判讀；不參照 PDF 實際注音。,,
V24-FENG-FENGXI,260,exact,縫,縫隙,ㄈㄥˋ,,一字多音-字典檔_marked.xlsx,,依專案字典讀音與完整詞境判讀；不參照 PDF 實際注音。,,
V24-SAI-SEHAO,260,exact,塞,塞好,ㄙㄞ,,一字多音-字典檔_marked.xlsx,,依專案字典讀音與完整詞境判讀；不參照 PDF 實際注音。,,
V24-TOU-TAOTOU,260,exact,頭,套頭,ㄊㄡˊ,,一字多音-字典檔_marked.xlsx,,依專案字典讀音與完整詞境判讀；不參照 PDF 實際注音。,,
V24-WEI-SHOUYAO,260,exact,為,為首要目標,ㄨㄟˊ,,一字多音-字典檔_marked.xlsx,,依專案字典讀音與完整詞境判讀；不參照 PDF 實際注音。,,
V24-JIANG-HUANJIANG,260,exact,降,緩降機,ㄐㄧㄤˋ,,一字多音-字典檔_marked.xlsx,,依專案字典讀音與完整詞境判讀；不參照 PDF 實際注音。,,
V24-SAN-KUOSAN,260,exact,散,擴散,ㄙㄢˋ,,一字多音-字典檔_marked.xlsx,,依專案字典讀音與完整詞境判讀；不參照 PDF 實際注音。,,
V24-HAO-19,260,exact,號,受困號,ㄏㄠˋ,,一字多音-字典檔_marked.xlsx,,依專案字典讀音與完整詞境判讀；不參照 PDF 實際注音。,,
V24-PEN-PENSA,260,exact,噴,噴灑,ㄆㄣ,,一字多音-字典檔_marked.xlsx,,依專案字典讀音與完整詞境判讀；不參照 PDF 實際注音。,,
V24-PEN-PENSHE,260,exact,噴,噴射,ㄆㄣ,,一字多音-字典檔_marked.xlsx,,依專案字典讀音與完整詞境判讀；不參照 PDF 實際注音。,,
V24-SHENG-FENGSHENG,260,exact,盛,豐盛,ㄕㄥˋ,,一字多音-字典檔_marked.xlsx,,依專案字典讀音與完整詞境判讀；不參照 PDF 實際注音。,,
V24-GONG-ZONGGONG,260,exact,共,總共,ㄍㄨㄥˋ,,一字多音-字典檔_marked.xlsx,,依專案字典讀音與完整詞境判讀；不參照 PDF 實際注音。,,
V24-NE-CAINE,260,exact,呢,菜呢,˙ㄋㄜ,,一字多音-字典檔_marked.xlsx,,依專案字典讀音與完整詞境判讀；不參照 PDF 實際注音。,,
V24-NA-YEAH,260,exact,那,那我今,ㄋㄚˋ,,一字多音-字典檔_marked.xlsx,,依專案字典讀音與完整詞境判讀；不參照 PDF 實際注音。,,
V24-WA-INTERJ,260,exact,哇,"哇,垃圾",ㄨㄚ,,一字多音-字典檔_marked.xlsx,,依專案字典讀音與完整詞境判讀；不參照 PDF 實際注音。,,
V24-DU-DUXING,260,exact,毒,毒性,ㄉㄨˊ,,一字多音-字典檔_marked.xlsx,,依專案字典讀音與完整詞境判讀；不參照 PDF 實際注音。,,
V24-YU-SUIYU,260,exact,雨,隨雨,ㄩˇ,,一字多音-字典檔_marked.xlsx,,依專案字典讀音與完整詞境判讀；不參照 PDF 實際注音。,,
V24-ZI-JUZI,260,exact,子,橘子,˙ㄗ,,一字多音-字典檔_marked.xlsx,,依專案字典讀音與完整詞境判讀；不參照 PDF 實際注音。,,
V24-TING-TINGJIAN,260,exact,聽,聽見,ㄊㄧㄥ,,一字多音-字典檔_marked.xlsx,,依專案字典讀音與完整詞境判讀；不參照 PDF 實際注音。,,
V24-JIAN-TINGJIAN,260,exact,見,聽見,ㄐㄧㄢˋ,,一字多音-字典檔_marked.xlsx,,依專案字典讀音與完整詞境判讀；不參照 PDF 實際注音。,,
V24-CHONG-CHONGCHU,260,exact,衝,衝出,ㄔㄨㄥ,,一字多音-字典檔_marked.xlsx,,依專案字典讀音與完整詞境判讀；不參照 PDF 實際注音。,,
V24-TOU-TAIQITOU,260,exact,頭,抬起頭,ㄊㄡˊ,,一字多音-字典檔_marked.xlsx,,依專案字典讀音與完整詞境判讀；不參照 PDF 實際注音。,,
V24-HAO-BIANHAO,260,exact,號,編號,ㄏㄠˋ,,一字多音-字典檔_marked.xlsx,,依專案字典讀音與完整詞境判讀；不參照 PDF 實際注音。,,
V24-CHU-BIAOZHI,260,exact,處,標誌筒處,ㄔㄨˋ,,一字多音-字典檔_marked.xlsx,,依專案字典讀音與完整詞境判讀；不參照 PDF 實際注音。,,
V24-DE-DEYIFEN,260,exact,得,得一分,ㄉㄜˊ,,一字多音-字典檔_marked.xlsx,,依專案字典讀音與完整詞境判讀；不參照 PDF 實際注音。,,
V24-TOU-CONGTOU,260,exact,頭,從頭,ㄊㄡˊ,,一字多音-字典檔_marked.xlsx,,依專案字典讀音與完整詞境判讀；不參照 PDF 實際注音。,,
V24-ZI-SHENGZI,260,exact,子,繩子,˙ㄗ,,一字多音-字典檔_marked.xlsx,,依專案字典讀音與完整詞境判讀；不參照 PDF 實際注音。,,
V24-ZHE-SUIZHE,260,exact,著,隨著,˙ㄓㄜ,,一字多音-字典檔_marked.xlsx,,依專案字典讀音與完整詞境判讀；不參照 PDF 實際注音。,,
V24-LUO-LIANLUO,260,exact,絡,聯絡,ㄌㄨㄛˋ,,一字多音-字典檔_marked.xlsx,,依專案字典讀音與完整詞境判讀；不參照 PDF 實際注音。,,
V24-XING-SHIXING,260,exact,行,實行,ㄒㄧㄥˊ,,一字多音-字典檔_marked.xlsx,,依專案字典讀音與完整詞境判讀；不參照 PDF 實際注音。,,
V24-BA-JINGSHEN,260,exact,吧,精神吧,˙ㄅㄚ,,一字多音-字典檔_marked.xlsx,,依專案字典讀音與完整詞境判讀；不參照 PDF 實際注音。,,
V24-QI-ZHENGQI,260,exact,齊,整齊,ㄑㄧˊ,,一字多音-字典檔_marked.xlsx,,依專案字典讀音與完整詞境判讀；不參照 PDF 實際注音。,,
V24-ZHAO-ZHAOQI,260,exact,朝,朝氣,ㄓㄠ,,一字多音-字典檔_marked.xlsx,,依專案字典讀音與完整詞境判讀；不參照 PDF 實際注音。,,
V24-QU-JINXINGQU,260,exact,曲,進行曲,ㄑㄩˇ,,一字多音-字典檔_marked.xlsx,,依專案字典讀音與完整詞境判讀；不參照 PDF 實際注音。,,
V24-WEI-BANSHANG,260,exact,為,為班上,ㄨㄟˋ,,一字多音-字典檔_marked.xlsx,,依專案字典讀音與完整詞境判讀；不參照 PDF 實際注音。,,
V24-YI-YIKUAI,260,exact,一,一塊,ㄧˊ,,一字多音-字典檔_marked.xlsx,,依專案字典讀音與完整詞境判讀；不參照 PDF 實際注音。,,
V24-YU-YUTIAN,260,exact,雨,雨天,ㄩˇ,,一字多音-字典檔_marked.xlsx,,依專案字典讀音與完整詞境判讀；不參照 PDF 實際注音。,,
V24-WEI-GAIWEI,260,exact,為,改為,ㄨㄟˊ,,一字多音-字典檔_marked.xlsx,,依專案字典讀音與完整詞境判讀；不參照 PDF 實際注音。,,
V24-TOU-TOUYUN,260,exact,頭,頭暈,ㄊㄡˊ,,一字多音-字典檔_marked.xlsx,,依專案字典讀音與完整詞境判讀；不參照 PDF 實際注音。,,
V24-YUN-TOUYUN,260,exact,暈,頭暈,ㄩㄣ,,一字多音-字典檔_marked.xlsx,,依專案字典讀音與完整詞境判讀；不參照 PDF 實際注音。,,
V24-TOU-TOUDING,260,exact,頭,頭頂,ㄊㄡˊ,,一字多音-字典檔_marked.xlsx,,依專案字典讀音與完整詞境判讀；不參照 PDF 實際注音。,,
V24-TOU-TOUBEI,260,exact,頭,頭、背,ㄊㄡˊ,,一字多音-字典檔_marked.xlsx,,依專案字典讀音與完整詞境判讀；不參照 PDF 實際注音。,,
V24-LIANG-LIAOLIANG,260,exact,亮,嘹的亮舞歌步聲,ㄌㄧㄤˋ,,一字多音-字典檔_marked.xlsx,,依專案字典讀音與完整詞境判讀；不參照 PDF 實際注音。,,
V24-ZHUAN-YIQUAN,260,exact,轉,轉一圈,ㄓㄨㄢˋ,,一字多音-字典檔_marked.xlsx,,依專案字典讀音與完整詞境判讀；不參照 PDF 實際注音。,,
V24-DOU-NIDOU,260,exact,都,你都會,ㄉㄡ,,一字多音-字典檔_marked.xlsx,,依專案字典讀音與完整詞境判讀；不參照 PDF 實際注音。,,
V24-ZHE-DINGZHE,260,exact,著,盯著球,˙ㄓㄜ,,一字多音-字典檔_marked.xlsx,,依專案字典讀音與完整詞境判讀；不參照 PDF 實際注音。,,
V24-ZHONG-MINGZHONG,260,exact,中,命中低,ㄓㄨㄥˋ,,一字多音-字典檔_marked.xlsx,,依專案字典讀音與完整詞境判讀；不參照 PDF 實際注音。,,
V24-SHU-ZONGQIUSHU,260,exact,數,總球數,ㄕㄨˋ,,一字多音-字典檔_marked.xlsx,,依專案字典讀音與完整詞境判讀；不參照 PDF 實際注音。,,
V24-SHU-JIQIUSHU,260,exact,數,總擊球數,ㄕㄨˋ,,一字多音-字典檔_marked.xlsx,,依專案字典讀音與完整詞境判讀；不參照 PDF 實際注音。,,
V24-ZHUAN-SHUNSHI,260,exact,轉,順體勢轉,ㄓㄨㄢˇ,,一字多音-字典檔_marked.xlsx,,依專案字典讀音與完整詞境判讀；不參照 PDF 實際注音。,,
V24-TAN-HUITAN,260,exact,彈,回彈,ㄊㄢˊ,,一字多音-字典檔_marked.xlsx,,依專案字典讀音與完整詞境判讀；不參照 PDF 實際注音。,,
V24-YI-YIJU,260,exact,一,一局,ㄧˋ,,一字多音-字典檔_marked.xlsx,,依專案字典讀音與完整詞境判讀；不參照 PDF 實際注音。,,
V24-CHONG-CHONGJILI,260,exact,衝,衝擊力,ㄔㄨㄥ,,一字多音-字典檔_marked.xlsx,,依專案字典讀音與完整詞境判讀；不參照 PDF 實際注音。,,
V24-CHAO-SHUANGJIAN,260,exact,朝,雙肩朝,ㄔㄠˊ,,一字多音-字典檔_marked.xlsx,,依專案字典讀音與完整詞境判讀；不參照 PDF 實際注音。,,
V24-JIAO-SANJIAO,260,exact,角,三角,ㄐㄧㄠˇ,,一字多音-字典檔_marked.xlsx,,依專案字典讀音與完整詞境判讀；不參照 PDF 實際注音。,,
V24-YI-YIYUAN,260,exact,一,一圓圈,ㄧˋ,,一字多音-字典檔_marked.xlsx,,依專案字典讀音與完整詞境判讀；不參照 PDF 實際注音。,,
V24-YANG-LINGYANG,260,exact,羊,羚羊,ㄧㄤˊ,,一字多音-字典檔_marked.xlsx,,依專案字典讀音與完整詞境判讀；不參照 PDF 實際注音。,,
V24-XING-JINXING,260,exact,興,盡興,ㄒㄧㄥˋ,,一字多音-字典檔_marked.xlsx,,依專案字典讀音與完整詞境判讀；不參照 PDF 實際注音。,,
V24-QIAN-SHUIQIAN,260,exact,淺,水淺,ㄑㄧㄢˇ,,一字多音-字典檔_marked.xlsx,,依專案字典讀音與完整詞境判讀；不參照 PDF 實際注音。,,
V24-JING-JINGZHUI,260,exact,頸,頸椎,ㄐㄧㄥˇ,,一字多音-字典檔_marked.xlsx,,依專案字典讀音與完整詞境判讀；不參照 PDF 實際注音。,,
V24-CHANG-CHANGYI,260,exact,長,長椅,ㄔㄤˊ,,一字多音-字典檔_marked.xlsx,,依專案字典讀音與完整詞境判讀；不參照 PDF 實際注音。,,
V24-TOU-TOUTAIQI,260,exact,頭,頭抬起,ㄊㄡˊ,,一字多音-字典檔_marked.xlsx,,依專案字典讀音與完整詞境判讀；不參照 PDF 實際注音。,,
V24-CHAO-ZHANGXIN,260,exact,朝,掌心朝上,ㄔㄠˊ,,一字多音-字典檔_marked.xlsx,,依專案字典讀音與完整詞境判讀；不參照 PDF 實際注音。,,
V24-LAO-SHANGLAO,260,exact,撈,上撈,ㄌㄠ,,一字多音-字典檔_marked.xlsx,,依專案字典讀音與完整詞境判讀；不參照 PDF 實際注音。,,
V24-ZHE-TIEZHE,260,exact,著,貼著,˙ㄓㄜ,,一字多音-字典檔_marked.xlsx,,依專案字典讀音與完整詞境判讀；不參照 PDF 實際注音。,,
V24-TOU-QIANRU,260,exact,頭,頭潛入,ㄊㄡˊ,,一字多音-字典檔_marked.xlsx,,依專案字典讀音與完整詞境判讀；不參照 PDF 實際注音。,,
V24-TOU-ZHUANXIANG,260,exact,頭,頭轉向,ㄊㄡˊ,,一字多音-字典檔_marked.xlsx,,依專案字典讀音與完整詞境判讀；不參照 PDF 實際注音。,,
V24-TOU-BUYAO,260,exact,頭,頭千萬不要抬起,ㄊㄡˊ,,一字多音-字典檔_marked.xlsx,,依專案字典讀音與完整詞境判讀；不參照 PDF 實際注音。,,
V24-DANG-WODANG,260,exact,擋,我擋,ㄉㄤˇ,,一字多音-字典檔_marked.xlsx,,依專案字典讀音與完整詞境判讀；不參照 PDF 實際注音。,,
V24-CHANG-GONGCHI,260,exact,長,公尺長,ㄔㄤˊ,,一字多音-字典檔_marked.xlsx,,依專案字典讀音與完整詞境判讀；不參照 PDF 實際注音。,,
V24-JIA-SHUJIA,260,exact,假,暑假,ㄐㄧㄚˋ,,一字多音-字典檔_marked.xlsx,,依專案字典讀音與完整詞境判讀；不參照 PDF 實際注音。,,
V24-MOE-TONGZI,320,exact,子,桶子,˙ㄗ,,教育部《重編國語辭典修訂本》,https://dict.revised.moe.edu.tw/dictView.jsp?ID=55942&la=0&powerMode=0,教育部完整詞條「桶子」列音 ㄊㄨㄥˇ ˙ㄗ；不參照 PDF 實際注音。,,
V24-MOE-FUZAI,320,exact,載,負載,ㄗㄞˋ,,教育部《重編國語辭典修訂本》,https://dict.revised.moe.edu.tw/dictView.jsp?ID=39283&la=0&powerMode=0,教育部完整詞條「負載」列音 ㄈㄨˋ ㄗㄞˋ；不參照 PDF 實際注音。,,
V24-MOE-JIANJIAN,320,exact,漸,漸漸,ㄐㄧㄢˋ,,教育部《重編國語辭典修訂本》,https://dict.revised.moe.edu.tw/dictView.jsp?ID=93692&la=0&powerMode=0,教育部完整詞條「漸漸」列音 ㄐㄧㄢˋ ㄐㄧㄢˋ。,,
V24-MOE-XIABA,320,exact,巴,下巴,ㄅㄚ；˙ㄅㄚ,,教育部《國語辭典簡編本》,https://dict.concised.moe.edu.tw/dictView.jsp?ID=26577&la=0,簡編本列「下巴」本讀ㄅㄚ，亦收變讀輕聲˙ㄅㄚ；兩者均接受。,,
V24-MOE-TOUYUN,320,exact,暈,頭暈,ㄩㄣ,,教育部《重編國語辭典修訂本》,https://dict.revised.moe.edu.tw/dictView.jsp?ID=50883&la=0&powerMode=0,教育部完整詞條「頭暈」列音 ㄊㄡˊ ㄩㄣ。,,
V24-MOE-LIAOLIANG,310,exact,亮,亮舞歌步聲,ㄌㄧㄤˋ,,教育部《重編國語辭典修訂本》,https://dict.revised.moe.edu.tw/dictView.jsp?ID=63072&la=0&powerMode=0,本頁文字層錯序，但可辨識為「嘹亮」之亮；教育部完整詞條列ㄌㄧㄤˋ。,,
V26-GEIFU,180,exact,給,給付,ㄐㄧˇ,,一字多音-字典檔_marked.xlsx＋四下完整詞境,,「給付」屬正式供給／支付詞境；避免口語授受義預設ㄍㄟˇ誤判。,,
V26-MANMUDE,220,exact,的,琳瑯滿目的,˙ㄉㄜ,,一字多音-字典檔_marked.xlsx＋四下完整詞境,,完整詞境中的「的」為結構助詞；避免子字串「目的」誤命中ㄉㄧˋ。,,
V26-TUODANG,180,exact,當,妥當,ㄉㄤˋ,,一字多音-字典檔_marked.xlsx＋四下完整詞境,,完整詞語「妥當」固定採ㄉㄤˋ；覆蓋一般ㄉㄤ預設。,,
V26-JIAOWO,180,exact,教,教我,ㄐㄧㄠ,,一字多音-字典檔_marked.xlsx＋四下完整詞境,,專案字典備註：單用作傳授動詞時讀ㄐㄧㄠ。,,
V26-JIAOHUI,180,exact,教,教會,ㄐㄧㄠ,,一字多音-字典檔_marked.xlsx＋四下完整詞境,,「教會了」為傳授使學會義，依專案字典單用動詞規則讀ㄐㄧㄠ。,,
V26-ZHONG-HIT,180,exact,中,砸中,ㄓㄨㄥˋ,,一字多音-字典檔_marked.xlsx＋四下完整詞境,,命中／擊中義；避免位置中預設ㄓㄨㄥ。,,
V26-YINGFU,180,exact,應,應付,ㄧㄥˋ,,一字多音-字典檔_marked.xlsx＋四下完整詞境,,回應／應對義，依專案字典ㄧㄥˋ組。,,
V26-BEIDEDONG,180,exact,背,背得動,ㄅㄟ,,一字多音-字典檔_marked.xlsx＋四下完整詞境,,背負／背包義，依專案字典ㄅㄟ組。,,
V26-WEINAN,180,exact,難,危難,ㄋㄢˋ,,一字多音-字典檔_marked.xlsx＋四下完整詞境,,災難／危難義，依專案字典ㄋㄢˋ組。,,
V26-JIUNAN,180,exact,難,救難,ㄋㄢˋ,,一字多音-字典檔_marked.xlsx＋四下完整詞境,,救援災難詞境，依專案字典ㄋㄢˋ組。,,
V26-DAIZAI,180,exact,待,待在,ㄉㄞ,,一字多音-字典檔_marked.xlsx＋四下完整詞境,,停留義，對應專案字典「待不了／待一會兒」ㄉㄞ組。,,
V26-SHUIFEN,180,exact,分,水分,ㄈㄣˋ,,一字多音-字典檔_marked.xlsx＋四下完整詞境,,「水分」為成分／含量名詞，避免分析／分數義ㄈㄣ預設。,,
V26-DIYIZU,230,exact,一,第一組,ㄧ,,一字多音-字典檔_marked.xlsx＋四下完整詞境,,序數「第一」維持本調ㄧ，完整詞優先於較短「一組」變調。,,
V26-DIYIWEI,230,exact,一,第一位,ㄧ,,一字多音-字典檔_marked.xlsx＋四下完整詞境,,序數「第一」維持本調ㄧ，完整詞優先於較短「一位」變調。,,
V26-JIEBANTONGXING,180,exact,行,結伴同行,ㄒㄧㄥˊ,,一字多音-字典檔_marked.xlsx＋四下完整詞境,,同行＝一起行走義，避免「同行＝同業」ㄏㄤˊ例詞誤判。,,
V27-4D-WEISUO,320,exact,萎,萎縮,ㄨㄟ,,使用者原頁人工覆核（114國小健體4下 P16）,,使用者確認課本注音正確；舊單字字典預期ㄨㄟˇ造成假警報。完整詞語「萎縮」在本專案採ㄨㄟ。,114國小健體4下課本,
V27-4D-BAOKUA,320,exact,括,包括,ㄍㄨㄚ,,使用者原頁人工覆核（114國小健體4下 P166）,,使用者指定以教育部《國語辭典簡編本》注音為準；課本ㄍㄨㄚ確認正確，覆蓋舊版ㄎㄨㄛˋ規則。,114國小健體4下課本,
V27-4D-WEIHE,320,exact,為,為何,ㄨㄟˊ,,使用者原頁人工覆核（114國小健體4下 P178）,,使用者確認課本注音正確；本專案以本次人工真值取代舊版「為何→ㄨㄟˋ」規則。,114國小健體4下課本,
V27-KEEP-GUANTOU,330,exact,頭,罐頭,˙ㄊㄡ,,v2.6 已確認詞條規則,,維持 v2.6：罐頭詞尾「頭」採輕聲，避免舊低優先罐頭→ㄊㄡˊ規則回歸。,114國小健體4下課本,
V27-KEEP-QIUER,330,exact,兒,球兒,ㄦ,,v2.6 已確認兒化詞條規則,,維持 v2.6：球兒為兒化結構，逐字校對「兒」採ㄦ，不另加二聲。,114國小健體4下課本,
V27-4UP-DQ-LA,300,exact,啦,打球啦,˙ㄌㄚ,,v2.1 既有四上詞境規則之句界清理,,v2.7 改用正確版面句境後，舊規則「去打球處報告。啦」已失效；依原教材完整句「我們去打球啦」保留輕聲判讀。,115國小健體4上課本,
V27-3D-HAO19,300,exact,號,19號,ㄏㄠˋ,,v2.5 三下既有收斂規則之句界清理,,地址門牌「19號」的號讀ㄏㄠˋ；v2.7 版面句境重建後以正確短語定位。,115國小健體3下課本,
V27-3D-LIAOLIANG,300,exact,亮,嘹亮,ㄌㄧㄤˋ,,v2.5 三下既有收斂規則之句界清理,,完整詞「嘹亮」之亮讀ㄌㄧㄤˋ。,115國小健體3下課本,
V27-3D-ZHUANZHENG,300,exact,轉,轉正,ㄓㄨㄢˇ,,v2.5 三下既有收斂規則之句界清理,,動作指示「身體轉正向前」為轉動義，轉讀ㄓㄨㄢˇ。,115國小健體3下課本,
V27-3D-CHAOQIAN,300,exact,朝,朝前,ㄔㄠˊ,,v2.5 三下既有收斂規則之句界清理,,方向義「朝前」讀ㄔㄠˊ。,115國小健體3下課本,
V29-4D-001,280,exact,子,毽子,˙ㄗ,,專案一字多音字典＋四下完整詞境,,依專案字典讀音分組與完整詞語／詞義建立；不參照 PDF 實際注音。,114國小健體4下課本,
V29-4D-002,280,exact,子,一輩子,˙ㄗ,,專案一字多音字典＋四下完整詞境,,依專案字典讀音分組與完整詞語／詞義建立；不參照 PDF 實際注音。,114國小健體4下課本,
V29-4D-003,280,exact,子,鏡子,˙ㄗ,,專案一字多音字典＋四下完整詞境,,依專案字典讀音分組與完整詞語／詞義建立；不參照 PDF 實際注音。,114國小健體4下課本,
V29-4D-004,280,exact,子,鬍子,˙ㄗ,,專案一字多音字典＋四下完整詞境,,依專案字典讀音分組與完整詞語／詞義建立；不參照 PDF 實際注音。,114國小健體4下課本,
V29-4D-005,280,exact,子,尿褲子,˙ㄗ,,專案一字多音字典＋四下完整詞境,,依專案字典讀音分組與完整詞語／詞義建立；不參照 PDF 實際注音。,114國小健體4下課本,
V29-4D-006,280,exact,子,裙子,˙ㄗ,,專案一字多音字典＋四下完整詞境,,依專案字典讀音分組與完整詞語／詞義建立；不參照 PDF 實際注音。,114國小健體4下課本,
V29-4D-007,280,exact,子,哨子,˙ㄗ,,專案一字多音字典＋四下完整詞境,,依專案字典讀音分組與完整詞語／詞義建立；不參照 PDF 實際注音。,114國小健體4下課本,
V29-4D-008,280,exact,子,箱子,˙ㄗ,,專案一字多音字典＋四下完整詞境,,依專案字典讀音分組與完整詞語／詞義建立；不參照 PDF 實際注音。,114國小健體4下課本,
V29-4D-009,280,exact,子,帽子,˙ㄗ,,專案一字多音字典＋四下完整詞境,,依專案字典讀音分組與完整詞語／詞義建立；不參照 PDF 實際注音。,114國小健體4下課本,
V29-4D-010,280,exact,子,精子,ㄗˇ,,專案一字多音字典＋四下完整詞境,,依專案字典讀音分組與完整詞語／詞義建立；不參照 PDF 實際注音。,114國小健體4下課本,
V29-4D-011,280,exact,子,卵子,ㄗˇ,,專案一字多音字典＋四下完整詞境,,依專案字典讀音分組與完整詞語／詞義建立；不參照 PDF 實際注音。,114國小健體4下課本,
V29-4D-012,280,exact,子,子宮,ㄗˇ,,專案一字多音字典＋四下完整詞境,,依專案字典讀音分組與完整詞語／詞義建立；不參照 PDF 實際注音。,114國小健體4下課本,
V29-4D-013,280,exact,子,讓子,ㄗˇ,,專案一字多音字典＋四下完整詞境,,依專案字典讀音分組與完整詞語／詞義建立；不參照 PDF 實際注音。,114國小健體4下課本,
V29-4D-014,280,exact,溺,防溺,ㄋㄧˋ,,專案一字多音字典＋四下完整詞境,,依專案字典讀音分組與完整詞語／詞義建立；不參照 PDF 實際注音。,114國小健體4下課本,
V29-4D-015,280,exact,溺,救溺,ㄋㄧˋ,,專案一字多音字典＋四下完整詞境,,依專案字典讀音分組與完整詞語／詞義建立；不參照 PDF 實際注音。,114國小健體4下課本,
V29-4D-016,280,exact,長,長出,ㄓㄤˇ,,專案一字多音字典＋四下完整詞境,,依專案字典讀音分組與完整詞語／詞義建立；不參照 PDF 實際注音。,114國小健體4下課本,
V29-4D-017,280,exact,長,長鬍子,ㄓㄤˇ,,專案一字多音字典＋四下完整詞境,,依專案字典讀音分組與完整詞語／詞義建立；不參照 PDF 實際注音。,114國小健體4下課本,
V29-4D-018,280,exact,長,等長,ㄔㄤˊ,,專案一字多音字典＋四下完整詞境,,依專案字典讀音分組與完整詞語／詞義建立；不參照 PDF 實際注音。,114國小健體4下課本,
V29-4D-019,280,exact,長,變長,ㄔㄤˊ,,專案一字多音字典＋四下完整詞境,,依專案字典讀音分組與完整詞語／詞義建立；不參照 PDF 實際注音。,114國小健體4下課本,
V29-4D-020,280,exact,長,長褲,ㄔㄤˊ,,專案一字多音字典＋四下完整詞境,,依專案字典讀音分組與完整詞語／詞義建立；不參照 PDF 實際注音。,114國小健體4下課本,
V29-4D-021,280,exact,長,特長,ㄔㄤˊ,,專案一字多音字典＋四下完整詞境,,依專案字典讀音分組與完整詞語／詞義建立；不參照 PDF 實際注音。,114國小健體4下課本,
V29-4D-022,280,exact,長,長處,ㄔㄤˊ,,專案一字多音字典＋四下完整詞境,,依專案字典讀音分組與完整詞語／詞義建立；不參照 PDF 實際注音。,114國小健體4下課本,
V29-4D-023,280,exact,長,距離愈長,ㄔㄤˊ,,專案一字多音字典＋四下完整詞境,,依專案字典讀音分組與完整詞語／詞義建立；不參照 PDF 實際注音。,114國小健體4下課本,
V29-4D-024,280,exact,長,時間最長,ㄔㄤˊ,,專案一字多音字典＋四下完整詞境,,依專案字典讀音分組與完整詞語／詞義建立；不參照 PDF 實際注音。,114國小健體4下課本,
V29-4D-025,280,exact,處,好處,ㄔㄨˋ,好處理,專案一字多音字典＋四下完整詞境,,依專案字典讀音分組與完整詞語／詞義建立；不參照 PDF 實際注音。；詞界防護：若字面「好處」其實位於「好處理／好好處理」中的「處理」，禁止命中。,114國小健體4下課本,
V29-4D-026,280,exact,處,交接處,ㄔㄨˋ,,專案一字多音字典＋四下完整詞境,,依專案字典讀音分組與完整詞語／詞義建立；不參照 PDF 實際注音。,114國小健體4下課本,
V29-4D-027,280,exact,處,公分處,ㄔㄨˋ,,專案一字多音字典＋四下完整詞境,,依專案字典讀音分組與完整詞語／詞義建立；不參照 PDF 實際注音。,114國小健體4下課本,
V29-4D-028,280,exact,處,陰涼處,ㄔㄨˋ,,專案一字多音字典＋四下完整詞境,,依專案字典讀音分組與完整詞語／詞義建立；不參照 PDF 實際注音。,114國小健體4下課本,
V29-4D-029,280,exact,處,黏貼處,ㄔㄨˋ,,專案一字多音字典＋四下完整詞境,,依專案字典讀音分組與完整詞語／詞義建立；不參照 PDF 實際注音。,114國小健體4下課本,
V29-4D-030,280,exact,處,長處,ㄔㄨˋ,,專案一字多音字典＋四下完整詞境,,依專案字典讀音分組與完整詞語／詞義建立；不參照 PDF 實際注音。,114國小健體4下課本,
V29-4D-031,280,exact,處,空曠處,ㄔㄨˋ,,專案一字多音字典＋四下完整詞境,,依專案字典讀音分組與完整詞語／詞義建立；不參照 PDF 實際注音。,114國小健體4下課本,
V29-4D-032,280,exact,處,高處,ㄔㄨˋ,,專案一字多音字典＋四下完整詞境,,依專案字典讀音分組與完整詞語／詞義建立；不參照 PDF 實際注音。,114國小健體4下課本,
V29-4D-033,280,exact,處,靜止處,ㄔㄨˋ,,專案一字多音字典＋四下完整詞境,,依專案字典讀音分組與完整詞語／詞義建立；不參照 PDF 實際注音。,114國小健體4下課本,
V29-4D-034,280,exact,處,落地處,ㄔㄨˋ,,專案一字多音字典＋四下完整詞境,,依專案字典讀音分組與完整詞語／詞義建立；不參照 PDF 實際注音。,114國小健體4下課本,
V29-4D-035,280,exact,處,位處於,ㄔㄨˇ,,專案一字多音字典＋四下完整詞境,,依專案字典讀音分組與完整詞語／詞義建立；不參照 PDF 實際注音。,114國小健體4下課本,
V29-4D-036,280,exact,處,處置,ㄔㄨˇ,,專案一字多音字典＋四下完整詞境,,依專案字典讀音分組與完整詞語／詞義建立；不參照 PDF 實際注音。,114國小健體4下課本,
V29-4D-037,280,exact,縫,齒縫,ㄈㄥˋ,,專案一字多音字典＋四下完整詞境,,依專案字典讀音分組與完整詞語／詞義建立；不參照 PDF 實際注音。,114國小健體4下課本,
V29-4D-038,280,exact,縫,牙縫,ㄈㄥˋ,,專案一字多音字典＋四下完整詞境,,依專案字典讀音分組與完整詞語／詞義建立；不參照 PDF 實際注音。,114國小健體4下課本,
V29-4D-039,280,exact,縫,縫衣服,ㄈㄥˊ,,專案一字多音字典＋四下完整詞境,,依專案字典讀音分組與完整詞語／詞義建立；不參照 PDF 實際注音。,114國小健體4下課本,
V29-4D-040,280,exact,數,招數,ㄕㄨˋ,,專案一字多音字典＋四下完整詞境,,依專案字典讀音分組與完整詞語／詞義建立；不參照 PDF 實際注音。,114國小健體4下課本,
V29-4D-041,280,exact,數,數量,ㄕㄨˋ,,專案一字多音字典＋四下完整詞境,,依專案字典讀音分組與完整詞語／詞義建立；不參照 PDF 實際注音。,114國小健體4下課本,
V29-4D-042,280,exact,數,球數,ㄕㄨˋ,,專案一字多音字典＋四下完整詞境,,依專案字典讀音分組與完整詞語／詞義建立；不參照 PDF 實際注音。,114國小健體4下課本,
V29-4D-043,280,exact,數,數字,ㄕㄨˋ,,專案一字多音字典＋四下完整詞境,,依專案字典讀音分組與完整詞語／詞義建立；不參照 PDF 實際注音。,114國小健體4下課本,
V29-4D-044,280,exact,數,位數,ㄕㄨˋ,,專案一字多音字典＋四下完整詞境,,依專案字典讀音分組與完整詞語／詞義建立；不參照 PDF 實際注音。,114國小健體4下課本,
V29-4D-045,280,exact,數,次數,ㄕㄨˋ,,專案一字多音字典＋四下完整詞境,,依專案字典讀音分組與完整詞語／詞義建立；不參照 PDF 實際注音。,114國小健體4下課本,
V29-4D-046,280,exact,轉,翻轉,ㄓㄨㄢˇ,,專案一字多音字典＋四下完整詞境,,依專案字典讀音分組與完整詞語／詞義建立；不參照 PDF 實際注音。,114國小健體4下課本,
V29-4D-047,280,exact,轉,運轉,ㄓㄨㄢˇ,,專案一字多音字典＋四下完整詞境,,依專案字典讀音分組與完整詞語／詞義建立；不參照 PDF 實際注音。,114國小健體4下課本,
V29-4D-048,280,exact,轉,轉換,ㄓㄨㄢˇ,,專案一字多音字典＋四下完整詞境,,依專案字典讀音分組與完整詞語／詞義建立；不參照 PDF 實際注音。,114國小健體4下課本,
V29-4D-049,280,exact,轉,右轉,ㄓㄨㄢˇ,,專案一字多音字典＋四下完整詞境,,依專案字典讀音分組與完整詞語／詞義建立；不參照 PDF 實際注音。,114國小健體4下課本,
V29-4D-050,280,exact,轉,轉體,ㄓㄨㄢˇ,,專案一字多音字典＋四下完整詞境,,依專案字典讀音分組與完整詞語／詞義建立；不參照 PDF 實際注音。,114國小健體4下課本,
V29-4D-051,280,exact,轉,側轉,ㄓㄨㄢˇ,,專案一字多音字典＋四下完整詞境,,依專案字典讀音分組與完整詞語／詞義建立；不參照 PDF 實際注音。,114國小健體4下課本,
V29-4D-052,280,exact,轉,反轉,ㄓㄨㄢˇ,,專案一字多音字典＋四下完整詞境,,依專案字典讀音分組與完整詞語／詞義建立；不參照 PDF 實際注音。,114國小健體4下課本,
V29-4D-053,280,exact,轉,轉接,ㄓㄨㄢˇ,,專案一字多音字典＋四下完整詞境,,依專案字典讀音分組與完整詞語／詞義建立；不參照 PDF 實際注音。,114國小健體4下課本,
V29-4D-054,280,exact,轉,身體轉,ㄓㄨㄢˇ,,專案一字多音字典＋四下完整詞境,,依專案字典讀音分組與完整詞語／詞義建立；不參照 PDF 實際注音。,114國小健體4下課本,
V29-4D-055,280,exact,一,一輩子,ㄧˊ,,專案一字多音字典＋四下完整詞境,,依專案字典讀音分組與完整詞語／詞義建立；不參照 PDF 實際注音。,114國小健體4下課本,
V29-4D-056,280,exact,一,一陣,ㄧˊ,,專案一字多音字典＋四下完整詞境,,依專案字典讀音分組與完整詞語／詞義建立；不參照 PDF 實際注音。,114國小健體4下課本,
V29-4D-057,280,exact,一,試一試,ㄧˊ,,使用者確認「一」變調規則（2026-08-17）,,後字「試」為去聲；依使用者確認規則，「一」在去聲字前標ㄧˊ。,114國小健體4下課本,user_confirmed_rule
V29-4D-058,280,exact,一,一端,ㄧˋ,,專案一字多音字典＋四下完整詞境,,依專案字典讀音分組與完整詞語／詞義建立；不參照 PDF 實際注音。,114國小健體4下課本,
V29-4D-059,280,exact,一,一久,ㄧˋ,,專案一字多音字典＋四下完整詞境,,依專案字典讀音分組與完整詞語／詞義建立；不參照 PDF 實際注音。,114國小健體4下課本,
V29-4D-060,280,exact,一,一時,ㄧˋ,,專案一字多音字典＋四下完整詞境,,依專案字典讀音分組與完整詞語／詞義建立；不參照 PDF 實際注音。,114國小健體4下課本,
V29-4D-061,280,exact,一,一瓶,ㄧˋ,,專案一字多音字典＋四下完整詞境,,依專案字典讀音分組與完整詞語／詞義建立；不參照 PDF 實際注音。,114國小健體4下課本,
V29-4D-062,280,exact,一,一口,ㄧˋ,,專案一字多音字典＋四下完整詞境,,依專案字典讀音分組與完整詞語／詞義建立；不參照 PDF 實際注音。,114國小健體4下課本,
V29-4D-063,280,exact,量,量取,ㄌㄧㄤˊ,,專案一字多音字典＋四下完整詞境,,依專案字典讀音分組與完整詞語／詞義建立；不參照 PDF 實際注音。,114國小健體4下課本,
V29-4D-064,280,exact,量,細菌量,ㄌㄧㄤˋ,,專案一字多音字典＋四下完整詞境,,依專案字典讀音分組與完整詞語／詞義建立；不參照 PDF 實際注音。,114國小健體4下課本,
V29-4D-065,280,exact,量,牙齒數量,ㄌㄧㄤˋ,,專案一字多音字典＋四下完整詞境,,依專案字典讀音分組與完整詞語／詞義建立；不參照 PDF 實際注音。,114國小健體4下課本,
V29-4D-066,280,exact,量,數量,ㄌㄧㄤˋ,,專案一字多音字典＋四下完整詞境,,依專案字典讀音分組與完整詞語／詞義建立；不參照 PDF 實際注音。,114國小健體4下課本,
V29-4D-067,280,exact,量,經血量,ㄌㄧㄤˋ,,專案一字多音字典＋四下完整詞境,,依專案字典讀音分組與完整詞語／詞義建立；不參照 PDF 實際注音。,114國小健體4下課本,
V29-4D-068,280,exact,量,量多型,ㄌㄧㄤˋ,,專案一字多音字典＋四下完整詞境,,依專案字典讀音分組與完整詞語／詞義建立；不參照 PDF 實際注音。,114國小健體4下課本,
V29-4D-069,280,exact,量,運動量,ㄌㄧㄤˋ,,專案一字多音字典＋四下完整詞境,,依專案字典讀音分組與完整詞語／詞義建立；不參照 PDF 實際注音。,114國小健體4下課本,
V29-4D-070,280,exact,量,浮條數量,ㄌㄧㄤˋ,,專案一字多音字典＋四下完整詞境,,依專案字典讀音分組與完整詞語／詞義建立；不參照 PDF 實際注音。,114國小健體4下課本,
V29-4D-071,280,exact,量,呼拉圈數量,ㄌㄧㄤˋ,,專案一字多音字典＋四下完整詞境,,依專案字典讀音分組與完整詞語／詞義建立；不參照 PDF 實際注音。,114國小健體4下課本,
V29-4D-072,280,exact,為,為其目的,ㄨㄟˊ,,專案一字多音字典＋四下完整詞境,,依專案字典讀音分組與完整詞語／詞義建立；不參照 PDF 實際注音。,114國小健體4下課本,
V29-4D-073,280,exact,為,誤以為,ㄨㄟˊ,,專案一字多音字典＋四下完整詞境,,依專案字典讀音分組與完整詞語／詞義建立；不參照 PDF 實際注音。,114國小健體4下課本,
V29-4D-074,280,exact,為,不僅為,ㄨㄟˊ,,專案一字多音字典＋四下完整詞境,,依專案字典讀音分組與完整詞語／詞義建立；不參照 PDF 實際注音。,114國小健體4下課本,
V29-4D-075,280,exact,為,變掌為拳,ㄨㄟˊ,,專案一字多音字典＋四下完整詞境,,依專案字典讀音分組與完整詞語／詞義建立；不參照 PDF 實際注音。,114國小健體4下課本,
V29-4D-076,280,exact,為,為止,ㄨㄟˊ,,專案一字多音字典＋四下完整詞境,,依專案字典讀音分組與完整詞語／詞義建立；不參照 PDF 實際注音。,114國小健體4下課本,
V29-4D-077,280,exact,為,較為,ㄨㄟˊ,,專案一字多音字典＋四下完整詞境,,依專案字典讀音分組與完整詞語／詞義建立；不參照 PDF 實際注音。,114國小健體4下課本,
V29-4D-078,280,exact,為,插畫為,ㄨㄟˊ,,專案一字多音字典＋四下完整詞境,,依專案字典讀音分組與完整詞語／詞義建立；不參照 PDF 實際注音。,114國小健體4下課本,
V29-4D-079,280,exact,為,為娃,ㄨㄟˋ,,專案一字多音字典＋四下完整詞境,,依專案字典讀音分組與完整詞語／詞義建立；不參照 PDF 實際注音。,114國小健體4下課本,
V29-4D-080,280,exact,為,為迎接,ㄨㄟˋ,,專案一字多音字典＋四下完整詞境,,依專案字典讀音分組與完整詞語／詞義建立；不參照 PDF 實際注音。,114國小健體4下課本,
V29-4D-081,280,exact,為,為全國民眾,ㄨㄟˋ,,專案一字多音字典＋四下完整詞境,,依專案字典讀音分組與完整詞語／詞義建立；不參照 PDF 實際注音。,114國小健體4下課本,
V29-4D-082,280,exact,術,武術,ㄕㄨˋ,,專案一字多音字典＋四下完整詞境,,依專案字典讀音分組與完整詞語／詞義建立；不參照 PDF 實際注音。,114國小健體4下課本,
V29-4D-083,280,exact,術,國術,ㄕㄨˋ,,專案一字多音字典＋四下完整詞境,,依專案字典讀音分組與完整詞語／詞義建立；不參照 PDF 實際注音。,114國小健體4下課本,
V29-4D-084,280,exact,頭,龜頭,ㄊㄡˊ,,專案一字多音字典＋四下完整詞境,,依專案字典讀音分組與完整詞語／詞義建立；不參照 PDF 實際注音。,114國小健體4下課本,
V29-4D-085,280,exact,頭,保護頭,ㄊㄡˊ,,專案一字多音字典＋四下完整詞境,,依專案字典讀音分組與完整詞語／詞義建立；不參照 PDF 實際注音。,114國小健體4下課本,
V29-4D-086,280,exact,頭,床頭櫃,ㄊㄡˊ,,專案一字多音字典＋四下完整詞境,,依專案字典讀音分組與完整詞語／詞義建立；不參照 PDF 實際注音。,114國小健體4下課本,
V29-4D-087,280,exact,頭,緊要關頭,ㄊㄡˊ,,專案一字多音字典＋四下完整詞境,,依專案字典讀音分組與完整詞語／詞義建立；不參照 PDF 實際注音。,114國小健體4下課本,
V29-4D-088,280,exact,頭,球頭,ㄊㄡˊ,,專案一字多音字典＋四下完整詞境,,依專案字典讀音分組與完整詞語／詞義建立；不參照 PDF 實際注音。,114國小健體4下課本,
V29-4D-089,280,exact,頭,頭慢慢,ㄊㄡˊ,,專案一字多音字典＋四下完整詞境,,依專案字典讀音分組與完整詞語／詞義建立；不參照 PDF 實際注音。,114國小健體4下課本,
V29-4D-090,280,exact,頭,頭不可,ㄊㄡˊ,,專案一字多音字典＋四下完整詞境,,依專案字典讀音分組與完整詞語／詞義建立；不參照 PDF 實際注音。,114國小健體4下課本,
V29-4D-091,280,exact,創,創作,ㄔㄨㄤˋ,,專案一字多音字典＋四下完整詞境,,依專案字典讀音分組與完整詞語／詞義建立；不參照 PDF 實際注音。,114國小健體4下課本,
V29-4D-092,280,exact,陰,陰涼,ㄧㄣ,,專案一字多音字典＋四下完整詞境,,依專案字典讀音分組與完整詞語／詞義建立；不參照 PDF 實際注音。,114國小健體4下課本,
V29-4D-093,280,exact,陰,陰毛,ㄧㄣ,,專案一字多音字典＋四下完整詞境,,依專案字典讀音分組與完整詞語／詞義建立；不參照 PDF 實際注音。,114國小健體4下課本,
V29-4D-094,280,exact,陰,陰莖,ㄧㄣ,,專案一字多音字典＋四下完整詞境,,依專案字典讀音分組與完整詞語／詞義建立；不參照 PDF 實際注音。,114國小健體4下課本,
V29-4D-095,280,exact,陰,陰道,ㄧㄣ,,專案一字多音字典＋四下完整詞境,,依專案字典讀音分組與完整詞語／詞義建立；不參照 PDF 實際注音。,114國小健體4下課本,
V29-4D-096,280,exact,空,空曠,ㄎㄨㄥ,,專案一字多音字典＋四下完整詞境,,依專案字典讀音分組與完整詞語／詞義建立；不參照 PDF 實際注音。,114國小健體4下課本,
V29-4D-097,280,exact,空,空位,ㄎㄨㄥˋ,,專案一字多音字典＋四下完整詞境,,依專案字典讀音分組與完整詞語／詞義建立；不參照 PDF 實際注音。,114國小健體4下課本,
V29-4D-098,280,exact,空,空地,ㄎㄨㄥˋ,,專案一字多音字典＋四下完整詞境,,依專案字典讀音分組與完整詞語／詞義建立；不參照 PDF 實際注音。,114國小健體4下課本,
V29-4D-099,280,exact,空,留空,ㄎㄨㄥˋ,,專案一字多音字典＋四下完整詞境,,依專案字典讀音分組與完整詞語／詞義建立；不參照 PDF 實際注音。,114國小健體4下課本,
V29-4D-100,280,exact,朝,朝臺灣,ㄔㄠˊ,,專案一字多音字典＋四下完整詞境,,依專案字典讀音分組與完整詞語／詞義建立；不參照 PDF 實際注音。,114國小健體4下課本,
V29-4D-101,280,exact,朝,朝前,ㄔㄠˊ,,專案一字多音字典＋四下完整詞境,,依專案字典讀音分組與完整詞語／詞義建立；不參照 PDF 實際注音。,114國小健體4下課本,
V29-4D-102,280,exact,朝,朝下,ㄔㄠˊ,,專案一字多音字典＋四下完整詞境,,依專案字典讀音分組與完整詞語／詞義建立；不參照 PDF 實際注音。,114國小健體4下課本,
V29-4D-103,280,exact,朝,朝內,ㄔㄠˊ,,專案一字多音字典＋四下完整詞境,,依專案字典讀音分組與完整詞語／詞義建立；不參照 PDF 實際注音。,114國小健體4下課本,
V29-4D-104,280,exact,朝,面朝,ㄔㄠˊ,,專案一字多音字典＋四下完整詞境,,依專案字典讀音分組與完整詞語／詞義建立；不參照 PDF 實際注音。,114國小健體4下課本,
V29-4D-105,280,exact,朝,腳尖朝上,ㄔㄠˊ,,專案一字多音字典＋四下完整詞境,,依專案字典讀音分組與完整詞語／詞義建立；不參照 PDF 實際注音。,114國小健體4下課本,
V29-4D-106,280,exact,聽,停看聽,ㄊㄧㄥ,,專案一字多音字典＋四下完整詞境,,依專案字典讀音分組與完整詞語／詞義建立；不參照 PDF 實際注音。,114國小健體4下課本,
V29-4D-107,280,exact,聽,聽取,ㄊㄧㄥ,,專案一字多音字典＋四下完整詞境,,依專案字典讀音分組與完整詞語／詞義建立；不參照 PDF 實際注音。,114國小健體4下課本,
V29-4D-108,280,exact,聽,收聽,ㄊㄧㄥ,,專案一字多音字典＋四下完整詞境,,依專案字典讀音分組與完整詞語／詞義建立；不參照 PDF 實際注音。,114國小健體4下課本,
V29-4D-109,280,exact,雨,暴雨,ㄩˇ,,專案一字多音字典＋四下完整詞境,,依專案字典讀音分組與完整詞語／詞義建立；不參照 PDF 實際注音。,114國小健體4下課本,
V29-4D-110,280,exact,雨,豪雨,ㄩˇ,,專案一字多音字典＋四下完整詞境,,依專案字典讀音分組與完整詞語／詞義建立；不參照 PDF 實際注音。,114國小健體4下課本,
V29-4D-111,280,exact,雨,風雨,ㄩˇ,,專案一字多音字典＋四下完整詞境,,依專案字典讀音分組與完整詞語／詞義建立；不參照 PDF 實際注音。,114國小健體4下課本,
V29-4D-112,280,exact,得,就得,ㄉㄟˇ,,專案一字多音字典＋四下完整詞境,,依專案字典讀音分組與完整詞語／詞義建立；不參照 PDF 實際注音。,114國小健體4下課本,
V29-4D-113,280,exact,得,取得,ㄉㄜˊ,,專案一字多音字典＋四下完整詞境,,依專案字典讀音分組與完整詞語／詞義建立；不參照 PDF 實際注音。,114國小健體4下課本,
V29-4D-114,280,exact,得,懂得,˙ㄉㄜ,,專案一字多音字典＋四下完整詞境,,依專案字典讀音分組與完整詞語／詞義建立；不參照 PDF 實際注音。,114國小健體4下課本,
V29-4D-115,280,exact,得,來得,˙ㄉㄜ,,專案一字多音字典＋四下完整詞境,,依專案字典讀音分組與完整詞語／詞義建立；不參照 PDF 實際注音。,114國小健體4下課本,
V29-4D-116,280,exact,得,背得,˙ㄉㄜ,,專案一字多音字典＋四下完整詞境,,依專案字典讀音分組與完整詞語／詞義建立；不參照 PDF 實際注音。,114國小健體4下課本,
V29-4D-117,280,exact,得,踢得,˙ㄉㄜ,,專案一字多音字典＋四下完整詞境,,依專案字典讀音分組與完整詞語／詞義建立；不參照 PDF 實際注音。,114國小健體4下課本,
V29-4D-118,280,exact,相,相處,ㄒㄧㄤ,,專案一字多音字典＋四下完整詞境,,依專案字典讀音分組與完整詞語／詞義建立；不參照 PDF 實際注音。,114國小健體4下課本,
V29-4D-119,280,exact,相,相互,ㄒㄧㄤ,,專案一字多音字典＋四下完整詞境,,依專案字典讀音分組與完整詞語／詞義建立；不參照 PDF 實際注音。,114國小健體4下課本,
V29-4D-120,280,exact,相,相距,ㄒㄧㄤ,,專案一字多音字典＋四下完整詞境,,依專案字典讀音分組與完整詞語／詞義建立；不參照 PDF 實際注音。,114國小健體4下課本,
V29-4D-121,280,exact,相,相同,ㄒㄧㄤ,,專案一字多音字典＋四下完整詞境,,依專案字典讀音分組與完整詞語／詞義建立；不參照 PDF 實際注音。,114國小健體4下課本,
V29-4D-122,280,exact,相,互相,ㄒㄧㄤ,,專案一字多音字典＋四下完整詞境,,依專案字典讀音分組與完整詞語／詞義建立；不參照 PDF 實際注音。,114國小健體4下課本,
V29-4D-123,280,exact,相,相遇,ㄒㄧㄤ,,專案一字多音字典＋四下完整詞境,,依專案字典讀音分組與完整詞語／詞義建立；不參照 PDF 實際注音。,114國小健體4下課本,
V29-4D-124,280,exact,九,九宮格,ㄐㄧㄡˇ,,專案一字多音字典＋四下完整詞境,,依專案字典讀音分組與完整詞語／詞義建立；不參照 PDF 實際注音。,114國小健體4下課本,
V29-4D-125,280,exact,九,九個數字,ㄐㄧㄡˇ,,專案一字多音字典＋四下完整詞境,,依專案字典讀音分組與完整詞語／詞義建立；不參照 PDF 實際注音。,114國小健體4下課本,
V29-4D-126,280,exact,行,住、行,ㄒㄧㄥˊ,,專案一字多音字典＋四下完整詞境,,依專案字典讀音分組與完整詞語／詞義建立；不參照 PDF 實際注音。,114國小健體4下課本,
V29-4D-127,280,exact,行,推行,ㄒㄧㄥˊ,,專案一字多音字典＋四下完整詞境,,依專案字典讀音分組與完整詞語／詞義建立；不參照 PDF 實際注音。,114國小健體4下課本,
V29-4D-128,280,exact,行,才行,ㄒㄧㄥˊ,,專案一字多音字典＋四下完整詞境,,依專案字典讀音分組與完整詞語／詞義建立；不參照 PDF 實際注音。,114國小健體4下課本,
V29-4D-129,280,exact,行,健行,ㄒㄧㄥˊ,,專案一字多音字典＋四下完整詞境,,依專案字典讀音分組與完整詞語／詞義建立；不參照 PDF 實際注音。,114國小健體4下課本,
V29-4D-130,280,exact,行,行政院,ㄒㄧㄥˊ,,專案一字多音字典＋四下完整詞境,,依專案字典讀音分組與完整詞語／詞義建立；不參照 PDF 實際注音。,114國小健體4下課本,
V29-4D-131,280,exact,都,刷牙都會,ㄉㄡ,,專案一字多音字典＋四下完整詞境,,依專案字典讀音分組與完整詞語／詞義建立；不參照 PDF 實際注音。,114國小健體4下課本,
V29-4D-132,280,exact,都,嘴巴都會,ㄉㄡ,,專案一字多音字典＋四下完整詞境,,依專案字典讀音分組與完整詞語／詞義建立；不參照 PDF 實際注音。,114國小健體4下課本,
V29-4D-133,280,exact,都,妹妹都會,ㄉㄡ,,專案一字多音字典＋四下完整詞境,,依專案字典讀音分組與完整詞語／詞義建立；不參照 PDF 實際注音。,114國小健體4下課本,
V29-4D-134,280,exact,都,每年都會,ㄉㄡ,,專案一字多音字典＋四下完整詞境,,依專案字典讀音分組與完整詞語／詞義建立；不參照 PDF 實際注音。,114國小健體4下課本,
V29-4D-135,280,exact,著,拿著,˙ㄓㄜ,,專案一字多音字典＋四下完整詞境,,依專案字典讀音分組與完整詞語／詞義建立；不參照 PDF 實際注音。,114國小健體4下課本,
V29-4D-136,280,exact,著,繞著,˙ㄓㄜ,,專案一字多音字典＋四下完整詞境,,依專案字典讀音分組與完整詞語／詞義建立；不參照 PDF 實際注音。,114國小健體4下課本,
V29-4D-137,280,exact,著,彎著,˙ㄓㄜ,,專案一字多音字典＋四下完整詞境,,依專案字典讀音分組與完整詞語／詞義建立；不參照 PDF 實際注音。,114國小健體4下課本,
V29-4D-138,280,exact,著,睡著,ㄓㄠˊ,,專案一字多音字典＋四下完整詞境,,依專案字典讀音分組與完整詞語／詞義建立；不參照 PDF 實際注音。,114國小健體4下課本,
V29-4D-139,280,exact,泡,泡菜,ㄆㄠˋ,,專案一字多音字典＋四下完整詞境,,依專案字典讀音分組與完整詞語／詞義建立；不參照 PDF 實際注音。,114國小健體4下課本,
V29-4D-140,280,exact,泡,泡在水中,ㄆㄠˋ,,專案一字多音字典＋四下完整詞境,,依專案字典讀音分組與完整詞語／詞義建立；不參照 PDF 實際注音。,114國小健體4下課本,
V29-4D-141,280,exact,台,台灣,ㄊㄞˊ,,專案一字多音字典＋四下完整詞境,,依專案字典讀音分組與完整詞語／詞義建立；不參照 PDF 實際注音。,114國小健體4下課本,
V29-4D-142,280,exact,台,台電,ㄊㄞˊ,,專案一字多音字典＋四下完整詞境,,依專案字典讀音分組與完整詞語／詞義建立；不參照 PDF 實際注音。,114國小健體4下課本,
V29-4D-143,280,exact,遺,夢遺,ㄧˊ,,專案一字多音字典＋四下完整詞境,,依專案字典讀音分組與完整詞語／詞義建立；不參照 PDF 實際注音。,114國小健體4下課本,
V29-4D-144,280,exact,漂,漂起來,ㄆㄧㄠ,,專案一字多音字典＋四下完整詞境,,依專案字典讀音分組與完整詞語／詞義建立；不參照 PDF 實際注音。,114國小健體4下課本,
V29-4D-145,280,exact,漂,水母漂,ㄆㄧㄠ,,專案一字多音字典＋四下完整詞境,,依專案字典讀音分組與完整詞語／詞義建立；不參照 PDF 實際注音。,114國小健體4下課本,
V29-4D-146,280,exact,漂,仰漂,ㄆㄧㄠ,,專案一字多音字典＋四下完整詞境,,依專案字典讀音分組與完整詞語／詞義建立；不參照 PDF 實際注音。,114國小健體4下課本,
V29-4D-147,280,exact,暴,暴風,ㄅㄠˋ,,專案一字多音字典＋四下完整詞境,,依專案字典讀音分組與完整詞語／詞義建立；不參照 PDF 實際注音。,114國小健體4下課本,
V29-4D-148,280,exact,暴,暴雨,ㄅㄠˋ,,專案一字多音字典＋四下完整詞境,,依專案字典讀音分組與完整詞語／詞義建立；不參照 PDF 實際注音。,114國小健體4下課本,
V29-4D-149,280,exact,藏,藏汙納垢,ㄘㄤˊ,,專案一字多音字典＋四下完整詞境,,依專案字典讀音分組與完整詞語／詞義建立；不參照 PDF 實際注音。,114國小健體4下課本,
V29-4D-150,280,exact,藏,臥虎藏龍,ㄘㄤˊ,,專案一字多音字典＋四下完整詞境,,依專案字典讀音分組與完整詞語／詞義建立；不參照 PDF 實際注音。,114國小健體4下課本,
V29-4D-151,280,exact,藏,冷藏,ㄘㄤˊ,,專案一字多音字典＋四下完整詞境,,依專案字典讀音分組與完整詞語／詞義建立；不參照 PDF 實際注音。,114國小健體4下課本,
V29-4D-152,280,exact,中,齒縫中的,ㄓㄨㄥ,,專案一字多音字典＋四下完整詞境,,依專案字典讀音分組與完整詞語／詞義建立；不參照 PDF 實際注音。,114國小健體4下課本,
V29-4D-153,280,exact,中,心中的,ㄓㄨㄥ,,專案一字多音字典＋四下完整詞境,,依專案字典讀音分組與完整詞語／詞義建立；不參照 PDF 實際注音。,114國小健體4下課本,
V29-4D-154,280,exact,中,命中,ㄓㄨㄥˋ,,專案一字多音字典＋四下完整詞境,,依專案字典讀音分組與完整詞語／詞義建立；不參照 PDF 實際注音。,114國小健體4下課本,
V29-4D-155,280,exact,臭,口臭,ㄔㄡˋ,,專案一字多音字典＋四下完整詞境,,依專案字典讀音分組與完整詞語／詞義建立；不參照 PDF 實際注音。,114國小健體4下課本,
V29-4D-156,280,exact,臭,臭臭,ㄔㄡˋ,,專案一字多音字典＋四下完整詞境,,依專案字典讀音分組與完整詞語／詞義建立；不參照 PDF 實際注音。,114國小健體4下課本,
V29-4D-157,280,exact,切,切割,ㄑㄧㄝ,,專案一字多音字典＋四下完整詞境,,依專案字典讀音分組與完整詞語／詞義建立；不參照 PDF 實際注音。,114國小健體4下課本,
V29-4D-158,280,exact,切,適切,ㄑㄧㄝˋ,,專案一字多音字典＋四下完整詞境,,依專案字典讀音分組與完整詞語／詞義建立；不參照 PDF 實際注音。,114國小健體4下課本,
V29-4D-159,280,exact,切,切記,ㄑㄧㄝˋ,,專案一字多音字典＋四下完整詞境,,依專案字典讀音分組與完整詞語／詞義建立；不參照 PDF 實際注音。,114國小健體4下課本,
V29-4D-160,280,exact,切,切勿,ㄑㄧㄝˋ,,專案一字多音字典＋四下完整詞境,,依專案字典讀音分組與完整詞語／詞義建立；不參照 PDF 實際注音。,114國小健體4下課本,
V29-4D-161,280,exact,假,假牙,ㄐㄧㄚˇ,,專案一字多音字典＋四下完整詞境,,依專案字典讀音分組與完整詞語／詞義建立；不參照 PDF 實際注音。,114國小健體4下課本,
V29-4D-162,280,exact,假,假如,ㄐㄧㄚˇ,,專案一字多音字典＋四下完整詞境,,依專案字典讀音分組與完整詞語／詞義建立；不參照 PDF 實際注音。,114國小健體4下課本,
V29-4D-163,280,exact,假,假動作,ㄐㄧㄚˇ,,專案一字多音字典＋四下完整詞境,,依專案字典讀音分組與完整詞語／詞義建立；不參照 PDF 實際注音。,114國小健體4下課本,
V29-4D-164,280,exact,龜,龜頭,ㄍㄨㄟ,,專案一字多音字典＋四下完整詞境,,依專案字典讀音分組與完整詞語／詞義建立；不參照 PDF 實際注音。,114國小健體4下課本,
V29-4D-165,280,exact,見,意見,ㄐㄧㄢˋ,,專案一字多音字典＋四下完整詞境,,依專案字典讀音分組與完整詞語／詞義建立；不參照 PDF 實際注音。,114國小健體4下課本,
V29-4D-166,280,exact,倒,倒灌,ㄉㄠˋ,,專案一字多音字典＋四下完整詞境,,依專案字典讀音分組與完整詞語／詞義建立；不參照 PDF 實際注音。,114國小健體4下課本,
V29-4D-167,280,exact,倒,倒放,ㄉㄠˋ,,專案一字多音字典＋四下完整詞境,,依專案字典讀音分組與完整詞語／詞義建立；不參照 PDF 實際注音。,114國小健體4下課本,
V29-4D-168,280,exact,倒,傾倒,ㄉㄠˇ,,專案一字多音字典＋四下完整詞境,,依專案字典讀音分組與完整詞語／詞義建立；不參照 PDF 實際注音。,114國小健體4下課本,
V29-4D-169,280,exact,樂,毽子樂,ㄌㄜˋ,,專案一字多音字典＋四下完整詞境,,依專案字典讀音分組與完整詞語／詞義建立；不參照 PDF 實際注音。,114國小健體4下課本,
V29-4D-170,280,exact,樂,育、樂,ㄌㄜˋ,,專案一字多音字典＋四下完整詞境,,依專案字典讀音分組與完整詞語／詞義建立；不參照 PDF 實際注音。,114國小健體4下課本,
V29-4D-171,280,exact,稱,俗稱,ㄔㄥ,,專案一字多音字典＋四下完整詞境,,依專案字典讀音分組與完整詞語／詞義建立；不參照 PDF 實際注音。,114國小健體4下課本,
V29-4D-172,280,exact,稱,稱謂,ㄔㄥ,,專案一字多音字典＋四下完整詞境,,依專案字典讀音分組與完整詞語／詞義建立；不參照 PDF 實際注音。,114國小健體4下課本,
V29-4D-173,280,exact,散,散裝,ㄙㄢˇ,,專案一字多音字典＋四下完整詞境,,依專案字典讀音分組與完整詞語／詞義建立；不參照 PDF 實際注音。,114國小健體4下課本,
V29-4D-174,280,exact,差,差別,ㄔㄚ,,專案一字多音字典＋四下完整詞境,,依專案字典讀音分組與完整詞語／詞義建立；不參照 PDF 實際注音。,114國小健體4下課本,
V29-4D-175,280,exact,差,差異,ㄔㄚ,,專案一字多音字典＋四下完整詞境,,依專案字典讀音分組與完整詞語／詞義建立；不參照 PDF 實際注音。,114國小健體4下課本,
V29-4D-176,280,exact,紅,紅紅,ㄏㄨㄥˊ,,專案一字多音字典＋四下完整詞境,,依專案字典讀音分組與完整詞語／詞義建立；不參照 PDF 實際注音。,114國小健體4下課本,
V29-4D-177,280,exact,紅,紅腫,ㄏㄨㄥˊ,,專案一字多音字典＋四下完整詞境,,依專案字典讀音分組與完整詞語／詞義建立；不參照 PDF 實際注音。,114國小健體4下課本,
V29-4D-178,280,exact,更,更換,ㄍㄥ,,專案一字多音字典＋四下完整詞境,,依專案字典讀音分組與完整詞語／詞義建立；不參照 PDF 實際注音。,114國小健體4下課本,
V29-4D-179,280,exact,更,更新,ㄍㄥ,,專案一字多音字典＋四下完整詞境,,依專案字典讀音分組與完整詞語／詞義建立；不參照 PDF 實際注音。,114國小健體4下課本,
V29-4D-180,280,exact,髒,髒話,ㄗㄤ,,專案一字多音字典＋四下完整詞境,,依專案字典讀音分組與完整詞語／詞義建立；不參照 PDF 實際注音。,114國小健體4下課本,
V29-4D-181,280,exact,髒,髒汙,ㄗㄤ,,專案一字多音字典＋四下完整詞境,,依專案字典讀音分組與完整詞語／詞義建立；不參照 PDF 實際注音。,114國小健體4下課本,
V29-4D-182,280,exact,髒,弄髒,ㄗㄤ,,專案一字多音字典＋四下完整詞境,,依專案字典讀音分組與完整詞語／詞義建立；不參照 PDF 實際注音。,114國小健體4下課本,
V29-4D-183,280,exact,降,降到,ㄐㄧㄤˋ,,專案一字多音字典＋四下完整詞境,,依專案字典讀音分組與完整詞語／詞義建立；不參照 PDF 實際注音。,114國小健體4下課本,
V29-4D-184,280,exact,擋,擋水,ㄉㄤˇ,,專案一字多音字典＋四下完整詞境,,依專案字典讀音分組與完整詞語／詞義建立；不參照 PDF 實際注音。,114國小健體4下課本,
V29-4D-185,280,exact,擋,前擋,ㄉㄤˇ,,專案一字多音字典＋四下完整詞境,,依專案字典讀音分組與完整詞語／詞義建立；不參照 PDF 實際注音。,114國小健體4下課本,
V29-4D-186,280,exact,朵,耳朵,˙ㄉㄨㄛ,,專案一字多音字典＋四下完整詞境,,依專案字典讀音分組與完整詞語／詞義建立；不參照 PDF 實際注音。,114國小健體4下課本,
V29-4D-187,280,exact,朵,朵朵,ㄉㄨㄛˇ,,專案一字多音字典＋四下完整詞境,,依專案字典讀音分組與完整詞語／詞義建立；不參照 PDF 實際注音。,114國小健體4下課本,
V29-4D-188,280,exact,虎,臥虎藏龍,ㄏㄨˇ,,專案一字多音字典＋四下完整詞境,,依專案字典讀音分組與完整詞語／詞義建立；不參照 PDF 實際注音。,114國小健體4下課本,
V29-4D-189,280,exact,價,特價,ㄐㄧㄚˋ,,專案一字多音字典＋四下完整詞境,,依專案字典讀音分組與完整詞語／詞義建立；不參照 PDF 實際注音。,114國小健體4下課本,
V29-4D-190,280,exact,價,評價,ㄐㄧㄚˋ,,專案一字多音字典＋四下完整詞境,,依專案字典讀音分組與完整詞語／詞義建立；不參照 PDF 實際注音。,114國小健體4下課本,
V29-4D-191,280,exact,呵,處理呵,ㄛ,,專案一字多音字典＋四下完整詞境,,依專案字典讀音分組與完整詞語／詞義建立；不參照 PDF 實際注音。,114國小健體4下課本,
V29-4D-192,280,exact,呵,胖呵,ㄛ,,專案一字多音字典＋四下完整詞境,,依專案字典讀音分組與完整詞語／詞義建立；不參照 PDF 實際注音。,114國小健體4下課本,
V29-4D-193,280,exact,囉,睡著囉,˙ㄌㄨㄛ,,專案一字多音字典＋四下完整詞境,,依專案字典讀音分組與完整詞語／詞義建立；不參照 PDF 實際注音。,114國小健體4下課本,
V29-4D-194,280,exact,囉,練習囉,˙ㄌㄨㄛ,,專案一字多音字典＋四下完整詞境,,依專案字典讀音分組與完整詞語／詞義建立；不參照 PDF 實際注音。,114國小健體4下課本,
V29-4D-195,280,exact,調,調解,ㄊㄧㄠˊ,,專案一字多音字典＋四下完整詞境,,依專案字典讀音分組與完整詞語／詞義建立；不參照 PDF 實際注音。,114國小健體4下課本,
V29-4D-196,280,exact,挑,挑一些,ㄊㄧㄠ,,專案一字多音字典＋四下完整詞境,,依專案字典讀音分組與完整詞語／詞義建立；不參照 PDF 實際注音。,114國小健體4下課本,
V29-4D-197,280,exact,挑,挑出,ㄊㄧㄠ,,專案一字多音字典＋四下完整詞境,,依專案字典讀音分組與完整詞語／詞義建立；不參照 PDF 實際注音。,114國小健體4下課本,
V29-4D-198,280,exact,涼,陰涼,ㄌㄧㄤˊ,,專案一字多音字典＋四下完整詞境,,依專案字典讀音分組與完整詞語／詞義建立；不參照 PDF 實際注音。,114國小健體4下課本,
V29-4D-199,280,exact,涼,沁涼,ㄌㄧㄤˊ,,專案一字多音字典＋四下完整詞境,,依專案字典讀音分組與完整詞語／詞義建立；不參照 PDF 實際注音。,114國小健體4下課本,
V29-4D-200,280,exact,那,那是,ㄋㄚˋ,,專案一字多音字典＋四下完整詞境,,依專案字典讀音分組與完整詞語／詞義建立；不參照 PDF 實際注音。,114國小健體4下課本,
V29-4D-201,280,exact,那,那我,ㄋㄚˋ,,專案一字多音字典＋四下完整詞境,,依專案字典讀音分組與完整詞語／詞義建立；不參照 PDF 實際注音。,114國小健體4下課本,
V29-4D-202,280,exact,讀,讀理工,ㄉㄨˊ,,專案一字多音字典＋四下完整詞境,,依專案字典讀音分組與完整詞語／詞義建立；不參照 PDF 實際注音。,114國小健體4下課本,
V29-4D-203,280,exact,讀,讀人文,ㄉㄨˊ,,專案一字多音字典＋四下完整詞境,,依專案字典讀音分組與完整詞語／詞義建立；不參照 PDF 實際注音。,114國小健體4下課本,
V29-4D-204,280,exact,騎,騎乘,ㄑㄧˊ,,專案一字多音字典＋四下完整詞境,,依專案字典讀音分組與完整詞語／詞義建立；不參照 PDF 實際注音。,114國小健體4下課本,
V29-4D-205,280,exact,騎,騎樓,ㄑㄧˊ,,專案一字多音字典＋四下完整詞境,,依專案字典讀音分組與完整詞語／詞義建立；不參照 PDF 實際注音。,114國小健體4下課本,
V29-4D-206,280,exact,署,氣象署,ㄕㄨˇ,,專案一字多音字典＋四下完整詞境,,依專案字典讀音分組與完整詞語／詞義建立；不參照 PDF 實際注音。,114國小健體4下課本,
V29-4D-207,280,exact,署,海巡署,ㄕㄨˇ,,專案一字多音字典＋四下完整詞境,,依專案字典讀音分組與完整詞語／詞義建立；不參照 PDF 實際注音。,114國小健體4下課本,
V29-4D-208,280,exact,號,19號,ㄏㄠˋ,,專案一字多音字典＋四下完整詞境,,依專案字典讀音分組與完整詞語／詞義建立；不參照 PDF 實際注音。,114國小健體4下課本,
V29-4D-209,280,exact,號,訊號,ㄏㄠˋ,,專案一字多音字典＋四下完整詞境,,依專案字典讀音分組與完整詞語／詞義建立；不參照 PDF 實際注音。,114國小健體4下課本,
V29-4D-210,280,exact,掃,打掃,ㄙㄠˇ,,專案一字多音字典＋四下完整詞境,,依專案字典讀音分組與完整詞語／詞義建立；不參照 PDF 實際注音。,114國小健體4下課本,
V29-4D-211,280,exact,毒,消毒,ㄉㄨˊ,,專案一字多音字典＋四下完整詞境,,依專案字典讀音分組與完整詞語／詞義建立；不參照 PDF 實際注音。,114國小健體4下課本,
V29-4D-212,280,exact,毒,病毒,ㄉㄨˊ,,專案一字多音字典＋四下完整詞境,,依專案字典讀音分組與完整詞語／詞義建立；不參照 PDF 實際注音。,114國小健體4下課本,
V29-4D-213,280,exact,吧,環境吧,˙ㄅㄚ,,專案一字多音字典＋四下完整詞境,,依專案字典讀音分組與完整詞語／詞義建立；不參照 PDF 實際注音。,114國小健體4下課本,
V29-4D-214,280,exact,吧,技巧吧,˙ㄅㄚ,,專案一字多音字典＋四下完整詞境,,依專案字典讀音分組與完整詞語／詞義建立；不參照 PDF 實際注音。,114國小健體4下課本,
V29-4D-215,280,exact,涉,涉水,ㄕㄜˋ,,專案一字多音字典＋四下完整詞境,,依專案字典讀音分組與完整詞語／詞義建立；不參照 PDF 實際注音。,114國小健體4下課本,
V29-4D-216,280,exact,休,休閒,ㄒㄧㄡ,,專案一字多音字典＋四下完整詞境,,依專案字典讀音分組與完整詞語／詞義建立；不參照 PDF 實際注音。,114國小健體4下課本,
V29-4D-217,280,exact,閒,休閒,ㄒㄧㄢˊ,,專案一字多音字典＋四下完整詞境,,依專案字典讀音分組與完整詞語／詞義建立；不參照 PDF 實際注音。,114國小健體4下課本,
V29-4D-218,280,exact,彈,彈跳,ㄊㄢˊ,,專案一字多音字典＋四下完整詞境,,依專案字典讀音分組與完整詞語／詞義建立；不參照 PDF 實際注音。,114國小健體4下課本,
V29-4D-219,280,exact,彈,飛彈,ㄉㄢˋ,,專案一字多音字典＋四下完整詞境,,依專案字典讀音分組與完整詞語／詞義建立；不參照 PDF 實際注音。,114國小健體4下課本,
V29-4D-220,280,exact,率,失誤率,ㄌㄩˋ,,專案一字多音字典＋四下完整詞境,,依專案字典讀音分組與完整詞語／詞義建立；不參照 PDF 實際注音。,114國小健體4下課本,
V29-4D-221,280,exact,率,命中率,ㄌㄩˋ,,專案一字多音字典＋四下完整詞境,,依專案字典讀音分組與完整詞語／詞義建立；不參照 PDF 實際注音。,114國小健體4下課本,
V29-4D-222,280,exact,角,四角,ㄐㄧㄠˇ,,專案一字多音字典＋四下完整詞境,,依專案字典讀音分組與完整詞語／詞義建立；不參照 PDF 實際注音。,114國小健體4下課本,
V29-4D-223,280,exact,華,中華,ㄏㄨㄚˊ,,專案一字多音字典＋四下完整詞境,,依專案字典讀音分組與完整詞語／詞義建立；不參照 PDF 實際注音。,114國小健體4下課本,
V29-4D-224,280,exact,種,這種,ㄓㄨㄥˇ,,專案一字多音字典＋四下完整詞境,,依專案字典讀音分組與完整詞語／詞義建立；不參照 PDF 實際注音。,114國小健體4下課本,
V29-4D-225,280,exact,攝,攝影,ㄕㄜˋ,,專案一字多音字典＋四下完整詞境,,依專案字典讀音分組與完整詞語／詞義建立；不參照 PDF 實際注音。,114國小健體4下課本,
V29-4D-226,280,exact,撕,撕裂,ㄙ,,專案一字多音字典＋四下完整詞境,,依專案字典讀音分組與完整詞語／詞義建立；不參照 PDF 實際注音。,114國小健體4下課本,
V29-4D-227,280,exact,氏,貝氏,ㄕˋ,,專案一字多音字典＋四下完整詞境,,依專案字典讀音分組與完整詞語／詞義建立；不參照 PDF 實際注音。,114國小健體4下課本,
V29-4D-228,280,exact,亮,漂亮,ㄌㄧㄤˋ,,專案一字多音字典＋四下完整詞境,,依專案字典讀音分組與完整詞語／詞義建立；不參照 PDF 實際注音。,114國小健體4下課本,
V29-4D-229,280,exact,剝,剝落,ㄅㄛ,,專案一字多音字典＋四下完整詞境,,依專案字典讀音分組與完整詞語／詞義建立；不參照 PDF 實際注音。,114國小健體4下課本,
V29-4D-230,280,exact,蓋,遮蓋,ㄍㄞˋ,,專案一字多音字典＋四下完整詞境,,依專案字典讀音分組與完整詞語／詞義建立；不參照 PDF 實際注音。,114國小健體4下課本,
V29-4D-231,280,exact,要,重要,ㄧㄠˋ,,專案一字多音字典＋四下完整詞境,,依專案字典讀音分組與完整詞語／詞義建立；不參照 PDF 實際注音。,114國小健體4下課本,
V29-4D-232,280,exact,養,教養,ㄧㄤˇ,,專案一字多音字典＋四下完整詞境,,依專案字典讀音分組與完整詞語／詞義建立；不參照 PDF 實際注音。,114國小健體4下課本,
V29-4D-233,280,exact,衝,衝去,ㄔㄨㄥ,,專案一字多音字典＋四下完整詞境,,依專案字典讀音分組與完整詞語／詞義建立；不參照 PDF 實際注音。,114國小健體4下課本,
V29-4D-234,280,exact,混,混亂,ㄏㄨㄣˋ,,專案一字多音字典＋四下完整詞境,,依專案字典讀音分組與完整詞語／詞義建立；不參照 PDF 實際注音。,114國小健體4下課本,
V29-4D-235,280,exact,北,西北,ㄅㄟˇ,,專案一字多音字典＋四下完整詞境,,依專案字典讀音分組與完整詞語／詞義建立；不參照 PDF 實際注音。,114國小健體4下課本,
V29-4D-236,280,exact,莫,莫拉克,ㄇㄛˋ,,專案一字多音字典＋四下完整詞境,,依專案字典讀音分組與完整詞語／詞義建立；不參照 PDF 實際注音。,114國小健體4下課本,
V29-4D-237,280,exact,塞,堵塞,ㄙㄜˋ,,專案一字多音字典＋四下完整詞境,,依專案字典讀音分組與完整詞語／詞義建立；不參照 PDF 實際注音。,114國小健體4下課本,
V29-4D-238,280,exact,陸,陸地,ㄌㄨˋ,,專案一字多音字典＋四下完整詞境,,依專案字典讀音分組與完整詞語／詞義建立；不參照 PDF 實際注音。,114國小健體4下課本,
V29-4D-239,280,exact,弄,弄髒,ㄋㄨㄥˋ,,專案一字多音字典＋四下完整詞境,,依專案字典讀音分組與完整詞語／詞義建立；不參照 PDF 實際注音。,114國小健體4下課本,
V29-4D-240,280,exact,橫,橫擊,ㄏㄥˊ,,專案一字多音字典＋四下完整詞境,,依專案字典讀音分組與完整詞語／詞義建立；不參照 PDF 實際注音。,114國小健體4下課本,
V29-4D-241,280,exact,爪,爪狀,ㄓㄠˇ,,專案一字多音字典＋四下完整詞境,,依專案字典讀音分組與完整詞語／詞義建立；不參照 PDF 實際注音。,114國小健體4下課本,
V29-4D-242,280,exact,摟,摟腰,ㄌㄡˇ,,專案一字多音字典＋四下完整詞境,,依專案字典讀音分組與完整詞語／詞義建立；不參照 PDF 實際注音。,114國小健體4下課本,
V29-4D-243,280,exact,曲,插曲,ㄑㄩˇ,,專案一字多音字典＋四下完整詞境,,依專案字典讀音分組與完整詞語／詞義建立；不參照 PDF 實際注音。,114國小健體4下課本,
V29-4D-244,280,exact,夫,功夫,˙ㄈㄨ,,專案一字多音字典＋四下完整詞境,,依專案字典讀音分組與完整詞語／詞義建立；不參照 PDF 實際注音。,114國小健體4下課本,
V29-4D-245,280,exact,占,攻占,ㄓㄢˋ,,專案一字多音字典＋四下完整詞境,,依專案字典讀音分組與完整詞語／詞義建立；不參照 PDF 實際注音。,114國小健體4下課本,
V29-4D-246,280,exact,共,共四人,ㄍㄨㄥˋ,,專案一字多音字典＋四下完整詞境,,依專案字典讀音分組與完整詞語／詞義建立；不參照 PDF 實際注音。,114國小健體4下課本,
V29-4D-247,280,exact,夏,夏日,ㄒㄧㄚˋ,,專案一字多音字典＋四下完整詞境,,依專案字典讀音分組與完整詞語／詞義建立；不參照 PDF 實際注音。,114國小健體4下課本,
V29-4D-248,280,exact,惡,惡作劇,ㄜˋ,,專案一字多音字典＋四下完整詞境,,依專案字典讀音分組與完整詞語／詞義建立；不參照 PDF 實際注音。,114國小健體4下課本,
V29-4D-249,280,exact,累,疲累,ㄌㄟˋ,,專案一字多音字典＋四下完整詞境,,依專案字典讀音分組與完整詞語／詞義建立；不參照 PDF 實際注音。,114國小健體4下課本,
V29-4D-250,280,exact,和,動作和聲音,ㄏㄢˋ,,專案一字多音字典＋四下完整詞境,,依專案字典讀音分組與完整詞語／詞義建立；不參照 PDF 實際注音。,114國小健體4下課本,
V29-4D-251,280,exact,埋,埋入,ㄇㄞˊ,,專案一字多音字典＋四下完整詞境,,依專案字典讀音分組與完整詞語／詞義建立；不參照 PDF 實際注音。,114國小健體4下課本,
V29-4D-252,280,exact,吐,吐快吸,ㄊㄨˇ,,專案一字多音字典＋四下完整詞境,,依專案字典讀音分組與完整詞語／詞義建立；不參照 PDF 實際注音。,114國小健體4下課本,
V29-4D-253,280,exact,歸,歸位,ㄍㄨㄟ,,專案一字多音字典＋四下完整詞境,,依專案字典讀音分組與完整詞語／詞義建立；不參照 PDF 實際注音。,114國小健體4下課本,
V29-FIX-FIRST-TIME,500,exact,一,第一時間,ㄧ,,專案一字多音字典＋四下完整詞境,,「第一」序數中的「一」讀本調ㄧ；提高優先權避免誤命中較短「一時」。,114國小健體4下課本,
V29-FIX-HUAR,500,exact,兒,花兒,ㄦ,,專案一字多音字典＋四下完整詞境,,兒化韻之「兒」作韻尾，不保留ㄦˊ聲調；依專案字典備註。,114國小健體4下課本,
V29-MOE-WAILOU,450,exact,露,外露,ㄌㄡˋ,,教育部《重編國語辭典修訂本》,https://dict.revised.moe.edu.tw/dictView.jsp?ID=3324&la=0&powerMode=0,教育部「露」ㄌㄡˋ義項明列「衣角外露」。,114國小健體4下課本,
V29-4D-TING-HEADING,360,exact,聽,聽:,ㄊㄧㄥ,,專案一字多音字典＋四下完整詞境,,教材標題「聽：購買時聽取寶貴建議」中的動詞「聽」。,114國小健體4下課本,
V29-4D-KUZI,360,exact,子,褲子,˙ㄗ,,專案一字多音字典＋四下完整詞境,,「子」作名詞詞尾讀輕聲。,114國小健體4下課本,
V29-MOE-JIJIN,450,exact,繫,繫緊,ㄐㄧˋ,,教育部《重編國語辭典修訂本》,https://dict.revised.moe.edu.tw/dictView.jsp?ID=5479&la=0&powerMode=0,教育部「繫」ㄐㄧˋ義項＝綁、扣、結；「繫緊」屬綁緊義。,114國小健體4下課本,
V29-4D-XIANGXIANG,360,exact,相,相向,ㄒㄧㄤ,,專案一字多音字典＋四下完整詞境,,彼此面向之「相」讀ㄒㄧㄤ。,114國小健體4下課本,
V29-4D-XIANGPENG,360,exact,相,相碰,ㄒㄧㄤ,,專案一字多音字典＋四下完整詞境,,互相碰觸之「相」讀ㄒㄧㄤ。,114國小健體4下課本,
V29-4D-YISHU,360,exact,術,藝術,ㄕㄨˋ,,專案一字多音字典＋四下完整詞境,,完整詞語「藝術」。,114國小健體4下課本,
V29-4D-JISHU,360,exact,術,技術,ㄕㄨˋ,,專案一字多音字典＋四下完整詞境,,完整詞語「技術」。,114國小健體4下課本,
V29-4D-CHANG10,360,exact,長,長10公尺,ㄔㄤˊ,,專案一字多音字典＋四下完整詞境,,表示長度之「長」讀ㄔㄤˊ。,114國小健體4下課本,
V29-4D-LANZI,360,exact,子,籃子,˙ㄗ,,專案一字多音字典＋四下完整詞境,,「子」作名詞詞尾讀輕聲。,114國小健體4下課本,
V29-4D-CHANGSHIJIAN,360,exact,長,長時間,ㄔㄤˊ,,專案一字多音字典＋四下完整詞境,,表示時間長短之「長」讀ㄔㄤˊ。,114國小健體4下課本,
V29-MOE-JIZAI,450,exact,繫,繫在,ㄐㄧˋ,,教育部《重編國語辭典修訂本》,https://dict.revised.moe.edu.tw/dictView.jsp?ID=5479&la=0&powerMode=0,此處為把救生繩綁在救生圈／固定物體，屬「綁、扣、結」義，讀ㄐㄧˋ。,114國小健體4下課本,
V29-4D-NISHUI,360,exact,溺,溺水,ㄋㄧˋ,,專案一字多音字典＋四下完整詞境,,「溺水」固定詞語。,114國小健體4下課本,
V29-4D-NIZHE,360,exact,溺,溺者,ㄋㄧˋ,,專案一字多音字典＋四下完整詞境,,「溺者」指溺水者。,114國小健體4下課本,
V29-4D-CHANGXING,360,exact,長,長型,ㄔㄤˊ,,專案一字多音字典＋四下完整詞境,,表示形狀長度之「長」。,114國小健體4下課本,
V29-4D-FANGZI,360,exact,子,房子,˙ㄗ,,專案一字多音字典＋四下完整詞境,,「子」作名詞詞尾讀輕聲。,114國小健體4下課本,
V29-MOE-JIANGJIE,450,exact,降,降階,ㄐㄧㄤˋ,,教育部《重編國語辭典修訂本》,https://dict.revised.moe.edu.tw/dictView.jsp?ID=95379&la=0&powerMode=0,教育部完整詞條「降階」注音ㄐㄧㄤˋ ㄐㄧㄝ。,114國小健體4下課本,
V35-YI-WEEKDAY-1,155,derived,一,星期一,ㄧ,,一字多音-字典檔_marked.xlsx,,專案字典規定「一」單獨／數字語境採本調ㄧ；星期序列中的末位「一」作日期序數標記，保守列為 derived 詞境，不作強證據升格。,,derived_lexical
V35-CHONG-CHUAN,155,derived,重,重傳,ㄔㄨㄥˊ,,一字多音-字典檔_marked.xlsx,,專案字典將「重複、重來」列於ㄔㄨㄥˊ組；「重傳」為「再次傳送／傳球」的同義延伸，列 derived 詞境，不作強證據升格。,,derived_lexical
V35-HAO-XIHAO,155,derived,好,喜好,ㄏㄠˋ,,一字多音-字典檔_marked.xlsx,,專案字典將「投其所好、好奇、好學」及既有規則「愛好、嗜好」置於ㄏㄠˋ義群；「喜好」同屬偏好／愛好義，列 derived 詞境，不使用PDF實際音反推。,,derived_lexical
V35-CHONG-WEI,155,derived,重,重圍,ㄔㄨㄥˊ,,一字多音-字典檔_marked.xlsx,,專案字典在ㄔㄨㄥˊ義群明列「重複、重來、萬重山」；「重圍」表示多重包圍，與層疊／多重義一致，列 derived 詞境，不使用PDF實際音反推。,,derived_lexical
V35-CHONG-ZU,155,derived,重,重組,ㄔㄨㄥˊ,,一字多音-字典檔_marked.xlsx,,專案字典在ㄔㄨㄥˊ義群明列「重複、重來」；「重組」表示再次／重新組合，列 derived 詞境，不使用PDF實際音反推。,,derived_lexical
V36-XBOOK-4D-KUZI,360,exact,子,褲子,˙ㄗ,,專案一字多音字典＋四下完整詞境,,跨冊 exact 提升：「子」作名詞詞尾讀輕聲。；原規則已由專案字典／完整詞境獨立建立，本冊僅因完整詞語完全相同而沿用，不參照本冊 PDF 實際注音。,,crossbook_exact
V36-XBOOK-4D-224,280,exact,種,這種,ㄓㄨㄥˇ,,專案一字多音字典＋四下完整詞境,,跨冊 exact 提升：依專案字典讀音分組與完整詞語／詞義建立；不參照 PDF 實際注音。；原規則已由專案字典／完整詞境獨立建立，本冊僅因完整詞語完全相同而沿用，不參照本冊 PDF 實際注音。,,crossbook_exact
V36-XBOOK-4D-162,280,exact,假,假如,ㄐㄧㄚˇ,,專案一字多音字典＋四下完整詞境,,跨冊 exact 提升：依專案字典讀音分組與完整詞語／詞義建立；不參照 PDF 實際注音。；原規則已由專案字典／完整詞境獨立建立，本冊僅因完整詞語完全相同而沿用，不參照本冊 PDF 實際注音。,,crossbook_exact
V36-XBOOK-4D-061,280,exact,一,一瓶,ㄧˋ,,專案一字多音字典＋四下完整詞境,,跨冊 exact 提升：依專案字典讀音分組與完整詞語／詞義建立；不參照 PDF 實際注音。；原規則已由專案字典／完整詞境獨立建立，本冊僅因完整詞語完全相同而沿用，不參照本冊 PDF 實際注音。,,crossbook_exact
V36-XBOOK-4D-212,280,exact,毒,病毒,ㄉㄨˊ,,專案一字多音字典＋四下完整詞境,,跨冊 exact 提升：依專案字典讀音分組與完整詞語／詞義建立；不參照 PDF 實際注音。；原規則已由專案字典／完整詞境獨立建立，本冊僅因完整詞語完全相同而沿用，不參照本冊 PDF 實際注音。,,crossbook_exact
V36-XBOOK-4D-211,280,exact,毒,消毒,ㄉㄨˊ,,專案一字多音字典＋四下完整詞境,,跨冊 exact 提升：依專案字典讀音分組與完整詞語／詞義建立；不參照 PDF 實際注音。；原規則已由專案字典／完整詞境獨立建立，本冊僅因完整詞語完全相同而沿用，不參照本冊 PDF 實際注音。,,crossbook_exact
V36-XBOOK-4D-025,280,exact,處,好處,ㄔㄨˋ,好處理,專案一字多音字典＋四下完整詞境,,跨冊 exact 提升：依專案字典讀音分組與完整詞語／詞義建立；不參照 PDF 實際注音。；原規則已由專案字典／完整詞境獨立建立，本冊僅因完整詞語完全相同而沿用，不參照本冊 PDF 實際注音。；詞界防護：若字面「好處」其實位於「好處理／好好處理」中的「處理」，禁止命中。,,crossbook_exact
V36-XBOOK-4D-135,280,exact,著,拿著,˙ㄓㄜ,,專案一字多音字典＋四下完整詞境,,跨冊 exact 提升：依專案字典讀音分組與完整詞語／詞義建立；不參照 PDF 實際注音。；原規則已由專案字典／完整詞境獨立建立，本冊僅因完整詞語完全相同而沿用，不參照本冊 PDF 實際注音。,,crossbook_exact
V36-XBOOK-4D-178,280,exact,更,更換,ㄍㄥ,,專案一字多音字典＋四下完整詞境,,跨冊 exact 提升：依專案字典讀音分組與完整詞語／詞義建立；不參照 PDF 實際注音。；原規則已由專案字典／完整詞境獨立建立，本冊僅因完整詞語完全相同而沿用，不參照本冊 PDF 實際注音。,,crossbook_exact
V36-XBOOK-4D-007,280,exact,子,哨子,˙ㄗ,,專案一字多音字典＋四下完整詞境,,跨冊 exact 提升：依專案字典讀音分組與完整詞語／詞義建立；不參照 PDF 實際注音。；原規則已由專案字典／完整詞境獨立建立，本冊僅因完整詞語完全相同而沿用，不參照本冊 PDF 實際注音。,,crossbook_exact
V36-XBOOK-4D-041,280,exact,數,數量,ㄕㄨˋ,,專案一字多音字典＋四下完整詞境,,跨冊 exact 提升：依專案字典讀音分組與完整詞語／詞義建立；不參照 PDF 實際注音。；原規則已由專案字典／完整詞境獨立建立，本冊僅因完整詞語完全相同而沿用，不參照本冊 PDF 實際注音。,,crossbook_exact
V36-XBOOK-4D-066,280,exact,量,數量,ㄌㄧㄤˋ,,專案一字多音字典＋四下完整詞境,,跨冊 exact 提升：依專案字典讀音分組與完整詞語／詞義建立；不參照 PDF 實際注音。；原規則已由專案字典／完整詞境獨立建立，本冊僅因完整詞語完全相同而沿用，不參照本冊 PDF 實際注音。,,crossbook_exact
V36-XBOOK-4D-124,280,exact,九,九宮格,ㄐㄧㄡˇ,,專案一字多音字典＋四下完整詞境,,跨冊 exact 提升：依專案字典讀音分組與完整詞語／詞義建立；不參照 PDF 實際注音。；原規則已由專案字典／完整詞境獨立建立，本冊僅因完整詞語完全相同而沿用，不參照本冊 PDF 實際注音。,,crossbook_exact
V36-XBOOK-4D-154,280,exact,中,命中,ㄓㄨㄥˋ,,專案一字多音字典＋四下完整詞境,,跨冊 exact 提升：依專案字典讀音分組與完整詞語／詞義建立；不參照 PDF 實際注音。；原規則已由專案字典／完整詞境獨立建立，本冊僅因完整詞語完全相同而沿用，不參照本冊 PDF 實際注音。,,crossbook_exact
V36-XBOOK-4D-043,280,exact,數,數字,ㄕㄨˋ,,專案一字多音字典＋四下完整詞境,,跨冊 exact 提升：依專案字典讀音分組與完整詞語／詞義建立；不參照 PDF 實際注音。；原規則已由專案字典／完整詞境獨立建立，本冊僅因完整詞語完全相同而沿用，不參照本冊 PDF 實際注音。,,crossbook_exact
V36-XBOOK-4D-097,280,exact,空,空位,ㄎㄨㄥˋ,,專案一字多音字典＋四下完整詞境,,跨冊 exact 提升：依專案字典讀音分組與完整詞語／詞義建立；不參照 PDF 實際注音。；原規則已由專案字典／完整詞境獨立建立，本冊僅因完整詞語完全相同而沿用，不參照本冊 PDF 實際注音。,,crossbook_exact
V36-XBOOK-4D-050,280,exact,轉,轉體,ㄓㄨㄢˇ,,專案一字多音字典＋四下完整詞境,,跨冊 exact 提升：依專案字典讀音分組與完整詞語／詞義建立；不參照 PDF 實際注音。；原規則已由專案字典／完整詞境獨立建立，本冊僅因完整詞語完全相同而沿用，不參照本冊 PDF 實際注音。,,crossbook_exact
V36-XBOOK-4D-001,280,exact,子,毽子,˙ㄗ,,專案一字多音字典＋四下完整詞境,,跨冊 exact 提升：依專案字典讀音分組與完整詞語／詞義建立；不參照 PDF 實際注音。；原規則已由專案字典／完整詞境獨立建立，本冊僅因完整詞語完全相同而沿用，不參照本冊 PDF 實際注音。,,crossbook_exact
V36-ZI-棗子,190,exact,子,棗子,˙ㄗ,,一字多音-字典檔_marked.xlsx＋詞義保守延伸,,「子」在此為白話名詞詞尾；專案字典的白話詞尾組明列脖子、拍子、傻子等。；未使用 PDF 實際注音反推。,,derived_lexical
V36-ZI-柿子,190,exact,子,柿子,˙ㄗ,,一字多音-字典檔_marked.xlsx＋詞義保守延伸,,「子」在此為白話名詞詞尾；專案字典的白話詞尾組明列脖子、拍子、傻子等。；未使用 PDF 實際注音反推。,,derived_lexical
V36-ZI-柚子,190,exact,子,柚子,˙ㄗ,,一字多音-字典檔_marked.xlsx＋詞義保守延伸,,「子」在此為白話名詞詞尾；專案字典的白話詞尾組明列脖子、拍子、傻子等。；未使用 PDF 實際注音反推。,,derived_lexical
V36-ZI-盤子,190,exact,子,盤子,˙ㄗ,,一字多音-字典檔_marked.xlsx＋詞義保守延伸,,「子」在此為白話名詞詞尾；專案字典的白話詞尾組明列脖子、拍子、傻子等。；未使用 PDF 實際注音反推。,,derived_lexical
V36-ZI-蠍子,190,exact,子,蠍子,˙ㄗ,,一字多音-字典檔_marked.xlsx＋詞義保守延伸,,「子」在此為白話名詞詞尾；專案字典的白話詞尾組明列脖子、拍子、傻子等。；未使用 PDF 實際注音反推。,,derived_lexical
V36-ZI-骰子,190,exact,子,骰子,˙ㄗ,,一字多音-字典檔_marked.xlsx＋詞義保守延伸,,「子」在此為白話名詞詞尾；專案字典的白話詞尾組明列脖子、拍子、傻子等。；未使用 PDF 實際注音反推。,,derived_lexical
V36-YI-CHACHI,205,exact,一,一茶匙,ㄧˋ,,一字多音-字典檔_marked.xlsx＋詞義保守延伸,,「茶」為二聲；依專案「一」規則，一、二、三聲前讀ㄧˋ。；未使用 PDF 實際注音反推。,,derived_lexical
V36-YI-ZHANGXIN,205,exact,一,一掌心,ㄧˋ,,一字多音-字典檔_marked.xlsx＋詞義保守延伸,,「掌」為三聲；依專案「一」規則，一、二、三聲前讀ㄧˋ。；未使用 PDF 實際注音反推。,,derived_lexical
V36-YI-QIAN,205,exact,一,一前,ㄧˋ,,一字多音-字典檔_marked.xlsx＋詞義保守延伸,,「前」為二聲；依專案「一」變調規則。；未使用 PDF 實際注音反推。,,derived_lexical
V36-YI-HOU,205,exact,一,一後,ㄧˊ,,一字多音-字典檔_marked.xlsx＋詞義保守延伸,,「後」為四聲；依專案「一」變調規則。；未使用 PDF 實際注音反推。,,derived_lexical
V36-YI-XIAOKOU,205,exact,一,一小口,ㄧˋ,,一字多音-字典檔_marked.xlsx＋詞義保守延伸,,「小」為三聲；依專案「一」變調規則。；未使用 PDF 實際注音反推。,,derived_lexical
V36-YI-YIMIAN,205,exact,一,一面,ㄧˊ,,一字多音-字典檔_marked.xlsx＋詞義保守延伸,,「面」為四聲；依專案「一」變調規則。；未使用 PDF 實際注音反推。,,derived_lexical
V36-YI-YI,170,exact,一,一一,ㄧ,,一字多音-字典檔_marked.xlsx＋詞義保守延伸,,「一一」表示逐一／一個一個，兩個「一」均採序列本調；保守限定完整詞形。；未使用 PDF 實際注音反推。,,derived_lexical
V36-ZHUAN-ZHUANHUAN,205,exact,轉,轉換,ㄓㄨㄢˇ,,一字多音-字典檔_marked.xlsx＋詞義保守延伸,,字典ㄓㄨㄢˇ義群為轉向、轉交、轉學等方向／狀態改變義。；未使用 PDF 實際注音反推。,,derived_lexical
V36-ZHUAN-ZHUANQUAN,215,exact,轉,轉圈圈,ㄓㄨㄢˋ,,一字多音-字典檔_marked.xlsx＋詞義保守延伸,,字典ㄓㄨㄢˋ義群直接列「轉圈兒、團團轉、自轉、公轉」。；未使用 PDF 實際注音反推。,,derived_lexical
V36-ZHUAN-ZHUANCHENGGONG,175,exact,轉,轉成功,ㄓㄨㄢˋ,,一字多音-字典檔_marked.xlsx＋詞義保守延伸,,句中承接「利用雙手的力量轉圈圈」，仍為旋轉動作義；限定完整短語。；未使用 PDF 實際注音反推。,,derived_lexical
V36-ZHUAN-ZHUANCHU,165,exact,轉,轉出活力,ㄓㄨㄢˇ,,一字多音-字典檔_marked.xlsx＋詞義保守延伸,,此處為使動／結果「轉出」而非自轉、公轉類持續旋轉；限定完整短語。；未使用 PDF 實際注音反推。,,derived_lexical
V36-ZHUAN-NIUZHUAN,205,exact,轉,扭轉,ㄓㄨㄢˇ,,一字多音-字典檔_marked.xlsx＋詞義保守延伸,,「扭轉」為改變方向／局勢義，對應字典ㄓㄨㄢˇ義群。；未使用 PDF 實際注音反推。,,derived_lexical
V36-GONG-共享,190,exact,共,共享,ㄍㄨㄥˋ,,一字多音-字典檔_marked.xlsx＋詞義保守延伸,,字典ㄍㄨㄥˋ義群明列「禍福與共、共同、共計、共識、共有」；此處同為共同／總計義。；未使用 PDF 實際注音反推。,,derived_lexical
V36-GONG-共用,190,exact,共,共用,ㄍㄨㄥˋ,,一字多音-字典檔_marked.xlsx＋詞義保守延伸,,字典ㄍㄨㄥˋ義群明列「禍福與共、共同、共計、共識、共有」；此處同為共同／總計義。；未使用 PDF 實際注音反推。,,derived_lexical
V36-GONG-共食,190,exact,共,共食,ㄍㄨㄥˋ,,一字多音-字典檔_marked.xlsx＋詞義保守延伸,,字典ㄍㄨㄥˋ義群明列「禍福與共、共同、共計、共識、共有」；此處同為共同／總計義。；未使用 PDF 實際注音反推。,,derived_lexical
V36-GONG-共顆,190,exact,共,共顆,ㄍㄨㄥˋ,,一字多音-字典檔_marked.xlsx＋詞義保守延伸,,字典ㄍㄨㄥˋ義群明列「禍福與共、共同、共計、共識、共有」；此處同為共同／總計義。；未使用 PDF 實際注音反推。,,derived_lexical
V36-DE-撐得久,225,exact,得,撐得久,˙ㄉㄜ,,一字多音-字典檔_marked.xlsx,,字典直接明列助詞例「跑得高、跳得遠」；此處同為動詞＋得＋補語。；完整詞語／語法功能直接對應字典讀音群，不使用 PDF 實際注音。,,dictionary_exact_context
V36-DE-拋得更好,225,exact,得,拋得更好,˙ㄉㄜ,,一字多音-字典檔_marked.xlsx,,字典直接明列助詞例「跑得高、跳得遠」；此處同為動詞＋得＋補語。；完整詞語／語法功能直接對應字典讀音群，不使用 PDF 實際注音。,,dictionary_exact_context
V36-DE-接得更棒,225,exact,得,接得更棒,˙ㄉㄜ,,一字多音-字典檔_marked.xlsx,,字典直接明列助詞例「跑得高、跳得遠」；此處同為動詞＋得＋補語。；完整詞語／語法功能直接對應字典讀音群，不使用 PDF 實際注音。,,dictionary_exact_context
V36-DE-傳得更遠,225,exact,得,傳得更遠,˙ㄉㄜ,,一字多音-字典檔_marked.xlsx,,字典直接明列助詞例「跑得高、跳得遠」；此處同為動詞＋得＋補語。；完整詞語／語法功能直接對應字典讀音群，不使用 PDF 實際注音。,,dictionary_exact_context
V36-DE-KEDE,200,exact,得,可得,ㄉㄜˊ,,一字多音-字典檔_marked.xlsx＋詞義保守延伸,,「可得／隨手可得」為取得、得到義，對應字典ㄉㄜˊ義群。；未使用 PDF 實際注音反推。,,derived_lexical
V36-SHU-天數,190,exact,數,天數,ㄕㄨˋ,,一字多音-字典檔_marked.xlsx＋詞義保守延伸,,表示數目／數量的名詞義，對應字典「數目、數學」ㄕㄨˋ義群。；未使用 PDF 實際注音反推。,,derived_lexical
V36-SHU-數量,190,exact,數,數量,ㄕㄨˋ,,一字多音-字典檔_marked.xlsx＋詞義保守延伸,,表示數目／數量的名詞義，對應字典「數目、數學」ㄕㄨˋ義群。；未使用 PDF 實際注音反推。,,derived_lexical
V36-SHU-步數,190,exact,數,步數,ㄕㄨˋ,,一字多音-字典檔_marked.xlsx＋詞義保守延伸,,表示數目／數量的名詞義，對應字典「數目、數學」ㄕㄨˋ義群。；未使用 PDF 實際注音反推。,,derived_lexical
V36-SHU-數字,190,exact,數,數字,ㄕㄨˋ,,一字多音-字典檔_marked.xlsx＋詞義保守延伸,,表示數目／數量的名詞義，對應字典「數目、數學」ㄕㄨˋ義群。；未使用 PDF 實際注音反推。,,derived_lexical
V36-SHU-星星數,190,exact,數,星星數,ㄕㄨˋ,,一字多音-字典檔_marked.xlsx＋詞義保守延伸,,表示數目／數量的名詞義，對應字典「數目、數學」ㄕㄨˋ義群。；未使用 PDF 實際注音反推。,,derived_lexical
V36-SHU-DASHENG,180,exact,數,大聲數,ㄕㄨˇ,,一字多音-字典檔_marked.xlsx＋詞義保守延伸,,此處為逐一點數的動詞義，對應字典ㄕㄨˇ義群。；未使用 PDF 實際注音反推。,,derived_lexical
V36-WEI-為書包減重,200,exact,為,為書包減重,ㄨㄟˋ,,一字多音-字典檔_marked.xlsx＋詞義保守延伸,,介詞「為了／替／對」義，對應字典「為民服務、為甚麼」ㄨㄟˋ義群。；未使用 PDF 實際注音反推。,,derived_lexical
V36-WEI-為各位介紹,200,exact,為,為各位介紹,ㄨㄟˋ,,一字多音-字典檔_marked.xlsx＋詞義保守延伸,,介詞「為了／替／對」義，對應字典「為民服務、為甚麼」ㄨㄟˋ義群。；未使用 PDF 實際注音反推。,,derived_lexical
V36-WEI-為病患,200,exact,為,為病患,ㄨㄟˋ,,一字多音-字典檔_marked.xlsx＋詞義保守延伸,,介詞「為了／替／對」義，對應字典「為民服務、為甚麼」ㄨㄟˋ義群。；未使用 PDF 實際注音反推。,,derived_lexical
V36-WEI-BUBU,190,exact,為,步步為營,ㄨㄟˊ,,一字多音-字典檔_marked.xlsx＋詞義保守延伸,,固定成語中「為」作成／設為之義，對應ㄨㄟˊ義群。；未使用 PDF 實際注音反推。,,derived_lexical
V36-WEI-SHI,185,exact,為,保持者為,ㄨㄟˊ,,一字多音-字典檔_marked.xlsx＋詞義保守延伸,,判斷／等同「是」義，對應ㄨㄟˊ義群。；未使用 PDF 實際注音反推。,,derived_lexical
V36-ZHE-SHUI,235,exact,著,睡不著,ㄓㄠˊ,,一字多音-字典檔_marked.xlsx,,字典ㄓㄠˊ義群直接列「睡著了、打著了」。；完整詞語／語法功能直接對應字典讀音群，不使用 PDF 實際注音。,,dictionary_exact_context
V36-ZHE-順著,185,exact,著,順著,˙ㄓㄜ,,一字多音-字典檔_marked.xlsx＋詞義保守延伸,,持續／附著／接續的助詞用法，對應字典輕聲「坐著、你且慢著」義群。；未使用 PDF 實際注音反推。,,derived_lexical
V36-ZHE-蹲著,185,exact,著,蹲著,˙ㄓㄜ,,一字多音-字典檔_marked.xlsx＋詞義保守延伸,,持續／附著／接續的助詞用法，對應字典輕聲「坐著、你且慢著」義群。；未使用 PDF 實際注音反推。,,derived_lexical
V36-ZHE-接著,185,exact,著,接著,˙ㄓㄜ,,一字多音-字典檔_marked.xlsx＋詞義保守延伸,,持續／附著／接續的助詞用法，對應字典輕聲「坐著、你且慢著」義群。；未使用 PDF 實際注音反推。,,derived_lexical
V36-ZHE-拿著,185,exact,著,拿著,˙ㄓㄜ,,一字多音-字典檔_marked.xlsx＋詞義保守延伸,,持續／附著／接續的助詞用法，對應字典輕聲「坐著、你且慢著」義群。；未使用 PDF 實際注音反推。,,derived_lexical
V36-ZHE-循著,185,exact,著,循著,˙ㄓㄜ,,一字多音-字典檔_marked.xlsx＋詞義保守延伸,,持續／附著／接續的助詞用法，對應字典輕聲「坐著、你且慢著」義群。；未使用 PDF 實際注音反推。,,derived_lexical
V36-ZHE-隔著,185,exact,著,隔著,˙ㄓㄜ,,一字多音-字典檔_marked.xlsx＋詞義保守延伸,,持續／附著／接續的助詞用法，對應字典輕聲「坐著、你且慢著」義群。；未使用 PDF 實際注音反推。,,derived_lexical
V36-CHU-處境,190,exact,處,處境,ㄔㄨˇ,,一字多音-字典檔_marked.xlsx＋詞義保守延伸,,處於／身處義，對應字典「相處、處理、設身處地」ㄔㄨˇ義群。；未使用 PDF 實際注音反推。,,derived_lexical
V36-CHU-處在,190,exact,處,處在,ㄔㄨˇ,,一字多音-字典檔_marked.xlsx＋詞義保守延伸,,處於／身處義，對應字典「相處、處理、設身處地」ㄔㄨˇ義群。；未使用 PDF 實際注音反推。,,derived_lexical
V36-CHU-好處,190,exact,處,好處,ㄔㄨˋ,好處理,一字多音-字典檔_marked.xlsx＋詞義保守延伸,,處所／地方或益處名詞義，對應字典「住處、益處」ㄔㄨˋ義群。；未使用 PDF 實際注音反推。；詞界防護：若字面「好處」其實位於「好處理／好好處理」中的「處理」，禁止命中。,,derived_lexical
V36-CHU-暗處,190,exact,處,暗處,ㄔㄨˋ,,一字多音-字典檔_marked.xlsx＋詞義保守延伸,,處所／地方或益處名詞義，對應字典「住處、益處」ㄔㄨˋ義群。；未使用 PDF 實際注音反推。,,derived_lexical
V36-ZHONG-船中,200,exact,中,船中,ㄓㄨㄥ,,一字多音-字典檔_marked.xlsx＋詞義保守延伸,,空間／範圍內的方位詞義，保守限定名詞＋中，不套用字典「中的」命中義。；未使用 PDF 實際注音反推。,,derived_lexical
V36-ZHONG-展演中,200,exact,中,展演中,ㄓㄨㄥ,,一字多音-字典檔_marked.xlsx＋詞義保守延伸,,空間／範圍內的方位詞義，保守限定名詞＋中，不套用字典「中的」命中義。；未使用 PDF 實際注音反推。,,derived_lexical
V36-DAN-PAODAN,205,exact,彈,炮彈,ㄉㄢˋ,,一字多音-字典檔_marked.xlsx＋詞義保守延伸,,彈藥名詞義，對應字典ㄉㄢˋ義群「彈道、炸彈」。；未使用 PDF 實際注音反推。,,derived_lexical
V36-TAN-TANJIE,190,exact,彈,彈接,ㄊㄢˊ,,一字多音-字典檔_marked.xlsx＋詞義保守延伸,,彈起／彈動的動作義，對應字典ㄊㄢˊ義群「彈簧、彈性」。；未使用 PDF 實際注音反推。,,derived_lexical
V36-QIANG-神槍手,205,exact,槍,神槍手,ㄑㄧㄤ,,一字多音-字典檔_marked.xlsx＋詞義保守延伸,,器械「槍」義，對應字典ㄑㄧㄤ義群。；未使用 PDF 實際注音反推。,,derived_lexical
V36-QIANG-持槍,205,exact,槍,持槍,ㄑㄧㄤ,,一字多音-字典檔_marked.xlsx＋詞義保守延伸,,器械「槍」義，對應字典ㄑㄧㄤ義群。；未使用 PDF 實際注音反推。,,derived_lexical
V36-XIE-排泄,205,exact,泄,排泄,ㄒㄧㄝˋ,,一字多音-字典檔_marked.xlsx＋詞義保守延伸,,排出／泄出義，對應字典ㄒㄧㄝˋ義群「發泄、泄漏」。；未使用 PDF 實際注音反推。,,derived_lexical
V36-PAO-炮擊,205,exact,炮,炮擊,ㄆㄠˋ,,一字多音-字典檔_marked.xlsx＋詞義保守延伸,,火炮／炮彈之武器義，對應字典ㄆㄠˋ義群「鞭炮、炮彈、炮竹」。；未使用 PDF 實際注音反推。,,derived_lexical
V36-ZHONG-每種,200,exact,種,每種,ㄓㄨㄥˇ,,一字多音-字典檔_marked.xlsx＋詞義保守延伸,,種類義，對應字典ㄓㄨㄥˇ義群「種子、種類」。；未使用 PDF 實際注音反推。,,derived_lexical
V36-ZHONG-多種,200,exact,種,多種,ㄓㄨㄥˇ,,一字多音-字典檔_marked.xlsx＋詞義保守延伸,,種類義，對應字典ㄓㄨㄥˇ義群「種子、種類」。；未使用 PDF 實際注音反推。,,derived_lexical
V36-TOU-頭上,195,exact,頭,頭上,ㄊㄡˊ,,一字多音-字典檔_marked.xlsx＋詞義保守延伸,,實義名詞「頭」而非詞尾輕聲，對應字典ㄊㄡˊ義群。；未使用 PDF 實際注音反推。,,derived_lexical
V36-TOU-拳頭,265,exact,頭,拳頭,˙ㄊㄡ,,教育部《國語辭典簡編本》2021,https://dict.concised.moe.edu.tw/dictView.jsp?ID=26093&la=0&powerMode=0,教育部完整詞條「拳頭」標音ㄑㄩㄢˊ ˙ㄊㄡ；修正 v3.6 將「頭」誤判為本調的 derived_lexical 規則。,,moe_direct
V36-TOU-頭後方,195,exact,頭,頭後方,ㄊㄡˊ,,一字多音-字典檔_marked.xlsx＋詞義保守延伸,,實義名詞「頭」而非詞尾輕聲，對應字典ㄊㄡˊ義群。；未使用 PDF 實際注音反推。,,derived_lexical
V36-HA-HAHA,225,exact,哈,哈哈,ㄏㄚ,,一字多音-字典檔_marked.xlsx,,字典ㄏㄚ義群直接列「哈哈大笑」。；完整詞語／語法功能直接對應字典讀音群，不使用 PDF 實際注音。,,dictionary_exact_context
V36-DONG-RUDONG,200,exact,洞,入洞,ㄉㄨㄥˋ,,一字多音-字典檔_marked.xlsx＋詞義保守延伸,,洞穴／孔洞名詞義，對應字典ㄉㄨㄥˋ義群「山洞、洞房」。；未使用 PDF 實際注音反推。,,derived_lexical
V36-SKIP-WANGXIAOJI,500,skip,王,王小吉,,,115國小健體3上課本專名,,教材人物姓名；專名不以一般字典義項自動判讀。,115國小健體3上課本,source_specific_name
V36-SKIP-LINLIYU,500,skip,麗,林麗玉,,,115國小健體3上課本專名,,教材人物姓名；專名不以一般字典義項自動判讀。,115國小健體3上課本,source_specific_name
V36-SKIP-USAIN,500,skip,塞,尤塞恩,,,115國小健體3上課本專名,,外國人名「尤塞恩」；專名不以一般字典義項自動判讀。,115國小健體3上課本,source_specific_name
V36-WANG-WANGGUO,200,exact,王,王國,ㄨㄤˊ,,一字多音-字典檔_marked.xlsx＋詞義保守延伸,,國王／王國的君王、國家詞義，對應字典ㄨㄤˊ義群。；未使用 PDF 實際注音反推。,,derived_lexical
V36-QIAO-WUGUI,190,exact,翹,烏龜翹,ㄑㄧㄠˋ,,一字多音-字典檔_marked.xlsx＋詞義保守延伸,,專案字典標記：口語詞讀ㄑㄧㄠˋ，並列「翹辮子、翹翹板」。活動口令「烏龜翹」屬口語動作名。；未使用 PDF 實際注音反推。,,derived_lexical
V36-HAO-9號,210,exact,號,9號,ㄏㄠˋ,,一字多音-字典檔_marked.xlsx＋詞義保守延伸,,數字後的號碼／編號義，對應字典ㄏㄠˋ義群「號碼、記號」。；未使用 PDF 實際注音反推。,,derived_lexical
V36-HAO-5號,210,exact,號,5號,ㄏㄠˋ,,一字多音-字典檔_marked.xlsx＋詞義保守延伸,,數字後的號碼／編號義，對應字典ㄏㄠˋ義群「號碼、記號」。；未使用 PDF 實際注音反推。,,derived_lexical
V36-CHANG-ZHANGAO,210,exact,長,長高,ㄓㄤˇ,,一字多音-字典檔_marked.xlsx＋詞義保守延伸,,生長義，對應字典ㄓㄤˇ義群「生長」。；未使用 PDF 實際注音反推。,,derived_lexical
V36-CHANG-ZHANGZHUANG,200,exact,長,長壯,ㄓㄤˇ,,一字多音-字典檔_marked.xlsx＋詞義保守延伸,,成長／生長義，對應字典ㄓㄤˇ義群。；未使用 PDF 實際注音反推。,,derived_lexical
V36-CHANG-LACHANG,200,exact,長,拉長,ㄔㄤˊ,,一字多音-字典檔_marked.xlsx＋詞義保守延伸,,長短／長度義，對應字典ㄔㄤˊ義群「長短」。；未使用 PDF 實際注音反推。,,derived_lexical
V36-JING-肩頸,205,exact,頸,肩頸,ㄐㄧㄥˇ,,一字多音-字典檔_marked.xlsx＋詞義保守延伸,,身體頸部義，對應字典ㄐㄧㄥˇ義群「頸項」。；未使用 PDF 實際注音反推。,,derived_lexical
V36-JING-頸肩,205,exact,頸,頸肩,ㄐㄧㄥˇ,,一字多音-字典檔_marked.xlsx＋詞義保守延伸,,身體頸部義，對應字典ㄐㄧㄥˇ義群「頸項」。；未使用 PDF 實際注音反推。,,derived_lexical
V36-LIANG-CHANLIANG,200,exact,量,產量,ㄌㄧㄤˋ,,一字多音-字典檔_marked.xlsx＋詞義保守延伸,,數量／容量的名詞義，對應字典ㄌㄧㄤˋ義群。；未使用 PDF 實際注音反推。,,derived_lexical
V36-GU-軟骨,205,exact,骨,軟骨,ㄍㄨˇ,,一字多音-字典檔_marked.xlsx＋詞義保守延伸,,骨骼實義，對應字典ㄍㄨˇ義群「骨骼、骨肉」。；未使用 PDF 實際注音反推。,,derived_lexical
V36-GU-筋骨,205,exact,骨,筋骨,ㄍㄨˇ,,一字多音-字典檔_marked.xlsx＋詞義保守延伸,,骨骼實義，對應字典ㄍㄨˇ義群「骨骼、骨肉」。；未使用 PDF 實際注音反推。,,derived_lexical
V36-QI-SHUANGJIN,195,exact,齊,雙巾齊發,ㄑㄧˊ,,一字多音-字典檔_marked.xlsx＋詞義保守延伸,,一同／整齊並發義，對應字典ㄑㄧˊ義群「整齊、齊備、齊唱」。；未使用 PDF 實際注音反推。,,derived_lexical
V36-DAO-DAORU,205,exact,倒,倒入,ㄉㄠˋ,,一字多音-字典檔_marked.xlsx＋詞義保守延伸,,向容器內傾倒的動作義，對應字典ㄉㄠˋ義群「倒垃圾」。；未使用 PDF 實際注音反推。,,derived_lexical
V36-CHUAN-CHUANQIU,215,exact,傳,傳球,ㄔㄨㄢˊ,,一字多音-字典檔_marked.xlsx＋詞義保守延伸,,傳遞義，對應字典ㄔㄨㄢˊ義群；並與既有「左傳」跨詞界防護一致。；未使用 PDF 實際注音反推。,,derived_lexical
V36-JU-LIUJU,205,exact,句,六句,ㄐㄩˋ,,一字多音-字典檔_marked.xlsx＋詞義保守延伸,,語句量詞／句子義，對應字典ㄐㄩˋ義群「三句話、句子」。；未使用 PDF 實際注音反推。,,derived_lexical
V36-BA-TONGBA,215,exact,吧,痛吧,˙ㄅㄚ,,一字多音-字典檔_marked.xlsx,,句末語氣助詞，字典輕聲組直接列「給我吧、算了吧」。；完整詞語／語法功能直接對應字典讀音群，不使用 PDF 實際注音。,,dictionary_exact_context
V36-NE-XINGNE,210,exact,呢,性呢,˙ㄋㄜ,,一字多音-字典檔_marked.xlsx,,句末語氣助詞，字典輕聲組直接列「他正忙著呢、怎麼辦呢」。；完整詞語／語法功能直接對應字典讀音群，不使用 PDF 實際注音。,,dictionary_exact_context
V36-WA-WA,205,exact,哇,哇,ㄨㄚ,,一字多音-字典檔_marked.xlsx,,獨立感嘆「哇！」屬實詞感嘆讀音；字典另將「好哇」列助詞輕聲。；完整詞語／語法功能直接對應字典讀音群，不使用 PDF 實際注音。,,dictionary_exact_context
V36-LA-CHILA,210,exact,啦,吃啦,˙ㄌㄚ,,一字多音-字典檔_marked.xlsx,,句末語氣助詞，字典輕聲組直接列「他來啦、好啦」。；完整詞語／語法功能直接對應字典讀音群，不使用 PDF 實際注音。,,dictionary_exact_context
V36-HAO-GENGHAODE,200,exact,好,更好的,ㄏㄠˇ,,一字多音-字典檔_marked.xlsx＋詞義保守延伸,,形容詞「好」義，對應字典ㄏㄠˇ義群「好看、好人好事」。；未使用 PDF 實際注音反推。,,derived_lexical
V36-DE-GENGHAODE,210,exact,的,更好的,˙ㄉㄜ,,一字多音-字典檔_marked.xlsx＋詞義保守延伸,,結構助詞「的」，對應字典輕聲組「美麗的、我的」。；未使用 PDF 實際注音反推。,,derived_lexical
V36-DE-JIANKANGDE,210,exact,的,健康的,˙ㄉㄜ,,一字多音-字典檔_marked.xlsx＋詞義保守延伸,,結構助詞「的」，對應字典輕聲組。；未使用 PDF 實際注音反推。,,derived_lexical
V36-CHA-KAOCHA,200,exact,差,考這麼差,ㄔㄚ,,一字多音-字典檔_marked.xlsx＋詞義保守延伸,,差勁／程度不佳義，對應字典ㄔㄚ義群「差勁」。；未使用 PDF 實際注音反推。,,derived_lexical
V36-DI-DIYU,205,exact,抵,抵禦,ㄉㄧˇ,,一字多音-字典檔_marked.xlsx＋詞義保守延伸,,抵抗、防禦義，對應字典ㄉㄧˇ義群「抵抗、抵住」。；未使用 PDF 實際注音反推。,,derived_lexical
V36-HUANG-HUANGDONG,205,exact,晃,晃動,ㄏㄨㄤˋ,,一字多音-字典檔_marked.xlsx＋詞義保守延伸,,搖晃／晃動義，對應字典ㄏㄨㄤˋ義群「晃蕩、搖晃」。；未使用 PDF 實際注音反推。,,derived_lexical
V36-YOU-YOULI,190,exact,有,有禮,ㄧㄡˇ,,一字多音-字典檔_marked.xlsx＋詞義保守延伸,,具有／存在義，對應字典ㄧㄡˇ義群。；未使用 PDF 實際注音反推。,,derived_lexical
V36-CHAO-MUBIAO,190,exact,朝,朝目標,ㄔㄠˊ,,一字多音-字典檔_marked.xlsx＋詞義保守延伸,,朝向／面向義，對應ㄔㄠˊ方向介詞用法。；未使用 PDF 實際注音反推。,,derived_lexical
V36-HENG-HENGXIANG,200,exact,橫,橫向,ㄏㄥˊ,,一字多音-字典檔_marked.xlsx＋詞義保守延伸,,橫向／橫列方向義，對應字典ㄏㄥˊ義群。；未使用 PDF 實際注音反推。,,derived_lexical
V36-BI-BISAI,205,exact,比,比賽,ㄅㄧˇ,,一字多音-字典檔_marked.xlsx＋詞義保守延伸,,比較／比試義，對應字典ㄅㄧˇ義群。；未使用 PDF 實際注音反推。,,derived_lexical
V36-HAN-CAHAN,205,exact,汗,擦汗,ㄏㄢˋ,,一字多音-字典檔_marked.xlsx＋詞義保守延伸,,汗水義，對應字典ㄏㄢˋ義群「汗水」。；未使用 PDF 實際注音反推。,,derived_lexical
V36-FEI-ZHUFEI,205,exact,沸,煮沸,ㄈㄟˋ,,一字多音-字典檔_marked.xlsx＋詞義保守延伸,,沸騰義，對應字典ㄈㄟˋ義群。；未使用 PDF 實際注音反推。,,derived_lexical
V36-PAO-PAORUAN,195,exact,泡,泡軟,ㄆㄠˋ,,一字多音-字典檔_marked.xlsx＋詞義保守延伸,,浸泡義，對應字典ㄆㄠˋ義群「泡茶、水泡」。；未使用 PDF 實際注音反推。,,derived_lexical
V36-SHENG-SHENGCHAN,195,exact,盛,盛產,ㄕㄥˋ,,一字多音-字典檔_marked.xlsx＋詞義保守延伸,,興盛／豐盛產出義，對應字典ㄕㄥˋ義群「興盛、盛會」。；未使用 PDF 實際注音反推。,,derived_lexical
V36-XIANG-XIANGLIAN,200,exact,相,相連,ㄒㄧㄤ,,一字多音-字典檔_marked.xlsx＋詞義保守延伸,,互相／彼此關聯義，對應字典ㄒㄧㄤ義群「互相」。；未使用 PDF 實際注音反推。,,derived_lexical
V36-HONG-JIAHONGSU,200,exact,紅,茄紅素,ㄏㄨㄥˊ,,一字多音-字典檔_marked.xlsx＋詞義保守延伸,,紅色義，對應字典ㄏㄨㄥˊ義群。；未使用 PDF 實際注音反推。,,derived_lexical
V36-LUO-HUOLUO,180,exact,絡,活絡,ㄌㄨㄛˋ,,一字多音-字典檔_marked.xlsx＋詞義保守延伸,,聯絡／脈絡同音義群，專案字典ㄌㄨㄛˋ組。；未使用 PDF 實際注音反推。,,derived_lexical
V36-SHU-JIANBAOSHU,215,exact,署,健保署,ㄕㄨˇ,,一字多音-字典檔_marked.xlsx＋詞義保守延伸,,官署／機關義，對應字典ㄕㄨˇ義群「官署、署長、環保署」。；未使用 PDF 實際注音反推。,,derived_lexical
V36-QIE-JIAHONGSU,210,exact,茄,茄紅素,ㄑㄧㄝˊ,,一字多音-字典檔_marked.xlsx＋詞義保守延伸,,番茄詞素義，對應字典ㄑㄧㄝˊ義群「番茄、茄子」。；未使用 PDF 實際注音反推。,,derived_lexical
V36-XING-HAIBAO,185,exact,行,海豹行,ㄒㄧㄥˊ,,一字多音-字典檔_marked.xlsx＋詞義保守延伸,,行走／行進動作義，對應字典ㄒㄧㄥˊ義群。；未使用 PDF 實際注音反推。,,derived_lexical
V36-YAO-XUYAO,225,exact,要,需要,ㄧㄠˋ,,一字多音-字典檔_marked.xlsx,,字典ㄧㄠˋ義群直接列「需要」。；完整詞語／語法功能直接對應字典讀音群，不使用 PDF 實際注音。,,dictionary_exact_context
V36-DU-DUQU,205,exact,讀,讀取,ㄉㄨˊ,,一字多音-字典檔_marked.xlsx＋詞義保守延伸,,閱讀／讀取義，對應字典ㄉㄨˊ義群「讀本、讀書、攻讀」。；未使用 PDF 實際注音反推。,,derived_lexical
V36-DOU-HUIYINGXIANG,210,exact,都,都會影響,ㄉㄡ,,一字多音-字典檔_marked.xlsx＋詞義保守延伸,,副詞「都／全部」義，限定後接「會影響」避免誤命中名詞「都會區」。；未使用 PDF 實際注音反推。,,derived_lexical
V36-YANG-YANGYAN,195,exact,養,養顏,ㄧㄤˇ,,一字多音-字典檔_marked.xlsx＋詞義保守延伸,,滋養／保養義，對應字典ㄧㄤˇ義群。；未使用 PDF 實際注音反推。,,derived_lexical
V36-ZANG-ZANGLE,205,exact,髒,髒了,ㄗㄤ,,一字多音-字典檔_marked.xlsx＋詞義保守延伸,,骯髒、污穢義，對應字典ㄗㄤ義群「骯髒（污穢不潔）」。；未使用 PDF 實際注音反推。,,derived_lexical
V36-BEI-BEISHUBAO,220,exact,背,背書包,ㄅㄟ,,一字多音-字典檔_marked.xlsx＋詞義保守延伸,,背負／背包義，對應字典ㄅㄟ義群「背包、背黑鍋」；與既有「背書」跨詞界防護一致。；未使用 PDF 實際注音反推。,,derived_lexical
V36-TEXT-P8-SHENME,420,exact,麼,有麼不一樣,˙ㄇㄜ,,115國小健體3上課本原頁視覺覆核（文字層缺字）,,P8 原頁標題可直接看到「有什麼不一樣」；PDF 文字層漏出「什」，故以抽取形「有麼不一樣」定位「麼」並採「什麼」輕聲。此規則只修預期詞境，不使用實際注音。,115國小健體3上課本,source_visual_text
V36-BEI-TUOBEI,220,exact,背,駝背,ㄅㄟˋ,,一字多音-字典檔_marked.xlsx＋詞義保守延伸,,「駝背」為背部／背後義，對應字典ㄅㄟˋ義群「背後、背景」；只限定完整詞語，不由 PDF 實際注音反推。,,derived_lexical
V36-ZHONG-PAOZHONG,220,exact,中,拋中,ㄓㄨㄥˋ,,一字多音-字典檔_marked.xlsx＋詞義保守延伸,,「拋中」為投擲命中／擊中義，對應字典ㄓㄨㄥˋ義群「中的、中意」；只限定完整詞語，不由 PDF 實際注音反推。,,derived_lexical
V36-MOE-BEIDAI,260,exact,背,背帶,ㄅㄟ,,教育部《國語辭典簡編本》2021,https://dict.concised.moe.edu.tw/dictView.jsp?ID=491&la=0&powerMode=0,教育部完整詞條「背帶」直接列音ㄅㄟ ㄉㄞˋ。,,moe_direct
V36-DE-TOUDE,215,exact,得,投得,˙ㄉㄜ,,一字多音-字典檔_marked.xlsx＋語法保守延伸,,「得」作結構助詞，字典直接以「跑得高、跳得遠」示例；「投得更精準」同屬動詞＋得＋補語結構，不使用PDF實際注音反推。,,derived_grammar
V36-DE-DE1FEN,215,exact,得,得1分,ㄉㄜˊ,,既有完整詞「得分」規則＋數字書寫變體,,「得1分」為「得分／獲得一分」的數字書寫變體，得讀ㄉㄜˊ；不使用PDF實際注音反推。,,derived_lexical
V36-MOE-PAODE,260,exact,跑,跑得,ㄆㄠˇ,,教育部《重編國語辭典修訂本》2021,https://dict.revised.moe.edu.tw/dictView.jsp?ID=681&la=0&powerMode=0,教育部「跑」條明列ㄆㄠˇ義為快走/奔跑；ㄆㄠˊ義為獸用腳掘地。「跑得快」屬奔跑義；不使用 PDF 實際注音反推。,,moe_direct
V37-MOE-YINGYONG,270,exact,應,應用,ㄧㄥˋ,,教育部《國語辭典簡編本》2021,https://dict.concised.moe.edu.tw/dictView.jsp?ID=42605&la=0&powerMode=0,教育部完整詞條「應用」直接標音ㄧㄥˋ ㄩㄥˋ。,,moe_direct
V37-MOE-BEI-CARRY-HEAVY,265,exact,背,背太重,ㄅㄟ,,教育部《國語辭典簡編本》2021＋背負義句境,https://dict.concised.moe.edu.tw/dictView.jsp?ID=488&la=0&powerMode=0,「背」ㄅㄟ義為用背、肩膀負荷／承擔；「背太重的書包」為背負義。,,dictionary_exact_context
V37-MOE-BEI-CARRY-METHOD,265,exact,背,背法,ㄅㄟ,,教育部《國語辭典簡編本》2021＋背負義句境,https://dict.concised.moe.edu.tw/dictView.jsp?ID=488&la=0&powerMode=0,「正確背法」描述以肩背負書包的方法，屬ㄅㄟ背負義。,,dictionary_exact_context
V37-MOE-BEI-CARRY-ROTATE,265,exact,背,輪流背,ㄅㄟ,,教育部《國語辭典簡編本》2021＋背負義句境,https://dict.concised.moe.edu.tw/dictView.jsp?ID=488&la=0&powerMode=0,「輪流背」在書包／肩膀負擔句境中為背負義ㄅㄟ。,,dictionary_exact_context
V37-MOE-BEI-CARRY-RIGHT,265,exact,背,背右肩,ㄅㄟ,,教育部《國語辭典簡編本》2021＋背負義句境,https://dict.concised.moe.edu.tw/dictView.jsp?ID=488&la=0&powerMode=0,「背右肩」描述把單肩背包負於右肩，屬ㄅㄟ背負義。,,dictionary_exact_context
V37-MOE-BEI-CARRY-LEFT,265,exact,背,背左肩,ㄅㄟ,,教育部《國語辭典簡編本》2021＋背負義句境,https://dict.concised.moe.edu.tw/dictView.jsp?ID=488&la=0&powerMode=0,「背左肩」描述把單肩背包負於左肩，屬ㄅㄟ背負義。,,dictionary_exact_context
V37-YI-YIKOU,235,exact,一,一口,ㄧˋ,,一字多音-字典檔_marked.xlsx＋「一」變調規則,,「口」ㄎㄡˇ為三聲；一在一、二、三聲前變調ㄧˋ。,,dictionary_exact_context
V37-YI-YIJIN,235,exact,一,一進,ㄧˊ,,一字多音-字典檔_marked.xlsx＋「一」變調規則,,「進」ㄐㄧㄣˋ為四聲；一在四聲前變調ㄧˊ。,,dictionary_exact_context
V37-YI-YISHENG,235,exact,一,一聲,ㄧˋ,,一字多音-字典檔_marked.xlsx＋「一」變調規則,,「聲」ㄕㄥ為一聲；一在一、二、三聲前變調ㄧˋ。,,dictionary_exact_context
V37-LA-SENTENCE-FINAL,240,exact,啦,沒關係啦,˙ㄌㄚ,,一字多音-字典檔_marked.xlsx,,字典輕聲義群直接列助詞例「他來啦！」「好啦！」；此處為句末助詞。,,dictionary_exact_context
V37-ZHAN-PROPORTION,235,exact,占,約占,ㄓㄢˋ,,一字多音-字典檔_marked.xlsx,,「約占身體體重的70%」為占有／所占比例義，對應字典ㄓㄢˋ義群「占領、占據、占有」。,,dictionary_exact_context
V37-LIANG-XUQIULIANG,235,exact,量,需求量,ㄌㄧㄤˋ,,一字多音-字典檔_marked.xlsx,,「需求量」的量為名詞數量義；字典備註明列名詞義音ㄌㄧㄤˋ。,,dictionary_exact_context
V37-LIANG-NEED-AMOUNT,230,exact,量,需要的量,ㄌㄧㄤˋ,,一字多音-字典檔_marked.xlsx,,「需要的量」的量為名詞數量義；字典備註明列名詞義音ㄌㄧㄤˋ。,,dictionary_exact_context
V37-MOE-MANTOU,270,exact,頭,饅頭,˙ㄊㄡ,,教育部《國語辭典簡編本》2021,https://dict.concised.moe.edu.tw/dictView.jsp?ID=4126&la=0&powerMode=0,教育部完整詞條「饅頭」標音ㄇㄢˊ ˙ㄊㄡ。,,moe_direct
V37-SHU-MIAOSHU,235,exact,數,秒數,ㄕㄨˋ,,一字多音-字典檔_marked.xlsx＋名詞數量義,,「秒數」指以秒計的數值／數目，對應字典ㄕㄨˋ義群「數目、數學」。,,dictionary_exact_context
V37-CHANG-CHUANZHANG,260,exact,長,船長,ㄓㄤˇ,,教育部《國語辭典簡編本》2021＋專職首長義,,「船長」為一船之主管／首長；對應字典ㄓㄤˇ義群「首長」。,,dictionary_exact_context
V37-LV-MINGZHONGLV,250,exact,率,命中率,ㄌㄩˋ,,一字多音-字典檔_marked.xlsx＋四下跨冊完整詞境,,「率」表比率／頻率義讀ㄌㄩˋ；既有四下完整詞境規則跨冊泛化。,,dictionary_exact_context
V37-MOE-TANTIAO,270,exact,彈,彈跳,ㄊㄢˊ,,教育部《國語辭典簡編本》2021,https://dict.concised.moe.edu.tw/dictView.jsp?ID=10485&la=0&powerMode=0,教育部完整詞條「彈跳」標音ㄊㄢˊ ㄊㄧㄠˋ。,,moe_direct
V37-DE-CHUANDEYUAN,245,exact,得,傳得遠,˙ㄉㄜ,,一字多音-字典檔_marked.xlsx,,字典直接明列助詞例「跑得高、跳得遠」；「傳得遠」同為動詞＋得＋補語。,,dictionary_exact_context
V37-HE-INTERJECTION,235,exact,呵,太遠呵,ㄛ,,一字多音-字典檔_marked.xlsx,,字典將感嘆／語氣用「呵」列入ㄛ義群（例「呵！這麼多錢！」）；此處句末語氣用法。,,dictionary_exact_context
V37-WEI-COPULA-YOUSHENG,235,exact,為,為優勝,ㄨㄟˊ,,一字多音-字典檔_marked.xlsx,,「為」表「成為／是」義，與字典ㄨㄟˊ義群一致；「人數多者為優勝」為繫詞判定。,,dictionary_exact_context
V37-DE-DONGDE,245,exact,得,懂得,˙ㄉㄜ,,一字多音-字典檔_marked.xlsx＋四下跨冊完整詞境,,「懂得」的得為結構／補充性詞尾用法，既有四下完整詞境規則跨冊泛化。,,dictionary_exact_context
V37-MOE-JIXI,265,exact,繫,繫繩,ㄐㄧˋ,,教育部《國語辭典簡編本》2021＋繫綁義,https://dict.concised.moe.edu.tw/dictView.jsp?ID=21712&la=0&powerMode=0,「繫」在綁／結義讀ㄐㄧˋ（如繫鞋帶）；「在毽子上繫繩」同義。,,dictionary_exact_context
V38-MOE-SHAOBULIAO,310,exact,了,少不了,ㄌㄧㄠˇ,,教育部《重編國語辭典修訂本》2021,https://dict.revised.moe.edu.tw/dictView.jsp?ID=129783&la=0&powerMode=0,教育部完整詞條「少不了」標音ㄕㄠˇ ˙ㄅㄨ ㄌㄧㄠˇ；排除一般句末助詞「了」預設。,,moe_direct
V38-MOE-NING-TOWEL,310,exact,擰,擰毛巾,ㄋㄧㄥˇ,,教育部《重編國語辭典修訂本》2021,https://dict.revised.moe.edu.tw/dictView.jsp?ID=3126&la=0&powerMode=0,教育部「擰」ㄋㄧㄥˇ義直接以「把毛巾擰乾」為例；「擰毛巾」同屬以手扭轉擠水義。,,moe_direct_context
V38-MOE-PIANYI-LOWPRICE,300,exact,便,便宜,ㄆㄧㄢˊ,便宜行事;便宜處分;便宜處置,教育部《重編國語辭典修訂本》2021,https://dict.revised.moe.edu.tw/dictView.jsp?ID=25367&la=0&powerMode=0,現代「價格低廉／不昂貴」義的「便宜」讀ㄆㄧㄢˊ；另以排除詞防止「便宜行事／處分／處置」之ㄅㄧㄢˋ義跨詞命中。,,moe_direct_context
V38-MOE-ZHUANDONG-SPIN-3UP,320,exact,轉,轉動,ㄓㄨㄢˋ,,教育部《重編國語辭典修訂本》2021＋原頁「轉圈圈」活動句境,https://dict.revised.moe.edu.tw/dictView.jsp?ID=119451&la=0&powerMode=0,教育部「轉動」另收ㄓㄨㄢˋ義「繞著中心點運轉」；三上P75整段標題與動作均為「轉圈圈」，故此來源限本冊的兩處「轉動」採旋轉義，不泛化到所有「轉動」。,115國小健體3上課本,source_scoped_context
V38-MOE-ZHUANDEHAO-SPIN-3UP,320,exact,轉,轉得很好,ㄓㄨㄢˋ,,教育部《國語辭典簡編本》2021＋原頁「轉圈圈」活動句境,https://dict.concised.moe.edu.tw/dictView.jsp?ID=31007&la=0&powerMode=0,三上P75「我用單手就可以轉得很好」位於「轉圈圈」活動，屬繞圈旋轉義ㄓㄨㄢˋ；來源限本冊，不作全域句法推定。,115國小健體3上課本,source_scoped_context
V38-MOE-ZHUANQUAN,310,exact,轉,轉圈,ㄓㄨㄢˋ,,教育部《國語辭典簡編本》2021,https://dict.concised.moe.edu.tw/dictView.jsp?ID=31010&la=0&powerMode=0,教育部完整詞條「轉圈」標音ㄓㄨㄢˋ ㄑㄩㄢ；可跨冊沿用完整詞語。,,moe_direct
V38-MOE-XIANGHOUDAO,300,exact,倒,向後倒,ㄉㄠˇ,,教育部《重編國語辭典修訂本》2021,https://dict.revised.moe.edu.tw/dictView.jsp?ID=1966&la=0&powerMode=0,「倒」ㄉㄠˇ為物體傾斜、倒下義；「身體向後倒」為身體倒下動作，不是ㄉㄠˋ的倒置／傾倒他物義。,,moe_direct_context
V39-GAOTANG,300,exact,湯,高湯,ㄊㄤ,,一字多音-字典檔_marked.xlsx,,「湯」作湯汁／菜湯類普通名詞讀ㄊㄤ；「高湯」屬此義，不是姓氏或「湯湯」義。,,dictionary_exact_context
V39-XIAZI,300,exact,蝦,蝦子,ㄒㄧㄚ,,一字多音-字典檔_marked.xlsx,,字典ㄒㄧㄚ義群列「魚蝦、蝦米」；另讀ㄏㄚˊ僅限「蝦蟆」，故「蝦子」用一般水產義ㄒㄧㄚ。,,dictionary_exact_context
V39-BOQIAO,300,exact,剝,剝殼,ㄅㄛ,,一字多音-字典檔_marked.xlsx,,「剝殼」與字典「剝皮、剝離」同為去除外層義，讀ㄅㄛ；ㄅㄛˊ為通「駁」義。,,dictionary_exact_context
V39-QIECHENG,300,exact,切,切成,ㄑㄧㄝ,,一字多音-字典檔_marked.xlsx,,「將食材切成」為切割義，對應字典「切麵、切斷」ㄑㄧㄝ；非「密切／一切」ㄑㄧㄝˋ義。,,dictionary_exact_context
V39-DASAN,300,exact,散,打散,ㄙㄢˋ,,一字多音-字典檔_marked.xlsx,,「將蛋液打散」為使分散義，對應字典ㄙㄢˋ義群「分散、散播」；非鬆散狀態名詞／形容詞ㄙㄢˇ。,,dictionary_exact_context
V39-XIANGQIANCHONG,300,exact,衝,向前衝,ㄔㄨㄥ,,一字多音-字典檔_marked.xlsx,,向前快速衝進為動作義，對應字典「衝刺、衝動、衝突」ㄔㄨㄥ；非「衝著／味很衝」ㄔㄨㄥˋ。,,dictionary_exact_context
V39-GONGHE,300,exact,共,共喝,ㄍㄨㄥˋ,,一字多音-字典檔_marked.xlsx,,「共喝」為共同一起喝，對應字典ㄍㄨㄥˋ義群「共同、共有、共計」。,,dictionary_exact_context
V39-YINIAN,305,exact,一,一年,ㄧˋ,,專案「一」變調規則＋一字多音-字典檔_marked.xlsx,,「一」在二聲「年」前依國語變調讀ㄧˋ；規則只判預期音，不參照 PDF 實際注音。,,dictionary_exact_context
V39-YIDU,305,exact,一,一度,ㄧˊ,,專案「一」變調規則＋一字多音-字典檔_marked.xlsx,,「一」在四聲「度」前依國語變調讀ㄧˊ；規則只判預期音，不參照 PDF 實際注音。,,dictionary_exact_context
V39-YANGTOU,300,exact,頭,仰頭,ㄊㄡˊ,,一字多音-字典檔_marked.xlsx,,「仰頭」的「頭」為身體部位實義，對應字典ㄊㄡˊ義群；非「指頭、石頭」等詞尾輕聲。,,dictionary_exact_context
V39-TOUJIAN,300,exact,頭,頭及肩,ㄊㄡˊ,,一字多音-字典檔_marked.xlsx,,「頭及肩」的「頭」獨立指身體部位，讀本調ㄊㄡˊ；非詞尾輕聲。,,dictionary_exact_context
V39-DE-PAODEGENGZHUN,310,exact,得,拋得更準,˙ㄉㄜ,,一字多音-字典檔_marked.xlsx,,字典直接明列助詞例「跑得高、跳得遠」；「拋得更準」同為動詞＋得＋補語，得讀輕聲。,,dictionary_exact_context
V39-DE-DEGENGDUO,310,exact,得,得更多,ㄉㄜˊ,,一字多音-字典檔_marked.xlsx,,「得更多分」的得為取得／得到義，對應字典ㄉㄜˊ義群「得到、得意」。,,dictionary_exact_context
V39-GUIDUI,300,exact,歸,歸隊,ㄍㄨㄟ,,一字多音-字典檔_marked.xlsx,,「歸隊」為返回隊伍，對應字典ㄍㄨㄟ義群「歸國、歸順」；非通「饋／愧」義。,,dictionary_exact_context
V39-JIACHANG,300,exact,長,加長,ㄔㄤˊ,,一字多音-字典檔_marked.xlsx,,「逐漸加長」為使長度增加，核心是長短之「長」ㄔㄤˊ；非成長／首長ㄓㄤˇ。,,dictionary_exact_context
V39-RIJILEI,300,exact,累,日積月累,ㄌㄟˇ,,一字多音-字典檔_marked.xlsx,,「日積月累」為累積義，直接對應字典ㄌㄟˇ義群「累積」。,,dictionary_exact_context
V39-LUOXUAN,300,exact,旋,螺旋,ㄒㄩㄢˊ,,一字多音-字典檔_marked.xlsx,,「螺旋」為旋轉／迴旋義，依一般旋轉義讀ㄒㄩㄢˊ；非旋風或現量動作用法ㄒㄩㄢˋ。,,dictionary_exact_context
V39-TIANXUAN,300,exact,旋,天旋地轉,ㄒㄩㄢˊ,,一字多音-字典檔_marked.xlsx,,成語「天旋地轉」中的旋為迴旋義，讀ㄒㄩㄢˊ。,,dictionary_exact_context
V39-TIANXUANDIZHUAN,300,exact,轉,天旋地轉,ㄓㄨㄢˇ,,一字多音-字典檔_marked.xlsx,,「天旋地轉」的轉為轉動／轉向之ㄓㄨㄢˇ義；非自轉、公轉、轉圈的ㄓㄨㄢˋ義。,,dictionary_exact_context
V39-AIYA,320,exact,呀,哎呀,˙ㄧㄚ,,一字多音-字典檔_marked.xlsx,,字典在輕聲呀義直接列例「哎呀！下大雨了！」；故「哎呀！」的呀讀˙ㄧㄚ。,,dictionary_exact_context
V39-CAIXING,300,exact,行,才行,ㄒㄧㄥˊ,,一字多音-字典檔_marked.xlsx＋既有四下完整詞境,,「才行」表示可以／可行，行讀ㄒㄧㄥˊ；既有四下同詞境規則亦一致。,,dictionary_exact_context
V39-ZI-XIAZI,315,exact,子,蝦子,˙ㄗ,,一字多音-字典檔_marked.xlsx,,「子」字典備註明列作詞尾時讀輕聲；此規則只限完整詞語「蝦子」。,,dictionary_exact_context
V39-ZI-DAOZI,315,exact,子,刀子,˙ㄗ,,一字多音-字典檔_marked.xlsx,,「子」作一般名詞詞尾讀輕聲；只限完整詞語「刀子」。,,dictionary_exact_context
V39-ZI-GUOZI,315,exact,子,鍋子,˙ㄗ,,一字多音-字典檔_marked.xlsx,,「子」作一般名詞詞尾讀輕聲；只限完整詞語「鍋子」。,,dictionary_exact_context
V39-ZI-KUAIZI,315,exact,子,筷子,˙ㄗ,,一字多音-字典檔_marked.xlsx,,「子」作一般名詞詞尾讀輕聲；只限完整詞語「筷子」。,,dictionary_exact_context
V39-ZI-LIANZI,315,exact,子,鍊子,˙ㄗ,,一字多音-字典檔_marked.xlsx,,「子」作一般名詞詞尾讀輕聲；只限完整詞語「鍊子」。,,dictionary_exact_context
V39-ZI-XIAOZI,315,exact,子,小子,˙ㄗ,,一字多音-字典檔_marked.xlsx,,此處「快跑小子」中的「小子」為一般稱謂詞尾，子讀輕聲；只限完整詞語「小子」。,,dictionary_exact_context
V39-ZHE-TUOZHE,315,exact,著,托著,˙ㄓㄜ,,一字多音-字典檔_marked.xlsx,,「一手托著另一手」為動作持續／狀態助詞用法，對應字典「坐著」等輕聲˙ㄓㄜ；只限完整詞語「托著」。,,dictionary_exact_context
V40-MOE-TIAOZHENG,380,exact,調,調整,ㄊㄧㄠˊ,,教育部《國語辭典簡編本》2021,https://dict.concised.moe.edu.tw/dictView.jsp?ID=11011&la=0&powerMode=1,完整詞條「調整」ㄊㄧㄠˊ ㄓㄥˇ。,,moe_concised_direct
V40-MOE-YANGTAI,380,exact,台,陽台,ㄊㄞˊ,,教育部《國語辭典簡編本》2021,https://dict.concised.moe.edu.tw/dictView.jsp?ID=42289&la=0&powerMode=0,簡編本詞頭作「陽臺」並標ㄧㄤˊ ㄊㄞˊ；教材用字「陽台」的台取同音ㄊㄞˊ。,,moe_concised_direct
V40-MOE-ZHESUN,380,exact,折,折損,ㄓㄜˊ,,教育部《國語辭典簡編本》2021,https://dict.concised.moe.edu.tw/dictView.jsp?ID=29495&la=0&powerMode=0,「折」在弄斷、損失義讀ㄓㄜˊ；「電線折損」屬此義。,,moe_concised_context
V40-MOE-CHAOGUO,380,exact,過,超過,ㄍㄨㄛˋ,,教育部《國語辭典簡編本》2021,https://dict.concised.moe.edu.tw/dictView.jsp?ID=31743&la=0&powerMode=0,完整詞條「超過」ㄔㄠ ㄍㄨㄛˋ。,,moe_concised_direct
V40-MOE-PANG,370,exact,旁,電器旁,ㄆㄤˊ,,教育部《國語辭典簡編本》2021,https://dict.concised.moe.edu.tw/dictView.jsp?ID=2846&la=0&powerMode=0,「旁邊」標ㄆㄤˊ ㄅㄧㄢ；此處「電器旁」同為近側／旁邊義。,,moe_concised_context
V40-MOE-FANG,370,exact,放,放可燃物,ㄈㄤˋ,,教育部《國語辭典簡編本》2021,https://dict.concised.moe.edu.tw/dictView.jsp?ID=6058&la=0&powerMode=0,「放置」標ㄈㄤˋ ㄓˋ；此處「放可燃物」為安放／放置義。,,moe_concised_context
V40-MOE-KE,380,exact,可,可燃物,ㄎㄜˇ,,教育部《國語辭典簡編本》2021,https://dict.concised.moe.edu.tw/dictView.jsp?ID=18008&la=0&powerMode=0,「可燃性」標ㄎㄜˇ ㄖㄢˊ ㄒㄧㄥˋ；「可燃物」的可同義讀ㄎㄜˇ。,,moe_concised_context
V40-MOE-CHU,370,exact,處,筒處,ㄔㄨˋ,,教育部《國語辭典簡編本》2021,https://dict.concised.moe.edu.tw/dictView.jsp?ID=32686&la=0&powerMode=0,「處所」ㄔㄨˋ ㄙㄨㄛˇ表地方；「標誌筒處／筒處」為所在位置，處讀ㄔㄨˋ。,,moe_concised_context
V40-MOE-DE8FEN,380,exact,得,得8分,ㄉㄜˊ,,教育部《國語辭典簡編本》2021,https://dict.concised.moe.edu.tw/dictView.jsp?ID=7410,「得分」標ㄉㄜˊ ㄈㄣ；「得8分」為數字插入的同一得分義。,,moe_concised_direct_variant
V40-MOE-DE1FEN,380,exact,得,得1分,ㄉㄜˊ,,教育部《國語辭典簡編本》2021,https://dict.concised.moe.edu.tw/dictView.jsp?ID=7410,「得分」標ㄉㄜˊ ㄈㄣ；「得1分」為數字插入的同一得分義。,,moe_concised_direct_variant
V42-MOE-HEJIE-HE,530,exact,和,和解,ㄏㄜˊ,,教育部《國語辭典簡編本》,https://dict.concised.moe.edu.tw/dictView.jsp?ID=19028&la=0&powerMode=0,簡編本完整詞條「和解」注音ㄏㄜˊ ㄐㄧㄝˇ；本規則只處理「和」。,,moe_concised_exact
V42-SKIP-PIEBU,520,skip,撇,撇步,,,教育部《國語辭典簡編本》基準下缺少完整詞條證據,https://dict.concised.moe.edu.tw/search.jsp?word=%E6%92%87%E6%AD%A5&la=0&powerMode=0,依本工具 v4.0 起的簡編本優先政策：未建立「撇步」完整詞條讀音證據前，不以多音單字「撇」反推 expected；保留 PDF observed reading，列為特殊詞項略過。,,concised_missing_phrase_skip
V47-LEX-HUIR-HUI,540,exact,會,會兒,ㄏㄨㄟˇ,,一字多音-字典檔_marked.xlsx,,專案字典「會」的異讀例詞包含「一會兒」；「會兒／等會兒」的「會」依該例詞讀ㄏㄨㄟˇ。本規則只決定 expected，不參與 PDF observed 解碼。,,project_lexicon_exact
V49-ZHISHI,400,exact,識,知識,ㄕˋ,,專案人工覆核（115國小健體1上，2026-08-16）,,原 PDF 可見詞為「小知識」；「識」讀ㄕˋ。本規則只在完整詞「知識」命中時使用，避免「小識知」文字層亂序造成誤判。,,user_confirmed_exact
V49-TANGBI-DANG,400,exact,當,螳臂當車,ㄉㄤˇ,,教育部《國語辭典簡編本》,https://dict.concised.moe.edu.tw/dictView.jsp?ID=10638&la=0&powerMode=0,完整詞「螳臂當車」之「當」讀ㄉㄤˇ；高優先完整詞規則覆蓋舊字典例詞分組誤判。,,moe_direct
V49-YI-ZUO,390,exact,一,一左,ㄧˋ,,教育部「一」字變調規則,,「左」讀上聲ㄗㄨㄛˇ；「一」在一、二、三聲前讀去聲ㄧˋ。只在完整相鄰詞境「一左」命中。,,moe_direct
V49-YI-YOU,390,exact,一,一右,ㄧˊ,,教育部「一」字變調規則,,「右」讀去聲ㄧㄡˋ；「一」在去聲前讀陽平ㄧˊ。只在完整相鄰詞境「一右」命中。,,moe_direct
V49-MOUXIE-MOU,405,exact,某,某些,ㄇㄡˇ,,專案《一字多音-字典檔》,,字典「某」ㄇㄡˇ例詞明列「某些事物」；本規則只在完整相鄰詞境「某些」命中。,,project_lexicon_exact
V49-SHEQUAN-SHE,405,exact,蛇,蛇拳,ㄕㄜˊ,,專案《一字多音-字典檔》,,字典「蛇」主讀ㄕㄜˊ，異讀ㄧˊ限「蛇蛇、委蛇」等；本規則只處理教材完整詞「蛇拳」。,,project_lexicon_exact
V49-QIUR-ERHUA,405,exact,兒,球兒,ㄦ,,專案《一字多音-字典檔》,,字典標示兒化韻的「兒」變為韻尾、失去本調、不讀陽平；本規則只在完整詞「球兒」命中，expected 記為無聲調ㄦ。,,project_lexicon_exact
POLICY-YI-A1A-01,300,exact,一,動一動,ㄧˊ,,使用者確認「一」變調規則（2026-08-17）,,依使用者確認規則（2026-08-17）：A一A 亦按後字聲調變調；「動一動」中間「一」應標ㄧˊ。此規則是現版獨立預期音規則，不以歷史回歸直接放行。,,user_confirmed_rule
POLICY-YI-A1A-03,300,exact,一,找一找,ㄧˋ,,使用者確認「一」變調規則（2026-08-17）,,依使用者確認規則（2026-08-17）：A一A 亦按後字聲調變調；「找一找」中間「一」應標ㄧˋ。此規則是現版獨立預期音規則，不以歷史回歸直接放行。,,user_confirmed_rule
POLICY-YI-A1A-04,300,exact,一,搖一搖,ㄧˋ,,使用者確認「一」變調規則（2026-08-17）,,依使用者確認規則（2026-08-17）：A一A 亦按後字聲調變調；「搖一搖」中間「一」應標ㄧˋ。此規則是現版獨立預期音規則，不以歷史回歸直接放行。,,user_confirmed_rule
POLICY-YI-A1A-05,300,exact,一,比一比,ㄧˋ,,使用者確認「一」變調規則（2026-08-17）,,依使用者確認規則（2026-08-17）：A一A 亦按後字聲調變調；「比一比」中間「一」應標ㄧˋ。此規則是現版獨立預期音規則，不以歷史回歸直接放行。,,user_confirmed_rule
POLICY-YI-A1A-06,300,exact,一,猜一猜,ㄧˋ,,使用者確認「一」變調規則（2026-08-17）,,依使用者確認規則（2026-08-17）：A一A 亦按後字聲調變調；「猜一猜」中間「一」應標ㄧˋ。此規則是現版獨立預期音規則，不以歷史回歸直接放行。,,user_confirmed_rule
POLICY-YI-A1A-07,300,exact,一,試一試,ㄧˊ,,使用者確認「一」變調規則（2026-08-17）,,依使用者確認規則（2026-08-17）：A一A 亦按後字聲調變調；「試一試」中間「一」應標ㄧˊ。此規則是現版獨立預期音規則，不以歷史回歸直接放行。,,user_confirmed_rule
POLICY-YI-A1A-08,300,exact,一,說一說,ㄧˋ,,使用者確認「一」變調規則（2026-08-17）,,依使用者確認規則（2026-08-17）：A一A 亦按後字聲調變調；「說一說」中間「一」應標ㄧˋ。此規則是現版獨立預期音規則，不以歷史回歸直接放行。,,user_confirmed_rule
POLICY-YI-A1A-09,300,exact,一,跳一跳,ㄧˊ,,使用者確認「一」變調規則（2026-08-17）,,依使用者確認規則（2026-08-17）：A一A 亦按後字聲調變調；「跳一跳」中間「一」應標ㄧˊ。此規則是現版獨立預期音規則，不以歷史回歸直接放行。,,user_confirmed_rule
POLICY-YI-A1A-10,300,exact,一,轉一轉,ㄧˋ,,使用者確認「一」變調規則（2026-08-17）,,依使用者確認規則（2026-08-17）：A一A 亦按後字聲調變調；「轉一轉」中間「一」應標ㄧˋ。此規則是現版獨立預期音規則，不以歷史回歸直接放行。,,user_confirmed_rule
V514-USER-DONGXI-P27,10200,exact,西,東西在翻滾,˙ㄒㄧ,,使用者人工確認（2026-08-14）,,三下P27「肚子裡有東西在翻滾」為物品／內容物義，西讀輕聲；用較長詞境消除手冊「東西」兩義衝突。,03-115國小健體3下課本-L02-三審,user_truth
V514-USER-DONGXI-P32,10200,exact,西,吃東西,˙ㄒㄧ,,使用者人工確認（2026-08-14）,,三下P32「吃東西」為物品義，西讀輕聲；用完整詞境消除手冊「東西」兩義衝突。,03-115國小健體3下課本-L02-三審,user_truth
V514-USER-DONGXI-P62,10200,exact,西,買東西,˙ㄒㄧ,,使用者人工確認（2026-08-14）,,三下P62「買東西」為物品義，西讀輕聲；用完整詞境消除手冊「東西」兩義衝突。,05-115國小健體3下課本-L04-三審,user_truth
V521-MOE-YINGDANG,520,exact,當,應當,ㄉㄤ,,教育部《國語辭典簡編本》,,完整詞條「應當」注音ㄧㄥ ㄉㄤ；用正向完整詞證據避免「應當作…」跨界同時命中「當作」。,,moe_complete_word
