template_type,outline_signature,label,support_keys,support_fonts,source_examples,validation,notes
neutral,626399a9b35d109c88e09a1d2d3192e8b71dfda1,neutral,2,1,3up:DFHeiPoIn1-Bd-BPMW-BF#14429:麼:˙ㄇㄜ;3up:DFHeiPoIn1-Bd-BPMW-BF#15535:呢:˙ㄋㄜ,static full-data audit + key LOO + cross-book holdout; support>=2; negative-role gate,exact top neutral-dot signature; blocked when same signature has known non-neutral tone role
neutral,baa26b25ebecc4f05e289c7cf5796e28a6f71fb8,neutral,17,8,3down:YenRoundZuinnEG-Md#14274:嗎:˙ㄇㄚ;3down:YenRoundZuinnEG-Md#14303:們:˙ㄇㄣ;3down:YenRoundZuinnEG-Md#14379:的:˙ㄉㄜ;3down:YenRoundZuinn1EG-Md#14379:得:˙ㄉㄜ;3down:YenRoundZuinnEG-Md#14590:了:˙ㄌㄜ;3down:YenRoundZuinnEG-Md#14149:吧:˙ㄅㄚ;3down:YenRoundZuinnEG-Bd#14379:的:˙ㄉㄜ;3down:YenRoundZuinn2EG-Bd#14370:夫:˙ㄈㄨ;3down:YenRoundZuinnEG-Md#15305:子:˙ㄗ;3down:YenRoundZuinnEG-Bd#15305:子:˙ㄗ;3down:YenRoundZuinn1EG-Md#15000:西:˙ㄒㄧ;3down:ZhuYinNREG-Md#14379:的:˙ㄉㄜ,static full-data audit + key LOO + cross-book holdout; support>=2; negative-role gate,exact top neutral-dot signature; blocked when same signature has known non-neutral tone role
neutral,c9ebeebcbf6ef95b8fd8cc9135e992784d032495,neutral,2,2,3up:DFHeiChuIn-Bd-BPMW-BF#14522:的:˙ㄉㄜ;3up:DFHeiPoIn1-Bd-BPMW-BF#14522:得:˙ㄉㄜ,static full-data audit + key LOO + cross-book holdout; support>=2; negative-role gate,exact top neutral-dot signature; blocked when same signature has known non-neutral tone role
neutral,dfa9fb42b1784a7981f81e0f834d4cf34d7e5f30,neutral,4,3,3up:DFPBiaoKai-W5-PoIn1-BFW#14125:啊:˙ㄚ;3up:n@dW5@#14125:啊:˙ㄚ;3up:DFPBiaoKai-W5-ZhuIn-BFW#15318:子:˙ㄗ;3down:DFPBiaoKai-W5-ZhuIn-BFW#15318:子:˙ㄗ,static full-data audit + key LOO + cross-book holdout; support>=2; negative-role gate,exact top neutral-dot signature; blocked when same signature has known non-neutral tone role
symbol,20ac1ce4257a8dbe506a1ff145d325ae86af6880,ㄅ,6,1,3up:DFPBiaoKai-W5-ZhuIn-BFW#14301:變:ㄅㄧㄢˋ;3up:DFPBiaoKai-W5-ZhuIn-BFW#14294:別:ㄅㄧㄝˊ;3up:DFPBiaoKai-W5-ZhuIn-BFW#14297:標:ㄅㄧㄠ;3down:DFPBiaoKai-W5-ZhuIn-BFW#14301:變:ㄅㄧㄢˋ;3down:DFPBiaoKai-W5-ZhuIn-BFW#14297:標:ㄅㄧㄠ;3down:DFPBiaoKai-W5-ZhuIn-BFW#14294:別:ㄅㄧㄝˊ,static full-data audit + key LOO + cross-book holdout; support>=2,exact vertical-group outline signature; no fuzzy
symbol,24f7075e675f8c0604ee359ff47898cda15f79c3,ㄅ,2,1,3up:DFPBiaoKai-W5-ZhuIn-BFW#14311:補:ㄅㄨˇ;3down:DFPBiaoKai-W5-ZhuIn-BFW#14311:補:ㄅㄨˇ,static full-data audit + key LOO + cross-book holdout; support>=2,exact vertical-group outline signature; no fuzzy
symbol,35f07c507705c86a2a2dc37bb571c6a4bd954e86,ㄅ,25,2,3up:DFPYuanW5-ZhuIn-BFW#14282:本:ㄅㄣˇ;3up:DFPYuanW5-ZhuIn-BFW#14273:包:ㄅㄠ;3up:DFPYuanW5-ZhuIn-BFW#14310:不:ㄅㄨˊ;3up:DFPYuanW5-PoIn1-BFW#14311:不:ㄅㄨˋ;3up:DFPYuanW5-ZhuIn-BFW#14277:班:ㄅㄢ;3up:DFPYuanW5-PoIn1-BFW#14270:背:ㄅㄟ;3up:DFPYuanW5-ZhuIn-BFW#14311:部:ㄅㄨˋ;3up:DFPYuanW5-ZhuIn-BFW#14271:被:ㄅㄟˋ;3up:DFPYuanW5-ZhuIn-BFW#14261:把:ㄅㄚˇ;3up:DFPYuanW5-ZhuIn-BFW#14278:扮:ㄅㄢˋ;3up:DFPYuanW5-ZhuIn-BFW#14291:鼻:ㄅㄧˊ;3up:DFPYuanW5-ZhuIn-BFW#14258:吧:˙ㄅㄚ,static full-data audit + key LOO + cross-book holdout; support>=2,exact vertical-group outline signature; no fuzzy
symbol,5355409f6b468706ea968c57f1d2b72da9b353cb,ㄅ,2,1,3up:DFPBiaoKai-W5-ZhuIn-BFW#14256:巴:ㄅㄚ;3down:DFPBiaoKai-W5-ZhuIn-BFW#14256:八:ㄅㄚ,static full-data audit + key LOO + cross-book holdout; support>=2,exact vertical-group outline signature; no fuzzy
symbol,58615c71b54d3d89426d644a00f2b75197dd965d,ㄅ,13,3,3up:DFPBiaoKai-W5-PoIn1-BFW#14310:不:ㄅㄨˋ;3up:DFPBiaoKai-W5-ZhuIn-BFW#14257:吧:˙ㄅㄚ;3up:n@dW5@#14310:不:ㄅㄨˋ;3up:DFPBiaoKai-W5-ZhuIn-BFW#14309:不:ㄅㄨˊ;3up:DFPBiaoKai-W5-ZhuIn-BFW#14310:部:ㄅㄨˋ;3up:DFPBiaoKai-W5-PoIn1-BFW#14257:爸:˙ㄅㄚ;3up:n@dW5@#14257:爸:˙ㄅㄚ;3down:DFPBiaoKai-W5-PoIn1-BFW#15487:寶:˙ㄅㄠ;3down:DFPBiaoKai-W5-ZhuIn-BFW#14309:不:ㄅㄨˊ;3down:DFPBiaoKai-W5-PoIn1-BFW#14257:爸:˙ㄅㄚ;3down:DFPBiaoKai-W5-PoIn1-BFW#14310:不:ㄅㄨˋ;3down:DFPBiaoKai-W5-ZhuIn-BFW#14310:部:ㄅㄨˋ,static full-data audit + key LOO + cross-book holdout; support>=2,exact vertical-group outline signature; no fuzzy
symbol,6a966d6ee8f68700495d74aadd4d9f24e8097eed,ㄅ,44,8,3down:YenRoundZuinnEG-Md#14172:辦:ㄅㄢˋ;3down:YenRoundZuinnEG-Md#14188:標:ㄅㄧㄠ;3down:YenRoundZuinnEG-Md#14201:避:ㄅㄧˋ;3down:YenRoundZuinnEG-Md#14164:備:ㄅㄟˋ;3down:YenRoundZuinnEG-Md#14149:吧:˙ㄅㄚ;3down:YenRoundZuinnEG-Md#14191:編:ㄅㄧㄢ;3down:YenRoundZuinnEG-Bd#14193:變:ㄅㄧㄢˋ;3down:YenRoundZuinnEG-Bd#14191:邊:ㄅㄧㄢ;3down:YenRoundZuinnEG-Bd#14160:擺:ㄅㄞˇ;3down:YenRoundZuinnEG-Md#14189:表:ㄅㄧㄠˇ;3down:YenRoundZuinnEG-Md#14200:筆:ㄅㄧˇ;3down:YenRoundZuinnEG-Md#14193:便:ㄅㄧㄢˋ,static full-data audit + key LOO + cross-book holdout; support>=2,exact vertical-group outline signature; no fuzzy
symbol,78a63b23e23404f085ee285867d1b8dba438b32b,ㄅ,2,1,3up:DFPBiaoKai-W5-ZhuIn-BFW#14282:幫:ㄅㄤ;3down:DFPBiaoKai-W5-ZhuIn-BFW#14282:幫:ㄅㄤ,static full-data audit + key LOO + cross-book holdout; support>=2,exact vertical-group outline signature; no fuzzy
symbol,836ec53d235fda5be5c3b42767fbb79430068719,ㄅ,6,1,3up:DFPYuanW5-ZhuIn-BFW#14302:變:ㄅㄧㄢˋ;3up:DFPYuanW5-ZhuIn-BFW#14298:標:ㄅㄧㄠ;3up:DFPYuanW5-ZhuIn-BFW#14295:別:ㄅㄧㄝˊ;3up:DFPYuanW5-ZhuIn-BFW#14307:並:ㄅㄧㄥˋ;3up:DFPYuanW5-ZhuIn-BFW#14300:表:ㄅㄧㄠˇ;3up:DFPYuanW5-ZhuIn-BFW#14301:編:ㄅㄧㄢ,static full-data audit + key LOO + cross-book holdout; support>=2,exact vertical-group outline signature; no fuzzy
symbol,912472bc9127fcb89b182841961cb3a8c4ec5519,ㄅ,2,1,3up:DFPBiaoKai-W5-ZhuIn-BFW#14292:比:ㄅㄧˇ;3down:DFPBiaoKai-W5-ZhuIn-BFW#14292:比:ㄅㄧˇ,static full-data audit + key LOO + cross-book holdout; support>=2,exact vertical-group outline signature; no fuzzy
symbol,c4dab8e33e99800758fcba300252a8483ba60c1f,ㄅ,8,1,3up:DFPBiaoKai-W5-ZhuIn-BFW#14306:並:ㄅㄧㄥˋ;3up:DFPBiaoKai-W5-ZhuIn-BFW#14299:表:ㄅㄧㄠˇ;3up:DFPBiaoKai-W5-ZhuIn-BFW#14307:餅:ㄅㄧㄥˇ;3up:DFPBiaoKai-W5-ZhuIn-BFW#14300:編:ㄅㄧㄢ;3down:DFPBiaoKai-W5-ZhuIn-BFW#14306:並:ㄅㄧㄥˋ;3down:DFPBiaoKai-W5-ZhuIn-BFW#14299:表:ㄅㄧㄠˇ;3down:DFPBiaoKai-W5-ZhuIn-BFW#14300:邊:ㄅㄧㄢ;3down:DFPBiaoKai-W5-ZhuIn-BFW#14303:賓:ㄅㄧㄣ,static full-data audit + key LOO + cross-book holdout; support>=2,exact vertical-group outline signature; no fuzzy
symbol,d250dd70d2fa53e8604f5741e59d97a5cc54e766,ㄅ,37,2,3up:DFPBiaoKai-W5-ZhuIn-BFW#14270:背:ㄅㄟˋ;3up:DFPBiaoKai-W5-ZhuIn-BFW#14272:包:ㄅㄠ;3up:DFPBiaoKai-W5-ZhuIn-BFW#14277:伴:ㄅㄢˋ;3up:DFPBiaoKai-W5-ZhuIn-BFW#14276:班:ㄅㄢ;3up:DFPBiaoKai-W5-ZhuIn-BFW#14291:避:ㄅㄧˋ;3up:n@dW5@#14269:背:ㄅㄟ;3up:DFPBiaoKai-W5-ZhuIn-BFW#14275:保:ㄅㄠˇ;3up:DFPBiaoKai-W5-ZhuIn-BFW#14281:本:ㄅㄣˇ;3up:DFPBiaoKai-W5-ZhuIn-BFW#14260:把:ㄅㄚˇ;3up:DFPBiaoKai-W5-ZhuIn-BFW#14266:白:ㄅㄞˊ;3up:DFPBiaoKai-W5-ZhuIn-BFW#14259:爸:ㄅㄚˋ;3up:DFPBiaoKai-W5-ZhuIn-BFW#14269:杯:ㄅㄟ,static full-data audit + key LOO + cross-book holdout; support>=2,exact vertical-group outline signature; no fuzzy
symbol,d679ee6098b11d7c7af7ebe9ed918b3613d1584d,ㄅ,2,2,3up:DFHeiChuIn-Bd-BPMW-BF#14353:部:ㄅㄨˋ;3up:DFHeiPoIn1-Bd-BPMW-BF#14353:不:ㄅㄨˋ,static full-data audit + key LOO + cross-book holdout; support>=2,exact vertical-group outline signature; no fuzzy
symbol,2667b1be6e9594ab08e3ea3ace11ee410fea39a8,ㄆ,2,1,3up:DFPBiaoKai-W5-ZhuIn-BFW#14313:爬:ㄆㄚˊ;3down:DFPBiaoKai-W5-ZhuIn-BFW#14313:爬:ㄆㄚˊ,static full-data audit + key LOO + cross-book holdout; support>=2,exact vertical-group outline signature; no fuzzy
symbol,26ae2e8d84b6224f6cf7efd98e08f859879f73b7,ㄆ,14,1,3up:DFPBiaoKai-W5-ZhuIn-BFW#14324:培:ㄆㄟˊ;3up:DFPBiaoKai-W5-ZhuIn-BFW#14319:拍:ㄆㄞ;3up:DFPBiaoKai-W5-ZhuIn-BFW#14330:跑:ㄆㄠˇ;3up:DFPBiaoKai-W5-ZhuIn-BFW#14320:排:ㄆㄞˊ;3up:DFPBiaoKai-W5-ZhuIn-BFW#14325:配:ㄆㄟˋ;3up:DFPBiaoKai-W5-ZhuIn-BFW#14327:拋:ㄆㄠ;3up:DFPBiaoKai-W5-ZhuIn-BFW#14329:炮:ㄆㄠˋ;3up:DFPBiaoKai-W5-ZhuIn-BFW#14321:派:ㄆㄞˋ;3down:DFPBiaoKai-W5-ZhuIn-BFW#14325:配:ㄆㄟˋ;3down:DFPBiaoKai-W5-ZhuIn-BFW#14330:跑:ㄆㄠˇ;3down:DFPBiaoKai-W5-ZhuIn-BFW#14334:攀:ㄆㄢ;3down:DFPBiaoKai-W5-ZhuIn-BFW#14324:陪:ㄆㄟˊ,static full-data audit + key LOO + cross-book holdout; support>=2,exact vertical-group outline signature; no fuzzy
symbol,724046433bf0afadc6aa9f3d7ce1d8ff477d9076,ㄆ,14,1,3up:DFPYuanW5-ZhuIn-BFW#14348:朋:ㄆㄥˊ;3up:DFPYuanW5-ZhuIn-BFW#14321:排:ㄆㄞˊ;3up:DFPYuanW5-ZhuIn-BFW#14349:碰:ㄆㄥˋ;3up:DFPYuanW5-ZhuIn-BFW#14347:烹:ㄆㄥ;3up:DFPYuanW5-ZhuIn-BFW#14336:盤:ㄆㄢˊ;3up:DFPYuanW5-ZhuIn-BFW#14313:趴:ㄆㄚ;3up:DFPYuanW5-ZhuIn-BFW#14344:螃:ㄆㄤˊ;3up:DFPYuanW5-ZhuIn-BFW#14314:爬:ㄆㄚˊ;3up:DFPYuanW5-ZhuIn-BFW#14316:坡:ㄆㄛ;3up:DFPYuanW5-ZhuIn-BFW#14331:跑:ㄆㄠˇ;3up:DFPYuanW5-ZhuIn-BFW#14337:判:ㄆㄢˋ;3up:DFPYuanW5-ZhuIn-BFW#14328:拋:ㄆㄠ,static full-data audit + key LOO + cross-book holdout; support>=2,exact vertical-group outline signature; no fuzzy
symbol,746bcdc73bca081213c1f05411fc24003e9a545c,ㄆ,20,4,3down:YenRoundZuinnEG-Bd#14209:怕:ㄆㄚˋ;3down:YenRoundZuinnEG-Bd#14238:乓:ㄆㄤ;3down:YenRoundZuinnEG-Bd#14245:碰:ㄆㄥˋ;3down:YenRoundZuinnEG-Md#14257:片:ㄆㄧㄢˋ;3down:LinGothicZuinnEG-Bd#14259:頻:ㄆㄧㄣˊ;3down:YenRoundZuinnEG-Md#14239:膀:ㄆㄤˊ;3down:YenRoundZuinnEG-Md#14266:脾:ㄆㄞˊ;3down:YenRoundZuinnEG-Md#14216:排:ㄆㄞˊ;3down:YenRoundZuinnEG-Bd#14260:品:ㄆㄧㄣˇ;3down:LinGothicZuinnEG-Bd#14260:品:ㄆㄧㄣˇ;3down:YenRoundZuinnEG-Md#14260:品:ㄆㄧㄣˇ;3down:LinGothicZuinnEG-Md#14212:婆:ㄆㄛˊ,static full-data audit + key LOO + cross-book holdout; support>=2,exact vertical-group outline signature; no fuzzy
symbol,a0c9008912c13bb20e4f10cf9e549cf9c05d41e3,ㄆ,5,1,3up:DFPBiaoKai-W5-ZhuIn-BFW#14347:朋:ㄆㄥˊ;3up:DFPBiaoKai-W5-ZhuIn-BFW#14350:匹:ㄆㄧ;3up:DFPBiaoKai-W5-ZhuIn-BFW#14348:碰:ㄆㄥˋ;3down:DFPBiaoKai-W5-ZhuIn-BFW#14351:皮:ㄆㄧˊ;3down:DFPBiaoKai-W5-ZhuIn-BFW#14347:朋:ㄆㄥˊ,static full-data audit + key LOO + cross-book holdout; support>=2,exact vertical-group outline signature; no fuzzy
symbol,ac3687cd4eb7c978bed8e9fa45338bd0a560e0cf,ㄆ,9,1,3up:DFPBiaoKai-W5-ZhuIn-BFW#14369:平:ㄆㄧㄥˊ;3up:DFPBiaoKai-W5-ZhuIn-BFW#14367:品:ㄆㄧㄣˇ;3up:DFPBiaoKai-W5-ZhuIn-BFW#14364:拼:ㄆㄧㄣ;3up:DFPBiaoKai-W5-ZhuIn-BFW#14362:片:ㄆㄧㄢˋ;3down:DFPBiaoKai-W5-ZhuIn-BFW#14369:平:ㄆㄧㄥˊ;3down:DFPBiaoKai-W5-ZhuIn-BFW#14362:片:ㄆㄧㄢˋ;3down:DFPBiaoKai-W5-ZhuIn-BFW#14367:品:ㄆㄧㄣˇ;3down:DFPBiaoKai-W5-ZhuIn-BFW#14360:偏:ㄆㄧㄢ;3down:DFPBiaoKai-W5-ZhuIn-BFW#14356:漂:ㄆㄧㄠ,static full-data audit + key LOO + cross-book holdout; support>=2,exact vertical-group outline signature; no fuzzy
symbol,cf7ffdb4c521bb9a3683970c49eb9afa9a72da14,ㄆ,5,2,3up:DFPYuanW5-ZhuIn-BFW#14368:品:ㄆㄧㄣˇ;3up:DFPYuanW5-ZhuIn-BFW#14370:平:ㄆㄧㄥˊ;3up:DFPYuanW5-PoIn1-BFW#14362:便:ㄆㄧㄢˊ;3up:DFPYuanW5-ZhuIn-BFW#14366:頻:ㄆㄧㄣˊ;3up:DFPYuanW5-ZhuIn-BFW#14361:偏:ㄆㄧㄢ,static full-data audit + key LOO + cross-book holdout; support>=2,exact vertical-group outline signature; no fuzzy
symbol,e78be21653b675b041057ee7be30b49123c65423,ㄆ,4,1,3up:DFPBiaoKai-W5-ZhuIn-BFW#14317:破:ㄆㄛˋ;3up:DFPBiaoKai-W5-ZhuIn-BFW#14315:坡:ㄆㄛ;3down:DFPBiaoKai-W5-ZhuIn-BFW#14317:破:ㄆㄛˋ;3down:DFPBiaoKai-W5-ZhuIn-BFW#14315:坡:ㄆㄛ,static full-data audit + key LOO + cross-book holdout; support>=2,exact vertical-group outline signature; no fuzzy
symbol,fc882023d819c38df1d401e00bfc87f3e356caaa,ㄆ,3,1,3up:DFPBiaoKai-W5-ZhuIn-BFW#14335:盤:ㄆㄢˊ;3up:DFPBiaoKai-W5-ZhuIn-BFW#14336:判:ㄆㄢˋ;3down:DFPBiaoKai-W5-ZhuIn-BFW#14336:盼:ㄆㄢˋ,static full-data audit + key LOO + cross-book holdout; support>=2,exact vertical-group outline signature; no fuzzy
symbol,08189fdab9a16a32e55d9e9cbecef3e3e5bbc79b,ㄇ,2,1,3up:DFPBiaoKai-W5-ZhuIn-BFW#14436:拇:ㄇㄨˇ;3down:DFPBiaoKai-W5-ZhuIn-BFW#14436:母:ㄇㄨˇ,static full-data audit + key LOO + cross-book holdout; support>=2,exact vertical-group outline signature; no fuzzy
symbol,3b995b0ca376d007b78f3146a3b09b4022fd4560,ㄇ,30,1,3up:DFPBiaoKai-W5-ZhuIn-BFW#14412:夢:ㄇㄥˋ;3up:DFPBiaoKai-W5-ZhuIn-BFW#14392:每:ㄇㄟˇ;3up:DFPBiaoKai-W5-ZhuIn-BFW#14408:忙:ㄇㄤˊ;3up:DFPBiaoKai-W5-ZhuIn-BFW#14376:媽:ㄇㄚ;3up:DFPBiaoKai-W5-ZhuIn-BFW#14389:買:ㄇㄞˇ;3up:DFPBiaoKai-W5-ZhuIn-BFW#14395:貌:ㄇㄠˋ;3up:DFPBiaoKai-W5-ZhuIn-BFW#14383:摩:ㄇㄛˊ;3up:DFPBiaoKai-W5-ZhuIn-BFW#14405:門:ㄇㄣˊ;3up:DFPBiaoKai-W5-ZhuIn-BFW#14388:麥:ㄇㄞˋ;3up:DFPBiaoKai-W5-ZhuIn-BFW#14390:沒:ㄇㄟˊ;3up:DFPBiaoKai-W5-ZhuIn-BFW#14400:饅:ㄇㄢˊ;3up:DFPBiaoKai-W5-ZhuIn-BFW#14417:米:ㄇㄧˇ,static full-data audit + key LOO + cross-book holdout; support>=2,exact vertical-group outline signature; no fuzzy
symbol,47b4dec6e1f14d09ce8bbb1e2cf9cca4880f50d9,ㄇ,15,2,3up:DFPYuanW5-ZhuIn-BFW#14389:麥:ㄇㄞˋ;3up:DFPYuanW5-ZhuIn-BFW#14436:目:ㄇㄨˋ;3up:DFPYuanW5-ZhuIn-BFW#14387:麼:˙ㄇㄜ;3up:DFPYuanW5-ZhuIn-BFW#14391:沒:ㄇㄟˊ;3up:DFPYuanW5-ZhuIn-BFW#14380:罵:ㄇㄚˋ;3up:DFPYuanW5-ZhuIn-BFW#14378:嗎:˙ㄇㄚ;3up:DFPYuanW5-ZhuIn-BFW#14385:沫:ㄇㄛˋ;3up:DFPYuanW5-PoIn1-BFW#14405:們:˙ㄇㄣ;3up:DFPYuanW5-ZhuIn-BFW#14393:每:ㄇㄟˇ;3up:DFPYuanW5-ZhuIn-BFW#14406:門:ㄇㄣˊ;3up:DFPYuanW5-ZhuIn-BFW#14409:芒:ㄇㄤˊ;3up:DFPYuanW5-ZhuIn-BFW#14384:模:ㄇㄛˊ,static full-data audit + key LOO + cross-book holdout; support>=2,exact vertical-group outline signature; no fuzzy
symbol,51cb0cc2b8d92db5db249a270b80d67f3945f733,ㄇ,37,8,3down:YenRoundZuinnEG-Md#14274:嗎:˙ㄇㄚ;3down:YenRoundZuinnEG-Md#14303:們:˙ㄇㄣ;3down:YenRoundZuinnEG-Md#14335:目:ㄇㄨˋ;3down:ZhuYinNREG-Md#14335:目:ㄇㄨˋ;3down:YenRoundZuinnEG-Bd#14319:妙:ㄇㄧㄠˋ;3down:YenRoundZuinnEG-Bd#14288:沒:ㄇㄟˊ;3down:YenRoundZuinnEG-Bd#14275:麻:ㄇㄚˊ;3down:YenRoundZuinnEG-Bd#14292:毛:ㄇㄠˊ;3down:YenRoundZuinnEG-Bd#14304:門:ㄇㄣˊ;3down:YenRoundZuinnEG-Md#14280:摩:ㄇㄛˊ;3down:YenRoundZuinnEG-Md#14292:毛:ㄇㄠˊ;3down:YenRoundZuinnEG-Bd#14278:摸:ㄇㄛ,static full-data audit + key LOO + cross-book holdout; support>=2,exact vertical-group outline signature; no fuzzy
symbol,6dbbdaa4cb1e52a32672958c8d693ecb8d0b5297,ㄇ,3,1,3up:DFPBiaoKai-W5-ZhuIn-BFW#14378:麻:ㄇㄚˊ;3down:DFPBiaoKai-W5-ZhuIn-BFW#14378:麻:ㄇㄚˊ;3down:DFPBiaoKai-W5-ZhuIn-BFW#14379:罵:ㄇㄚˋ,static full-data audit + key LOO + cross-book holdout; support>=2,exact vertical-group outline signature; no fuzzy
symbol,81d738a0c7f42ec1a8f8e44a2a3e3c73857437f8,ㄇ,4,3,3up:n@dW5@#14377:媽:˙ㄇㄚ;3up:DFPBiaoKai-W5-ZhuIn-BFW#14377:嗎:˙ㄇㄚ;3down:DFPBiaoKai-W5-PoIn1-BFW#14377:媽:˙ㄇㄚ;3down:DFPBiaoKai-W5-ZhuIn-BFW#14377:嗎:˙ㄇㄚ,static full-data audit + key LOO + cross-book holdout; support>=2,exact vertical-group outline signature; no fuzzy
symbol,9e286f8bc2f20fa48c8bb981a9bf0365d81000f6,ㄇ,2,1,3up:DFPBiaoKai-W5-ZhuIn-BFW#14427:面:ㄇㄧㄢˋ;3down:DFPBiaoKai-W5-ZhuIn-BFW#14427:面:ㄇㄧㄢˋ,static full-data audit + key LOO + cross-book holdout; support>=2,exact vertical-group outline signature; no fuzzy
symbol,a150d75873780ae8a31ddd0dd87916ed49f46f7c,ㄇ,17,1,3up:DFPBiaoKai-W5-ZhuIn-BFW#14422:妙:ㄇㄧㄠˋ;3up:DFPBiaoKai-W5-ZhuIn-BFW#14429:民:ㄇㄧㄣˊ;3up:DFPBiaoKai-W5-ZhuIn-BFW#14431:名:ㄇㄧㄥˊ;3up:DFPBiaoKai-W5-ZhuIn-BFW#14428:免:ㄇㄧㄢˇ;3up:DFPBiaoKai-W5-ZhuIn-BFW#14421:苗:ㄇㄧㄠˊ;3up:DFPBiaoKai-W5-ZhuIn-BFW#14430:敏:ㄇㄧㄣˇ;3up:DFPBiaoKai-W5-ZhuIn-BFW#14432:命:ㄇㄧㄥˋ;3up:DFPBiaoKai-W5-ZhuIn-BFW#14423:秒:ㄇㄧㄠˇ;3up:DFPBiaoKai-W5-ZhuIn-BFW#14419:滅:ㄇㄧㄝˋ;3down:DFPBiaoKai-W5-ZhuIn-BFW#14426:眠:ㄇㄧㄢˊ;3down:DFPBiaoKai-W5-ZhuIn-BFW#14431:明:ㄇㄧㄥˊ;3down:DFPBiaoKai-W5-ZhuIn-BFW#14432:命:ㄇㄧㄥˋ,static full-data audit + key LOO + cross-book holdout; support>=2,exact vertical-group outline signature; no fuzzy
symbol,da5276101730ab5c2fc18707d1a57565d728641f,ㄇ,8,1,3up:DFPYuanW5-ZhuIn-BFW#14432:名:ㄇㄧㄥˊ;3up:DFPYuanW5-ZhuIn-BFW#14428:面:ㄇㄧㄢˋ;3up:DFPYuanW5-ZhuIn-BFW#14429:免:ㄇㄧㄢˇ;3up:DFPYuanW5-ZhuIn-BFW#14430:民:ㄇㄧㄣˊ;3up:DFPYuanW5-ZhuIn-BFW#14422:瞄:ㄇㄧㄠˊ;3up:DFPYuanW5-ZhuIn-BFW#14424:秒:ㄇㄧㄠˇ;3up:DFPYuanW5-ZhuIn-BFW#14433:命:ㄇㄧㄥˋ;3up:DFPYuanW5-ZhuIn-BFW#14420:滅:ㄇㄧㄝˋ,static full-data audit + key LOO + cross-book holdout; support>=2,exact vertical-group outline signature; no fuzzy
symbol,e94b8b7960b45726f48b2881061299a4f564e53d,ㄇ,5,3,3up:DFPBiaoKai-W5-ZhuIn-BFW#14404:們:˙ㄇㄣ;3up:DFPBiaoKai-W5-PoIn1-BFW#14386:麼:˙ㄇㄜ;3up:n@dW5@#14386:麼:˙ㄇㄜ;3down:DFPBiaoKai-W5-PoIn1-BFW#14386:麼:˙ㄇㄜ;3down:DFPBiaoKai-W5-ZhuIn-BFW#14404:們:˙ㄇㄣ,static full-data audit + key LOO + cross-book holdout; support>=2,exact vertical-group outline signature; no fuzzy
symbol,eae96d50ac13e4c45cadf65edb98adc13d3c3521,ㄇ,2,1,3up:DFPBiaoKai-W5-ZhuIn-BFW#14394:毛:ㄇㄠˊ;3down:DFPBiaoKai-W5-ZhuIn-BFW#14394:毛:ㄇㄠˊ,static full-data audit + key LOO + cross-book holdout; support>=2,exact vertical-group outline signature; no fuzzy
symbol,4008f0c0bf0bf5cc82ceb804cff7d8696ffdfaf0,ㄈ,2,2,3up:DFHeiChuIn-Bd-BPMW-BF#14500:份:ㄈㄣˋ;3up:DFHeiPoIn1-Bd-BPMW-BF#14500:分:ㄈㄣˋ,static full-data audit + key LOO + cross-book holdout; support>=2,exact vertical-group outline signature; no fuzzy
symbol,48642d3089c270c2c6116b672268c574856a4122,ㄈ,38,3,3up:DFPBiaoKai-W5-ZhuIn-BFW#14469:服:ㄈㄨˊ;3up:DFPBiaoKai-W5-ZhuIn-BFW#14437:發:ㄈㄚ;3up:DFPBiaoKai-W5-ZhuIn-BFW#14459:方:ㄈㄤ;3up:DFPBiaoKai-W5-ZhuIn-BFW#14440:法:ㄈㄚˇ;3up:DFPBiaoKai-W5-ZhuIn-BFW#14470:附:ㄈㄨˋ;3up:DFPBiaoKai-W5-ZhuIn-BFW#14443:非:ㄈㄟ;3up:DFPBiaoKai-W5-ZhuIn-BFW#14461:放:ㄈㄤˋ;3up:DFPBiaoKai-W5-ZhuIn-BFW#14471:腐:ㄈㄨˇ;3up:DFPBiaoKai-W5-PoIn1-BFW#14457:分:ㄈㄣˋ;3up:DFPBiaoKai-W5-ZhuIn-BFW#14450:否:ㄈㄡˇ;3up:DFPBiaoKai-W5-ZhuIn-BFW#14454:反:ㄈㄢˇ;3up:n@dW5@#14457:分:ㄈㄣˋ,static full-data audit + key LOO + cross-book holdout; support>=2,exact vertical-group outline signature; no fuzzy
symbol,5fe2d2a3645b21581b565a75c1a3d0cfa1b12a68,ㄈ,2,1,3up:DFPBiaoKai-W5-ZhuIn-BFW#14452:煩:ㄈㄢˊ;3down:DFPBiaoKai-W5-ZhuIn-BFW#14452:煩:ㄈㄢˊ,static full-data audit + key LOO + cross-book holdout; support>=2,exact vertical-group outline signature; no fuzzy
symbol,88e5d1cb123d86ee6b4b9dfef1075c3222160b2f,ㄈ,2,1,3up:DFPBiaoKai-W5-ZhuIn-BFW#14455:分:ㄈㄣ;3down:DFPBiaoKai-W5-ZhuIn-BFW#14455:氛:ㄈㄣ,static full-data audit + key LOO + cross-book holdout; support>=2,exact vertical-group outline signature; no fuzzy
symbol,ba690eae1fcccec05896a4c23fab77afd6b83f79,ㄈ,18,2,3up:DFPYuanW5-ZhuIn-BFW#14470:服:ㄈㄨˊ;3up:DFPYuanW5-ZhuIn-BFW#14460:方:ㄈㄤ;3up:DFPYuanW5-ZhuIn-BFW#14441:法:ㄈㄚˇ;3up:DFPYuanW5-ZhuIn-BFW#14456:分:ㄈㄣ;3up:DFPYuanW5-PoIn1-BFW#14458:分:ㄈㄣˋ;3up:DFPYuanW5-ZhuIn-BFW#14438:發:ㄈㄚ;3up:DFPYuanW5-ZhuIn-BFW#14455:反:ㄈㄢˇ;3up:DFPYuanW5-ZhuIn-BFW#14471:腹:ㄈㄨˋ;3up:DFPYuanW5-ZhuIn-BFW#14444:飛:ㄈㄟ;3up:DFPYuanW5-ZhuIn-BFW#14461:防:ㄈㄤˊ;3up:DFPYuanW5-ZhuIn-BFW#14445:肥:ㄈㄟˊ;3up:DFPYuanW5-ZhuIn-BFW#14446:沸:ㄈㄟˋ,static full-data audit + key LOO + cross-book holdout; support>=2,exact vertical-group outline signature; no fuzzy
symbol,e944c538ab5b1f98de96e29885458cc5c2c49b38,ㄈ,32,8,3down:YenRoundZuinnEG-Md#14336:發:ㄈㄚ;3down:YenRoundZuinnEG-Bd#14371:服:ㄈㄨˊ;3down:YenRoundZuinnEG-Bd#14351:煩:ㄈㄢˊ;3down:YenRoundZuinnEG-Bd#14360:防:ㄈㄤˊ;3down:YenRoundZuinnEG-Bd#14354:分:ㄈㄣ;3down:YenRoundZuinnEG-Bd#14350:翻:ㄈㄢ;3down:YenRoundZuinnEG-Bd#14342:飛:ㄈㄟ;3down:YenRoundZuinn2EG-Bd#14370:夫:˙ㄈㄨ;3down:YenRoundZuinnEG-Md#14359:方:ㄈㄤ;3down:YenRoundZuinnEG-Md#14352:反:ㄈㄢˇ;3down:YenRoundZuinnEG-Md#14371:福:ㄈㄨˊ;3down:YenRoundZuinnEG-Md#14354:分:ㄈㄣ,static full-data audit + key LOO + cross-book holdout; support>=2,exact vertical-group outline signature; no fuzzy
symbol,071dbdbeadaf57400d6c2fa546fb4f47e7d78d3b,ㄉ,3,2,3up:DFHeiChuIn-Bd-BPMW-BF#14529:到:ㄉㄠˋ;3up:DFHeiPoIn1-Bd-BPMW-BF#14538:當:ㄉㄤˋ;3up:DFHeiPoIn1-Bd-BPMW-BF#14529:倒:ㄉㄠˋ,static full-data audit + key LOO + cross-book holdout; support>=2,exact vertical-group outline signature; no fuzzy
symbol,284c1612caf97b2c7088eedb0b010c0b74177f57,ㄉ,23,2,3up:DFPYuanW5-ZhuIn-BFW#14490:荳:ㄉㄡˋ;3up:DFPYuanW5-ZhuIn-BFW#14489:都:ㄉㄡ;3up:DFPYuanW5-ZhuIn-BFW#14480:的:˙ㄉㄜ;3up:DFPYuanW5-ZhuIn-BFW#14503:第:ㄉㄧˋ;3up:DFPYuanW5-ZhuIn-BFW#14476:達:ㄉㄚˊ;3up:DFPYuanW5-ZhuIn-BFW#14487:到:ㄉㄠˋ;3up:DFPYuanW5-ZhuIn-BFW#14495:當:ㄉㄤ;3up:DFPYuanW5-PoIn1-BFW#14480:得:˙ㄉㄜ;3up:DFPYuanW5-ZhuIn-BFW#14483:帶:ㄉㄞˋ;3up:DFPYuanW5-ZhuIn-BFW#14519:毒:ㄉㄨˊ;3up:DFPYuanW5-ZhuIn-BFW#14488:導:ㄉㄠˇ;3up:DFPYuanW5-ZhuIn-BFW#14504:底:ㄉㄧˇ,static full-data audit + key LOO + cross-book holdout; support>=2,exact vertical-group outline signature; no fuzzy
symbol,35e9af547f66032c962309e6cda1a332f0144ab7,ㄉ,2,2,3up:DFHeiChuIn-Bd-BPMW-BF#14522:的:˙ㄉㄜ;3up:DFHeiPoIn1-Bd-BPMW-BF#14522:得:˙ㄉㄜ,static full-data audit + key LOO + cross-book holdout; support>=2,exact vertical-group outline signature; no fuzzy
symbol,5070230651ee6b8aae1b1557fbed0dae070b651f,ㄉ,46,3,3up:DFPBiaoKai-W5-ZhuIn-BFW#14489:荳:ㄉㄡˋ;3up:DFPBiaoKai-W5-ZhuIn-BFW#14486:到:ㄉㄠˋ;3up:DFPBiaoKai-W5-ZhuIn-BFW#14519:度:ㄉㄨˋ;3up:DFPBiaoKai-W5-ZhuIn-BFW#14494:當:ㄉㄤ;3up:DFPBiaoKai-W5-ZhuIn-BFW#14488:都:ㄉㄡ;3up:DFPBiaoKai-W5-ZhuIn-BFW#14482:帶:ㄉㄞˋ;3up:DFPBiaoKai-W5-ZhuIn-BFW#14477:打:ㄉㄚˇ;3up:DFPBiaoKai-W5-ZhuIn-BFW#14476:大:ㄉㄚˋ;3up:DFPBiaoKai-W5-ZhuIn-BFW#14487:導:ㄉㄠˇ;3up:DFPBiaoKai-W5-ZhuIn-BFW#14502:地:ㄉㄧˋ;3up:DFPBiaoKai-W5-ZhuIn-BFW#14492:蛋:ㄉㄢˋ;3up:DFPBiaoKai-W5-ZhuIn-BFW#14499:等:ㄉㄥˇ,static full-data audit + key LOO + cross-book holdout; support>=2,exact vertical-group outline signature; no fuzzy
symbol,6685921852811a3821f22b799c090a1598741801,ㄉ,12,1,3up:DFPBiaoKai-W5-ZhuIn-BFW#14513:點:ㄉㄧㄢˇ;3up:DFPBiaoKai-W5-ZhuIn-BFW#14515:定:ㄉㄧㄥˋ;3up:DFPBiaoKai-W5-ZhuIn-BFW#14512:墊:ㄉㄧㄢˋ;3up:DFPBiaoKai-W5-ZhuIn-BFW#14508:掉:ㄉㄧㄠˋ;3up:DFPBiaoKai-W5-ZhuIn-BFW#14506:跌:ㄉㄧㄝˊ;3up:DFPBiaoKai-W5-ZhuIn-BFW#14510:丟:ㄉㄧㄡ;3up:DFPBiaoKai-W5-ZhuIn-BFW#14514:叮:ㄉㄧㄥ;3up:DFPBiaoKai-W5-ZhuIn-BFW#14535:懂:ㄉㄨㄥˇ;3down:DFPBiaoKai-W5-ZhuIn-BFW#14515:定:ㄉㄧㄥˋ;3down:DFPBiaoKai-W5-ZhuIn-BFW#14513:點:ㄉㄧㄢˇ;3down:DFPBiaoKai-W5-ZhuIn-BFW#14512:電:ㄉㄧㄢˋ;3down:DFPBiaoKai-W5-ZhuIn-BFW#14510:丟:ㄉㄧㄡ,static full-data audit + key LOO + cross-book holdout; support>=2,exact vertical-group outline signature; no fuzzy
symbol,ad89990fdfc3f9743374ba7330cbca3a8741aab3,ㄉ,5,3,3up:DFPBiaoKai-W5-ZhuIn-BFW#14479:的:˙ㄉㄜ;3up:n@dW5@#14479:得:˙ㄉㄜ;3up:DFPBiaoKai-W5-PoIn1-BFW#14479:得:˙ㄉㄜ;3down:DFPBiaoKai-W5-ZhuIn-BFW#14479:的:˙ㄉㄜ;3down:DFPBiaoKai-W5-PoIn1-BFW#14479:得:˙ㄉㄜ,static full-data audit + key LOO + cross-book holdout; support>=2,exact vertical-group outline signature; no fuzzy
symbol,e0a8d695ef8abb615afdbbd1987e380e1cd5a181,ㄉ,63,7,3down:YenRoundZuinnEG-Md#14437:動:ㄉㄨㄥˋ;3down:YenRoundZuinnEG-Md#14379:的:˙ㄉㄜ;3down:YenRoundZuinn1EG-Md#14379:得:˙ㄉㄜ;3down:YenRoundZuinnEG-Md#14428:隊:ㄉㄨㄟˋ;3down:YenRoundZuinnEG-Md#14425:躲:ㄉㄨㄛˇ;3down:YenRoundZuinnEG-Md#14399:等:ㄉㄥˇ;3down:YenRoundZuinnEG-Bd#14420:第:ㄉㄧˋ;3down:YenRoundZuinnEG-Bd#14379:的:˙ㄉㄜ;3down:YenRoundZuinnEG-Bd#14378:大:ㄉㄚˋ;3down:YenRoundZuinnEG-Bd#14376:達:ㄉㄚˊ;3down:YenRoundZuinnEG-Bd#14437:動:ㄉㄨㄥˋ;3down:YenRoundZuinnEG-Bd#14409:丟:ㄉㄧㄡ,static full-data audit + key LOO + cross-book holdout; support>=2,exact vertical-group outline signature; no fuzzy
symbol,e9bdf8b091c8e3b73677aaee1e562456656c0f85,ㄉ,20,1,3up:DFPBiaoKai-W5-ZhuIn-BFW#14529:短:ㄉㄨㄢˇ;3up:DFPBiaoKai-W5-ZhuIn-BFW#14528:段:ㄉㄨㄢˋ;3up:DFPBiaoKai-W5-ZhuIn-BFW#14526:對:ㄉㄨㄟˋ;3up:DFPBiaoKai-W5-ZhuIn-BFW#14521:多:ㄉㄨㄛ;3up:DFPBiaoKai-W5-ZhuIn-BFW#14534:動:ㄉㄨㄥˋ;3up:DFPBiaoKai-W5-ZhuIn-BFW#14524:躲:ㄉㄨㄛˇ;3up:DFPBiaoKai-W5-ZhuIn-BFW#14530:蹲:ㄉㄨㄣ;3up:DFPBiaoKai-W5-ZhuIn-BFW#14533:東:ㄉㄨㄥ;3up:DFPBiaoKai-W5-ZhuIn-BFW#14525:堆:ㄉㄨㄟ;3up:DFPBiaoKai-W5-ZhuIn-BFW#14527:端:ㄉㄨㄢ;3down:DFPBiaoKai-W5-ZhuIn-BFW#14533:東:ㄉㄨㄥ;3down:DFPBiaoKai-W5-ZhuIn-BFW#14521:多:ㄉㄨㄛ,static full-data audit + key LOO + cross-book holdout; support>=2,exact vertical-group outline signature; no fuzzy
symbol,fac5580e391b2900257a42bbeb06e859b62195da,ㄉ,14,1,3up:DFPYuanW5-ZhuIn-BFW#14522:多:ㄉㄨㄛ;3up:DFPYuanW5-ZhuIn-BFW#14530:短:ㄉㄨㄢˇ;3up:DFPYuanW5-ZhuIn-BFW#14527:對:ㄉㄨㄟˋ;3up:DFPYuanW5-ZhuIn-BFW#14535:動:ㄉㄨㄥˋ;3up:DFPYuanW5-ZhuIn-BFW#14511:丟:ㄉㄧㄡ;3up:DFPYuanW5-ZhuIn-BFW#14536:懂:ㄉㄨㄥˇ;3up:DFPYuanW5-ZhuIn-BFW#14516:定:ㄉㄧㄥˋ;3up:DFPYuanW5-ZhuIn-BFW#14514:碘:ㄉㄧㄢˇ;3up:DFPYuanW5-ZhuIn-BFW#14515:丁:ㄉㄧㄥ;3up:DFPYuanW5-ZhuIn-BFW#14513:墊:ㄉㄧㄢˋ;3up:DFPYuanW5-ZhuIn-BFW#14531:蹲:ㄉㄨㄣ;3up:DFPYuanW5-ZhuIn-BFW#14517:頂:ㄉㄧㄥˇ,static full-data audit + key LOO + cross-book holdout; support>=2,exact vertical-group outline signature; no fuzzy
symbol,23119390fedb5d64d723d2304a1f433cf38c2bd1,ㄊ,18,2,3up:DFPYuanW5-ZhuIn-BFW#14566:體:ㄊㄧˇ;3up:DFPYuanW5-ZhuIn-BFW#14544:太:ㄊㄞˋ;3up:DFPYuanW5-ZhuIn-BFW#14541:特:ㄊㄜˋ;3up:DFPYuanW5-ZhuIn-BFW#14548:討:ㄊㄠˇ;3up:DFPYuanW5-ZhuIn-BFW#14537:他:ㄊㄚ;3up:DFPYuanW5-ZhuIn-BFW#14564:提:ㄊㄧˊ;3up:DFPYuanW5-ZhuIn-BFW#14583:圖:ㄊㄨˊ;3up:DFPYuanW5-PoIn1-BFW#14584:吐:ㄊㄨˋ;3up:DFPYuanW5-ZhuIn-BFW#14547:套:ㄊㄠˋ;3up:DFPYuanW5-ZhuIn-BFW#14556:碳:ㄊㄢˋ;3up:DFPYuanW5-ZhuIn-BFW#14559:醣:ㄊㄤˊ;3up:DFPYuanW5-PoIn1-BFW#14550:頭:˙ㄊㄡ,static full-data audit + key LOO + cross-book holdout; support>=2,exact vertical-group outline signature; no fuzzy
symbol,3aeb53a8e568bf52751a8c0a914a1f1c428b0041,ㄊ,19,3,3up:DFPBiaoKai-W5-ZhuIn-BFW#14573:天:ㄊㄧㄢ;3up:DFPBiaoKai-W5-PoIn1-BFW#14572:挑:ㄊㄧㄠˇ;3up:n@dW5@#14572:挑:ㄊㄧㄠˇ;3up:DFPBiaoKai-W5-ZhuIn-BFW#14574:填:ㄊㄧㄢˊ;3up:n@dW5@#14570:調:ㄊㄧㄠˊ;3up:DFPBiaoKai-W5-ZhuIn-BFW#14571:跳:ㄊㄧㄠˋ;3up:DFPBiaoKai-W5-ZhuIn-BFW#14580:挺:ㄊㄧㄥˇ;3up:DFPBiaoKai-W5-ZhuIn-BFW#14577:聽:ㄊㄧㄥ;3up:DFPBiaoKai-W5-PoIn1-BFW#14570:調:ㄊㄧㄠˊ;3up:DFPBiaoKai-W5-ZhuIn-BFW#14578:停:ㄊㄧㄥˊ;3down:DFPBiaoKai-W5-ZhuIn-BFW#14570:條:ㄊㄧㄠˊ;3down:DFPBiaoKai-W5-ZhuIn-BFW#14566:貼:ㄊㄧㄝ,static full-data audit + key LOO + cross-book holdout; support>=2,exact vertical-group outline signature; no fuzzy
symbol,3c24563d2a51d0a4c9b5212c7e28086691936fb2,ㄊ,15,1,3up:DFPBiaoKai-W5-ZhuIn-BFW#14602:同:ㄊㄨㄥˊ;3up:DFPBiaoKai-W5-ZhuIn-BFW#14603:痛:ㄊㄨㄥˋ;3up:DFPBiaoKai-W5-ZhuIn-BFW#14601:通:ㄊㄨㄥ;3up:DFPBiaoKai-W5-ZhuIn-BFW#14604:統:ㄊㄨㄥˇ;3up:DFPBiaoKai-W5-ZhuIn-BFW#14585:托:ㄊㄨㄛ;3up:DFPBiaoKai-W5-ZhuIn-BFW#14589:推:ㄊㄨㄟ;3up:DFPBiaoKai-W5-ZhuIn-BFW#14592:腿:ㄊㄨㄟˇ;3down:DFPBiaoKai-W5-ZhuIn-BFW#14602:同:ㄊㄨㄥˊ;3down:DFPBiaoKai-W5-ZhuIn-BFW#14604:統:ㄊㄨㄥˇ;3down:DFPBiaoKai-W5-ZhuIn-BFW#14591:退:ㄊㄨㄟˋ;3down:DFPBiaoKai-W5-ZhuIn-BFW#14603:痛:ㄊㄨㄥˋ;3down:DFPBiaoKai-W5-ZhuIn-BFW#14601:通:ㄊㄨㄥ,static full-data audit + key LOO + cross-book holdout; support>=2,exact vertical-group outline signature; no fuzzy
symbol,6c7be5932f387e842b64973290a6f74853ee3583,ㄊ,12,2,3up:DFPYuanW5-ZhuIn-BFW#14603:同:ㄊㄨㄥˊ;3up:DFPYuanW5-ZhuIn-BFW#14574:天:ㄊㄧㄢ;3up:DFPYuanW5-ZhuIn-BFW#14590:推:ㄊㄨㄟ;3up:DFPYuanW5-ZhuIn-BFW#14578:聽:ㄊㄧㄥ;3up:DFPYuanW5-ZhuIn-BFW#14602:通:ㄊㄨㄥ;3up:DFPYuanW5-ZhuIn-BFW#14579:停:ㄊㄧㄥˊ;3up:DFPYuanW5-ZhuIn-BFW#14569:鐵:ㄊㄧㄝˇ;3up:DFPYuanW5-ZhuIn-BFW#14575:填:ㄊㄧㄢˊ;3up:DFPYuanW5-ZhuIn-BFW#14567:貼:ㄊㄧㄝ;3up:DFPYuanW5-ZhuIn-BFW#14572:跳:ㄊㄧㄠˋ;3up:DFPYuanW5-PoIn1-BFW#14573:挑:ㄊㄧㄠˇ;3up:DFPYuanW5-ZhuIn-BFW#14592:退:ㄊㄨㄟˋ,static full-data audit + key LOO + cross-book holdout; support>=2,exact vertical-group outline signature; no fuzzy
symbol,8665779f0ce2e9c41d7981fc36aeae77978e8378,ㄊ,38,6,3down:YenRoundZuinnEG-Md#14499:團:ㄊㄨㄢˊ;3down:YenRoundZuinnEG-Md#14487:體:ㄊㄧˇ;3down:YenRoundZuinnEG-Md#14477:跳:ㄊㄧㄠˋ;3down:YenRoundZuinnEG-Bd#14487:體:ㄊㄧˇ;3down:YenRoundZuinnEG-Bd#14496:腿:ㄊㄨㄟˇ;3down:YenRoundZuinnEG-Bd#14507:同:ㄊㄨㄥˊ;3down:YenRoundZuinnEG-Md#14478:天:ㄊㄧㄢ;3down:YenRoundZuinnEG-Md#14441:他:ㄊㄚ;3down:YenRoundZuinnEG-Md#14446:胎:ㄊㄞ;3down:YenRoundZuinnEG-Md#14453:套:ㄊㄠˋ;3down:YenRoundZuinnEG-Bd#14509:痛:ㄊㄨㄥˋ;3down:YenRoundZuinnEG-Bd#14483:庭:ㄊㄧㄥˊ,static full-data audit + key LOO + cross-book holdout; support>=2,exact vertical-group outline signature; no fuzzy
symbol,926c02794779335279ebc9a941ab5c023525ab7c,ㄊ,2,2,3up:DFPBiaoKai-W5-PoIn1-BFW#14549:頭:˙ㄊㄡ;3up:n@dW5@#14549:頭:˙ㄊㄡ,static full-data audit + key LOO + cross-book holdout; support>=2,exact vertical-group outline signature; no fuzzy
symbol,a8fba890302129450257c46c7263c313fa735881,ㄊ,2,1,3up:DFPBiaoKai-W5-ZhuIn-BFW#14540:特:ㄊㄜˋ;3down:DFPBiaoKai-W5-ZhuIn-BFW#14540:特:ㄊㄜˋ,static full-data audit + key LOO + cross-book holdout; support>=2,exact vertical-group outline signature; no fuzzy
symbol,bb9467da8ede7c2073559d63c81dd01acfa5c7f1,ㄊ,32,3,3up:DFPBiaoKai-W5-ZhuIn-BFW#14565:體:ㄊㄧˇ;3up:DFPBiaoKai-W5-ZhuIn-BFW#14547:討:ㄊㄠˇ;3up:DFPBiaoKai-W5-ZhuIn-BFW#14536:她:ㄊㄚ;3up:DFPBiaoKai-W5-ZhuIn-BFW#14554:談:ㄊㄢˊ;3up:DFPBiaoKai-W5-ZhuIn-BFW#14543:太:ㄊㄞˋ;3up:DFPBiaoKai-W5-ZhuIn-BFW#14561:疼:ㄊㄥˊ;3up:DFPBiaoKai-W5-ZhuIn-BFW#14542:抬:ㄊㄞˊ;3up:DFPBiaoKai-W5-ZhuIn-BFW#14550:頭:ㄊㄡˊ;3up:DFPBiaoKai-W5-ZhuIn-BFW#14564:屜:ㄊㄧˋ;3up:DFPBiaoKai-W5-ZhuIn-BFW#14582:圖:ㄊㄨˊ;3up:DFPBiaoKai-W5-ZhuIn-BFW#14551:透:ㄊㄡˋ;3up:DFPBiaoKai-W5-PoIn1-BFW#14583:吐:ㄊㄨˋ,static full-data audit + key LOO + cross-book holdout; support>=2,exact vertical-group outline signature; no fuzzy
symbol,f9eaf42cf8c4acf021246b6f561480c775283056,ㄊ,2,1,3up:DFPBiaoKai-W5-ZhuIn-BFW#14537:踏:ㄊㄚˋ;3down:DFPBiaoKai-W5-ZhuIn-BFW#14537:踏:ㄊㄚˋ,static full-data audit + key LOO + cross-book holdout; support>=2,exact vertical-group outline signature; no fuzzy
symbol,183269f52f6829659ba81445362707a6c11f809f,ㄋ,18,5,3down:YenRoundZuinnEG-Md#14567:你:ㄋㄧˇ;3down:YenRoundZuinnEG-Md#14544:能:ㄋㄥˊ;3down:YenRoundZuinnEG-Bd#14516:哪:ㄋㄚˇ;3down:YenRoundZuinnEG-Bd#14530:惱:ㄋㄠˇ;3down:YenRoundZuinnEG-Bd#14567:你:ㄋㄧˇ;3down:YenRoundZuinnEG-Md#14556:年:ㄋㄧㄢˊ;3down:YenRoundZuinnEG-Md#14558:念:ㄋㄧㄢˋ;3down:YenRoundZuinnEG-Md#14541:囊:ㄋㄤˊ;3down:YenRoundZuinnEG-Md#14527:內:ㄋㄟˋ;3down:ZhuYinNREG-Md#14544:能:ㄋㄥˊ;3down:ZhuYinNREG-Md#14535:南:ㄋㄢˊ;3down:YenRoundZuinnEG-Md#14516:哪:ㄋㄚˇ,static full-data audit + key LOO + cross-book holdout; support>=2,exact vertical-group outline signature; no fuzzy
symbol,1ac05766a83d43c17a87aaf8acb0b1e1746afda0,ㄋ,11,2,3up:DFPBiaoKai-W5-ZhuIn-BFW#14648:年:ㄋㄧㄢˊ;3up:DFPBiaoKai-W5-ZhuIn-BFW#14651:您:ㄋㄧㄣˊ;3up:DFPBiaoKai-W5-ZhuIn-BFW#14665:暖:ㄋㄨㄢˇ;3up:DFPBiaoKai-W5-ZhuIn-BFW#14662:諾:ㄋㄨㄛˋ;3up:DFPBiaoKai-W5-ZhuIn-BFW#14655:嚀:ㄋㄧㄥˊ;3up:DFPBiaoKai-W5-ZhuIn-BFW#14647:扭:ㄋㄧㄡˇ;3down:DFPBiaoKai-W5-ZhuIn-BFW#14665:暖:ㄋㄨㄢˇ;3down:DFPBiaoKai-W5-ZhuIn-BFW#14648:年:ㄋㄧㄢˊ;3down:DFPBiaoKai-W5-ZhuIn-BFW#14649:念:ㄋㄧㄢˋ;3down:DFPBiaoKai-W5-PoIn1-BFW#14657:擰:ㄋㄧㄥˇ;3down:DFPBiaoKai-W5-ZhuIn-BFW#14666:濃:ㄋㄨㄥˊ,static full-data audit + key LOO + cross-book holdout; support>=2,exact vertical-group outline signature; no fuzzy
symbol,7018ee4ff664c774f0cb9269487431cbf53c58f1,ㄋ,3,2,3up:DFPBiaoKai-W5-PoIn1-BFW#15492:呢:˙ㄋㄜ;3up:n@dW5@#15492:呢:˙ㄋㄜ;3down:DFPBiaoKai-W5-PoIn1-BFW#15492:呢:˙ㄋㄜ,static full-data audit + key LOO + cross-book holdout; support>=2,exact vertical-group outline signature; no fuzzy
symbol,867cac2c5cbc2ba6a37c75229ca5c9e6d7cd81a6,ㄋ,9,1,3up:DFPYuanW5-ZhuIn-BFW#15493:呢:˙ㄋㄜ;3up:DFPYuanW5-ZhuIn-BFW#14639:你:ㄋㄧˇ;3up:DFPYuanW5-ZhuIn-BFW#14608:拿:ㄋㄚˊ;3up:DFPYuanW5-ZhuIn-BFW#14610:哪:ㄋㄚˇ;3up:DFPYuanW5-ZhuIn-BFW#14635:能:ㄋㄥˊ;3up:DFPYuanW5-ZhuIn-BFW#14626:難:ㄋㄢˊ;3up:DFPYuanW5-ZhuIn-BFW#14616:奶:ㄋㄞˇ;3up:DFPYuanW5-ZhuIn-BFW#14617:內:ㄋㄟˋ;3up:DFPYuanW5-ZhuIn-BFW#14661:努:ㄋㄨˇ,static full-data audit + key LOO + cross-book holdout; support>=2,exact vertical-group outline signature; no fuzzy
symbol,8c23a3f8ce5bb511d45e184957312b40892dba02,ㄋ,22,3,3up:DFPBiaoKai-W5-ZhuIn-BFW#14621:惱:ㄋㄠˇ;3up:DFPBiaoKai-W5-ZhuIn-BFW#14634:能:ㄋㄥˊ;3up:DFPBiaoKai-W5-ZhuIn-BFW#14638:你:ㄋㄧˇ;3up:DFPBiaoKai-W5-ZhuIn-BFW#14609:哪:ㄋㄚˇ;3up:DFPBiaoKai-W5-ZhuIn-BFW#14615:奶:ㄋㄞˇ;3up:DFPBiaoKai-W5-ZhuIn-BFW#14625:難:ㄋㄢˊ;3up:DFPBiaoKai-W5-ZhuIn-BFW#14607:拿:ㄋㄚˊ;3up:DFPBiaoKai-W5-ZhuIn-BFW#14616:內:ㄋㄟˋ;3up:DFPBiaoKai-W5-PoIn2-BFW#14606:哪:˙ㄋㄚ;3up:DFPBiaoKai-W5-ZhuIn-BFW#14660:努:ㄋㄨˇ;3down:DFPBiaoKai-W5-ZhuIn-BFW#14609:哪:ㄋㄚˇ;3down:DFPBiaoKai-W5-ZhuIn-BFW#14634:能:ㄋㄥˊ,static full-data audit + key LOO + cross-book holdout; support>=2,exact vertical-group outline signature; no fuzzy
symbol,fe63af1e458acd2f424567b1d8f47d21cd9ace85,ㄋ,5,1,3up:DFPYuanW5-ZhuIn-BFW#14666:暖:ㄋㄨㄢˇ;3up:DFPYuanW5-ZhuIn-BFW#14663:諾:ㄋㄨㄛˋ;3up:DFPYuanW5-ZhuIn-BFW#14649:年:ㄋㄧㄢˊ;3up:DFPYuanW5-ZhuIn-BFW#14667:農:ㄋㄨㄥˊ;3up:DFPYuanW5-ZhuIn-BFW#14648:扭:ㄋㄧㄡˇ,static full-data audit + key LOO + cross-book holdout; support>=2,exact vertical-group outline signature; no fuzzy
symbol,0cabbd7ccadf4b6603bbcca6269878240f44823e,ㄌ,17,2,3up:DFPYuanW5-ZhuIn-BFW#14744:倫:ㄌㄨㄣˊ;3up:DFPYuanW5-ZhuIn-BFW#14727:兩:ㄌㄧㄤˇ;3up:DFPYuanW5-ZhuIn-BFW#14717:六:ㄌㄧㄡˋ;3up:DFPYuanW5-ZhuIn-BFW#14725:良:ㄌㄧㄤˊ;3up:DFPYuanW5-ZhuIn-BFW#14741:亂:ㄌㄨㄢˋ;3up:DFPYuanW5-ZhuIn-BFW#14745:論:ㄌㄨㄣˋ;3up:DFPYuanW5-ZhuIn-BFW#14726:諒:ㄌㄧㄤˋ;3up:DFPYuanW5-ZhuIn-BFW#14737:羅:ㄌㄨㄛˊ;3up:DFPYuanW5-ZhuIn-BFW#14716:流:ㄌㄧㄡˊ;3up:DFPYuanW5-ZhuIn-BFW#14713:料:ㄌㄧㄠˋ;3up:DFPYuanW5-PoIn1-BFW#14725:量:ㄌㄧㄤˊ;3up:DFPYuanW5-ZhuIn-BFW#14722:林:ㄌㄧㄣˊ,static full-data audit + key LOO + cross-book holdout; support>=2,exact vertical-group outline signature; no fuzzy
symbol,1de491ba5de19321995db4560414c6b04e081b01,ㄌ,6,1,3up:DFPBiaoKai-W5-ZhuIn-BFW#14737:落:ㄌㄨㄛˋ;3up:DFPBiaoKai-W5-ZhuIn-BFW#14743:輪:ㄌㄨㄣˊ;3up:DFPBiaoKai-W5-ZhuIn-BFW#14736:羅:ㄌㄨㄛˊ;3up:DFPBiaoKai-W5-ZhuIn-BFW#14744:論:ㄌㄨㄣˋ;3down:DFPBiaoKai-W5-ZhuIn-BFW#14744:論:ㄌㄨㄣˋ;3down:DFPBiaoKai-W5-ZhuIn-BFW#14748:攏:ㄌㄨㄥˇ,static full-data audit + key LOO + cross-book holdout; support>=2,exact vertical-group outline signature; no fuzzy
symbol,4783f06d0d0d076156f5cbebdd0103af992e2aa7,ㄌ,46,9,3down:YenRoundZuinn1EG-Md#14628:了:ㄌㄧㄠˇ;3down:YenRoundZuinnEG-Md#14650:歷:ㄌㄧˋ;3down:YenRoundZuinnEG-Md#14590:了:˙ㄌㄜ;3down:YenRoundZuinnEG-Md#14592:來:ㄌㄞˊ;3down:YenRoundZuinnEG-Bd#14633:六:ㄌㄧㄡˋ;3down:YenRoundZuinnEG-Bd#14649:裡:ㄌㄧˇ;3down:YenRoundZuinnEG-Bd#14592:來:ㄌㄞˊ;3down:YenRoundZuinnEG-Bd#14591:垃:ㄌㄜˋ;3down:YenRoundZuinnEG-Bd#14597:類:ㄌㄟˋ;3down:YenRoundZuinnEG-Bd#14650:力:ㄌㄧˋ;3down:YenRoundZuinn1EG-Bd#14642:量:ㄌㄧㄤˋ;3down:YenRoundZuinnEG-Md#14627:聊:ㄌㄧㄠˊ,static full-data audit + key LOO + cross-book holdout; support>=2,exact vertical-group outline signature; no fuzzy
symbol,4bca204ec8c5a60491520ba9c37b598b8bbd7e78,ㄌ,12,2,3up:DFPYuanW5-ZhuIn-BFW#14678:了:˙ㄌㄜ;3up:DFPYuanW5-ZhuIn-BFW#14689:老:ㄌㄠˇ;3up:DFPYuanW5-ZhuIn-BFW#14679:垃:ㄌㄜˋ;3up:DFPYuanW5-ZhuIn-BFW#14680:來:ㄌㄞˊ;3up:DFPYuanW5-ZhuIn-BFW#14705:力:ㄌㄧˋ;3up:DFPYuanW5-ZhuIn-BFW#14706:理:ㄌㄧˇ;3up:DFPYuanW5-ZhuIn-BFW#14684:類:ㄌㄟˋ;3up:DFPYuanW5-ZhuIn-BFW#14693:籃:ㄌㄢˊ;3up:DFPYuanW5-PoIn1-BFW#14751:率:ㄌㄩˋ;3up:DFPYuanW5-ZhuIn-BFW#14734:錄:ㄌㄨˋ;3up:DFPYuanW5-ZhuIn-BFW#14704:離:ㄌㄧˊ;3up:DFPYuanW5-ZhuIn-BFW#14672:拉:ㄌㄚ,static full-data audit + key LOO + cross-book holdout; support>=2,exact vertical-group outline signature; no fuzzy
symbol,90077964e6f8ae400d328ebceccc9763619b525a,ㄌ,30,3,3up:DFPBiaoKai-W5-ZhuIn-BFW#14724:良:ㄌㄧㄤˊ;3up:DFPBiaoKai-W5-ZhuIn-BFW#14721:臨:ㄌㄧㄣˊ;3up:DFPBiaoKai-W5-ZhuIn-BFW#14708:列:ㄌㄧㄝˋ;3up:DFPBiaoKai-W5-ZhuIn-BFW#14718:連:ㄌㄧㄢˊ;3up:DFPBiaoKai-W5-ZhuIn-BFW#14728:靈:ㄌㄧㄥˊ;3up:DFPBiaoKai-W5-ZhuIn-BFW#14726:兩:ㄌㄧㄤˇ;3up:DFPBiaoKai-W5-ZhuIn-BFW#14719:練:ㄌㄧㄢˋ;3up:DFPBiaoKai-W5-ZhuIn-BFW#14715:流:ㄌㄧㄡˊ;3up:DFPBiaoKai-W5-ZhuIn-BFW#14729:另:ㄌㄧㄥˋ;3up:DFPBiaoKai-W5-ZhuIn-BFW#14720:臉:ㄌㄧㄢˇ;3up:DFPBiaoKai-W5-ZhuIn-BFW#14725:諒:ㄌㄧㄤˋ;3up:DFPBiaoKai-W5-ZhuIn-BFW#14712:料:ㄌㄧㄠˋ,static full-data audit + key LOO + cross-book holdout; support>=2,exact vertical-group outline signature; no fuzzy
symbol,03b17ab0bab62bddb847630a660494b84620f24b,ㄍ,2,1,3up:DFPBiaoKai-W5-ZhuIn-BFW#14761:個:ㄍㄜˋ;3down:DFPBiaoKai-W5-ZhuIn-BFW#14761:個:ㄍㄜˋ,static full-data audit + key LOO + cross-book holdout; support>=2,exact vertical-group outline signature; no fuzzy
symbol,0a56dbaac8cd59572c9ca64c55a3f1079ef9212f,ㄍ,38,3,3up:DFPBiaoKai-W5-ZhuIn-BFW#14769:高:ㄍㄠ;3up:DFPBiaoKai-W5-ZhuIn-BFW#14770:告:ㄍㄠˋ;3up:DFPBiaoKai-W5-ZhuIn-BFW#14778:跟:ㄍㄣ;3up:DFPBiaoKai-W5-ZhuIn-BFW#14793:骨:ㄍㄨˇ;3up:DFPBiaoKai-W5-ZhuIn-BFW#14762:骼:ㄍㄜˊ;3up:DFPBiaoKai-W5-ZhuIn-BFW#14763:各:ㄍㄜˋ;3up:DFPBiaoKai-W5-PoIn1-BFW#14791:骨:ㄍㄨˊ;3up:DFPBiaoKai-W5-ZhuIn-BFW#14766:蓋:ㄍㄞˋ;3up:DFPBiaoKai-W5-ZhuIn-BFW#14787:更:ㄍㄥˋ;3up:DFPBiaoKai-W5-ZhuIn-BFW#14765:該:ㄍㄞ;3up:DFPBiaoKai-W5-ZhuIn-BFW#14792:顧:ㄍㄨˋ;3up:DFPBiaoKai-W5-ZhuIn-BFW#14768:給:ㄍㄟˇ,static full-data audit + key LOO + cross-book holdout; support>=2,exact vertical-group outline signature; no fuzzy
symbol,3af50e3f9a964ede03131daae743296ae4e86c0e,ㄍ,26,2,3up:DFPBiaoKai-W5-ZhuIn-BFW#14798:國:ㄍㄨㄛˊ;3up:DFPBiaoKai-W5-ZhuIn-BFW#14808:慣:ㄍㄨㄢˋ;3up:DFPBiaoKai-W5-ZhuIn-BFW#14799:過:ㄍㄨㄛˋ;3up:DFPBiaoKai-W5-ZhuIn-BFW#14807:關:ㄍㄨㄢ;3up:DFPBiaoKai-W5-ZhuIn-BFW#14800:果:ㄍㄨㄛˇ;3up:DFPBiaoKai-W5-ZhuIn-BFW#14804:規:ㄍㄨㄟ;3up:DFPBiaoKai-W5-ZhuIn-BFW#14802:怪:ㄍㄨㄞˋ;3up:DFPBiaoKai-W5-ZhuIn-BFW#14805:櫃:ㄍㄨㄟˋ;3up:DFPBiaoKai-W5-ZhuIn-BFW#14815:功:ㄍㄨㄥ;3up:DFPBiaoKai-W5-ZhuIn-BFW#14812:光:ㄍㄨㄤ;3up:DFPBiaoKai-W5-ZhuIn-BFW#14811:滾:ㄍㄨㄣˇ;3up:n@dW5@#14808:冠:ㄍㄨㄢˋ,static full-data audit + key LOO + cross-book holdout; support>=2,exact vertical-group outline signature; no fuzzy
symbol,475d1fbe6638346933c4a16100ade4f7f4ff13f9,ㄍ,2,1,3up:DFPBiaoKai-W5-ZhuIn-BFW#14796:寡:ㄍㄨㄚˇ;3down:DFPBiaoKai-W5-ZhuIn-BFW#14794:括:ㄍㄨㄚ,static full-data audit + key LOO + cross-book holdout; support>=2,exact vertical-group outline signature; no fuzzy
symbol,719b04d0c8a53e5190b29596f7fef082bcf079bd,ㄍ,29,6,3down:YenRoundZuinnEG-Md#14718:過:ㄍㄨㄛˋ;3down:YenRoundZuinnEG-Md#14709:更:ㄍㄥˋ;3down:YenRoundZuinnEG-Bd#14728:滾:ㄍㄨㄣˇ;3down:YenRoundZuinnEG-Bd#14733:功:ㄍㄨㄥ;3down:YenRoundZuinnEG-Md#14725:關:ㄍㄨㄢ;3down:YenRoundZuinnEG-Md#14697:感:ㄍㄢˇ;3down:YenRoundZuinnEG-Md#14703:剛:ㄍㄤ;3down:YenRoundZuinnEG-Md#14696:肝:ㄍㄢ;3down:YenRoundZuinnEG-Md#14730:胱:ㄍㄨㄤ;3down:YenRoundZuinnEG-Bd#14740:顧:ㄍㄨˋ;3down:YenRoundZuinnEG-Md#14717:果:ㄍㄨㄛˇ;3down:YenRoundZuinnEG-Md#14722:規:ㄍㄨㄟ,static full-data audit + key LOO + cross-book holdout; support>=2,exact vertical-group outline signature; no fuzzy
symbol,86f55745527663203b004580bc1a640219bbd563,ㄍ,2,1,3up:DFPWaWa-W5-ZhuIn-BFW#14775:乾:ㄍㄢ;3up:DFPWaWa-W5-ZhuIn-BFW#14790:菇:ㄍㄨ,static full-data audit + key LOO + cross-book holdout; support>=2,exact vertical-group outline signature; no fuzzy
symbol,c6f5cfc84ddbd12593294774d400385aa2881b0b,ㄍ,17,2,3up:DFPYuanW5-ZhuIn-BFW#14779:跟:ㄍㄣ;3up:DFPYuanW5-ZhuIn-BFW#14778:感:ㄍㄢˇ;3up:DFPYuanW5-PoIn1-BFW#14764:個:ㄍㄜˋ;3up:DFPYuanW5-ZhuIn-BFW#14771:告:ㄍㄠˋ;3up:DFPYuanW5-ZhuIn-BFW#14769:給:ㄍㄟˇ;3up:DFPYuanW5-ZhuIn-BFW#14762:個:ㄍㄜˋ;3up:DFPYuanW5-ZhuIn-BFW#14773:溝:ㄍㄡ;3up:DFPYuanW5-ZhuIn-BFW#14768:改:ㄍㄞˇ;3up:DFPYuanW5-ZhuIn-BFW#14767:鈣:ㄍㄞˋ;3up:DFPYuanW5-ZhuIn-BFW#14763:格:ㄍㄜˊ;3up:DFPYuanW5-ZhuIn-BFW#14794:穀:ㄍㄨˇ;3up:DFPYuanW5-ZhuIn-BFW#14777:幹:ㄍㄢˋ,static full-data audit + key LOO + cross-book holdout; support>=2,exact vertical-group outline signature; no fuzzy
symbol,c9f6f9b50eaf9abc9b79b26199f8bb32609ac970,ㄍ,10,1,3up:DFPYuanW5-ZhuIn-BFW#14808:關:ㄍㄨㄢ;3up:DFPYuanW5-ZhuIn-BFW#14816:恭:ㄍㄨㄥ;3up:DFPYuanW5-ZhuIn-BFW#14809:慣:ㄍㄨㄢˋ;3up:DFPYuanW5-ZhuIn-BFW#14805:規:ㄍㄨㄟ;3up:DFPYuanW5-ZhuIn-BFW#14800:過:ㄍㄨㄛˋ;3up:DFPYuanW5-ZhuIn-BFW#14801:果:ㄍㄨㄛˇ;3up:DFPYuanW5-ZhuIn-BFW#14817:共:ㄍㄨㄥˋ;3up:DFPYuanW5-ZhuIn-BFW#14795:瓜:ㄍㄨㄚ;3up:DFPYuanW5-ZhuIn-BFW#14812:滾:ㄍㄨㄣˇ;3up:DFPYuanW5-ZhuIn-BFW#14804:拐:ㄍㄨㄞˇ,static full-data audit + key LOO + cross-book holdout; support>=2,exact vertical-group outline signature; no fuzzy
symbol,cffe8c971fce1de5a256f1ec8d06a671adb2937e,ㄍ,2,2,3up:DFHeiChuIn-Bd-BPMW-BF#14806:各:ㄍㄜˋ;3up:DFHeiPoIn1-Bd-BPMW-BF#14806:個:ㄍㄜˋ,static full-data audit + key LOO + cross-book holdout; support>=2,exact vertical-group outline signature; no fuzzy
symbol,38d249b2ff11cb881f78442d6ef7c7cfc69eda1b,ㄎ,2,1,3up:DFPWaWa-W5-ZhuIn-BFW#14839:康:ㄎㄤ;3up:DFPWaWa-W5-ZhuIn-BFW#14824:可:ㄎㄜˇ,static full-data audit + key LOO + cross-book holdout; support>=2,exact vertical-group outline signature; no fuzzy
symbol,7104bf2264e1aa918733e8684aeea4b3269dcce6,ㄎ,11,1,3up:DFPBiaoKai-W5-ZhuIn-BFW#14860:寬:ㄎㄨㄢ;3up:DFPBiaoKai-W5-ZhuIn-BFW#14867:況:ㄎㄨㄤˋ;3up:DFPBiaoKai-W5-ZhuIn-BFW#14854:快:ㄎㄨㄞˋ;3up:DFPBiaoKai-W5-ZhuIn-BFW#14849:跨:ㄎㄨㄚˋ;3up:DFPBiaoKai-W5-ZhuIn-BFW#14870:控:ㄎㄨㄥˋ;3up:DFPBiaoKai-W5-ZhuIn-BFW#14869:空:ㄎㄨㄥ;3down:DFPBiaoKai-W5-ZhuIn-BFW#14854:快:ㄎㄨㄞˋ;3down:DFPBiaoKai-W5-ZhuIn-BFW#14867:況:ㄎㄨㄤˋ;3down:DFPBiaoKai-W5-ZhuIn-BFW#14869:空:ㄎㄨㄥ;3down:DFPBiaoKai-W5-ZhuIn-BFW#14870:控:ㄎㄨㄥˋ;3down:DFPBiaoKai-W5-ZhuIn-BFW#14849:跨:ㄎㄨㄚˋ,static full-data audit + key LOO + cross-book holdout; support>=2,exact vertical-group outline signature; no fuzzy
symbol,90ecd0e0782497a42110adcb84d81eba02077250,ㄎ,12,1,3up:DFPYuanW5-ZhuIn-BFW#14822:科:ㄎㄜ;3up:DFPYuanW5-ZhuIn-BFW#14824:課:ㄎㄜˋ;3up:DFPYuanW5-ZhuIn-BFW#14847:褲:ㄎㄨˋ;3up:DFPYuanW5-ZhuIn-BFW#14831:考:ㄎㄠˇ;3up:DFPYuanW5-ZhuIn-BFW#14836:看:ㄎㄢˋ;3up:DFPYuanW5-ZhuIn-BFW#14826:開:ㄎㄞ;3up:DFPYuanW5-ZhuIn-BFW#14825:可:ㄎㄜˇ;3up:DFPYuanW5-ZhuIn-BFW#14834:口:ㄎㄡˇ;3up:DFPYuanW5-ZhuIn-BFW#14840:康:ㄎㄤ;3up:DFPYuanW5-ZhuIn-BFW#14842:抗:ㄎㄤˋ;3up:DFPYuanW5-ZhuIn-BFW#14844:坑:ㄎㄥ;3up:DFPYuanW5-ZhuIn-BFW#14821:卡:ㄎㄚˇ,static full-data audit + key LOO + cross-book holdout; support>=2,exact vertical-group outline signature; no fuzzy
symbol,99276ecc6b401482705967f9fbe01c42c7e280d3,ㄎ,23,1,3up:DFPBiaoKai-W5-ZhuIn-BFW#14825:開:ㄎㄞ;3up:DFPBiaoKai-W5-ZhuIn-BFW#14839:康:ㄎㄤ;3up:DFPBiaoKai-W5-ZhuIn-BFW#14824:可:ㄎㄜˇ;3up:DFPBiaoKai-W5-ZhuIn-BFW#14823:課:ㄎㄜˋ;3up:DFPBiaoKai-W5-ZhuIn-BFW#14821:科:ㄎㄜ;3up:DFPBiaoKai-W5-ZhuIn-BFW#14835:看:ㄎㄢˋ;3up:DFPBiaoKai-W5-ZhuIn-BFW#14833:口:ㄎㄡˇ;3up:DFPBiaoKai-W5-ZhuIn-BFW#14847:苦:ㄎㄨˇ;3up:DFPBiaoKai-W5-ZhuIn-BFW#14830:考:ㄎㄠˇ;3up:DFPBiaoKai-W5-ZhuIn-BFW#14820:卡:ㄎㄚˇ;3up:DFPBiaoKai-W5-ZhuIn-BFW#14841:抗:ㄎㄤˋ;3up:DFPBiaoKai-W5-ZhuIn-BFW#14829:靠:ㄎㄠˋ,static full-data audit + key LOO + cross-book holdout; support>=2,exact vertical-group outline signature; no fuzzy
symbol,af542db3d606e138606df841c1538f3c0289fc21,ㄎ,2,1,3up:DFPBiaoKai-W5-ZhuIn-BFW#14863:困:ㄎㄨㄣˋ;3up:DFPBiaoKai-W5-ZhuIn-BFW#14862:坤:ㄎㄨㄣ,static full-data audit + key LOO + cross-book holdout; support>=2,exact vertical-group outline signature; no fuzzy
symbol,da1fb5179a127388be837b8851818069139ac771,ㄎ,7,2,3up:DFPYuanW5-ZhuIn-BFW#14855:快:ㄎㄨㄞˋ;3up:DFPYuanW5-ZhuIn-BFW#14870:空:ㄎㄨㄥ;3up:DFPYuanW5-ZhuIn-BFW#14868:礦:ㄎㄨㄤˋ;3up:DFPYuanW5-ZhuIn-BFW#14871:控:ㄎㄨㄥˋ;3up:DFPYuanW5-ZhuIn-BFW#14850:跨:ㄎㄨㄚˋ;3up:DFPYuanW5-PoIn1-BFW#14871:空:ㄎㄨㄥˋ;3up:DFPYuanW5-ZhuIn-BFW#14863:坤:ㄎㄨㄣ,static full-data audit + key LOO + cross-book holdout; support>=2,exact vertical-group outline signature; no fuzzy
symbol,f56e54f29a32542f218e7661d979d141b65b79c5,ㄎ,26,6,3down:YenRoundZuinnEG-Md#14762:康:ㄎㄤ;3down:YenRoundZuinnEG-Md#14747:課:ㄎㄜˋ;3down:YenRoundZuinnEG-Md#14776:快:ㄎㄨㄞˋ;3down:YenRoundZuinnEG-Bd#14762:康:ㄎㄤ;3down:YenRoundZuinnEG-Bd#14746:可:ㄎㄜˇ;3down:YenRoundZuinnEG-Md#14789:況:ㄎㄨㄤˋ;3down:YenRoundZuinnEG-Bd#14753:靠:ㄎㄠˋ;3down:YenRoundZuinnEG-Md#14744:顆:ㄎㄜ;3down:ZhuYinNREG-Md#14748:開:ㄎㄞ;3down:ZhuYinNREG-Md#14746:可:ㄎㄜˇ;3down:ZhuYinNREG-Md#14785:困:ㄎㄨㄣˋ;3down:LinGothicZuinnEG-Bd#14746:可:ㄎㄜˇ,static full-data audit + key LOO + cross-book holdout; support>=2,exact vertical-group outline signature; no fuzzy
symbol,0c453aaeadc28956a4351a75ec27b44e68ac7e0d,ㄏ,10,1,3up:DFPYuanW5-ZhuIn-BFW#14924:會:ㄏㄨㄟˋ;3up:DFPYuanW5-ZhuIn-BFW#14913:化:ㄏㄨㄚˋ;3up:DFPYuanW5-ZhuIn-BFW#14917:活:ㄏㄨㄛˊ;3up:DFPYuanW5-ZhuIn-BFW#14923:回:ㄏㄨㄟˊ;3up:DFPYuanW5-ZhuIn-BFW#14927:環:ㄏㄨㄢˊ;3up:DFPYuanW5-ZhuIn-BFW#14918:或:ㄏㄨㄛˋ;3up:DFPYuanW5-ZhuIn-BFW#14928:患:ㄏㄨㄢˋ;3up:DFPYuanW5-ZhuIn-BFW#14939:紅:ㄏㄨㄥˊ;3up:DFPYuanW5-ZhuIn-BFW#14922:恢:ㄏㄨㄟ;3up:DFPYuanW5-ZhuIn-BFW#14929:緩:ㄏㄨㄢˇ,static full-data audit + key LOO + cross-book holdout; support>=2,exact vertical-group outline signature; no fuzzy
symbol,0e2aa6d394145a6ca402af19fe37e9e8c241779c,ㄏ,17,2,3up:DFPBiaoKai-W5-ZhuIn-BFW#14879:還:ㄏㄞˊ;3up:DFPBiaoKai-W5-ZhuIn-BFW#14906:呼:ㄏㄨ;3up:DFPBiaoKai-W5-ZhuIn-BFW#14898:很:ㄏㄣˇ;3up:DFPBiaoKai-W5-ZhuIn-BFW#14893:含:ㄏㄢˊ;3up:DFPBiaoKai-W5-ZhuIn-BFW#14904:衡:ㄏㄥˊ;3up:DFPBiaoKai-W5-ZhuIn-BFW#14886:號:ㄏㄠˋ;3up:DFPBiaoKai-W5-ZhuIn-BFW#14885:毫:ㄏㄠˊ;3up:DFPBiaoKai-W5-ZhuIn-BFW#14895:喊:ㄏㄢˇ;3up:DFPBiaoKai-W5-ZhuIn-BFW#14881:海:ㄏㄞˇ;3down:DFPBiaoKai-W5-ZhuIn-BFW#14898:很:ㄏㄣˇ;3down:DFPBiaoKai-W5-PoIn1-BFW#14886:好:ㄏㄠˋ;3down:DFPBiaoKai-W5-ZhuIn-BFW#14904:衡:ㄏㄥˊ,static full-data audit + key LOO + cross-book holdout; support>=2,exact vertical-group outline signature; no fuzzy
symbol,2454d27b63174a63c042bb59f34bdaf39ac9d26b,ㄏ,4,1,3up:DFPBiaoKai-W5-ZhuIn-BFW#14890:後:ㄏㄡˋ;3up:DFPBiaoKai-W5-ZhuIn-BFW#14875:喝:ㄏㄜ;3down:DFPBiaoKai-W5-ZhuIn-BFW#14890:後:ㄏㄡˋ;3down:DFPBiaoKai-W5-ZhuIn-BFW#14875:喝:ㄏㄜ,static full-data audit + key LOO + cross-book holdout; support>=2,exact vertical-group outline signature; no fuzzy
symbol,7524b968ad00c8b44ea9d6a0420eeb7f73f77f82,ㄏ,16,2,3up:DFPYuanW5-PoIn3-BFW#14895:和:ㄏㄢˋ;3up:DFPYuanW5-ZhuIn-BFW#14877:合:ㄏㄜˊ;3up:DFPYuanW5-ZhuIn-BFW#14888:好:ㄏㄠˇ;3up:DFPYuanW5-ZhuIn-BFW#14909:互:ㄏㄨˋ;3up:DFPYuanW5-ZhuIn-BFW#14907:呼:ㄏㄨ;3up:DFPYuanW5-ZhuIn-BFW#14891:後:ㄏㄡˋ;3up:DFPYuanW5-ZhuIn-BFW#14899:很:ㄏㄣˇ;3up:DFPYuanW5-ZhuIn-BFW#14894:含:ㄏㄢˊ;3up:DFPYuanW5-ZhuIn-BFW#14908:胡:ㄏㄨˊ;3up:DFPYuanW5-ZhuIn-BFW#14887:號:ㄏㄠˋ;3up:DFPYuanW5-ZhuIn-BFW#14905:衡:ㄏㄥˊ;3up:DFPYuanW5-ZhuIn-BFW#14882:海:ㄏㄞˇ,static full-data audit + key LOO + cross-book holdout; support>=2,exact vertical-group outline signature; no fuzzy
symbol,79d3ae647be004c38e4e23b718818085647f73f3,ㄏ,29,1,3up:DFPBiaoKai-W5-ZhuIn-BFW#14916:活:ㄏㄨㄛˊ;3up:DFPBiaoKai-W5-ZhuIn-BFW#14923:會:ㄏㄨㄟˋ;3up:DFPBiaoKai-W5-ZhuIn-BFW#14926:環:ㄏㄨㄢˊ;3up:DFPBiaoKai-W5-ZhuIn-BFW#14917:或:ㄏㄨㄛˋ;3up:DFPBiaoKai-W5-ZhuIn-BFW#14927:換:ㄏㄨㄢˋ;3up:DFPBiaoKai-W5-ZhuIn-BFW#14912:畫:ㄏㄨㄚˋ;3up:DFPBiaoKai-W5-ZhuIn-BFW#14925:歡:ㄏㄨㄢ;3up:DFPBiaoKai-W5-ZhuIn-BFW#14919:懷:ㄏㄨㄞˊ;3up:DFPBiaoKai-W5-ZhuIn-BFW#14922:回:ㄏㄨㄟˊ;3up:DFPBiaoKai-W5-ZhuIn-BFW#14928:緩:ㄏㄨㄢˇ;3up:DFPBiaoKai-W5-ZhuIn-BFW#14921:揮:ㄏㄨㄟ;3up:DFPBiaoKai-W5-ZhuIn-BFW#14918:伙:ㄏㄨㄛˇ,static full-data audit + key LOO + cross-book holdout; support>=2,exact vertical-group outline signature; no fuzzy
symbol,acab9dcf6019fdac51ccbbdf9fdc18b4fb11b4e3,ㄏ,6,1,3up:DFPBiaoKai-W5-ZhuIn-BFW#14887:好:ㄏㄠˇ;3up:DFPBiaoKai-W5-ZhuIn-BFW#14876:何:ㄏㄜˊ;3up:DFPBiaoKai-W5-ZhuIn-BFW#14880:害:ㄏㄞˋ;3down:DFPBiaoKai-W5-ZhuIn-BFW#14876:何:ㄏㄜˊ;3down:DFPBiaoKai-W5-ZhuIn-BFW#14887:好:ㄏㄠˇ;3down:DFPBiaoKai-W5-ZhuIn-BFW#14880:害:ㄏㄞˋ,static full-data audit + key LOO + cross-book holdout; support>=2,exact vertical-group outline signature; no fuzzy
symbol,c1d4b0e9be1b6a29033de57ceba8faa4d411f11b,ㄏ,53,9,3down:YenRoundZuinnEG-Md#14844:會:ㄏㄨㄟˋ;3down:YenRoundZuinnEG-Md#14841:揮:ㄏㄨㄟ;3down:YenRoundZuinnEG-Md#14799:合:ㄏㄜˊ;3down:YenRoundZuinnEG-Md#14864:護:ㄏㄨˋ;3down:YenRoundZuinnEG-Md#14836:活:ㄏㄨㄛˊ;3down:YenRoundZuinnEG-Md#14846:環:ㄏㄨㄢˊ;3down:YenRoundZuinnEG-Md#14809:好:ㄏㄠˇ;3down:YenRoundZuinnEG-Bd#14833:化:ㄏㄨㄚˋ;3down:YenRoundZuinnEG-Bd#14809:好:ㄏㄠˇ;3down:YenRoundZuinnEG-Bd#14837:火:ㄏㄨㄛˇ;3down:YenRoundZuinnEG-Bd#14844:會:ㄏㄨㄟˋ;3down:YenRoundZuinnEG-Bd#14803:海:ㄏㄞˇ,static full-data audit + key LOO + cross-book holdout; support>=2,exact vertical-group outline signature; no fuzzy
symbol,e4cf93637c3c90b9c867543754a0c82a2876329d,ㄏ,2,1,3up:DFHeiPoIn1-Bd-BPMW-BF#14929:好:ㄏㄠˋ;3up:DFHeiPoIn1-Bd-BPMW-BF#14937:和:ㄏㄢˋ,static full-data audit + key LOO + cross-book holdout; support>=2,exact vertical-group outline signature; no fuzzy
symbol,eace86d682d4e9cd67d836432a8b4b1c6ab4c30f,ㄏ,8,3,3up:DFPBiaoKai-W5-ZhuIn-BFW#14908:護:ㄏㄨˋ;3up:n@dW5@#14894:和:ㄏㄢˋ;3up:DFPBiaoKai-W5-PoIn1-BFW#14894:和:ㄏㄢˋ;3up:DFPBiaoKai-W5-ZhuIn-BFW#14872:哈:ㄏㄚ;3down:DFPBiaoKai-W5-PoIn1-BFW#14894:和:ㄏㄢˋ;3down:DFPBiaoKai-W5-ZhuIn-BFW#14908:護:ㄏㄨˋ;3down:DFPBiaoKai-W5-ZhuIn-BFW#14909:虎:ㄏㄨˇ;3down:DFPBiaoKai-W5-ZhuIn-BFW#14894:翰:ㄏㄢˋ,static full-data audit + key LOO + cross-book holdout; support>=2,exact vertical-group outline signature; no fuzzy
symbol,0418a96f3c7316699619a83d274b8b74774ceddf,ㄐ,22,1,3up:DFPBiaoKai-W5-ZhuIn-BFW#14964:進:ㄐㄧㄣˋ;3up:DFPBiaoKai-W5-ZhuIn-BFW#14961:健:ㄐㄧㄢˋ;3up:DFPBiaoKai-W5-ZhuIn-BFW#14966:將:ㄐㄧㄤ;3up:DFPBiaoKai-W5-ZhuIn-BFW#14970:境:ㄐㄧㄥˋ;3up:DFPBiaoKai-W5-ZhuIn-BFW#14960:間:ㄐㄧㄢ;3up:DFPBiaoKai-W5-ZhuIn-BFW#14965:緊:ㄐㄧㄣˇ;3up:DFPBiaoKai-W5-ZhuIn-BFW#14963:巾:ㄐㄧㄣ;3up:DFPBiaoKai-W5-ZhuIn-BFW#14969:經:ㄐㄧㄥ;3up:DFPBiaoKai-W5-ZhuIn-BFW#14962:減:ㄐㄧㄢˇ;3up:DFPBiaoKai-W5-ZhuIn-BFW#14971:頸:ㄐㄧㄥˇ;3up:DFPBiaoKai-W5-ZhuIn-BFW#14967:降:ㄐㄧㄤˋ;3down:DFPBiaoKai-W5-ZhuIn-BFW#14960:間:ㄐㄧㄢ,static full-data audit + key LOO + cross-book holdout; support>=2,exact vertical-group outline signature; no fuzzy
symbol,05c6eee5e99cb0c3ec67488b2bcabfbc580cdc41,ㄐ,5,2,3up:DFPBiaoKai-W5-ZhuIn-BFW#14984:菌:ㄐㄩㄣˋ;3up:DFPBiaoKai-W5-ZhuIn-BFW#14983:軍:ㄐㄩㄣ;3down:DFPBiaoKai-W5-ZhuIn-BFW#14983:均:ㄐㄩㄣ;3down:DFPBiaoKai-W5-ZhuIn-BFW#14984:菌:ㄐㄩㄣˋ;3down:DFPBiaoKai-W5-PoIn1-BFW#14983:龜:ㄐㄩㄣ,static full-data audit + key LOO + cross-book holdout; support>=2,exact vertical-group outline signature; no fuzzy
symbol,1557ec83363e5179e8235d5253d40aa88f993047,ㄐ,57,7,3down:YenRoundZuinnEG-Md#14866:加:ㄐㄧㄚ;3down:YenRoundZuinnEG-Md#14874:解:ㄐㄧㄝˇ;3down:YenRoundZuinnEG-Md#14913:舉:ㄐㄩˇ;3down:YenRoundZuinnEG-Md#14898:記:ㄐㄧˋ;3down:YenRoundZuinnEG-Md#14893:精:ㄐㄧㄥ;3down:YenRoundZuinnEG-Md#14886:健:ㄐㄧㄢˋ;3down:YenRoundZuinnEG-Md#14897:己:ㄐㄧˇ;3down:YenRoundZuinnEG-Md#14896:及:ㄐㄧˊ;3down:YenRoundZuinnEG-Md#14895:境:ㄐㄧㄥˋ;3down:YenRoundZuinnEG-Bd#14886:健:ㄐㄧㄢˋ;3down:YenRoundZuinnEG-Bd#14871:接:ㄐㄧㄝ;3down:YenRoundZuinnEG-Bd#14889:進:ㄐㄧㄣˋ,static full-data audit + key LOO + cross-book holdout; support>=2,exact vertical-group outline signature; no fuzzy
symbol,1feb20bf80332ddea820c509366fb11441c6a3de,ㄐ,7,1,3up:DFPYuanW5-ZhuIn-BFW#14943:吉:ㄐㄧˊ;3up:DFPYuanW5-ZhuIn-BFW#14945:己:ㄐㄧˇ;3up:DFPYuanW5-ZhuIn-BFW#14975:拒:ㄐㄩˋ;3up:DFPYuanW5-ZhuIn-BFW#14942:績:ㄐㄧ;3up:DFPYuanW5-ZhuIn-BFW#14944:季:ㄐㄧˋ;3up:DFPYuanW5-ZhuIn-BFW#14973:居:ㄐㄩ;3up:DFPYuanW5-ZhuIn-BFW#14976:舉:ㄐㄩˇ,static full-data audit + key LOO + cross-book holdout; support>=2,exact vertical-group outline signature; no fuzzy
symbol,477c26111edf4ca1e545d19a75b73e990776f88b,ㄐ,30,3,3up:DFPBiaoKai-W5-ZhuIn-BFW#14949:階:ㄐㄧㄝ;3up:DFPBiaoKai-W5-ZhuIn-BFW#14958:就:ㄐㄧㄡˋ;3up:DFPBiaoKai-W5-ZhuIn-BFW#14952:解:ㄐㄧㄝˇ;3up:DFPBiaoKai-W5-ZhuIn-BFW#14977:決:ㄐㄩㄝˊ;3up:DFPBiaoKai-W5-PoIn1-BFW#14947:假:ㄐㄧㄚˋ;3up:DFPBiaoKai-W5-ZhuIn-BFW#14945:家:ㄐㄧㄚ;3up:DFPBiaoKai-W5-ZhuIn-BFW#14955:教:ㄐㄧㄠˋ;3up:DFPBiaoKai-W5-ZhuIn-BFW#14951:借:ㄐㄧㄝˋ;3up:DFPBiaoKai-W5-ZhuIn-BFW#14950:節:ㄐㄧㄝˊ;3up:DFPBiaoKai-W5-ZhuIn-BFW#14956:腳:ㄐㄧㄠˇ;3up:DFPBiaoKai-W5-ZhuIn-BFW#14948:假:ㄐㄧㄚˇ;3up:n@dW5@#14947:假:ㄐㄧㄚˋ,static full-data audit + key LOO + cross-book holdout; support>=2,exact vertical-group outline signature; no fuzzy
symbol,76ea8b75fac9d4d6e37f90805650a1edee426f27,ㄐ,2,2,3up:DFHeiChuIn-Bd-BPMW-BF#15013:淨:ㄐㄧㄥˋ;3up:DFHeiPoIn1-Bd-BPMW-BF#15013:勁:ㄐㄧㄥˋ,static full-data audit + key LOO + cross-book holdout; support>=2,exact vertical-group outline signature; no fuzzy
symbol,83096b1046175c4299ea29a4d404a7c1a76ef4ec,ㄐ,21,1,3up:DFPYuanW5-ZhuIn-BFW#14961:間:ㄐㄧㄢ;3up:DFPYuanW5-ZhuIn-BFW#14956:教:ㄐㄧㄠˋ;3up:DFPYuanW5-ZhuIn-BFW#14963:減:ㄐㄧㄢˇ;3up:DFPYuanW5-ZhuIn-BFW#14953:解:ㄐㄧㄝˇ;3up:DFPYuanW5-ZhuIn-BFW#14978:決:ㄐㄩㄝˊ;3up:DFPYuanW5-ZhuIn-BFW#14970:經:ㄐㄧㄥ;3up:DFPYuanW5-ZhuIn-BFW#14971:境:ㄐㄧㄥˋ;3up:DFPYuanW5-ZhuIn-BFW#14952:借:ㄐㄧㄝˋ;3up:DFPYuanW5-ZhuIn-BFW#14951:結:ㄐㄧㄝˊ;3up:DFPYuanW5-ZhuIn-BFW#14962:見:ㄐㄧㄢˋ;3up:DFPYuanW5-ZhuIn-BFW#14950:接:ㄐㄧㄝ;3up:DFPYuanW5-ZhuIn-BFW#14965:進:ㄐㄧㄣˋ,static full-data audit + key LOO + cross-book holdout; support>=2,exact vertical-group outline signature; no fuzzy
symbol,c6116043581104278704ada598e972295f883cd0,ㄐ,18,3,3up:DFPBiaoKai-W5-ZhuIn-BFW#14944:己:ㄐㄧˇ;3up:DFPBiaoKai-W5-ZhuIn-BFW#14972:居:ㄐㄩ;3up:DFPBiaoKai-W5-ZhuIn-BFW#14942:級:ㄐㄧˊ;3up:DFPBiaoKai-W5-ZhuIn-BFW#14975:舉:ㄐㄩˇ;3up:DFPBiaoKai-W5-ZhuIn-BFW#14943:繼:ㄐㄧˋ;3up:DFPBiaoKai-W5-ZhuIn-BFW#14941:肌:ㄐㄧ;3up:DFPBiaoKai-W5-ZhuIn-BFW#14974:拒:ㄐㄩˋ;3up:DFPBiaoKai-W5-ZhuIn-BFW#14973:局:ㄐㄩˊ;3up:n@dW5@#14943:繫:ㄐㄧˋ;3down:DFPBiaoKai-W5-ZhuIn-BFW#14944:己:ㄐㄧˇ;3down:DFPBiaoKai-W5-ZhuIn-BFW#14942:及:ㄐㄧˊ;3down:DFPBiaoKai-W5-ZhuIn-BFW#14943:記:ㄐㄧˋ,static full-data audit + key LOO + cross-book holdout; support>=2,exact vertical-group outline signature; no fuzzy
symbol,e1c22fe55881cb76dd1ec5c793092cf9c58035f2,ㄐ,2,2,3up:DFHeiChuIn-Bd-BPMW-BF#14987:己:ㄐㄧˇ;3up:DFHeiPoIn1-Bd-BPMW-BF#14987:給:ㄐㄧˇ,static full-data audit + key LOO + cross-book holdout; support>=2,exact vertical-group outline signature; no fuzzy
symbol,05f093a087084f4a48753a8db9caaadaf8818276,ㄑ,2,2,3up:DFHeiChuIn-Bd-BPMW-BF#15051:前:ㄑㄧㄢˊ;3up:DFHeiPoIn1-Bd-BPMW-BF#15051:乾:ㄑㄧㄢˊ,static full-data audit + key LOO + cross-book holdout; support>=2,exact vertical-group outline signature; no fuzzy
symbol,6b10200e98de62c70171b626838b1dea1cfad860,ㄑ,17,2,3up:DFPYuanW5-ZhuIn-BFW#15023:請:ㄑㄧㄥˇ;3up:DFPYuanW5-ZhuIn-BFW#15008:簽:ㄑㄧㄢ;3up:DFPYuanW5-ZhuIn-BFW#15009:前:ㄑㄧㄢˊ;3up:DFPYuanW5-ZhuIn-BFW#15021:情:ㄑㄧㄥˊ;3up:DFPYuanW5-ZhuIn-BFW#15019:搶:ㄑㄧㄤˇ;3up:DFPYuanW5-ZhuIn-BFW#15010:歉:ㄑㄧㄢˋ;3up:DFPYuanW5-ZhuIn-BFW#15020:清:ㄑㄧㄥ;3up:DFPYuanW5-ZhuIn-BFW#15017:強:ㄑㄧㄤˊ;3up:DFPYuanW5-ZhuIn-BFW#15036:群:ㄑㄩㄣˊ;3up:DFPYuanW5-ZhuIn-BFW#14998:茄:ㄑㄧㄝˊ;3up:DFPYuanW5-ZhuIn-BFW#15032:拳:ㄑㄩㄢˊ;3up:DFPYuanW5-ZhuIn-BFW#15006:球:ㄑㄧㄡˊ,static full-data audit + key LOO + cross-book holdout; support>=2,exact vertical-group outline signature; no fuzzy
symbol,8d6d08c1abf292f3d19d3fc934351db564248ff3,ㄑ,33,7,3down:YenRoundZuinnEG-Md#14947:期:ㄑㄧˊ;3down:YenRoundZuinnEG-Md#14948:起:ㄑㄧˇ;3down:YenRoundZuinnEG-Md#14929:球:ㄑㄧㄡˊ;3down:YenRoundZuinnEG-Bd#14932:前:ㄑㄧㄢˊ;3down:YenRoundZuinnEG-Bd#14950:區:ㄑㄩ;3down:YenRoundZuinnEG-Bd#14929:球:ㄑㄧㄡˊ;3down:YenRoundZuinnEG-Bd#14965:趣:ㄑㄩˋ;3down:YenRoundZuinnEG-Bd#14955:全:ㄑㄩㄢˊ;3down:YenRoundZuinnEG-Md#14944:情:ㄑㄧㄥˊ;3down:YenRoundZuinnEG-Md#14935:親:ㄑㄧㄣ;3down:YenRoundZuinnEG-Md#14945:請:ㄑㄧㄥˇ;3down:LinGothicZuinnEG-Bd#14940:強:ㄑㄧㄤˊ,static full-data audit + key LOO + cross-book holdout; support>=2,exact vertical-group outline signature; no fuzzy
symbol,8f076c2dca95b68a4377ff47301dd73c106418c4,ㄑ,36,2,3up:DFPBiaoKai-W5-ZhuIn-BFW#15011:親:ㄑㄧㄣ;3up:DFPBiaoKai-W5-ZhuIn-BFW#15022:請:ㄑㄧㄥˇ;3up:DFPBiaoKai-W5-ZhuIn-BFW#15007:簽:ㄑㄧㄢ;3up:DFPBiaoKai-W5-ZhuIn-BFW#15005:球:ㄑㄧㄡˊ;3up:DFPBiaoKai-W5-ZhuIn-BFW#15020:情:ㄑㄧㄥˊ;3up:DFPBiaoKai-W5-ZhuIn-BFW#15031:拳:ㄑㄩㄢˊ;3up:DFPBiaoKai-W5-ZhuIn-BFW#15008:前:ㄑㄧㄢˊ;3up:DFPBiaoKai-W5-ZhuIn-BFW#15016:強:ㄑㄧㄤˊ;3up:DFPBiaoKai-W5-ZhuIn-BFW#15019:傾:ㄑㄧㄥ;3up:DFPBiaoKai-W5-ZhuIn-BFW#15029:確:ㄑㄩㄝˋ;3up:DFPBiaoKai-W5-ZhuIn-BFW#15009:歉:ㄑㄧㄢˋ;3up:DFPBiaoKai-W5-ZhuIn-BFW#14994:洽:ㄑㄧㄚˋ,static full-data audit + key LOO + cross-book holdout; support>=2,exact vertical-group outline signature; no fuzzy
symbol,ceacb868cfc3bbc7a0856bf75dcc7fd5df0786f2,ㄑ,13,1,3up:DFPBiaoKai-W5-ZhuIn-BFW#14989:奇:ㄑㄧˊ;3up:DFPBiaoKai-W5-ZhuIn-BFW#15025:去:ㄑㄩˋ;3up:DFPBiaoKai-W5-ZhuIn-BFW#14991:起:ㄑㄧˇ;3up:DFPBiaoKai-W5-ZhuIn-BFW#14990:器:ㄑㄧˋ;3up:DFPBiaoKai-W5-ZhuIn-BFW#15023:區:ㄑㄩ;3up:DFPBiaoKai-W5-ZhuIn-BFW#15026:取:ㄑㄩˇ;3down:DFPBiaoKai-W5-ZhuIn-BFW#14990:氣:ㄑㄧˋ;3down:DFPBiaoKai-W5-ZhuIn-BFW#14989:奇:ㄑㄧˊ;3down:DFPBiaoKai-W5-ZhuIn-BFW#15023:軀:ㄑㄩ;3down:DFPBiaoKai-W5-ZhuIn-BFW#14991:起:ㄑㄧˇ;3down:DFPBiaoKai-W5-ZhuIn-BFW#15025:去:ㄑㄩˋ;3down:DFPBiaoKai-W5-ZhuIn-BFW#15026:取:ㄑㄩˇ,static full-data audit + key LOO + cross-book holdout; support>=2,exact vertical-group outline signature; no fuzzy
symbol,e7bc55f5c1eb0193dab3977fdfe6b755bb96df52,ㄑ,6,1,3up:DFPYuanW5-ZhuIn-BFW#14990:期:ㄑㄧˊ;3up:DFPYuanW5-ZhuIn-BFW#14992:起:ㄑㄧˇ;3up:DFPYuanW5-ZhuIn-BFW#15026:去:ㄑㄩˋ;3up:DFPYuanW5-ZhuIn-BFW#14991:氣:ㄑㄧˋ;3up:DFPYuanW5-ZhuIn-BFW#15024:區:ㄑㄩ;3up:DFPYuanW5-ZhuIn-BFW#15027:取:ㄑㄩˇ,static full-data audit + key LOO + cross-book holdout; support>=2,exact vertical-group outline signature; no fuzzy
symbol,1b00e43755e8a7f341c496f31b266dd69d3dc9da,ㄒ,44,3,3up:DFPBiaoKai-W5-ZhuIn-BFW#15067:像:ㄒㄧㄤˋ;3up:DFPBiaoKai-W5-ZhuIn-BFW#15061:新:ㄒㄧㄣ;3up:DFPBiaoKai-W5-ZhuIn-BFW#15078:學:ㄒㄩㄝˊ;3up:DFPBiaoKai-W5-ZhuIn-BFW#15059:現:ㄒㄧㄢˋ;3up:DFPBiaoKai-W5-ZhuIn-BFW#15057:先:ㄒㄧㄢ;3up:DFPBiaoKai-W5-ZhuIn-BFW#15046:些:ㄒㄧㄝ;3up:DFPBiaoKai-W5-ZhuIn-BFW#15053:小:ㄒㄧㄠˇ;3up:n@dW5@#15071:興:ㄒㄧㄥˋ;3up:DFPBiaoKai-W5-ZhuIn-BFW#15070:行:ㄒㄧㄥˊ;3up:DFPBiaoKai-W5-ZhuIn-BFW#15044:下:ㄒㄧㄚˋ;3up:DFPBiaoKai-W5-ZhuIn-BFW#15049:寫:ㄒㄧㄝˇ;3up:DFPBiaoKai-W5-ZhuIn-BFW#15068:響:ㄒㄧㄤˇ,static full-data audit + key LOO + cross-book holdout; support>=2,exact vertical-group outline signature; no fuzzy
symbol,25a5ddf954e14a1d06c89442b262d3d413ab42cb,ㄒ,15,2,3up:DFPBiaoKai-W5-ZhuIn-BFW#15039:習:ㄒㄧˊ;3up:DFPBiaoKai-W5-ZhuIn-BFW#15076:許:ㄒㄩˇ;3up:DFPBiaoKai-W5-ZhuIn-BFW#15038:悉:ㄒㄧ;3up:DFPBiaoKai-W5-ZhuIn-BFW#15075:續:ㄒㄩˋ;3up:DFPBiaoKai-W5-ZhuIn-BFW#15073:需:ㄒㄩ;3up:DFPBiaoKai-W5-ZhuIn-BFW#15040:係:ㄒㄧˋ;3up:DFPBiaoKai-W5-ZhuIn-BFW#15041:喜:ㄒㄧˇ;3down:DFPBiaoKai-W5-ZhuIn-BFW#15041:喜:ㄒㄧˇ;3down:DFPBiaoKai-W5-PoIn1-BFW#15499:西:˙ㄒㄧ;3down:DFPBiaoKai-W5-ZhuIn-BFW#15076:許:ㄒㄩˇ;3down:DFPBiaoKai-W5-ZhuIn-BFW#15040:細:ㄒㄧˋ;3down:DFPBiaoKai-W5-ZhuIn-BFW#15075:序:ㄒㄩˋ,static full-data audit + key LOO + cross-book holdout; support>=2,exact vertical-group outline signature; no fuzzy
symbol,2b1f63d9a76122acb071efe488b45b990b844750,ㄒ,25,2,3up:DFPYuanW5-ZhuIn-BFW#15054:小:ㄒㄧㄠˇ;3up:DFPYuanW5-ZhuIn-BFW#15045:下:ㄒㄧㄚˋ;3up:DFPYuanW5-ZhuIn-BFW#15055:休:ㄒㄧㄡ;3up:DFPYuanW5-ZhuIn-BFW#15062:新:ㄒㄧㄣ;3up:DFPYuanW5-ZhuIn-BFW#15079:學:ㄒㄩㄝˊ;3up:DFPYuanW5-ZhuIn-BFW#15069:響:ㄒㄧㄤˇ;3up:DFPYuanW5-ZhuIn-BFW#15050:寫:ㄒㄧㄝˇ;3up:DFPYuanW5-ZhuIn-BFW#15068:項:ㄒㄧㄤˋ;3up:DFPYuanW5-ZhuIn-BFW#15058:先:ㄒㄧㄢ;3up:DFPYuanW5-ZhuIn-BFW#15070:星:ㄒㄧㄥ;3up:DFPYuanW5-ZhuIn-BFW#15060:現:ㄒㄧㄢˋ;3up:DFPYuanW5-ZhuIn-BFW#15047:些:ㄒㄧㄝ,static full-data audit + key LOO + cross-book holdout; support>=2,exact vertical-group outline signature; no fuzzy
symbol,a170327b64623bfeb31f4194c2136cd5b4458c44,ㄒ,61,7,3down:YenRoundZuinnEG-Md#15006:學:ㄒㄩㄝˊ;3down:YenRoundZuinnEG-Md#15001:習:ㄒㄧˊ;3down:YenRoundZuinnEG-Md#14994:項:ㄒㄧㄤˋ;3down:YenRoundZuinnEG-Bd#14970:下:ㄒㄧㄚˋ;3down:YenRoundZuinnEG-Bd#14978:小:ㄒㄧㄠˇ;3down:YenRoundZuinnEG-Bd#14987:心:ㄒㄧㄣ;3down:YenRoundZuinnEG-Bd#14973:協:ㄒㄧㄝˊ;3down:YenRoundZuinnEG-Bd#14997:行:ㄒㄧㄥˊ;3down:YenRoundZuinnEG-Md#15022:序:ㄒㄩˋ;3down:YenRoundZuinnEG-Md#14997:行:ㄒㄧㄥˊ;3down:YenRoundZuinnEG-Md#14974:寫:ㄒㄧㄝˇ;3down:YenRoundZuinnEG-Md#14970:下:ㄒㄧㄚˋ,static full-data audit + key LOO + cross-book holdout; support>=2,exact vertical-group outline signature; no fuzzy
symbol,b1abca2e7ba8f9d79a59e4307221e9f5200de669,ㄒ,6,1,3up:DFPYuanW5-ZhuIn-BFW#15040:息:ㄒㄧˊ;3up:DFPYuanW5-ZhuIn-BFW#15042:喜:ㄒㄧˇ;3up:DFPYuanW5-ZhuIn-BFW#15041:戲:ㄒㄧˋ;3up:DFPYuanW5-ZhuIn-BFW#15039:西:ㄒㄧ;3up:DFPYuanW5-ZhuIn-BFW#15074:需:ㄒㄩ;3up:DFPYuanW5-ZhuIn-BFW#15076:序:ㄒㄩˋ,static full-data audit + key LOO + cross-book holdout; support>=2,exact vertical-group outline signature; no fuzzy
symbol,e8f03aa67990c1de94bf4d8655d696c79477cd69,ㄒ,10,1,3up:DFPBiaoKai-W5-ZhuIn-BFW#15086:尋:ㄒㄩㄣˊ;3up:DFPBiaoKai-W5-ZhuIn-BFW#15084:選:ㄒㄩㄢˇ;3up:DFPBiaoKai-W5-ZhuIn-BFW#15088:胸:ㄒㄩㄥ;3up:DFPBiaoKai-W5-ZhuIn-BFW#15087:訊:ㄒㄩㄣˋ;3up:DFPBiaoKai-W5-ZhuIn-BFW#15082:旋:ㄒㄩㄢˊ;3down:DFPBiaoKai-W5-ZhuIn-BFW#15086:循:ㄒㄩㄣˊ;3down:DFPBiaoKai-W5-ZhuIn-BFW#15088:胸:ㄒㄩㄥ;3down:DFPBiaoKai-W5-ZhuIn-BFW#15087:訊:ㄒㄩㄣˋ;3down:DFPBiaoKai-W5-ZhuIn-BFW#15084:選:ㄒㄩㄢˇ;3down:DFPBiaoKai-W5-ZhuIn-BFW#15081:宣:ㄒㄩㄢ,static full-data audit + key LOO + cross-book holdout; support>=2,exact vertical-group outline signature; no fuzzy
symbol,019cf78be77bf308a8cc23d3bd0afb577be8f443,ㄓ,5,2,3up:DFPBiaoKai-W5-ZhuIn-BFW#15131:住:ㄓㄨˋ;3up:DFPBiaoKai-W5-ZhuIn-BFW#15111:照:ㄓㄠˋ;3down:DFPBiaoKai-W5-ZhuIn-BFW#15131:住:ㄓㄨˋ;3down:DFPBiaoKai-W5-ZhuIn-BFW#15111:照:ㄓㄠˋ;3down:DFPBiaoKai-W5-PoIn3-BFW#15131:著:ㄓㄨˋ,static full-data audit + key LOO + cross-book holdout; support>=2,exact vertical-group outline signature; no fuzzy
symbol,02a3bb108ca92d1963b8f3381836f71ded1c9108,ㄓ,53,10,3down:YenRoundZuinnEG-Md#15032:這:ㄓㄜˋ;3down:YenRoundZuinnEG-Md#15078:中:ㄓㄨㄥ;3down:YenRoundZuinnEG-Md#15073:準:ㄓㄨㄣˇ;3down:YenRoundZuinnEG-Md#15031:者:ㄓㄜˇ;3down:YenRoundZuinn1EG-Bd#15053:長:ㄓㄤˇ;3down:YenRoundZuinnEG-Bd#15049:真:ㄓㄣ;3down:YenRoundZuinnEG-Bd#15048:戰:ㄓㄢˋ;3down:YenRoundZuinnEG-Bd#15023:之:ㄓ;3down:YenRoundZuinnEG-Bd#15061:桌:ㄓㄨㄛ;3down:YenRoundZuinnEG-Bd#15078:中:ㄓㄨㄥ;3down:YenRoundZuinnEG-Md#15047:展:ㄓㄢˇ;3down:YenRoundZuinnEG-Md#15084:執:ㄓˊ,static full-data audit + key LOO + cross-book holdout; support>=2,exact vertical-group outline signature; no fuzzy
symbol,0621980ab28ddef5dfbed02afa08d2d04f1e6ab6,ㄓ,19,4,3up:DFPBiaoKai-W5-ZhuIn-BFW#15153:重:ㄓㄨㄥˋ;3up:DFPBiaoKai-W5-ZhuIn-BFW#15150:壯:ㄓㄨㄤˋ;3up:DFPBiaoKai-W5-PoIn2-BFW#15136:著:ㄓㄨㄛˊ;3up:DFPBiaoKai-W5-ZhuIn-BFW#15148:準:ㄓㄨㄣˇ;3up:DFPBiaoKai-W5-ZhuIn-BFW#15152:中:ㄓㄨㄥ;3up:DFPBiaoKai-W5-ZhuIn-BFW#15145:轉:ㄓㄨㄢˇ;3up:DFPBiaoKai-W5-ZhuIn-BFW#15140:追:ㄓㄨㄟ;3up:n@dW5@#15153:種:ㄓㄨㄥˋ;3up:DFPBiaoKai-W5-ZhuIn-BFW#15149:裝:ㄓㄨㄤ;3up:DFPBiaoKai-W5-ZhuIn-BFW#15143:專:ㄓㄨㄢ;3down:DFPBiaoKai-W5-ZhuIn-BFW#15152:中:ㄓㄨㄥ;3down:DFPBiaoKai-W5-ZhuIn-BFW#15153:重:ㄓㄨㄥˋ,static full-data audit + key LOO + cross-book holdout; support>=2,exact vertical-group outline signature; no fuzzy
symbol,5088e42fcc88901dfb9ea130d78bcf1666968539,ㄓ,9,2,3up:DFPYuanW5-ZhuIn-BFW#15154:重:ㄓㄨㄥˋ;3up:DFPYuanW5-ZhuIn-BFW#15155:種:ㄓㄨㄥˇ;3up:DFPYuanW5-ZhuIn-BFW#15153:鐘:ㄓㄨㄥ;3up:DFPYuanW5-ZhuIn-BFW#15151:撞:ㄓㄨㄤˋ;3up:DFPYuanW5-ZhuIn-BFW#15149:準:ㄓㄨㄣˇ;3up:DFPYuanW5-PoIn1-BFW#15145:轉:ㄓㄨㄢˋ;3up:DFPYuanW5-ZhuIn-BFW#15141:追:ㄓㄨㄟ;3up:DFPYuanW5-PoIn1-BFW#15154:中:ㄓㄨㄥˋ;3up:DFPYuanW5-ZhuIn-BFW#15146:轉:ㄓㄨㄢˇ,static full-data audit + key LOO + cross-book holdout; support>=2,exact vertical-group outline signature; no fuzzy
symbol,67d206ed90488f44ce107353c75b463a8c48768e,ㄓ,13,3,3up:DFPBiaoKai-W5-PoIn1-BFW#15125:長:ㄓㄤˇ;3up:DFPBiaoKai-W5-ZhuIn-BFW#15118:戰:ㄓㄢˋ;3up:n@dW5@#15125:長:ㄓㄤˇ;3up:DFPBiaoKai-W5-ZhuIn-BFW#15109:招:ㄓㄠ;3up:DFPBiaoKai-W5-ZhuIn-BFW#15113:週:ㄓㄡ;3up:n@dW5@#15118:占:ㄓㄢˋ;3up:DFPBiaoKai-W5-ZhuIn-BFW#15125:掌:ㄓㄤˇ;3down:DFPBiaoKai-W5-PoIn1-BFW#15125:長:ㄓㄤˇ;3down:DFPBiaoKai-W5-ZhuIn-BFW#15115:皺:ㄓㄡˋ;3down:DFPBiaoKai-W5-ZhuIn-BFW#15118:站:ㄓㄢˋ;3down:DFPBiaoKai-W5-ZhuIn-BFW#15113:周:ㄓㄡ;3down:DFPBiaoKai-W5-ZhuIn-BFW#15109:招:ㄓㄠ,static full-data audit + key LOO + cross-book holdout; support>=2,exact vertical-group outline signature; no fuzzy
symbol,70ff1a64520995df767fe9f2ea2419205c0895ce,ㄓ,2,1,3up:DFPBiaoKai-W5-ZhuIn-BFW#15154:種:ㄓㄨㄥˇ;3down:DFPBiaoKai-W5-ZhuIn-BFW#15154:種:ㄓㄨㄥˇ,static full-data audit + key LOO + cross-book holdout; support>=2,exact vertical-group outline signature; no fuzzy
symbol,713d5255b1832d6effa8e4d30be2fe4fc8735c3c,ㄓ,26,2,3up:DFPBiaoKai-W5-PoIn1-BFW#15110:著:ㄓㄠˊ;3up:DFPBiaoKai-W5-ZhuIn-BFW#15112:找:ㄓㄠˇ;3up:DFPBiaoKai-W5-ZhuIn-BFW#15132:主:ㄓㄨˇ;3up:DFPBiaoKai-W5-ZhuIn-BFW#15120:真:ㄓㄣ;3up:DFPBiaoKai-W5-ZhuIn-BFW#15128:整:ㄓㄥˇ;3up:DFPBiaoKai-W5-ZhuIn-BFW#15127:正:ㄓㄥˋ;3up:DFPBiaoKai-W5-ZhuIn-BFW#15119:展:ㄓㄢˇ;3up:DFPBiaoKai-W5-ZhuIn-BFW#15124:障:ㄓㄤˋ;3up:DFPBiaoKai-W5-ZhuIn-BFW#15122:診:ㄓㄣˇ;3up:DFPBiaoKai-W5-ZhuIn-BFW#15102:摺:ㄓㄜˊ;3up:DFPBiaoKai-W5-ZhuIn-BFW#15104:者:ㄓㄜˇ;3up:DFPBiaoKai-W5-ZhuIn-BFW#15121:陣:ㄓㄣˋ,static full-data audit + key LOO + cross-book holdout; support>=2,exact vertical-group outline signature; no fuzzy
symbol,72543355f926e916c51324de3dd670330488e77e,ㄓ,2,1,3up:DFPBiaoKai-W5-ZhuIn-BFW#15101:著:˙ㄓㄜ;3down:DFPBiaoKai-W5-ZhuIn-BFW#15101:著:˙ㄓㄜ,static full-data audit + key LOO + cross-book holdout; support>=2,exact vertical-group outline signature; no fuzzy
symbol,7b453e847b954cd6ceb2c2110eba5138da5415b1,ㄓ,2,1,3up:DFPBiaoKai-W5-ZhuIn-BFW#15126:爭:ㄓㄥ;3down:DFPBiaoKai-W5-ZhuIn-BFW#15126:徵:ㄓㄥ,static full-data audit + key LOO + cross-book holdout; support>=2,exact vertical-group outline signature; no fuzzy
symbol,a0407a8184f5db665efafffc64731342d14f3286,ㄓ,2,1,3up:DFPBiaoKai-W5-ZhuIn-BFW#15094:制:ㄓˋ;3down:DFPBiaoKai-W5-ZhuIn-BFW#15094:致:ㄓˋ,static full-data audit + key LOO + cross-book holdout; support>=2,exact vertical-group outline signature; no fuzzy
symbol,b55e013f4733bf89557ec58dc0d10d24074ddf11,ㄓ,2,1,3up:DFPBiaoKai-W5-ZhuIn-BFW#15103:這:ㄓㄜˋ;3down:DFPBiaoKai-W5-ZhuIn-BFW#15103:這:ㄓㄜˋ,static full-data audit + key LOO + cross-book holdout; support>=2,exact vertical-group outline signature; no fuzzy
symbol,e6927180cdd38429037c5677d16104d2a8c43ce5,ㄓ,6,1,3up:DFPBiaoKai-W5-ZhuIn-BFW#15095:指:ㄓˇ;3up:DFPBiaoKai-W5-ZhuIn-BFW#15092:支:ㄓ;3up:DFPBiaoKai-W5-ZhuIn-BFW#15093:直:ㄓˊ;3down:DFPBiaoKai-W5-ZhuIn-BFW#15093:直:ㄓˊ;3down:DFPBiaoKai-W5-ZhuIn-BFW#15092:之:ㄓ;3down:DFPBiaoKai-W5-ZhuIn-BFW#15095:只:ㄓˇ,static full-data audit + key LOO + cross-book holdout; support>=2,exact vertical-group outline signature; no fuzzy
symbol,f099c79f2008ccb61448cc68129fae2f8ff4f426,ㄓ,25,3,3up:DFPYuanW5-ZhuIn-BFW#15109:窄:ㄓㄞˇ;3up:DFPYuanW5-ZhuIn-BFW#15129:整:ㄓㄥˇ;3up:DFPYuanW5-ZhuIn-BFW#15104:這:ㄓㄜˋ;3up:DFPYuanW5-PoIn1-BFW#15126:長:ㄓㄤˇ;3up:DFPYuanW5-ZhuIn-BFW#15095:至:ㄓˋ;3up:DFPYuanW5-ZhuIn-BFW#15113:找:ㄓㄠˇ;3up:DFPYuanW5-ZhuIn-BFW#15093:知:ㄓ;3up:DFPYuanW5-ZhuIn-BFW#15105:者:ㄓㄜˇ;3up:DFPYuanW5-ZhuIn-BFW#15128:症:ㄓㄥˋ;3up:DFPYuanW5-ZhuIn-BFW#15133:主:ㄓㄨˇ;3up:DFPYuanW5-ZhuIn-BFW#15102:著:˙ㄓㄜ;3up:DFPYuanW5-ZhuIn-BFW#15096:指:ㄓˇ,static full-data audit + key LOO + cross-book holdout; support>=2,exact vertical-group outline signature; no fuzzy
symbol,fa4899e2508c1c5fa205c66d479d7f1d704e2542,ㄓ,3,3,3up:DFHeiChuIn-Bd-BPMW-BF#15196:重:ㄓㄨㄥˋ;3up:DFHeiPoIn2-Bd-BPMW-BF#15179:著:ㄓㄨㄛˊ;3up:DFHeiPoIn1-Bd-BPMW-BF#15196:中:ㄓㄨㄥˋ,static full-data audit + key LOO + cross-book holdout; support>=2,exact vertical-group outline signature; no fuzzy
symbol,438aa23b345d27a6d3b901cc91f9477cbdabc14f,ㄕ,14,1,3up:DFPBiaoKai-W5-ZhuIn-BFW#15274:睡:ㄕㄨㄟˋ;3up:DFPBiaoKai-W5-ZhuIn-BFW#15280:雙:ㄕㄨㄤ;3up:DFPBiaoKai-W5-ZhuIn-BFW#15268:說:ㄕㄨㄛ;3up:DFPBiaoKai-W5-ZhuIn-BFW#15278:順:ㄕㄨㄣˋ;3up:DFPBiaoKai-W5-ZhuIn-BFW#15275:水:ㄕㄨㄟˇ;3up:DFPBiaoKai-W5-ZhuIn-BFW#15270:摔:ㄕㄨㄞ;3up:DFPBiaoKai-W5-ZhuIn-BFW#15271:帥:ㄕㄨㄞˋ;3down:DFPBiaoKai-W5-ZhuIn-BFW#15278:順:ㄕㄨㄣˋ;3down:DFPBiaoKai-W5-ZhuIn-BFW#15274:睡:ㄕㄨㄟˋ;3down:DFPBiaoKai-W5-ZhuIn-BFW#15270:衰:ㄕㄨㄞ;3down:DFPBiaoKai-W5-ZhuIn-BFW#15268:說:ㄕㄨㄛ;3down:DFPBiaoKai-W5-ZhuIn-BFW#15275:水:ㄕㄨㄟˇ,static full-data audit + key LOO + cross-book holdout; support>=2,exact vertical-group outline signature; no fuzzy
symbol,76ed0735558939a614745657c87ac8650a0b1347,ㄕ,2,1,3up:DFPBiaoKai-W5-ZhuIn-BFW#15257:賞:ㄕㄤˇ;3down:DFPBiaoKai-W5-ZhuIn-BFW#15257:賞:ㄕㄤˇ,static full-data audit + key LOO + cross-book holdout; support>=2,exact vertical-group outline signature; no fuzzy
symbol,782befd4166f1ba6716ea6b735fd47f0f7ab5f34,ㄕ,6,1,3up:DFPBiaoKai-W5-ZhuIn-BFW#15225:是:ㄕˋ;3up:DFPBiaoKai-W5-ZhuIn-BFW#15224:食:ㄕˊ;3up:DFPBiaoKai-W5-ZhuIn-BFW#15222:師:ㄕ;3down:DFPBiaoKai-W5-ZhuIn-BFW#15225:是:ㄕˋ;3down:DFPBiaoKai-W5-ZhuIn-BFW#15224:食:ㄕˊ;3down:DFPBiaoKai-W5-ZhuIn-BFW#15222:師:ㄕ,static full-data audit + key LOO + cross-book holdout; support>=2,exact vertical-group outline signature; no fuzzy
symbol,9b54f53582a592fb50eb760a2c3d296d335c8e13,ㄕ,37,4,3up:DFPBiaoKai-W5-ZhuIn-BFW#15258:生:ㄕㄥ;3up:DFPBiaoKai-W5-ZhuIn-BFW#15265:暑:ㄕㄨˇ;3up:DFPBiaoKai-W5-ZhuIn-BFW#15256:上:ㄕㄤˋ;3up:DFPBiaoKai-W5-ZhuIn-BFW#15238:誰:ㄕㄟˊ;3up:DFPBiaoKai-W5-ZhuIn-BFW#15262:書:ㄕㄨ;3up:DFPBiaoKai-W5-PoIn3-BFW#15251:什:ㄕㄣˊ;3up:DFPBiaoKai-W5-ZhuIn-BFW#15245:受:ㄕㄡˋ;3up:DFPBiaoKai-W5-ZhuIn-BFW#15254:傷:ㄕㄤ;3up:DFPBiaoKai-W5-ZhuIn-BFW#15233:設:ㄕㄜˋ;3up:DFPBiaoKai-W5-ZhuIn-BFW#15242:少:ㄕㄠˇ;3up:DFPBiaoKai-W5-ZhuIn-BFW#15236:晒:ㄕㄞˋ;3up:DFPBiaoKai-W5-ZhuIn-BFW#15243:收:ㄕㄡ,static full-data audit + key LOO + cross-book holdout; support>=2,exact vertical-group outline signature; no fuzzy
symbol,9bae125d302cbdff16a4b4ff13ad5369039339b3,ㄕ,2,1,3up:DFPBiaoKai-W5-ZhuIn-BFW#15250:身:ㄕㄣ;3down:DFPBiaoKai-W5-ZhuIn-BFW#15250:身:ㄕㄣ,static full-data audit + key LOO + cross-book holdout; support>=2,exact vertical-group outline signature; no fuzzy
symbol,ac377163647b57d687bd0c42546989e3d0bdc687,ㄕ,57,10,3down:YenRoundZuinnEG-Md#15182:神:ㄕㄣˊ;3down:YenRoundZuinnEG-Md#15189:生:ㄕㄥ;3down:YenRoundZuinnEG-Md#15191:繩:ㄕㄥˊ;3down:YenRoundZuinnEG-Bd#15189:生:ㄕㄥ;3down:YenRoundZuinnEG-Bd#15194:舒:ㄕㄨ;3down:YenRoundZuinnEG-Bd#15219:是:ㄕˋ;3down:YenRoundZuinnEG-Bd#15191:繩:ㄕㄥˊ;3down:YenRoundZuinnEG-Bd#15164:社:ㄕㄜˋ;3down:YenRoundZuinnEG-Bd#15178:閃:ㄕㄢˇ;3down:YenRoundZuinnEG-Bd#15209:雙:ㄕㄨㄤ;3down:YenRoundZuinnEG-Bd#15203:水:ㄕㄨㄟˇ;3down:YenRoundZuinnEG-Md#15208:順:ㄕㄨㄣˋ,static full-data audit + key LOO + cross-book holdout; support>=2,exact vertical-group outline signature; no fuzzy
symbol,b957904df705595749ab6534fe09663c1b58e8ac,ㄕ,2,1,3up:DFPBiaoKai-W5-ZhuIn-BFW#15226:始:ㄕˇ;3down:DFPBiaoKai-W5-ZhuIn-BFW#15226:始:ㄕˇ,static full-data audit + key LOO + cross-book holdout; support>=2,exact vertical-group outline signature; no fuzzy
symbol,c11e2b9408cf340d500b665d5f740084578407c5,ㄕ,4,1,3up:DFPBiaoKai-W5-ZhuIn-BFW#15244:熟:ㄕㄡˊ;3up:DFPBiaoKai-W5-ZhuIn-BFW#15246:手:ㄕㄡˇ;3down:DFPBiaoKai-W5-ZhuIn-BFW#15244:熟:ㄕㄡˊ;3down:DFPBiaoKai-W5-ZhuIn-BFW#15246:手:ㄕㄡˇ,static full-data audit + key LOO + cross-book holdout; support>=2,exact vertical-group outline signature; no fuzzy
symbol,cdba2fc23c75e3b5b88ad66a5611ed2089bedceb,ㄕ,6,1,3up:DFPYuanW5-ZhuIn-BFW#15275:睡:ㄕㄨㄟˋ;3up:DFPYuanW5-ZhuIn-BFW#15269:說:ㄕㄨㄛ;3up:DFPYuanW5-ZhuIn-BFW#15276:水:ㄕㄨㄟˇ;3up:DFPYuanW5-ZhuIn-BFW#15281:雙:ㄕㄨㄤ;3up:DFPYuanW5-ZhuIn-BFW#15283:爽:ㄕㄨㄤˇ;3up:DFPYuanW5-ZhuIn-BFW#15279:順:ㄕㄨㄣˋ,static full-data audit + key LOO + cross-book holdout; support>=2,exact vertical-group outline signature; no fuzzy
symbol,f391ad8918d623a156db91f38261f050cc41228d,ㄕ,21,1,3up:DFPYuanW5-ZhuIn-BFW#15263:書:ㄕㄨ;3up:DFPYuanW5-ZhuIn-BFW#15226:是:ㄕˋ;3up:DFPYuanW5-ZhuIn-BFW#15257:上:ㄕㄤˋ;3up:DFPYuanW5-ZhuIn-BFW#15251:身:ㄕㄣ;3up:DFPYuanW5-ZhuIn-BFW#15239:誰:ㄕㄟˊ;3up:DFPYuanW5-ZhuIn-BFW#15265:數:ㄕㄨˋ;3up:DFPYuanW5-ZhuIn-BFW#15225:時:ㄕˊ;3up:DFPYuanW5-ZhuIn-BFW#15243:少:ㄕㄠˇ;3up:DFPYuanW5-ZhuIn-BFW#15223:師:ㄕ;3up:DFPYuanW5-ZhuIn-BFW#15259:生:ㄕㄥ;3up:DFPYuanW5-ZhuIn-BFW#15249:擅:ㄕㄢˋ;3up:DFPYuanW5-ZhuIn-BFW#15247:守:ㄕㄡˇ,static full-data audit + key LOO + cross-book holdout; support>=2,exact vertical-group outline signature; no fuzzy
symbol,0121e227ace9651a7440930b9b483b106a9967e2,ㄖ,2,1,3up:DFPBiaoKai-W5-ZhuIn-BFW#15283:日:ㄖˋ;3down:DFPBiaoKai-W5-ZhuIn-BFW#15283:日:ㄖˋ,static full-data audit + key LOO + cross-book holdout; support>=2,exact vertical-group outline signature; no fuzzy
symbol,62dcdcd5db7b370c1e326c798c5219229f0d45a7,ㄖ,3,1,3up:DFPYuanW5-ZhuIn-BFW#15316:容:ㄖㄨㄥˊ;3up:DFPYuanW5-ZhuIn-BFW#15313:軟:ㄖㄨㄢˇ;3up:DFPYuanW5-ZhuIn-BFW#15308:若:ㄖㄨㄛˋ,static full-data audit + key LOO + cross-book holdout; support>=2,exact vertical-group outline signature; no fuzzy
symbol,6a7d5d69436cb68376dd100f7bcaffccd430df2b,ㄖ,10,1,3up:DFPYuanW5-ZhuIn-BFW#15296:認:ㄖㄣˋ;3up:DFPYuanW5-ZhuIn-BFW#15284:日:ㄖˋ;3up:DFPYuanW5-ZhuIn-BFW#15295:人:ㄖㄣˊ;3up:DFPYuanW5-ZhuIn-BFW#15304:如:ㄖㄨˊ;3up:DFPYuanW5-ZhuIn-BFW#15294:染:ㄖㄢˇ;3up:DFPYuanW5-ZhuIn-BFW#15299:讓:ㄖㄤˋ;3up:DFPYuanW5-ZhuIn-BFW#15306:乳:ㄖㄨˇ;3up:DFPYuanW5-ZhuIn-BFW#15291:肉:ㄖㄡˋ;3up:DFPYuanW5-ZhuIn-BFW#15305:入:ㄖㄨˋ;3up:DFPYuanW5-ZhuIn-BFW#15293:然:ㄖㄢˊ,static full-data audit + key LOO + cross-book holdout; support>=2,exact vertical-group outline signature; no fuzzy
symbol,ae853a3157ce77307fff0d4aea43cff570e80e7e,ㄖ,19,6,3down:YenRoundZuinnEG-Md#15252:如:ㄖㄨˊ;3down:YenRoundZuinnEG-Md#15236:讓:ㄖㄤˋ;3down:YenRoundZuinnEG-Bd#15231:人:ㄖㄣˊ;3down:YenRoundZuinnEG-Md#15255:日:ㄖˋ;3down:YenRoundZuinnEG-Md#15231:人:ㄖㄣˊ;3down:YenRoundZuinnEG-Md#15253:乳:ㄖㄨˇ;3down:YenRoundZuinnEG-Md#15238:仍:ㄖㄥˊ;3down:LinGothicZuinnEG-Bd#15255:日:ㄖˋ;3down:YenRoundZuinnEG-Md#15254:入:ㄖㄨˋ;3down:LinGothicZuinnEG-Md#15255:日:ㄖˋ;3down:LinGothicZuinnEG-Bd#15254:入:ㄖㄨˋ;3down:LinGothicZuinnEG-Bd#15231:人:ㄖㄣˊ,static full-data audit + key LOO + cross-book holdout; support>=2,exact vertical-group outline signature; no fuzzy
symbol,da519dc734734ac56b6e7921e9f21ea3e0a4b53a,ㄖ,5,1,3up:DFPBiaoKai-W5-ZhuIn-BFW#15312:軟:ㄖㄨㄢˇ;3up:DFPBiaoKai-W5-ZhuIn-BFW#15315:容:ㄖㄨㄥˊ;3up:DFPBiaoKai-W5-ZhuIn-BFW#15307:若:ㄖㄨㄛˋ;3down:DFPBiaoKai-W5-ZhuIn-BFW#15315:容:ㄖㄨㄥˊ;3down:DFPBiaoKai-W5-ZhuIn-BFW#15312:軟:ㄖㄨㄢˇ,static full-data audit + key LOO + cross-book holdout; support>=2,exact vertical-group outline signature; no fuzzy
symbol,26305d54636589cdc443276c1003df32f780b477,ㄗ,4,2,3up:DFPBiaoKai-W5-ZhuIn-BFW#15319:自:ㄗˋ;3down:DFPBiaoKai-W5-PoIn1-BFW#15320:子:ㄗˇ;3down:DFPBiaoKai-W5-ZhuIn-BFW#15319:自:ㄗˋ;3down:DFPBiaoKai-W5-ZhuIn-BFW#15320:仔:ㄗˇ,static full-data audit + key LOO + cross-book holdout; support>=2,exact vertical-group outline signature; no fuzzy
symbol,38d4d4a7a13a9366c446c4fd64a940c3b51c3ed2,ㄗ,8,1,3up:DFPBiaoKai-W5-ZhuIn-BFW#15355:座:ㄗㄨㄛˋ;3up:DFPBiaoKai-W5-ZhuIn-BFW#15356:左:ㄗㄨㄛˇ;3up:DFPBiaoKai-W5-ZhuIn-BFW#15363:尊:ㄗㄨㄣ;3up:DFPBiaoKai-W5-ZhuIn-BFW#15354:昨:ㄗㄨㄛˊ;3up:DFPBiaoKai-W5-ZhuIn-BFW#15366:蹤:ㄗㄨㄥ;3down:DFPBiaoKai-W5-ZhuIn-BFW#15355:做:ㄗㄨㄛˋ;3down:DFPBiaoKai-W5-ZhuIn-BFW#15356:左:ㄗㄨㄛˇ;3down:DFPBiaoKai-W5-ZhuIn-BFW#15363:遵:ㄗㄨㄣ,static full-data audit + key LOO + cross-book holdout; support>=2,exact vertical-group outline signature; no fuzzy
symbol,5e5e51859f5466bf4c7aed0169e67b391a57bb02,ㄗ,25,2,3up:DFPBiaoKai-W5-ZhuIn-BFW#15327:在:ㄗㄞˋ;3up:DFPBiaoKai-W5-ZhuIn-BFW#15343:怎:ㄗㄣˇ;3up:DFPBiaoKai-W5-ZhuIn-BFW#15336:走:ㄗㄡˇ;3up:DFPBiaoKai-W5-ZhuIn-BFW#15323:擇:ㄗㄜˊ;3up:DFPBiaoKai-W5-ZhuIn-BFW#15333:早:ㄗㄠˇ;3up:DFPBiaoKai-W5-ZhuIn-BFW#15332:造:ㄗㄠˋ;3up:DFPBiaoKai-W5-ZhuIn-BFW#15339:讚:ㄗㄢˋ;3up:DFPBiaoKai-W5-ZhuIn-BFW#15352:組:ㄗㄨˇ;3up:DFPBiaoKai-W5-PoIn1-BFW#15328:載:ㄗㄞˇ;3up:DFPBiaoKai-W5-ZhuIn-BFW#15322:雜:ㄗㄚˊ;3up:DFPBiaoKai-W5-ZhuIn-BFW#15347:增:ㄗㄥ;3up:DFPBiaoKai-W5-ZhuIn-BFW#15350:足:ㄗㄨˊ,static full-data audit + key LOO + cross-book holdout; support>=2,exact vertical-group outline signature; no fuzzy
symbol,744b9945ebba7f37c763cd0e9f83ab5dd9df0dd2,ㄗ,4,1,3up:DFPBiaoKai-W5-ZhuIn-BFW#15318:子:˙ㄗ;3up:DFPBiaoKai-W5-ZhuIn-BFW#15317:資:ㄗ;3down:DFPBiaoKai-W5-ZhuIn-BFW#15318:子:˙ㄗ;3down:DFPBiaoKai-W5-ZhuIn-BFW#15317:諮:ㄗ,static full-data audit + key LOO + cross-book holdout; support>=2,exact vertical-group outline signature; no fuzzy
symbol,9c2356787cb4e201ddbef49b189fb02391de8f43,ㄗ,11,1,3up:DFPYuanW5-ZhuIn-BFW#15344:怎:ㄗㄣˇ;3up:DFPYuanW5-ZhuIn-BFW#15337:走:ㄗㄡˇ;3up:DFPYuanW5-ZhuIn-BFW#15324:則:ㄗㄜˊ;3up:DFPYuanW5-ZhuIn-BFW#15328:再:ㄗㄞˋ;3up:DFPYuanW5-ZhuIn-BFW#15333:皂:ㄗㄠˋ;3up:DFPYuanW5-ZhuIn-BFW#15331:遭:ㄗㄠ;3up:DFPYuanW5-ZhuIn-BFW#15334:棗:ㄗㄠˇ;3up:DFPYuanW5-ZhuIn-BFW#15351:足:ㄗㄨˊ;3up:DFPYuanW5-ZhuIn-BFW#15348:增:ㄗㄥ;3up:DFPYuanW5-ZhuIn-BFW#15323:雜:ㄗㄚˊ;3up:DFPYuanW5-ZhuIn-BFW#15353:組:ㄗㄨˇ,static full-data audit + key LOO + cross-book holdout; support>=2,exact vertical-group outline signature; no fuzzy
symbol,aeca258ddbe0a04ce4e9f933239084582d6d0a8b,ㄗ,6,1,3up:DFPYuanW5-ZhuIn-BFW#15364:遵:ㄗㄨㄣ;3up:DFPYuanW5-ZhuIn-BFW#15356:做:ㄗㄨㄛˋ;3up:DFPYuanW5-ZhuIn-BFW#15359:最:ㄗㄨㄟˋ;3up:DFPYuanW5-ZhuIn-BFW#15360:嘴:ㄗㄨㄟˇ;3up:DFPYuanW5-ZhuIn-BFW#15357:左:ㄗㄨㄛˇ;3up:DFPYuanW5-ZhuIn-BFW#15369:總:ㄗㄨㄥˇ,static full-data audit + key LOO + cross-book holdout; support>=2,exact vertical-group outline signature; no fuzzy
symbol,c3512248881b387c4e0540fabdeff46862eed773,ㄗ,4,2,3up:DFPYuanW5-PoIn1-BFW#15319:子:˙ㄗ;3up:DFPYuanW5-ZhuIn-BFW#15320:自:ㄗˋ;3up:DFPYuanW5-ZhuIn-BFW#15318:資:ㄗ;3up:DFPYuanW5-ZhuIn-BFW#15321:子:ㄗˇ,static full-data audit + key LOO + cross-book holdout; support>=2,exact vertical-group outline signature; no fuzzy
symbol,ccc2bf3b205c1103a133584e74e6286ffd6f5e7c,ㄗ,2,1,3up:DFPBiaoKai-W5-ZhuIn-BFW#15358:最:ㄗㄨㄟˋ;3down:DFPBiaoKai-W5-ZhuIn-BFW#15358:最:ㄗㄨㄟˋ,static full-data audit + key LOO + cross-book holdout; support>=2,exact vertical-group outline signature; no fuzzy
symbol,f6542d0698ba77aedf81e98e0067d8f3d6cc91cf,ㄗ,37,6,3down:YenRoundZuinnEG-Md#15289:作:ㄗㄨㄛˋ;3down:YenRoundZuinnEG-Md#15264:在:ㄗㄞˋ;3down:YenRoundZuinnEG-Md#15307:自:ㄗˋ;3down:YenRoundZuinnEG-Md#15278:怎:ㄗㄣˇ;3down:YenRoundZuinnEG-Bd#15262:災:ㄗㄞ;3down:YenRoundZuinnEG-Bd#15289:作:ㄗㄨㄛˋ;3down:YenRoundZuinnEG-Bd#15256:資:ㄗ;3down:YenRoundZuinnEG-Bd#15302:足:ㄗㄨˊ;3down:YenRoundZuinnEG-Bd#15292:最:ㄗㄨㄟˋ;3down:YenRoundZuinnEG-Md#15305:子:˙ㄗ;3down:YenRoundZuinnEG-Bd#15305:子:˙ㄗ;3down:YenRoundZuinnEG-Md#15302:足:ㄗㄨˊ,static full-data audit + key LOO + cross-book holdout; support>=2,exact vertical-group outline signature; no fuzzy
symbol,48c3152d0b389f35c5d04183bbf5f0788edd4c57,ㄘ,2,1,3up:DFPYuanW5-ZhuIn-BFW#15372:刺:ㄘˋ;3up:DFPYuanW5-ZhuIn-BFW#15373:此:ㄘˇ,static full-data audit + key LOO + cross-book holdout; support>=2,exact vertical-group outline signature; no fuzzy
symbol,4c6b7fa7fd38f06eba981725e2956432188c710a,ㄘ,11,1,3up:DFPYuanW5-ZhuIn-BFW#15397:曾:ㄘㄥˊ;3up:DFPYuanW5-ZhuIn-BFW#15379:才:ㄘㄞˊ;3up:DFPYuanW5-ZhuIn-BFW#15387:餐:ㄘㄢ;3up:DFPYuanW5-ZhuIn-BFW#15377:廁:ㄘㄜˋ;3up:DFPYuanW5-ZhuIn-BFW#15385:草:ㄘㄠˇ;3up:DFPYuanW5-ZhuIn-BFW#15380:菜:ㄘㄞˋ;3up:DFPYuanW5-ZhuIn-BFW#15401:促:ㄘㄨˋ;3up:DFPYuanW5-ZhuIn-BFW#15381:踩:ㄘㄞˇ;3up:DFPYuanW5-ZhuIn-BFW#15382:操:ㄘㄠ;3up:DFPYuanW5-ZhuIn-BFW#15374:擦:ㄘㄚ;3up:DFPYuanW5-ZhuIn-BFW#15378:猜:ㄘㄞ,static full-data audit + key LOO + cross-book holdout; support>=2,exact vertical-group outline signature; no fuzzy
symbol,52145b99a1aaf6687dde0e30d9e7a2e19c20c3a1,ㄘ,3,1,3up:DFPYuanW5-ZhuIn-BFW#15418:從:ㄘㄨㄥˊ;3up:DFPYuanW5-ZhuIn-BFW#15404:錯:ㄘㄨㄛˋ;3up:DFPYuanW5-ZhuIn-BFW#15414:存:ㄘㄨㄣˊ,static full-data audit + key LOO + cross-book holdout; support>=2,exact vertical-group outline signature; no fuzzy
symbol,52b592ba86aacdcc2556e948b91fc79de922b6f3,ㄘ,7,1,3up:DFPBiaoKai-W5-ZhuIn-BFW#15412:村:ㄘㄨㄣ;3up:DFPBiaoKai-W5-ZhuIn-BFW#15417:從:ㄘㄨㄥˊ;3up:DFPBiaoKai-W5-ZhuIn-BFW#15403:錯:ㄘㄨㄛˋ;3up:DFPBiaoKai-W5-ZhuIn-BFW#15413:存:ㄘㄨㄣˊ;3down:DFPBiaoKai-W5-ZhuIn-BFW#15417:從:ㄘㄨㄥˊ;3down:DFPBiaoKai-W5-ZhuIn-BFW#15403:措:ㄘㄨㄛˋ;3down:DFPBiaoKai-W5-ZhuIn-BFW#15416:聰:ㄘㄨㄥ,static full-data audit + key LOO + cross-book holdout; support>=2,exact vertical-group outline signature; no fuzzy
symbol,5c559d5816244951cbd090428fd9347b4ea83d4a,ㄘ,17,5,3down:YenRoundZuinnEG-Md#15322:參:ㄘㄢ;3down:YenRoundZuinnEG-Md#15314:才:ㄘㄞˊ;3down:YenRoundZuinnEG-Md#15315:彩:ㄘㄞˇ;3down:YenRoundZuinnEG-Bd#15312:冊:ㄘㄜˋ;3down:ZhuYinNREG-Md#15357:次:ㄘˋ;3down:YenRoundZuinnEG-Bd#15351:從:ㄘㄨㄥˊ;3down:YenRoundZuinnEG-Bd#15338:厝:ㄘㄨㄛˋ;3down:YenRoundZuinnEG-Md#15309:擦:ㄘㄚ;3down:YenRoundZuinnEG-Md#15357:次:ㄘˋ;3down:YenRoundZuinnEG-Md#15316:菜:ㄘㄞˋ;3down:YenRoundZuinnEG-Md#15354:促:ㄘㄨˋ;3down:YenRoundZuinnEG-Md#15347:存:ㄘㄨㄣˊ,static full-data audit + key LOO + cross-book holdout; support>=2,exact vertical-group outline signature; no fuzzy
symbol,67f55d475b990310d4c6c2f96453bc9af61b232f,ㄘ,3,1,3up:DFPBiaoKai-W5-ZhuIn-BFW#15371:次:ㄘˋ;3up:DFPBiaoKai-W5-ZhuIn-BFW#15372:此:ㄘˇ;3down:DFPBiaoKai-W5-ZhuIn-BFW#15371:次:ㄘˋ,static full-data audit + key LOO + cross-book holdout; support>=2,exact vertical-group outline signature; no fuzzy
symbol,c5c27e346561d87802e53b04e72a5adf1605131a,ㄘ,16,2,3up:DFPBiaoKai-W5-ZhuIn-BFW#15386:參:ㄘㄢ;3up:DFPBiaoKai-W5-ZhuIn-BFW#15378:材:ㄘㄞˊ;3up:DFPBiaoKai-W5-ZhuIn-BFW#15373:擦:ㄘㄚ;3up:DFPBiaoKai-W5-ZhuIn-BFW#15379:菜:ㄘㄞˋ;3up:DFPBiaoKai-W5-ZhuIn-BFW#15376:側:ㄘㄜˋ;3up:DFPBiaoKai-W5-ZhuIn-BFW#15377:猜:ㄘㄞ;3up:DFPBiaoKai-W5-ZhuIn-BFW#15380:採:ㄘㄞˇ;3up:DFPBiaoKai-W5-ZhuIn-BFW#15381:操:ㄘㄠ;3down:DFPBiaoKai-W5-ZhuIn-BFW#15386:餐:ㄘㄢ;3down:DFPBiaoKai-W5-ZhuIn-BFW#15380:彩:ㄘㄞˇ;3down:DFPBiaoKai-W5-ZhuIn-BFW#15376:測:ㄘㄜˋ;3down:DFPBiaoKai-W5-ZhuIn-BFW#15379:菜:ㄘㄞˋ,static full-data audit + key LOO + cross-book holdout; support>=2,exact vertical-group outline signature; no fuzzy
symbol,3c83d066a5e0a57844e0061cb3017abf296f5b41,ㄙ,4,1,3up:DFPYuanW5-ZhuIn-BFW#15436:三:ㄙㄢ;3up:DFPYuanW5-ZhuIn-BFW#15427:圾:ㄙㄜˋ;3up:DFPYuanW5-ZhuIn-BFW#15446:素:ㄙㄨˋ;3up:DFPYuanW5-ZhuIn-BFW#15429:賽:ㄙㄞˋ,static full-data audit + key LOO + cross-book holdout; support>=2,exact vertical-group outline signature; no fuzzy
symbol,53fcb235e4d487a9075f33020b231aafecaa671e,ㄙ,11,1,3up:DFPBiaoKai-W5-ZhuIn-BFW#15435:三:ㄙㄢ;3up:DFPBiaoKai-W5-ZhuIn-BFW#15445:訴:ㄙㄨˋ;3up:DFPBiaoKai-W5-ZhuIn-BFW#15426:色:ㄙㄜˋ;3up:DFPBiaoKai-W5-ZhuIn-BFW#15432:搜:ㄙㄡ;3up:DFPBiaoKai-W5-ZhuIn-BFW#15428:賽:ㄙㄞˋ;3down:DFPBiaoKai-W5-ZhuIn-BFW#15445:速:ㄙㄨˋ;3down:DFPBiaoKai-W5-ZhuIn-BFW#15435:三:ㄙㄢ;3down:DFPBiaoKai-W5-ZhuIn-BFW#15426:色:ㄙㄜˋ;3down:DFPBiaoKai-W5-ZhuIn-BFW#15436:散:ㄙㄢˋ;3down:DFPBiaoKai-W5-ZhuIn-BFW#15428:賽:ㄙㄞˋ;3down:DFPBiaoKai-W5-ZhuIn-BFW#15444:俗:ㄙㄨˊ,static full-data audit + key LOO + cross-book holdout; support>=2,exact vertical-group outline signature; no fuzzy
symbol,6e8726910115628c97a4d57a6bdba4cab719396b,ㄙ,2,1,3up:DFPYuanW5-ZhuIn-BFW#15422:四:ㄙˋ;3up:DFPYuanW5-ZhuIn-BFW#15420:思:ㄙ,static full-data audit + key LOO + cross-book holdout; support>=2,exact vertical-group outline signature; no fuzzy
symbol,aa1cbc0d7f0bd8b107a9fe8e55d5daeed5ae579e,ㄙ,3,1,3up:DFPBiaoKai-W5-ZhuIn-BFW#15421:四:ㄙˋ;3down:DFPBiaoKai-W5-ZhuIn-BFW#15421:四:ㄙˋ;3down:DFPBiaoKai-W5-ZhuIn-BFW#15419:斯:ㄙ,static full-data audit + key LOO + cross-book holdout; support>=2,exact vertical-group outline signature; no fuzzy
symbol,badeb7605c01a8f82846bc8076f9b5882e27b94f,ㄙ,14,1,3up:DFPBiaoKai-W5-ZhuIn-BFW#15460:鬆:ㄙㄨㄥ;3up:DFPBiaoKai-W5-ZhuIn-BFW#15449:所:ㄙㄨㄛˇ;3up:DFPBiaoKai-W5-ZhuIn-BFW#15461:送:ㄙㄨㄥˋ;3up:DFPBiaoKai-W5-ZhuIn-BFW#15446:縮:ㄙㄨㄛ;3up:DFPBiaoKai-W5-ZhuIn-BFW#15451:隨:ㄙㄨㄟˊ;3up:DFPBiaoKai-W5-ZhuIn-BFW#15455:算:ㄙㄨㄢˋ;3down:DFPBiaoKai-W5-ZhuIn-BFW#15461:送:ㄙㄨㄥˋ;3down:DFPBiaoKai-W5-ZhuIn-BFW#15449:所:ㄙㄨㄛˇ;3down:DFPBiaoKai-W5-ZhuIn-BFW#15455:算:ㄙㄨㄢˋ;3down:DFPBiaoKai-W5-ZhuIn-BFW#15459:損:ㄙㄨㄣˇ;3down:DFPBiaoKai-W5-ZhuIn-BFW#15460:鬆:ㄙㄨㄥ;3down:DFPBiaoKai-W5-ZhuIn-BFW#15451:隨:ㄙㄨㄟˊ,static full-data audit + key LOO + cross-book holdout; support>=2,exact vertical-group outline signature; no fuzzy
symbol,d3c249be52880334871f91e730a1a486ade4a0f9,ㄙ,17,5,3down:YenRoundZuinnEG-Bd#15362:圾:ㄙㄜˋ;3down:YenRoundZuinnEG-Md#15372:三:ㄙㄢ;3down:YenRoundZuinnEG-Md#15369:搜:ㄙㄡ;3down:LinGothicZuinnEG-Md#15403:似:ㄙˋ;3down:LinGothicZuinnEG-Md#15388:歲:ㄙㄨㄟˋ;3down:LinGothicZuinnEG-Bd#15388:歲:ㄙㄨㄟˋ;3down:YenRoundZuinnEG-Bd#15383:所:ㄙㄨㄛˇ;3down:LinGothicZuinnEG-Bd#15367:掃:ㄙㄠˇ;3down:YenRoundZuinnEG-Md#15400:塑:ㄙㄨˋ;3down:YenRoundZuinnEG-Bd#15400:速:ㄙㄨˋ;3down:YenRoundZuinnEG-Bd#15364:賽:ㄙㄞˋ;3down:YenRoundZuinnEG-Bd#15367:掃:ㄙㄠˇ,static full-data audit + key LOO + cross-book holdout; support>=2,exact vertical-group outline signature; no fuzzy
symbol,f38cdb1342670b81a9ad4d4399dfab3cc0036317,ㄙ,4,1,3up:DFPYuanW5-ZhuIn-BFW#15450:所:ㄙㄨㄛˇ;3up:DFPYuanW5-ZhuIn-BFW#15455:酸:ㄙㄨㄢ;3up:DFPYuanW5-ZhuIn-BFW#15462:送:ㄙㄨㄥˋ;3up:DFPYuanW5-ZhuIn-BFW#15456:算:ㄙㄨㄢˋ,static full-data audit + key LOO + cross-book holdout; support>=2,exact vertical-group outline signature; no fuzzy
symbol,015b0884d2eab343eb59883722856e9c15c59172,ㄚ,6,3,3up:n@dW5@#14377:媽:˙ㄇㄚ;3up:DFPBiaoKai-W5-ZhuIn-BFW#14377:嗎:˙ㄇㄚ;3up:DFPBiaoKai-W5-ZhuIn-BFW#14313:爬:ㄆㄚˊ;3down:DFPBiaoKai-W5-PoIn1-BFW#14377:媽:˙ㄇㄚ;3down:DFPBiaoKai-W5-ZhuIn-BFW#14377:嗎:˙ㄇㄚ;3down:DFPBiaoKai-W5-ZhuIn-BFW#14313:爬:ㄆㄚˊ,static full-data audit + key LOO + cross-book holdout; support>=2,exact vertical-group outline signature; no fuzzy
symbol,0d36688f24e26669deb9ddffecebb07d8795e493,ㄚ,9,3,3up:DFPBiaoKai-W5-ZhuIn-BFW#14257:吧:˙ㄅㄚ;3up:DFPBiaoKai-W5-ZhuIn-BFW#14260:把:ㄅㄚˇ;3up:DFPBiaoKai-W5-ZhuIn-BFW#14259:爸:ㄅㄚˋ;3up:DFPBiaoKai-W5-PoIn1-BFW#14257:爸:˙ㄅㄚ;3up:n@dW5@#14257:爸:˙ㄅㄚ;3down:DFPBiaoKai-W5-ZhuIn-BFW#14259:爸:ㄅㄚˋ;3down:DFPBiaoKai-W5-PoIn1-BFW#14257:爸:˙ㄅㄚ;3down:DFPBiaoKai-W5-ZhuIn-BFW#14260:把:ㄅㄚˇ;3down:DFPBiaoKai-W5-ZhuIn-BFW#14257:吧:˙ㄅㄚ,static full-data audit + key LOO + cross-book holdout; support>=2,exact vertical-group outline signature; no fuzzy
symbol,25ad0e7998013d11fa1cd57ff8ee67a293637839,ㄚ,2,2,3up:DFPBiaoKai-W5-PoIn1-BFW#14125:啊:˙ㄚ;3up:n@dW5@#14125:啊:˙ㄚ,static full-data audit + key LOO + cross-book holdout; support>=2,exact vertical-group outline signature; no fuzzy
symbol,47c7b65d81d2b1668045f5c12883aba491f9f6fd,ㄚ,19,3,3up:DFPBiaoKai-W5-PoIn1-BFW#14947:假:ㄐㄧㄚˋ;3up:DFPBiaoKai-W5-ZhuIn-BFW#14945:家:ㄐㄧㄚ;3up:DFPBiaoKai-W5-ZhuIn-BFW#15044:下:ㄒㄧㄚˋ;3up:DFPBiaoKai-W5-ZhuIn-BFW#14912:畫:ㄏㄨㄚˋ;3up:DFPBiaoKai-W5-ZhuIn-BFW#14994:洽:ㄑㄧㄚˋ;3up:DFPBiaoKai-W5-ZhuIn-BFW#14948:假:ㄐㄧㄚˇ;3up:n@dW5@#14947:假:ㄐㄧㄚˋ;3up:DFPBiaoKai-W5-ZhuIn-BFW#14946:夾:ㄐㄧㄚˊ;3up:DFPBiaoKai-W5-ZhuIn-BFW#14849:跨:ㄎㄨㄚˋ;3up:DFPBiaoKai-W5-ZhuIn-BFW#14796:寡:ㄍㄨㄚˇ;3down:DFPBiaoKai-W5-ZhuIn-BFW#14945:家:ㄐㄧㄚ;3down:DFPBiaoKai-W5-ZhuIn-BFW#15044:下:ㄒㄧㄚˋ,static full-data audit + key LOO + cross-book holdout; support>=2,exact vertical-group outline signature; no fuzzy
symbol,4c9d62d78a63ac0514eb72cce81f563e5ed3eeee,ㄚ,2,1,3up:DFPBiaoKai-W5-ZhuIn-BFW#15464:呀:˙ㄧㄚ;3up:DFPBiaoKai-W5-ZhuIn-BFW#14170:牙:ㄧㄚˊ,static full-data audit + key LOO + cross-book holdout; support>=2,exact vertical-group outline signature; no fuzzy
symbol,5488796edc85e27c0555dc533902d3e3dd9a0a9e,ㄚ,45,6,3down:YenRoundZuinnEG-Md#14866:加:ㄐㄧㄚ;3down:YenRoundZuinnEG-Md#14274:嗎:˙ㄇㄚ;3down:YenRoundZuinnEG-Md#14336:發:ㄈㄚ;3down:YenRoundZuinnEG-Md#14149:吧:˙ㄅㄚ;3down:YenRoundZuinnEG-Bd#14970:下:ㄒㄧㄚˋ;3down:YenRoundZuinnEG-Bd#14516:哪:ㄋㄚˇ;3down:YenRoundZuinnEG-Bd#14833:化:ㄏㄨㄚˋ;3down:YenRoundZuinnEG-Bd#14209:怕:ㄆㄚˋ;3down:YenRoundZuinnEG-Bd#14378:大:ㄉㄚˋ;3down:YenRoundZuinnEG-Bd#14275:麻:ㄇㄚˊ;3down:YenRoundZuinnEG-Bd#14376:達:ㄉㄚˊ;3down:YenRoundZuinnEG-Bd#14377:打:ㄉㄚˇ,static full-data audit + key LOO + cross-book holdout; support>=2,exact vertical-group outline signature; no fuzzy
symbol,5da6f873c81d15ddcaca1647c6fabcad6a64d3ae,ㄚ,20,1,3up:DFPYuanW5-ZhuIn-BFW#14441:法:ㄈㄚˇ;3up:DFPYuanW5-ZhuIn-BFW#14476:達:ㄉㄚˊ;3up:DFPYuanW5-ZhuIn-BFW#14438:發:ㄈㄚ;3up:DFPYuanW5-ZhuIn-BFW#14608:拿:ㄋㄚˊ;3up:DFPYuanW5-ZhuIn-BFW#14610:哪:ㄋㄚˇ;3up:DFPYuanW5-ZhuIn-BFW#14261:把:ㄅㄚˇ;3up:DFPYuanW5-ZhuIn-BFW#14537:他:ㄊㄚ;3up:DFPYuanW5-ZhuIn-BFW#14380:罵:ㄇㄚˋ;3up:DFPYuanW5-ZhuIn-BFW#14378:嗎:˙ㄇㄚ;3up:DFPYuanW5-ZhuIn-BFW#14258:吧:˙ㄅㄚ;3up:DFPYuanW5-ZhuIn-BFW#14477:大:ㄉㄚˋ;3up:DFPYuanW5-ZhuIn-BFW#15323:雜:ㄗㄚˊ,static full-data audit + key LOO + cross-book holdout; support>=2,exact vertical-group outline signature; no fuzzy
symbol,62f1e5e1a5faf2254c3a27c9bd551b8be8e50c06,ㄚ,2,1,3up:DFPBiaoKai-W5-ZhuIn-BFW#14207:哇:ㄨㄚ;3down:DFPBiaoKai-W5-ZhuIn-BFW#14207:蛙:ㄨㄚ,static full-data audit + key LOO + cross-book holdout; support>=2,exact vertical-group outline signature; no fuzzy
symbol,6f61d438741c7c1c74e4eb4b9c50858ba0eb092a,ㄚ,6,1,3up:DFPBiaoKai-W5-ZhuIn-BFW#14376:媽:ㄇㄚ;3up:DFPBiaoKai-W5-ZhuIn-BFW#14378:麻:ㄇㄚˊ;3up:DFPBiaoKai-W5-ZhuIn-BFW#14380:馬:ㄇㄚˇ;3down:DFPBiaoKai-W5-ZhuIn-BFW#14376:媽:ㄇㄚ;3down:DFPBiaoKai-W5-ZhuIn-BFW#14378:麻:ㄇㄚˊ;3down:DFPBiaoKai-W5-ZhuIn-BFW#14379:罵:ㄇㄚˋ,static full-data audit + key LOO + cross-book holdout; support>=2,exact vertical-group outline signature; no fuzzy
symbol,909bbb78fe66c0103ee10d910e55cb447234d424,ㄚ,2,1,3up:DFPBiaoKai-W5-ZhuIn-BFW#14124:阿:ㄚ;3down:DFPBiaoKai-W5-ZhuIn-BFW#14124:阿:ㄚ,static full-data audit + key LOO + cross-book holdout; support>=2,exact vertical-group outline signature; no fuzzy
symbol,98cc733fe56bb5653e2a9afc137c3a9d97591f9c,ㄚ,2,2,3up:DFPBiaoKai-W5-PoIn1-BFW#14672:啦:˙ㄌㄚ;3up:n@dW5@#14672:啦:˙ㄌㄚ,static full-data audit + key LOO + cross-book holdout; support>=2,exact vertical-group outline signature; no fuzzy
symbol,c6f84d79e84fcedb8433ab4124454b332463aa50,ㄚ,3,1,3up:DFPBiaoKai-W5-ZhuIn-BFW#15322:雜:ㄗㄚˊ;3down:DFPBiaoKai-W5-ZhuIn-BFW#14210:瓦:ㄨㄚˇ;3down:DFPBiaoKai-W5-ZhuIn-BFW#15322:雜:ㄗㄚˊ,static full-data audit + key LOO + cross-book holdout; support>=2,exact vertical-group outline signature; no fuzzy
symbol,cb484f10c100edaf425adf940f5fcaa8f4dba193,ㄚ,2,1,3up:DFPBiaoKai-W5-ZhuIn-BFW#14473:搭:ㄉㄚ;3down:DFPBiaoKai-W5-ZhuIn-BFW#14473:搭:ㄉㄚ,static full-data audit + key LOO + cross-book holdout; support>=2,exact vertical-group outline signature; no fuzzy
symbol,d732b8025b820fdbd688b9e4b1213334d28fd594,ㄚ,7,1,3up:DFPYuanW5-ZhuIn-BFW#15045:下:ㄒㄧㄚˋ;3up:DFPYuanW5-ZhuIn-BFW#14913:化:ㄏㄨㄚˋ;3up:DFPYuanW5-ZhuIn-BFW#14946:加:ㄐㄧㄚ;3up:DFPYuanW5-ZhuIn-BFW#14795:瓜:ㄍㄨㄚ;3up:DFPYuanW5-ZhuIn-BFW#14949:鉀:ㄐㄧㄚˇ;3up:DFPYuanW5-ZhuIn-BFW#14948:價:ㄐㄧㄚˋ;3up:DFPYuanW5-ZhuIn-BFW#14850:跨:ㄎㄨㄚˋ,static full-data audit + key LOO + cross-book holdout; support>=2,exact vertical-group outline signature; no fuzzy
symbol,d82a5d63988c13d0e394793c7dc655d8845b2a73,ㄚ,2,1,3up:DFPBiaoKai-W5-ZhuIn-BFW#14256:巴:ㄅㄚ;3down:DFPBiaoKai-W5-ZhuIn-BFW#14256:八:ㄅㄚ,static full-data audit + key LOO + cross-book holdout; support>=2,exact vertical-group outline signature; no fuzzy
symbol,08cca0654ab868fee4cb0166a5e908b75db0d4b9,ㄛ,3,1,3up:DFPBiaoKai-W5-ZhuIn-BFW#14383:摩:ㄇㄛˊ;3up:DFPBiaoKai-W5-ZhuIn-BFW#14384:默:ㄇㄛˋ;3down:DFPBiaoKai-W5-ZhuIn-BFW#14383:摩:ㄇㄛˊ,static full-data audit + key LOO + cross-book holdout; support>=2,exact vertical-group outline signature; no fuzzy
symbol,230951b20e261b2b774119ccc356556af03205b7,ㄛ,4,1,3up:DFPBiaoKai-W5-ZhuIn-BFW#14261:撥:ㄅㄛ;3up:DFPBiaoKai-W5-ZhuIn-BFW#14262:脖:ㄅㄛˊ;3down:DFPBiaoKai-W5-ZhuIn-BFW#14381:摸:ㄇㄛ;3down:DFPBiaoKai-W5-ZhuIn-BFW#14261:玻:ㄅㄛ,static full-data audit + key LOO + cross-book holdout; support>=2,exact vertical-group outline signature; no fuzzy
symbol,27fc853f44142b115d0ba7cd8b037b3d24e95541,ㄛ,3,2,3up:n@dW5@#14128:呵:ㄛ;3up:DFPBiaoKai-W5-PoIn1-BFW#14128:呵:ㄛ;3down:DFPBiaoKai-W5-PoIn1-BFW#14128:呵:ㄛ,static full-data audit + key LOO + cross-book holdout; support>=2,exact vertical-group outline signature; no fuzzy
symbol,2b8b710cee433266ee42245df667a128deede503,ㄛ,41,8,3down:YenRoundZuinnEG-Md#14718:過:ㄍㄨㄛˋ;3down:YenRoundZuinnEG-Md#15494:我:ㄨㄛˇ;3down:YenRoundZuinnEG-Md#15289:作:ㄗㄨㄛˋ;3down:YenRoundZuinn1EG-Md#15409:呵:ㄛ;3down:YenRoundZuinnEG-Md#14836:活:ㄏㄨㄛˊ;3down:YenRoundZuinnEG-Md#14425:躲:ㄉㄨㄛˇ;3down:YenRoundZuinnEG-Bd#15494:我:ㄨㄛˇ;3down:YenRoundZuinnEG-Bd#15338:厝:ㄘㄨㄛˋ;3down:YenRoundZuinnEG-Bd#14837:火:ㄏㄨㄛˇ;3down:YenRoundZuinnEG-Bd#15289:作:ㄗㄨㄛˋ;3down:YenRoundZuinnEG-Bd#15061:桌:ㄓㄨㄛ;3down:YenRoundZuinnEG-Md#14280:摩:ㄇㄛˊ,static full-data audit + key LOO + cross-book holdout; support>=2,exact vertical-group outline signature; no fuzzy
symbol,9819ec3c53ccecd39d15c504496abf8a8c851491,ㄛ,5,1,3up:DFPBiaoKai-W5-ZhuIn-BFW#14213:我:ㄨㄛˇ;3up:DFPBiaoKai-W5-ZhuIn-BFW#14212:握:ㄨㄛˋ;3up:DFPBiaoKai-W5-ZhuIn-BFW#14173:唷:ㄧㄛ;3down:DFPBiaoKai-W5-ZhuIn-BFW#14213:我:ㄨㄛˇ;3down:DFPBiaoKai-W5-ZhuIn-BFW#14212:握:ㄨㄛˋ,static full-data audit + key LOO + cross-book holdout; support>=2,exact vertical-group outline signature; no fuzzy
symbol,b0c45bf070e5c3f81075558f70d331705de9b4b0,ㄛ,14,1,3up:DFPYuanW5-ZhuIn-BFW#14522:多:ㄉㄨㄛ;3up:DFPYuanW5-ZhuIn-BFW#14917:活:ㄏㄨㄛˊ;3up:DFPYuanW5-ZhuIn-BFW#14800:過:ㄍㄨㄛˋ;3up:DFPYuanW5-ZhuIn-BFW#15356:做:ㄗㄨㄛˋ;3up:DFPYuanW5-ZhuIn-BFW#14918:或:ㄏㄨㄛˋ;3up:DFPYuanW5-ZhuIn-BFW#14801:果:ㄍㄨㄛˇ;3up:DFPYuanW5-ZhuIn-BFW#15269:說:ㄕㄨㄛ;3up:DFPYuanW5-ZhuIn-BFW#15404:錯:ㄘㄨㄛˋ;3up:DFPYuanW5-ZhuIn-BFW#14663:諾:ㄋㄨㄛˋ;3up:DFPYuanW5-ZhuIn-BFW#14737:羅:ㄌㄨㄛˊ;3up:DFPYuanW5-ZhuIn-BFW#15450:所:ㄙㄨㄛˇ;3up:DFPYuanW5-ZhuIn-BFW#14738:落:ㄌㄨㄛˋ,static full-data audit + key LOO + cross-book holdout; support>=2,exact vertical-group outline signature; no fuzzy
symbol,b81c03122061d4a20a17645b9dccb6a4a3e285f6,ㄛ,2,1,3up:DFPBiaoKai-W5-ZhuIn-BFW#14315:坡:ㄆㄛ;3down:DFPBiaoKai-W5-ZhuIn-BFW#14315:坡:ㄆㄛ,static full-data audit + key LOO + cross-book holdout; support>=2,exact vertical-group outline signature; no fuzzy
symbol,c81094d279f666b742119451a08d4f7484b75607,ㄛ,39,2,3up:DFPBiaoKai-W5-ZhuIn-BFW#14798:國:ㄍㄨㄛˊ;3up:DFPBiaoKai-W5-ZhuIn-BFW#14737:落:ㄌㄨㄛˋ;3up:DFPBiaoKai-W5-ZhuIn-BFW#14916:活:ㄏㄨㄛˊ;3up:DFPBiaoKai-W5-ZhuIn-BFW#14799:過:ㄍㄨㄛˋ;3up:DFPBiaoKai-W5-ZhuIn-BFW#14521:多:ㄉㄨㄛ;3up:DFPBiaoKai-W5-ZhuIn-BFW#15355:座:ㄗㄨㄛˋ;3up:DFPBiaoKai-W5-ZhuIn-BFW#14524:躲:ㄉㄨㄛˇ;3up:DFPBiaoKai-W5-ZhuIn-BFW#14800:果:ㄍㄨㄛˇ;3up:DFPBiaoKai-W5-ZhuIn-BFW#14917:或:ㄏㄨㄛˋ;3up:DFPBiaoKai-W5-PoIn2-BFW#15136:著:ㄓㄨㄛˊ;3up:DFPBiaoKai-W5-ZhuIn-BFW#14586:駝:ㄊㄨㄛˊ;3up:DFPBiaoKai-W5-ZhuIn-BFW#15356:左:ㄗㄨㄛˇ,static full-data audit + key LOO + cross-book holdout; support>=2,exact vertical-group outline signature; no fuzzy
symbol,e4f2258bda9d8741f23959c84f4f3f32f29012d0,ㄛ,2,1,3up:DFPBiaoKai-W5-ZhuIn-BFW#14317:破:ㄆㄛˋ;3down:DFPBiaoKai-W5-ZhuIn-BFW#14317:破:ㄆㄛˋ,static full-data audit + key LOO + cross-book holdout; support>=2,exact vertical-group outline signature; no fuzzy
symbol,fe97189695e975a4eb552ea58323e6910a254444,ㄛ,5,2,3up:DFPYuanW5-ZhuIn-BFW#14214:我:ㄨㄛˇ;3up:DFPYuanW5-ZhuIn-BFW#14385:沫:ㄇㄛˋ;3up:DFPYuanW5-PoIn1-BFW#15487:蔔:˙ㄅㄛ;3up:DFPYuanW5-ZhuIn-BFW#14384:模:ㄇㄛˊ;3up:DFPYuanW5-ZhuIn-BFW#14316:坡:ㄆㄛ,static full-data audit + key LOO + cross-book holdout; support>=2,exact vertical-group outline signature; no fuzzy
symbol,10e467d6d24aaf41a527344e1630fba5177f42e5,ㄜ,3,2,3up:DFPBiaoKai-W5-PoIn1-BFW#15492:呢:˙ㄋㄜ;3up:n@dW5@#15492:呢:˙ㄋㄜ;3down:DFPBiaoKai-W5-PoIn1-BFW#15492:呢:˙ㄋㄜ,static full-data audit + key LOO + cross-book holdout; support>=2,exact vertical-group outline signature; no fuzzy
symbol,1d097dbee45df67949bcfcbb531b8f3298aeb5c7,ㄜ,2,1,3up:DFPBiaoKai-W5-ZhuIn-BFW#15233:設:ㄕㄜˋ;3down:DFPBiaoKai-W5-ZhuIn-BFW#15233:社:ㄕㄜˋ,static full-data audit + key LOO + cross-book holdout; support>=2,exact vertical-group outline signature; no fuzzy
symbol,33a44f4b80b0e4568b48c9eada982c17ca20ba5e,ㄜ,2,2,3up:DFHeiChuIn-Bd-BPMW-BF#14806:各:ㄍㄜˋ;3up:DFHeiPoIn1-Bd-BPMW-BF#14806:個:ㄍㄜˋ,static full-data audit + key LOO + cross-book holdout; support>=2,exact vertical-group outline signature; no fuzzy
symbol,35a30c7bb5ee50ad76b7c1901aede89ea9d70c57,ㄜ,2,1,3up:DFPWaWa-W5-ZhuIn-BFW#14876:何:ㄏㄜˊ;3up:DFPWaWa-W5-ZhuIn-BFW#14824:可:ㄎㄜˇ,static full-data audit + key LOO + cross-book holdout; support>=2,exact vertical-group outline signature; no fuzzy
symbol,40ab58b6e581a611ec20d684f8029222786237c0,ㄜ,40,7,3down:YenRoundZuinnEG-Md#15032:這:ㄓㄜˋ;3down:YenRoundZuinnEG-Md#14379:的:˙ㄉㄜ;3down:YenRoundZuinn1EG-Md#14379:得:˙ㄉㄜ;3down:YenRoundZuinnEG-Md#14799:合:ㄏㄜˊ;3down:YenRoundZuinnEG-Md#14747:課:ㄎㄜˋ;3down:YenRoundZuinnEG-Md#14590:了:˙ㄌㄜ;3down:YenRoundZuinnEG-Md#15031:者:ㄓㄜˇ;3down:YenRoundZuinnEG-Bd#15312:冊:ㄘㄜˋ;3down:YenRoundZuinnEG-Bd#14379:的:˙ㄉㄜ;3down:YenRoundZuinnEG-Bd#14746:可:ㄎㄜˇ;3down:YenRoundZuinnEG-Bd#14591:垃:ㄌㄜˋ;3down:YenRoundZuinnEG-Bd#15362:圾:ㄙㄜˋ,static full-data audit + key LOO + cross-book holdout; support>=2,exact vertical-group outline signature; no fuzzy
symbol,6acd2ec237b9d1f9ba51b95d50ee742d2aedf968,ㄜ,24,2,3up:DFPYuanW5-ZhuIn-BFW#14822:科:ㄎㄜ;3up:DFPYuanW5-ZhuIn-BFW#14824:課:ㄎㄜˋ;3up:DFPYuanW5-ZhuIn-BFW#14387:麼:˙ㄇㄜ;3up:DFPYuanW5-ZhuIn-BFW#14877:合:ㄏㄜˊ;3up:DFPYuanW5-ZhuIn-BFW#14678:了:˙ㄌㄜ;3up:DFPYuanW5-ZhuIn-BFW#14480:的:˙ㄉㄜ;3up:DFPYuanW5-ZhuIn-BFW#15493:呢:˙ㄋㄜ;3up:DFPYuanW5-ZhuIn-BFW#15104:這:ㄓㄜˋ;3up:DFPYuanW5-ZhuIn-BFW#14541:特:ㄊㄜˋ;3up:DFPYuanW5-ZhuIn-BFW#14679:垃:ㄌㄜˋ;3up:DFPYuanW5-ZhuIn-BFW#15427:圾:ㄙㄜˋ;3up:DFPYuanW5-PoIn1-BFW#14764:個:ㄍㄜˋ,static full-data audit + key LOO + cross-book holdout; support>=2,exact vertical-group outline signature; no fuzzy
symbol,6bdc9782414fd0159df1157950ed6cc3148c8739,ㄜ,9,3,3up:DFPBiaoKai-W5-ZhuIn-BFW#14876:何:ㄏㄜˊ;3up:DFPBiaoKai-W5-PoIn1-BFW#14386:麼:˙ㄇㄜ;3up:n@dW5@#14386:麼:˙ㄇㄜ;3up:DFPBiaoKai-W5-ZhuIn-BFW#14540:特:ㄊㄜˋ;3up:DFPBiaoKai-W5-ZhuIn-BFW#14875:喝:ㄏㄜ;3down:DFPBiaoKai-W5-PoIn1-BFW#14386:麼:˙ㄇㄜ;3down:DFPBiaoKai-W5-ZhuIn-BFW#14876:何:ㄏㄜˊ;3down:DFPBiaoKai-W5-ZhuIn-BFW#14540:特:ㄊㄜˋ;3down:DFPBiaoKai-W5-ZhuIn-BFW#14875:喝:ㄏㄜ,static full-data audit + key LOO + cross-book holdout; support>=2,exact vertical-group outline signature; no fuzzy
symbol,b87d7ae4ea494725bd71530b751fa097ded05c0c,ㄜ,10,1,3up:DFPBiaoKai-W5-ZhuIn-BFW#15103:這:ㄓㄜˋ;3up:DFPBiaoKai-W5-ZhuIn-BFW#14824:可:ㄎㄜˇ;3up:DFPBiaoKai-W5-ZhuIn-BFW#14823:課:ㄎㄜˋ;3up:DFPBiaoKai-W5-ZhuIn-BFW#14821:科:ㄎㄜ;3up:DFPBiaoKai-W5-ZhuIn-BFW#15104:者:ㄓㄜˇ;3down:DFPBiaoKai-W5-ZhuIn-BFW#14824:可:ㄎㄜˇ;3down:DFPBiaoKai-W5-ZhuIn-BFW#15104:者:ㄓㄜˇ;3down:DFPBiaoKai-W5-ZhuIn-BFW#14821:科:ㄎㄜ;3down:DFPBiaoKai-W5-ZhuIn-BFW#15103:這:ㄓㄜˋ;3down:DFPBiaoKai-W5-ZhuIn-BFW#14823:課:ㄎㄜˋ,static full-data audit + key LOO + cross-book holdout; support>=2,exact vertical-group outline signature; no fuzzy
symbol,d5b181f23b6ba4e24526453a4135f003464fcfc4,ㄜ,3,2,3up:DFHeiChuIn-Bd-BPMW-BF#14522:的:˙ㄉㄜ;3up:DFHeiPoIn1-Bd-BPMW-BF#15535:呢:˙ㄋㄜ;3up:DFHeiPoIn1-Bd-BPMW-BF#14522:得:˙ㄉㄜ,static full-data audit + key LOO + cross-book holdout; support>=2,exact vertical-group outline signature; no fuzzy
symbol,54eeec90ed9f7cfa8eb0b249401915c678fca632,ㄝ,32,2,3up:DFPBiaoKai-W5-ZhuIn-BFW#14949:階:ㄐㄧㄝ;3up:DFPBiaoKai-W5-ZhuIn-BFW#15078:學:ㄒㄩㄝˊ;3up:DFPBiaoKai-W5-ZhuIn-BFW#14952:解:ㄐㄧㄝˇ;3up:DFPBiaoKai-W5-ZhuIn-BFW#14977:決:ㄐㄩㄝˊ;3up:DFPBiaoKai-W5-ZhuIn-BFW#15046:些:ㄒㄧㄝ;3up:DFPBiaoKai-W5-ZhuIn-BFW#14951:借:ㄐㄧㄝˋ;3up:DFPBiaoKai-W5-ZhuIn-BFW#15049:寫:ㄒㄧㄝˇ;3up:DFPBiaoKai-W5-ZhuIn-BFW#14950:節:ㄐㄧㄝˊ;3up:DFPBiaoKai-W5-ZhuIn-BFW#14294:別:ㄅㄧㄝˊ;3up:DFPBiaoKai-W5-ZhuIn-BFW#15047:斜:ㄒㄧㄝˊ;3up:DFPBiaoKai-W5-ZhuIn-BFW#15029:確:ㄑㄩㄝˋ;3up:DFPBiaoKai-W5-ZhuIn-BFW#14506:跌:ㄉㄧㄝˊ,static full-data audit + key LOO + cross-book holdout; support>=2,exact vertical-group outline signature; no fuzzy
symbol,733c1d71792c98558051bb4b5aa017c038f425fa,ㄝ,2,1,3up:DFPBiaoKai-W5-ZhuIn-BFW#14708:列:ㄌㄧㄝˋ;3down:DFPBiaoKai-W5-ZhuIn-BFW#14708:列:ㄌㄧㄝˋ,static full-data audit + key LOO + cross-book holdout; support>=2,exact vertical-group outline signature; no fuzzy
symbol,82adf2e610e89473a91616335f669d319b4708c1,ㄝ,16,1,3up:DFPYuanW5-ZhuIn-BFW#15079:學:ㄒㄩㄝˊ;3up:DFPYuanW5-ZhuIn-BFW#15050:寫:ㄒㄧㄝˇ;3up:DFPYuanW5-ZhuIn-BFW#14953:解:ㄐㄧㄝˇ;3up:DFPYuanW5-ZhuIn-BFW#14978:決:ㄐㄩㄝˊ;3up:DFPYuanW5-ZhuIn-BFW#14295:別:ㄅㄧㄝˊ;3up:DFPYuanW5-ZhuIn-BFW#15047:些:ㄒㄧㄝ;3up:DFPYuanW5-ZhuIn-BFW#14952:借:ㄐㄧㄝˋ;3up:DFPYuanW5-ZhuIn-BFW#14951:結:ㄐㄧㄝˊ;3up:DFPYuanW5-ZhuIn-BFW#15049:瀉:ㄒㄧㄝˋ;3up:DFPYuanW5-ZhuIn-BFW#14950:接:ㄐㄧㄝ;3up:DFPYuanW5-ZhuIn-BFW#14569:鐵:ㄊㄧㄝˇ;3up:DFPYuanW5-ZhuIn-BFW#14998:茄:ㄑㄧㄝˊ,static full-data audit + key LOO + cross-book holdout; support>=2,exact vertical-group outline signature; no fuzzy
symbol,8934f208cd41bb7b34a1c0eede7197082bf17b1c,ㄝ,29,5,3down:YenRoundZuinnEG-Md#15006:學:ㄒㄩㄝˊ;3down:YenRoundZuinnEG-Md#14874:解:ㄐㄧㄝˇ;3down:YenRoundZuinnEG-Bd#14871:接:ㄐㄧㄝ;3down:YenRoundZuinnEG-Bd#14973:協:ㄒㄧㄝˊ;3down:YenRoundZuinnEG-Md#15523:月:ㄩㄝˋ;3down:YenRoundZuinnEG-Md#14974:寫:ㄒㄧㄝˇ;3down:YenRoundZuinnEG-Md#14975:謝:ㄒㄧㄝˋ;3down:YenRoundZuinnEG-Md#15457:也:ㄧㄝˇ;3down:YenRoundZuinnEG-Md#14973:鞋:ㄒㄧㄝˊ;3down:YenRoundZuinnEG-Md#14901:覺:ㄐㄩㄝˊ;3down:ZhuYinNREG-Md#14901:絕:ㄐㄩㄝˊ;3down:ZhuYinNREG-Md#14974:寫:ㄒㄧㄝˇ,static full-data audit + key LOO + cross-book holdout; support>=2,exact vertical-group outline signature; no fuzzy
symbol,952fdb750e4a7f67080fbc36cc6f527a604893d1,ㄝ,11,3,3up:n@dW5@#14242:樂:ㄩㄝˋ;3up:DFPBiaoKai-W5-ZhuIn-BFW#14177:也:ㄧㄝˇ;3up:DFPBiaoKai-W5-ZhuIn-BFW#14241:約:ㄩㄝ;3up:DFPBiaoKai-W5-ZhuIn-BFW#14242:越:ㄩㄝˋ;3down:DFPBiaoKai-W5-ZhuIn-BFW#14242:悅:ㄩㄝˋ;3down:DFPBiaoKai-W5-ZhuIn-BFW#14177:也:ㄧㄝˇ;3down:DFPBiaoKai-W5-ZhuIn-BFW#14175:爺:ㄧㄝˊ;3down:DFPBiaoKai-W5-PoIn1-BFW#15485:爺:˙ㄧㄝ;3down:DFPBiaoKai-W5-ZhuIn-BFW#14176:業:ㄧㄝˋ;3down:DFPBiaoKai-W5-ZhuIn-BFW#14241:約:ㄩㄝ;3down:DFPBiaoKai-W5-PoIn1-BFW#14242:樂:ㄩㄝˋ,static full-data audit + key LOO + cross-book holdout; support>=2,exact vertical-group outline signature; no fuzzy
symbol,b171e33a8acb3d53c4bd05f169263b0015611c3f,ㄝ,4,1,3up:DFPYuanW5-ZhuIn-BFW#14178:也:ㄧㄝˇ;3up:DFPYuanW5-ZhuIn-BFW#14243:月:ㄩㄝˋ;3up:DFPYuanW5-ZhuIn-BFW#14177:葉:ㄧㄝˋ;3up:DFPYuanW5-ZhuIn-BFW#14242:約:ㄩㄝ,static full-data audit + key LOO + cross-book holdout; support>=2,exact vertical-group outline signature; no fuzzy
symbol,0930d73cca1c4387d50f7eeb73397c7cff694ac0,ㄞ,46,6,3down:YenRoundZuinnEG-Md#15314:才:ㄘㄞˊ;3down:YenRoundZuinnEG-Md#15264:在:ㄗㄞˋ;3down:YenRoundZuinnEG-Md#15315:彩:ㄘㄞˇ;3down:YenRoundZuinnEG-Md#14776:快:ㄎㄨㄞˋ;3down:YenRoundZuinnEG-Md#14592:來:ㄌㄞˊ;3down:YenRoundZuinnEG-Bd#14592:來:ㄌㄞˊ;3down:YenRoundZuinnEG-Bd#15262:災:ㄗㄞ;3down:YenRoundZuinnEG-Bd#14803:海:ㄏㄞˇ;3down:YenRoundZuinnEG-Bd#14160:擺:ㄅㄞˇ;3down:YenRoundZuinnEG-Md#14839:懷:ㄏㄨㄞˊ;3down:YenRoundZuinnEG-Md#15420:愛:ㄞˋ;3down:YenRoundZuinnEG-Md#14383:代:ㄉㄞˋ,static full-data audit + key LOO + cross-book holdout; support>=2,exact vertical-group outline signature; no fuzzy
symbol,0f6cae14464d02ca2586455b67d16541097564b5,ㄞ,27,1,3up:DFPBiaoKai-W5-ZhuIn-BFW#14825:開:ㄎㄞ;3up:DFPBiaoKai-W5-ZhuIn-BFW#14482:帶:ㄉㄞˋ;3up:DFPBiaoKai-W5-ZhuIn-BFW#14679:來:ㄌㄞˊ;3up:DFPBiaoKai-W5-ZhuIn-BFW#15378:材:ㄘㄞˊ;3up:DFPBiaoKai-W5-ZhuIn-BFW#14543:太:ㄊㄞˋ;3up:DFPBiaoKai-W5-ZhuIn-BFW#14766:蓋:ㄍㄞˋ;3up:DFPBiaoKai-W5-ZhuIn-BFW#14542:抬:ㄊㄞˊ;3up:DFPBiaoKai-W5-ZhuIn-BFW#15379:菜:ㄘㄞˋ;3up:DFPBiaoKai-W5-ZhuIn-BFW#14765:該:ㄍㄞ;3up:DFPBiaoKai-W5-ZhuIn-BFW#15377:猜:ㄘㄞ;3up:DFPBiaoKai-W5-ZhuIn-BFW#14767:改:ㄍㄞˇ;3up:DFPBiaoKai-W5-ZhuIn-BFW#15380:採:ㄘㄞˇ,static full-data audit + key LOO + cross-book holdout; support>=2,exact vertical-group outline signature; no fuzzy
symbol,112c2caa338cc802a9ebe9f5ad180cff46e4fac1,ㄞ,2,1,3up:DFPBiaoKai-W5-ZhuIn-BFW#14615:奶:ㄋㄞˇ;3down:DFPBiaoKai-W5-ZhuIn-BFW#14615:奶:ㄋㄞˇ,static full-data audit + key LOO + cross-book holdout; support>=2,exact vertical-group outline signature; no fuzzy
symbol,5efa8de27ed431799382bc6680b641b8b61e24b0,ㄞ,23,1,3up:DFPYuanW5-ZhuIn-BFW#14389:麥:ㄇㄞˋ;3up:DFPYuanW5-ZhuIn-BFW#15109:窄:ㄓㄞˇ;3up:DFPYuanW5-ZhuIn-BFW#14544:太:ㄊㄞˋ;3up:DFPYuanW5-ZhuIn-BFW#14680:來:ㄌㄞˊ;3up:DFPYuanW5-ZhuIn-BFW#15379:才:ㄘㄞˊ;3up:DFPYuanW5-ZhuIn-BFW#15328:再:ㄗㄞˋ;3up:DFPYuanW5-ZhuIn-BFW#14321:排:ㄆㄞˊ;3up:DFPYuanW5-ZhuIn-BFW#14483:帶:ㄉㄞˋ;3up:DFPYuanW5-ZhuIn-BFW#14267:白:ㄅㄞˊ;3up:DFPYuanW5-ZhuIn-BFW#14826:開:ㄎㄞ;3up:DFPYuanW5-ZhuIn-BFW#15380:菜:ㄘㄞˋ;3up:DFPYuanW5-ZhuIn-BFW#14768:改:ㄍㄞˇ,static full-data audit + key LOO + cross-book holdout; support>=2,exact vertical-group outline signature; no fuzzy
symbol,920c0136353986b4e0f44bb101368f5667019134,ㄞ,2,1,3up:DFPBiaoKai-W5-ZhuIn-BFW#14802:怪:ㄍㄨㄞˋ;3up:DFPBiaoKai-W5-ZhuIn-BFW#14803:拐:ㄍㄨㄞˇ,static full-data audit + key LOO + cross-book holdout; support>=2,exact vertical-group outline signature; no fuzzy
symbol,a85fdf4a133c49123ddc16205195bfe203207cb5,ㄞ,11,1,3up:DFPBiaoKai-W5-ZhuIn-BFW#14879:還:ㄏㄞˊ;3up:DFPBiaoKai-W5-ZhuIn-BFW#14389:買:ㄇㄞˇ;3up:DFPBiaoKai-W5-ZhuIn-BFW#14880:害:ㄏㄞˋ;3up:DFPBiaoKai-W5-ZhuIn-BFW#15236:晒:ㄕㄞˋ;3up:DFPBiaoKai-W5-ZhuIn-BFW#14388:麥:ㄇㄞˋ;3up:DFPBiaoKai-W5-ZhuIn-BFW#14881:海:ㄏㄞˇ;3down:DFPBiaoKai-W5-ZhuIn-BFW#14389:買:ㄇㄞˇ;3down:DFPBiaoKai-W5-ZhuIn-BFW#14879:還:ㄏㄞˊ;3down:DFPBiaoKai-W5-ZhuIn-BFW#14387:埋:ㄇㄞˊ;3down:DFPBiaoKai-W5-ZhuIn-BFW#14880:害:ㄏㄞˋ;3down:DFPBiaoKai-W5-ZhuIn-BFW#14881:海:ㄏㄞˇ,static full-data audit + key LOO + cross-book holdout; support>=2,exact vertical-group outline signature; no fuzzy
symbol,b477ebf449ee1545812950f8fe39e129e287ac24,ㄞ,2,1,3up:DFPYuanW5-ZhuIn-BFW#14855:快:ㄎㄨㄞˋ;3up:DFPYuanW5-ZhuIn-BFW#14804:拐:ㄍㄨㄞˇ,static full-data audit + key LOO + cross-book holdout; support>=2,exact vertical-group outline signature; no fuzzy
symbol,c57e1a71e3eeece3cc44fe591a991386b47876ce,ㄞ,2,1,3up:DFPBiaoKai-W5-ZhuIn-BFW#14319:拍:ㄆㄞ;3down:DFPBiaoKai-W5-ZhuIn-BFW#14319:拍:ㄆㄞ,static full-data audit + key LOO + cross-book holdout; support>=2,exact vertical-group outline signature; no fuzzy
symbol,ca3cd01e7a30c4e81f767a53049b95ce36674d35,ㄞ,2,1,3up:DFPBiaoKai-W5-ZhuIn-BFW#14138:愛:ㄞˋ;3down:DFPBiaoKai-W5-ZhuIn-BFW#14138:愛:ㄞˋ,static full-data audit + key LOO + cross-book holdout; support>=2,exact vertical-group outline signature; no fuzzy
symbol,cf11533c4d5f20a2985f17a6ee4d848de6871772,ㄞ,2,1,3up:DFPBiaoKai-W5-ZhuIn-BFW#14919:懷:ㄏㄨㄞˊ;3down:DFPBiaoKai-W5-ZhuIn-BFW#14919:懷:ㄏㄨㄞˊ,static full-data audit + key LOO + cross-book holdout; support>=2,exact vertical-group outline signature; no fuzzy
symbol,d917d721c41b44e0dc591c2a44d543c5f15eeee5,ㄞ,6,1,3up:DFPBiaoKai-W5-ZhuIn-BFW#14854:快:ㄎㄨㄞˋ;3up:DFPBiaoKai-W5-ZhuIn-BFW#15270:摔:ㄕㄨㄞ;3up:DFPBiaoKai-W5-ZhuIn-BFW#15271:帥:ㄕㄨㄞˋ;3down:DFPBiaoKai-W5-ZhuIn-BFW#14854:快:ㄎㄨㄞˋ;3down:DFPBiaoKai-W5-ZhuIn-BFW#15270:衰:ㄕㄨㄞ;3down:DFPBiaoKai-W5-ZhuIn-BFW#15272:甩:ㄕㄨㄞˇ,static full-data audit + key LOO + cross-book holdout; support>=2,exact vertical-group outline signature; no fuzzy
symbol,dfa2ec9440123016ba58c3999f1642adda2ee618,ㄞ,2,1,3up:DFPBiaoKai-W5-ZhuIn-BFW#14320:排:ㄆㄞˊ;3down:DFPBiaoKai-W5-ZhuIn-BFW#14320:排:ㄆㄞˊ,static full-data audit + key LOO + cross-book holdout; support>=2,exact vertical-group outline signature; no fuzzy
symbol,ef78d80f7943c8c6587ea0f16679b6bf7c6c5e2d,ㄞ,2,1,3up:DFPBiaoKai-W5-ZhuIn-BFW#14215:外:ㄨㄞˋ;3down:DFPBiaoKai-W5-ZhuIn-BFW#14215:外:ㄨㄞˋ,static full-data audit + key LOO + cross-book holdout; support>=2,exact vertical-group outline signature; no fuzzy
symbol,f5705f89a65fc2bb90ce705672c6e79812668edc,ㄞ,10,2,3up:DFPBiaoKai-W5-ZhuIn-BFW#15327:在:ㄗㄞˋ;3up:DFPBiaoKai-W5-ZhuIn-BFW#14266:白:ㄅㄞˊ;3up:DFPBiaoKai-W5-PoIn1-BFW#15328:載:ㄗㄞˇ;3up:DFPBiaoKai-W5-ZhuIn-BFW#14268:擺:ㄅㄞˇ;3up:DFPBiaoKai-W5-ZhuIn-BFW#14267:敗:ㄅㄞˋ;3down:DFPBiaoKai-W5-ZhuIn-BFW#15327:在:ㄗㄞˋ;3down:DFPBiaoKai-W5-ZhuIn-BFW#14266:白:ㄅㄞˊ;3down:DFPBiaoKai-W5-ZhuIn-BFW#15326:災:ㄗㄞ;3down:DFPBiaoKai-W5-ZhuIn-BFW#14267:敗:ㄅㄞˋ;3down:DFPBiaoKai-W5-ZhuIn-BFW#14268:擺:ㄅㄞˇ,static full-data audit + key LOO + cross-book holdout; support>=2,exact vertical-group outline signature; no fuzzy
symbol,082e7c8aa96921e79bc56016439617123e1658d4,ㄟ,2,1,3up:DFPBiaoKai-W5-ZhuIn-BFW#15358:最:ㄗㄨㄟˋ;3down:DFPBiaoKai-W5-ZhuIn-BFW#15358:最:ㄗㄨㄟˋ,static full-data audit + key LOO + cross-book holdout; support>=2,exact vertical-group outline signature; no fuzzy
symbol,15b333a802c37b0913e3e72b933b4c99537258c3,ㄟ,2,1,3up:DFPBiaoKai-W5-ZhuIn-BFW#14219:為:ㄨㄟˋ;3down:DFPBiaoKai-W5-ZhuIn-BFW#14219:為:ㄨㄟˋ,static full-data audit + key LOO + cross-book holdout; support>=2,exact vertical-group outline signature; no fuzzy
symbol,1afca4b0b3136afd013245768b87a61105de6dae,ㄟ,6,1,3up:DFPBiaoKai-W5-ZhuIn-BFW#14923:會:ㄏㄨㄟˋ;3up:DFPBiaoKai-W5-ZhuIn-BFW#14922:回:ㄏㄨㄟˊ;3up:DFPBiaoKai-W5-ZhuIn-BFW#14921:揮:ㄏㄨㄟ;3down:DFPBiaoKai-W5-ZhuIn-BFW#14923:會:ㄏㄨㄟˋ;3down:DFPBiaoKai-W5-ZhuIn-BFW#14922:回:ㄏㄨㄟˊ;3down:DFPBiaoKai-W5-ZhuIn-BFW#14921:灰:ㄏㄨㄟ,static full-data audit + key LOO + cross-book holdout; support>=2,exact vertical-group outline signature; no fuzzy
symbol,21bd5ad042b2706b210ba83a4d27b073ae7961d2,ㄟ,2,1,3up:DFPBiaoKai-W5-ZhuIn-BFW#14768:給:ㄍㄟˇ;3down:DFPBiaoKai-W5-ZhuIn-BFW#14768:給:ㄍㄟˇ,static full-data audit + key LOO + cross-book holdout; support>=2,exact vertical-group outline signature; no fuzzy
symbol,5f9d3f9ef6c0cda71b78037a3df03dfb92c220f1,ㄟ,12,1,3up:DFPBiaoKai-W5-ZhuIn-BFW#14392:每:ㄇㄟˇ;3up:DFPBiaoKai-W5-ZhuIn-BFW#15238:誰:ㄕㄟˊ;3up:DFPBiaoKai-W5-ZhuIn-BFW#14683:類:ㄌㄟˋ;3up:DFPBiaoKai-W5-ZhuIn-BFW#14390:沒:ㄇㄟˊ;3up:DFPBiaoKai-W5-ZhuIn-BFW#14445:廢:ㄈㄟˋ;3up:DFPBiaoKai-W5-ZhuIn-BFW#14616:內:ㄋㄟˋ;3down:DFPBiaoKai-W5-ZhuIn-BFW#14392:每:ㄇㄟˇ;3down:DFPBiaoKai-W5-ZhuIn-BFW#14390:沒:ㄇㄟˊ;3down:DFPBiaoKai-W5-ZhuIn-BFW#14616:內:ㄋㄟˋ;3down:DFPBiaoKai-W5-ZhuIn-BFW#14683:類:ㄌㄟˋ;3down:DFPBiaoKai-W5-ZhuIn-BFW#14445:廢:ㄈㄟˋ;3down:DFPBiaoKai-W5-ZhuIn-BFW#14617:餒:ㄋㄟˇ,static full-data audit + key LOO + cross-book holdout; support>=2,exact vertical-group outline signature; no fuzzy
symbol,633f4972e78c60fbbed8eea33ed7100cda35eb2d,ㄟ,17,2,3up:DFPYuanW5-ZhuIn-BFW#15239:誰:ㄕㄟˊ;3up:DFPYuanW5-PoIn1-BFW#14220:為:ㄨㄟˋ;3up:DFPYuanW5-PoIn1-BFW#14270:背:ㄅㄟ;3up:DFPYuanW5-ZhuIn-BFW#14391:沒:ㄇㄟˊ;3up:DFPYuanW5-ZhuIn-BFW#14271:被:ㄅㄟˋ;3up:DFPYuanW5-ZhuIn-BFW#14220:位:ㄨㄟˋ;3up:DFPYuanW5-ZhuIn-BFW#14219:維:ㄨㄟˊ;3up:DFPYuanW5-ZhuIn-BFW#14221:委:ㄨㄟˇ;3up:DFPYuanW5-ZhuIn-BFW#14769:給:ㄍㄟˇ;3up:DFPYuanW5-ZhuIn-BFW#14684:類:ㄌㄟˋ;3up:DFPYuanW5-ZhuIn-BFW#14444:飛:ㄈㄟ;3up:DFPYuanW5-ZhuIn-BFW#14445:肥:ㄈㄟˊ,static full-data audit + key LOO + cross-book holdout; support>=2,exact vertical-group outline signature; no fuzzy
symbol,72f2d87608c4949c640b443c9ac23b2523c58c19,ㄟ,2,1,3up:DFPBiaoKai-W5-ZhuIn-BFW#14443:非:ㄈㄟ;3down:DFPBiaoKai-W5-ZhuIn-BFW#14443:非:ㄈㄟ,static full-data audit + key LOO + cross-book holdout; support>=2,exact vertical-group outline signature; no fuzzy
symbol,7ef4d8be802e6ea755f44ae644bbb2f411b53152,ㄟ,19,1,3up:DFPBiaoKai-W5-ZhuIn-BFW#14526:對:ㄉㄨㄟˋ;3up:DFPBiaoKai-W5-ZhuIn-BFW#15274:睡:ㄕㄨㄟˋ;3up:DFPBiaoKai-W5-ZhuIn-BFW#14804:規:ㄍㄨㄟ;3up:DFPBiaoKai-W5-ZhuIn-BFW#14805:櫃:ㄍㄨㄟˋ;3up:DFPBiaoKai-W5-ZhuIn-BFW#15140:追:ㄓㄨㄟ;3up:DFPBiaoKai-W5-ZhuIn-BFW#15275:水:ㄕㄨㄟˇ;3up:DFPBiaoKai-W5-ZhuIn-BFW#14525:堆:ㄉㄨㄟ;3up:DFPBiaoKai-W5-ZhuIn-BFW#14589:推:ㄊㄨㄟ;3up:DFPBiaoKai-W5-ZhuIn-BFW#14592:腿:ㄊㄨㄟˇ;3up:DFPBiaoKai-W5-ZhuIn-BFW#15451:隨:ㄙㄨㄟˊ;3down:DFPBiaoKai-W5-ZhuIn-BFW#14804:規:ㄍㄨㄟ;3down:DFPBiaoKai-W5-ZhuIn-BFW#14526:對:ㄉㄨㄟˋ,static full-data audit + key LOO + cross-book holdout; support>=2,exact vertical-group outline signature; no fuzzy
symbol,7f5deeec0706c5438f9aebfa76753dadb646a3bf,ㄟ,12,1,3up:DFPYuanW5-ZhuIn-BFW#14924:會:ㄏㄨㄟˋ;3up:DFPYuanW5-ZhuIn-BFW#14527:對:ㄉㄨㄟˋ;3up:DFPYuanW5-ZhuIn-BFW#15275:睡:ㄕㄨㄟˋ;3up:DFPYuanW5-ZhuIn-BFW#14805:規:ㄍㄨㄟ;3up:DFPYuanW5-ZhuIn-BFW#14923:回:ㄏㄨㄟˊ;3up:DFPYuanW5-ZhuIn-BFW#14590:推:ㄊㄨㄟ;3up:DFPYuanW5-ZhuIn-BFW#15359:最:ㄗㄨㄟˋ;3up:DFPYuanW5-ZhuIn-BFW#15276:水:ㄕㄨㄟˇ;3up:DFPYuanW5-ZhuIn-BFW#15360:嘴:ㄗㄨㄟˇ;3up:DFPYuanW5-ZhuIn-BFW#14922:恢:ㄏㄨㄟ;3up:DFPYuanW5-ZhuIn-BFW#15141:追:ㄓㄨㄟ;3up:DFPYuanW5-ZhuIn-BFW#14592:退:ㄊㄨㄟˋ,static full-data audit + key LOO + cross-book holdout; support>=2,exact vertical-group outline signature; no fuzzy
symbol,84eed2bfe952d3eb8b276b7cb33591352446385b,ㄟ,3,2,3up:n@dW5@#14269:背:ㄅㄟ;3up:DFPBiaoKai-W5-ZhuIn-BFW#14269:杯:ㄅㄟ;3down:DFPBiaoKai-W5-ZhuIn-BFW#14269:杯:ㄅㄟ,static full-data audit + key LOO + cross-book holdout; support>=2,exact vertical-group outline signature; no fuzzy
symbol,c204aa7e7b3da9b1d2d3fc049e89ce2b1ae5b3a8,ㄟ,2,1,3up:DFPBiaoKai-W5-ZhuIn-BFW#14325:配:ㄆㄟˋ;3down:DFPBiaoKai-W5-ZhuIn-BFW#14325:配:ㄆㄟˋ,static full-data audit + key LOO + cross-book holdout; support>=2,exact vertical-group outline signature; no fuzzy
symbol,c2c5239321f4f78a03dc0bf7909a78802cd29e2c,ㄟ,5,3,3up:DFPBiaoKai-W5-PoIn1-BFW#14218:為:ㄨㄟˊ;3up:n@dW5@#14218:為:ㄨㄟˊ;3up:DFPBiaoKai-W5-ZhuIn-BFW#14218:維:ㄨㄟˊ;3down:DFPBiaoKai-W5-PoIn1-BFW#14218:為:ㄨㄟˊ;3down:DFPBiaoKai-W5-ZhuIn-BFW#14218:危:ㄨㄟˊ,static full-data audit + key LOO + cross-book holdout; support>=2,exact vertical-group outline signature; no fuzzy
symbol,d28dbd123c3228fdcb2d16cb7b2b8660a4c78564,ㄟ,2,1,3up:DFPBiaoKai-W5-ZhuIn-BFW#14324:培:ㄆㄟˊ;3down:DFPBiaoKai-W5-ZhuIn-BFW#14324:陪:ㄆㄟˊ,static full-data audit + key LOO + cross-book holdout; support>=2,exact vertical-group outline signature; no fuzzy
symbol,d7f538575ca6ad36193e6a3ceb95175ed1ec44dc,ㄟ,2,2,3up:DFHeiPoIn1-Bd-BPMW-BF#14261:為:ㄨㄟˊ;3up:DFHeiChuIn-Bd-BPMW-BF#14261:微:ㄨㄟˊ,static full-data audit + key LOO + cross-book holdout; support>=2,exact vertical-group outline signature; no fuzzy
symbol,df022e41e89058a3b5b9dfaf914f6b953e9a5eeb,ㄟ,2,1,3up:DFPBiaoKai-W5-ZhuIn-BFW#14270:背:ㄅㄟˋ;3down:DFPBiaoKai-W5-ZhuIn-BFW#14270:輩:ㄅㄟˋ,static full-data audit + key LOO + cross-book holdout; support>=2,exact vertical-group outline signature; no fuzzy
symbol,e85cf9c631c6379b0b463241b86cb80d7affad5e,ㄟ,49,8,3down:YenRoundZuinnEG-Md#14844:會:ㄏㄨㄟˋ;3down:YenRoundZuinnEG-Md#14841:揮:ㄏㄨㄟ;3down:YenRoundZuinnEG-Md#14428:隊:ㄉㄨㄟˋ;3down:YenRoundZuinnEG-Md#15500:維:ㄨㄟˊ;3down:YenRoundZuinnEG-Md#14164:備:ㄅㄟˋ;3down:YenRoundZuinnEG-Bd#15502:胃:ㄨㄟˋ;3down:YenRoundZuinnEG-Bd#14288:沒:ㄇㄟˊ;3down:YenRoundZuinnEG-Bd#14597:類:ㄌㄟˋ;3down:YenRoundZuinnEG-Bd#14844:會:ㄏㄨㄟˋ;3down:YenRoundZuinnEG-Bd#14342:飛:ㄈㄟ;3down:YenRoundZuinnEG-Bd#14496:腿:ㄊㄨㄟˇ;3down:YenRoundZuinnEG-Bd#15203:水:ㄕㄨㄟˇ,static full-data audit + key LOO + cross-book holdout; support>=2,exact vertical-group outline signature; no fuzzy
symbol,0241eb6c7d2a72c4b7126ac2a640650a04a0db00,ㄠ,45,3,3up:DFPBiaoKai-W5-ZhuIn-BFW#14486:到:ㄉㄠˋ;3up:DFPBiaoKai-W5-ZhuIn-BFW#14621:惱:ㄋㄠˇ;3up:DFPBiaoKai-W5-ZhuIn-BFW#14547:討:ㄊㄠˇ;3up:DFPBiaoKai-W5-PoIn1-BFW#15110:著:ㄓㄠˊ;3up:DFPBiaoKai-W5-ZhuIn-BFW#15112:找:ㄓㄠˇ;3up:DFPBiaoKai-W5-ZhuIn-BFW#14769:高:ㄍㄠ;3up:DFPBiaoKai-W5-ZhuIn-BFW#14272:包:ㄅㄠ;3up:DFPBiaoKai-W5-ZhuIn-BFW#14688:老:ㄌㄠˇ;3up:DFPBiaoKai-W5-ZhuIn-BFW#15109:招:ㄓㄠ;3up:DFPBiaoKai-W5-ZhuIn-BFW#14770:告:ㄍㄠˋ;3up:DFPBiaoKai-W5-ZhuIn-BFW#14395:貌:ㄇㄠˋ;3up:DFPBiaoKai-W5-ZhuIn-BFW#14487:導:ㄉㄠˇ,static full-data audit + key LOO + cross-book holdout; support>=2,exact vertical-group outline signature; no fuzzy
symbol,2592c7a624ac9ca2927e93e8e5077cd177d94406,ㄠ,34,3,3up:DFPYuanW5-ZhuIn-BFW#14273:包:ㄅㄠ;3up:DFPYuanW5-ZhuIn-BFW#14888:好:ㄏㄠˇ;3up:DFPYuanW5-ZhuIn-BFW#14182:要:ㄧㄠˋ;3up:DFPYuanW5-ZhuIn-BFW#15243:少:ㄕㄠˇ;3up:DFPYuanW5-ZhuIn-BFW#14689:老:ㄌㄠˇ;3up:DFPYuanW5-ZhuIn-BFW#14548:討:ㄊㄠˇ;3up:DFPYuanW5-ZhuIn-BFW#14487:到:ㄉㄠˋ;3up:DFPYuanW5-ZhuIn-BFW#15113:找:ㄓㄠˇ;3up:DFPYuanW5-ZhuIn-BFW#14771:告:ㄍㄠˋ;3up:DFPYuanW5-ZhuIn-BFW#14831:考:ㄎㄠˇ;3up:DFPYuanW5-ZhuIn-BFW#15240:燒:ㄕㄠ;3up:DFPYuanW5-ZhuIn-BFW#14488:導:ㄉㄠˇ,static full-data audit + key LOO + cross-book holdout; support>=2,exact vertical-group outline signature; no fuzzy
symbol,2f2dfac00692b2837cf9bd03abb860673af3b155,ㄠ,3,1,3up:DFPBiaoKai-W5-ZhuIn-BFW#14330:跑:ㄆㄠˇ;3up:DFPBiaoKai-W5-ZhuIn-BFW#14329:炮:ㄆㄠˋ;3down:DFPBiaoKai-W5-ZhuIn-BFW#14330:跑:ㄆㄠˇ,static full-data audit + key LOO + cross-book holdout; support>=2,exact vertical-group outline signature; no fuzzy
symbol,381a50c47aa47c278465e6bd207784effd3b89b8,ㄠ,14,2,3up:DFPYuanW5-ZhuIn-BFW#15054:小:ㄒㄧㄠˇ;3up:DFPYuanW5-ZhuIn-BFW#14956:教:ㄐㄧㄠˋ;3up:DFPYuanW5-ZhuIn-BFW#14298:標:ㄅㄧㄠ;3up:DFPYuanW5-ZhuIn-BFW#15053:笑:ㄒㄧㄠˋ;3up:DFPYuanW5-ZhuIn-BFW#14300:表:ㄅㄧㄠˇ;3up:DFPYuanW5-ZhuIn-BFW#15051:消:ㄒㄧㄠ;3up:DFPYuanW5-ZhuIn-BFW#14713:料:ㄌㄧㄠˋ;3up:DFPYuanW5-ZhuIn-BFW#14957:腳:ㄐㄧㄠˇ;3up:DFPYuanW5-ZhuIn-BFW#14572:跳:ㄊㄧㄠˋ;3up:DFPYuanW5-PoIn1-BFW#15003:翹:ㄑㄧㄠˋ;3up:DFPYuanW5-ZhuIn-BFW#14422:瞄:ㄇㄧㄠˊ;3up:DFPYuanW5-ZhuIn-BFW#14424:秒:ㄇㄧㄠˇ,static full-data audit + key LOO + cross-book holdout; support>=2,exact vertical-group outline signature; no fuzzy
symbol,3831b1a0757583838836237869dd3720b9f41879,ㄠ,3,1,3up:DFPBiaoKai-W5-ZhuIn-BFW#14179:腰:ㄧㄠ;3up:DFPBiaoKai-W5-ZhuIn-BFW#14181:要:ㄧㄠˋ;3down:DFPBiaoKai-W5-ZhuIn-BFW#14181:要:ㄧㄠˋ,static full-data audit + key LOO + cross-book holdout; support>=2,exact vertical-group outline signature; no fuzzy
symbol,47c43d6385f96d980a18f80dab8d4cf92f8e447a,ㄠ,4,1,3up:DFPBiaoKai-W5-ZhuIn-BFW#15002:翹:ㄑㄧㄠˋ;3up:DFPBiaoKai-W5-ZhuIn-BFW#15003:巧:ㄑㄧㄠˇ;3down:DFPBiaoKai-W5-ZhuIn-BFW#15000:敲:ㄑㄧㄠ;3down:DFPBiaoKai-W5-ZhuIn-BFW#15003:巧:ㄑㄧㄠˇ,static full-data audit + key LOO + cross-book holdout; support>=2,exact vertical-group outline signature; no fuzzy
symbol,48965ae7ef22fda5c3da667a94a4d16d7b81fe14,ㄠ,72,8,3down:YenRoundZuinn1EG-Md#14628:了:ㄌㄧㄠˇ;3down:YenRoundZuinnEG-Md#15463:要:ㄧㄠˋ;3down:YenRoundZuinnEG-Md#14188:標:ㄅㄧㄠ;3down:YenRoundZuinnEG-Md#14477:跳:ㄊㄧㄠˋ;3down:YenRoundZuinnEG-Md#14809:好:ㄏㄠˇ;3down:YenRoundZuinnEG-Bd#15425:奧:ㄠˋ;3down:YenRoundZuinnEG-Bd#14319:妙:ㄇㄧㄠˋ;3down:YenRoundZuinnEG-Bd#14530:惱:ㄋㄠˇ;3down:YenRoundZuinnEG-Bd#14809:好:ㄏㄠˇ;3down:YenRoundZuinnEG-Bd#14978:小:ㄒㄧㄠˇ;3down:YenRoundZuinnEG-Bd#14292:毛:ㄇㄠˊ;3down:YenRoundZuinnEG-Bd#14878:腳:ㄐㄧㄠˇ,static full-data audit + key LOO + cross-book holdout; support>=2,exact vertical-group outline signature; no fuzzy
symbol,5aa157ef458b22e6183e852754fc7fd6baa737a4,ㄠ,2,1,3up:DFHeiPoIn1-Bd-BPMW-BF#14402:漂:ㄆㄧㄠˇ;3up:DFHeiPoIn1-Bd-BPMW-BF#14615:挑:ㄊㄧㄠˇ,static full-data audit + key LOO + cross-book holdout; support>=2,exact vertical-group outline signature; no fuzzy
symbol,75281610389b3a7f3f24c76171bcc5530a45c5ab,ㄠ,28,3,3up:DFPBiaoKai-W5-PoIn1-BFW#14572:挑:ㄊㄧㄠˇ;3up:DFPBiaoKai-W5-ZhuIn-BFW#15053:小:ㄒㄧㄠˇ;3up:DFPBiaoKai-W5-ZhuIn-BFW#14955:教:ㄐㄧㄠˋ;3up:n@dW5@#14572:挑:ㄊㄧㄠˇ;3up:n@dW5@#14570:調:ㄊㄧㄠˊ;3up:DFPBiaoKai-W5-ZhuIn-BFW#14571:跳:ㄊㄧㄠˋ;3up:DFPBiaoKai-W5-ZhuIn-BFW#14956:腳:ㄐㄧㄠˇ;3up:DFPBiaoKai-W5-ZhuIn-BFW#14299:表:ㄅㄧㄠˇ;3up:DFPBiaoKai-W5-ZhuIn-BFW#14508:掉:ㄉㄧㄠˋ;3up:DFPBiaoKai-W5-ZhuIn-BFW#15052:校:ㄒㄧㄠˋ;3up:DFPBiaoKai-W5-PoIn1-BFW#14570:調:ㄊㄧㄠˊ;3up:DFPBiaoKai-W5-ZhuIn-BFW#15050:消:ㄒㄧㄠ,static full-data audit + key LOO + cross-book holdout; support>=2,exact vertical-group outline signature; no fuzzy
symbol,7788e0f115f0efce23a130859c05559c3734e297,ㄠ,4,1,3up:DFPBiaoKai-W5-ZhuIn-BFW#14887:好:ㄏㄠˇ;3up:DFPBiaoKai-W5-ZhuIn-BFW#14394:毛:ㄇㄠˊ;3down:DFPBiaoKai-W5-ZhuIn-BFW#14887:好:ㄏㄠˇ;3down:DFPBiaoKai-W5-ZhuIn-BFW#14394:毛:ㄇㄠˊ,static full-data audit + key LOO + cross-book holdout; support>=2,exact vertical-group outline signature; no fuzzy
symbol,80e574176c0d79be685162bbf6ede6caa635117b,ㄠ,4,1,3up:DFPBiaoKai-W5-ZhuIn-BFW#14422:妙:ㄇㄧㄠˋ;3up:DFPBiaoKai-W5-ZhuIn-BFW#14421:苗:ㄇㄧㄠˊ;3up:DFPBiaoKai-W5-ZhuIn-BFW#14423:秒:ㄇㄧㄠˇ;3down:DFPBiaoKai-W5-ZhuIn-BFW#14422:妙:ㄇㄧㄠˋ,static full-data audit + key LOO + cross-book holdout; support>=2,exact vertical-group outline signature; no fuzzy
symbol,82cdb3cdd20b57f4483365f2db23c20b3122d9fe,ㄠ,3,2,3up:DFPBiaoKai-W5-ZhuIn-BFW#14712:料:ㄌㄧㄠˋ;3down:DFPBiaoKai-W5-PoIn1-BFW#14713:了:ㄌㄧㄠˇ;3down:DFPBiaoKai-W5-ZhuIn-BFW#14712:料:ㄌㄧㄠˋ,static full-data audit + key LOO + cross-book holdout; support>=2,exact vertical-group outline signature; no fuzzy
symbol,97318687404ed816ca25da7da6594c328f9f3437,ㄠ,4,2,3up:DFPBiaoKai-W5-ZhuIn-BFW#14886:號:ㄏㄠˋ;3up:DFPBiaoKai-W5-ZhuIn-BFW#14885:毫:ㄏㄠˊ;3down:DFPBiaoKai-W5-PoIn1-BFW#14886:好:ㄏㄠˋ;3down:DFPBiaoKai-W5-ZhuIn-BFW#14886:號:ㄏㄠˋ,static full-data audit + key LOO + cross-book holdout; support>=2,exact vertical-group outline signature; no fuzzy
symbol,a64aff3d3b1823edb8d1b2e4fe9d559173d1f770,ㄠ,4,1,3up:DFPBiaoKai-W5-ZhuIn-BFW#15242:少:ㄕㄠˇ;3up:DFPBiaoKai-W5-ZhuIn-BFW#15241:紹:ㄕㄠˋ;3up:DFPBiaoKai-W5-ZhuIn-BFW#15239:燒:ㄕㄠ;3down:DFPBiaoKai-W5-ZhuIn-BFW#15242:少:ㄕㄠˇ,static full-data audit + key LOO + cross-book holdout; support>=2,exact vertical-group outline signature; no fuzzy
symbol,a96a0270b4ddff48be0d1d11fb18a18f136286f8,ㄠ,2,2,3up:DFHeiChuIn-Bd-BPMW-BF#14529:到:ㄉㄠˋ;3up:DFHeiPoIn1-Bd-BPMW-BF#14529:倒:ㄉㄠˋ,static full-data audit + key LOO + cross-book holdout; support>=2,exact vertical-group outline signature; no fuzzy
symbol,042af2ad428345b2c5a905afd44a58a4dd639f8e,ㄡ,2,2,3up:DFPBiaoKai-W5-PoIn1-BFW#14549:頭:˙ㄊㄡ;3up:n@dW5@#14549:頭:˙ㄊㄡ,static full-data audit + key LOO + cross-book holdout; support>=2,exact vertical-group outline signature; no fuzzy
symbol,167b72af77c0df1e956427dde0c91c5aa309a803,ㄡ,4,1,3up:DFPBiaoKai-W5-ZhuIn-BFW#15246:手:ㄕㄡˇ;3up:DFPBiaoKai-W5-ZhuIn-BFW#14550:頭:ㄊㄡˊ;3down:DFPBiaoKai-W5-ZhuIn-BFW#14550:頭:ㄊㄡˊ;3down:DFPBiaoKai-W5-ZhuIn-BFW#15246:手:ㄕㄡˇ,static full-data audit + key LOO + cross-book holdout; support>=2,exact vertical-group outline signature; no fuzzy
symbol,1a457947454593be7b6defdb2fea5aa4c3350ad9,ㄡ,7,1,3up:DFPBiaoKai-W5-ZhuIn-BFW#14489:荳:ㄉㄡˋ;3up:DFPBiaoKai-W5-ZhuIn-BFW#14488:都:ㄉㄡ;3up:DFPBiaoKai-W5-ZhuIn-BFW#14450:否:ㄈㄡˇ;3up:DFPBiaoKai-W5-ZhuIn-BFW#14551:透:ㄊㄡˋ;3down:DFPBiaoKai-W5-ZhuIn-BFW#14488:都:ㄉㄡ;3down:DFPBiaoKai-W5-ZhuIn-BFW#14450:否:ㄈㄡˇ;3down:DFPBiaoKai-W5-ZhuIn-BFW#14551:透:ㄊㄡˋ,static full-data audit + key LOO + cross-book holdout; support>=2,exact vertical-group outline signature; no fuzzy
symbol,27dca92390e0dc256180f8bae52f6f9ea5585534,ㄡ,6,1,3up:DFPBiaoKai-W5-ZhuIn-BFW#14185:又:ㄧㄡˋ;3up:DFPBiaoKai-W5-ZhuIn-BFW#14186:友:ㄧㄡˇ;3up:DFPBiaoKai-W5-ZhuIn-BFW#14184:遊:ㄧㄡˊ;3down:DFPBiaoKai-W5-ZhuIn-BFW#14185:又:ㄧㄡˋ;3down:DFPBiaoKai-W5-ZhuIn-BFW#14186:有:ㄧㄡˇ;3down:DFPBiaoKai-W5-ZhuIn-BFW#14184:由:ㄧㄡˊ,static full-data audit + key LOO + cross-book holdout; support>=2,exact vertical-group outline signature; no fuzzy
symbol,3b238e4b4b88631a056099679d0541c83f7e064e,ㄡ,3,1,3up:DFPBiaoKai-W5-ZhuIn-BFW#15290:肉:ㄖㄡˋ;3up:DFPBiaoKai-W5-ZhuIn-BFW#15289:柔:ㄖㄡˊ;3down:DFPBiaoKai-W5-ZhuIn-BFW#15290:肉:ㄖㄡˋ,static full-data audit + key LOO + cross-book holdout; support>=2,exact vertical-group outline signature; no fuzzy
symbol,3d762b14a8a3139aaf0504b4947f886fa163b0eb,ㄡ,4,1,3up:DFPBiaoKai-W5-ZhuIn-BFW#14715:流:ㄌㄧㄡˊ;3up:DFPBiaoKai-W5-ZhuIn-BFW#14716:六:ㄌㄧㄡˋ;3down:DFPBiaoKai-W5-ZhuIn-BFW#14715:留:ㄌㄧㄡˊ;3down:DFPBiaoKai-W5-ZhuIn-BFW#14716:六:ㄌㄧㄡˋ,static full-data audit + key LOO + cross-book holdout; support>=2,exact vertical-group outline signature; no fuzzy
symbol,40db9d5e6b8c3ba94cd301fa850ffa2d1132dd2d,ㄡ,12,1,3up:DFPBiaoKai-W5-ZhuIn-BFW#14958:就:ㄐㄧㄡˋ;3up:DFPBiaoKai-W5-ZhuIn-BFW#15005:球:ㄑㄧㄡˊ;3up:DFPBiaoKai-W5-ZhuIn-BFW#14510:丟:ㄉㄧㄡ;3up:DFPBiaoKai-W5-ZhuIn-BFW#15004:秋:ㄑㄧㄡ;3up:DFPBiaoKai-W5-ZhuIn-BFW#15054:修:ㄒㄧㄡ;3up:DFPBiaoKai-W5-ZhuIn-BFW#14959:九:ㄐㄧㄡˇ;3up:DFPBiaoKai-W5-ZhuIn-BFW#14647:扭:ㄋㄧㄡˇ;3down:DFPBiaoKai-W5-ZhuIn-BFW#14958:就:ㄐㄧㄡˋ;3down:DFPBiaoKai-W5-ZhuIn-BFW#14959:久:ㄐㄧㄡˇ;3down:DFPBiaoKai-W5-ZhuIn-BFW#15054:修:ㄒㄧㄡ;3down:DFPBiaoKai-W5-ZhuIn-BFW#15005:球:ㄑㄧㄡˊ;3down:DFPBiaoKai-W5-ZhuIn-BFW#14510:丟:ㄉㄧㄡ,static full-data audit + key LOO + cross-book holdout; support>=2,exact vertical-group outline signature; no fuzzy
symbol,4b0021480b080100d920dccec01535c34631bb78,ㄡ,14,1,3up:DFPBiaoKai-W5-ZhuIn-BFW#15336:走:ㄗㄡˇ;3up:DFPBiaoKai-W5-ZhuIn-BFW#14833:口:ㄎㄡˇ;3up:DFPBiaoKai-W5-ZhuIn-BFW#15113:週:ㄓㄡ;3up:DFPBiaoKai-W5-ZhuIn-BFW#14772:溝:ㄍㄡ;3up:DFPBiaoKai-W5-ZhuIn-BFW#15432:搜:ㄙㄡ;3up:DFPBiaoKai-W5-ZhuIn-BFW#14773:購:ㄍㄡˋ;3up:DFPBiaoKai-W5-ZhuIn-BFW#15335:奏:ㄗㄡˋ;3down:DFPBiaoKai-W5-ZhuIn-BFW#14773:夠:ㄍㄡˋ;3down:DFPBiaoKai-W5-ZhuIn-BFW#15115:皺:ㄓㄡˋ;3down:DFPBiaoKai-W5-ZhuIn-BFW#15336:走:ㄗㄡˇ;3down:DFPBiaoKai-W5-ZhuIn-BFW#14833:口:ㄎㄡˇ;3down:DFPBiaoKai-W5-ZhuIn-BFW#14772:勾:ㄍㄡ,static full-data audit + key LOO + cross-book holdout; support>=2,exact vertical-group outline signature; no fuzzy
symbol,5b807a2589e8191f0c584ba9f00c4296a41a0a40,ㄡ,4,1,3up:DFPBiaoKai-W5-ZhuIn-BFW#15245:受:ㄕㄡˋ;3up:DFPBiaoKai-W5-ZhuIn-BFW#15243:收:ㄕㄡ;3down:DFPBiaoKai-W5-ZhuIn-BFW#15245:受:ㄕㄡˋ;3down:DFPBiaoKai-W5-ZhuIn-BFW#15243:收:ㄕㄡ,static full-data audit + key LOO + cross-book holdout; support>=2,exact vertical-group outline signature; no fuzzy
symbol,6bd1d0c02c125129ecdf27bd785b7e1560bd3ee4,ㄡ,36,6,3down:YenRoundZuinnEG-Md#15466:有:ㄧㄡˇ;3down:YenRoundZuinnEG-Md#14929:球:ㄑㄧㄡˊ;3down:YenRoundZuinnEG-Md#15465:游:ㄧㄡˊ;3down:YenRoundZuinnEG-Bd#14633:六:ㄌㄧㄡˋ;3down:YenRoundZuinnEG-Bd#14929:球:ㄑㄧㄡˊ;3down:YenRoundZuinnEG-Bd#14409:丟:ㄉㄧㄡ;3down:YenRoundZuinnEG-Bd#15466:有:ㄧㄡˇ;3down:YenRoundZuinnEG-Md#15175:手:ㄕㄡˇ;3down:YenRoundZuinnEG-Md#14814:後:ㄏㄡˋ;3down:YenRoundZuinnEG-Md#15042:週:ㄓㄡ;3down:YenRoundZuinnEG-Md#15464:優:ㄧㄡ;3down:YenRoundZuinnEG-Md#14348:否:ㄈㄡˇ,static full-data audit + key LOO + cross-book holdout; support>=2,exact vertical-group outline signature; no fuzzy
symbol,8ae9385ac4274f69d39e336378aeef6c262bd60f,ㄡ,17,2,3up:DFPYuanW5-ZhuIn-BFW#14490:荳:ㄉㄡˋ;3up:DFPYuanW5-ZhuIn-BFW#14489:都:ㄉㄡ;3up:DFPYuanW5-ZhuIn-BFW#14187:友:ㄧㄡˇ;3up:DFPYuanW5-ZhuIn-BFW#15337:走:ㄗㄡˇ;3up:DFPYuanW5-ZhuIn-BFW#15247:守:ㄕㄡˇ;3up:DFPYuanW5-ZhuIn-BFW#14185:遊:ㄧㄡˊ;3up:DFPYuanW5-ZhuIn-BFW#14891:後:ㄏㄡˋ;3up:DFPYuanW5-ZhuIn-BFW#14773:溝:ㄍㄡ;3up:DFPYuanW5-ZhuIn-BFW#15245:熟:ㄕㄡˊ;3up:DFPYuanW5-ZhuIn-BFW#14834:口:ㄎㄡˇ;3up:DFPYuanW5-ZhuIn-BFW#15114:周:ㄓㄡ;3up:DFPYuanW5-ZhuIn-BFW#14186:柚:ㄧㄡˋ,static full-data audit + key LOO + cross-book holdout; support>=2,exact vertical-group outline signature; no fuzzy
symbol,c23150331ebbe421f0f3333719ddaddab79453f5,ㄡ,2,1,3up:DFPBiaoKai-W5-ZhuIn-BFW#14890:後:ㄏㄡˋ;3down:DFPBiaoKai-W5-ZhuIn-BFW#14890:後:ㄏㄡˋ,static full-data audit + key LOO + cross-book holdout; support>=2,exact vertical-group outline signature; no fuzzy
symbol,d7fcb7906f294516b82e81f06fb02eeb76fe591d,ㄡ,2,1,3up:DFPBiaoKai-W5-ZhuIn-BFW#14183:優:ㄧㄡ;3down:DFPBiaoKai-W5-ZhuIn-BFW#14183:優:ㄧㄡ,static full-data audit + key LOO + cross-book holdout; support>=2,exact vertical-group outline signature; no fuzzy
symbol,ea661220aa3585d36f5da27269d59c97a7cb70e0,ㄡ,9,1,3up:DFPYuanW5-ZhuIn-BFW#15055:休:ㄒㄧㄡ;3up:DFPYuanW5-ZhuIn-BFW#14717:六:ㄌㄧㄡˋ;3up:DFPYuanW5-ZhuIn-BFW#14511:丟:ㄉㄧㄡ;3up:DFPYuanW5-ZhuIn-BFW#14716:流:ㄌㄧㄡˊ;3up:DFPYuanW5-ZhuIn-BFW#14959:就:ㄐㄧㄡˋ;3up:DFPYuanW5-ZhuIn-BFW#14718:柳:ㄌㄧㄡˇ;3up:DFPYuanW5-ZhuIn-BFW#15006:球:ㄑㄧㄡˊ;3up:DFPYuanW5-ZhuIn-BFW#14960:久:ㄐㄧㄡˇ;3up:DFPYuanW5-ZhuIn-BFW#14648:扭:ㄋㄧㄡˇ,static full-data audit + key LOO + cross-book holdout; support>=2,exact vertical-group outline signature; no fuzzy
symbol,ff4d3fdce662a31759e475a022a812abb98c6dd9,ㄡ,2,1,3up:DFPBiaoKai-W5-ZhuIn-BFW#15244:熟:ㄕㄡˊ;3down:DFPBiaoKai-W5-ZhuIn-BFW#15244:熟:ㄕㄡˊ,static full-data audit + key LOO + cross-book holdout; support>=2,exact vertical-group outline signature; no fuzzy
symbol,0ff2871d2fe00f717336b248a4938945df32e259,ㄢ,14,2,3up:DFPBiaoKai-W5-ZhuIn-BFW#15118:戰:ㄓㄢˋ;3up:DFPBiaoKai-W5-ZhuIn-BFW#15435:三:ㄙㄢ;3up:DFPBiaoKai-W5-ZhuIn-BFW#15386:參:ㄘㄢ;3up:DFPBiaoKai-W5-ZhuIn-BFW#15339:讚:ㄗㄢˋ;3up:DFPBiaoKai-W5-ZhuIn-BFW#15293:染:ㄖㄢˇ;3up:n@dW5@#15118:占:ㄓㄢˋ;3up:DFPBiaoKai-W5-ZhuIn-BFW#14451:翻:ㄈㄢ;3down:DFPBiaoKai-W5-ZhuIn-BFW#15435:三:ㄙㄢ;3down:DFPBiaoKai-W5-ZhuIn-BFW#15386:餐:ㄘㄢ;3down:DFPBiaoKai-W5-ZhuIn-BFW#14451:翻:ㄈㄢ;3down:DFPBiaoKai-W5-ZhuIn-BFW#15118:站:ㄓㄢˋ;3down:DFPBiaoKai-W5-ZhuIn-BFW#15293:染:ㄖㄢˇ,static full-data audit + key LOO + cross-book holdout; support>=2,exact vertical-group outline signature; no fuzzy
symbol,11c1583672bfba287d7a247cb848ada804e85c53,ㄢ,2,1,3up:DFPBiaoKai-W5-ZhuIn-BFW#14336:判:ㄆㄢˋ;3down:DFPBiaoKai-W5-ZhuIn-BFW#14336:盼:ㄆㄢˋ,static full-data audit + key LOO + cross-book holdout; support>=2,exact vertical-group outline signature; no fuzzy
symbol,131b3dbde9506454e9edb35455c71b6831b7b577,ㄢ,2,2,3up:DFHeiChuIn-Bd-BPMW-BF#15051:前:ㄑㄧㄢˊ;3up:DFHeiPoIn1-Bd-BPMW-BF#15051:乾:ㄑㄧㄢˊ,static full-data audit + key LOO + cross-book holdout; support>=2,exact vertical-group outline signature; no fuzzy
symbol,13207b6de0c6f4027d04970fb60992207e832988,ㄢ,2,1,3up:DFPWaWa-W5-ZhuIn-BFW#14224:碗:ㄨㄢˇ;3up:DFPWaWa-W5-ZhuIn-BFW#14775:乾:ㄍㄢ,static full-data audit + key LOO + cross-book holdout; support>=2,exact vertical-group outline signature; no fuzzy
symbol,18b1e46b15b3cc4fc5ed626c4f002e849e65458d,ㄢ,2,1,3up:DFPBiaoKai-W5-ZhuIn-BFW#14221:彎:ㄨㄢ;3down:DFPBiaoKai-W5-ZhuIn-BFW#14221:彎:ㄨㄢ,static full-data audit + key LOO + cross-book holdout; support>=2,exact vertical-group outline signature; no fuzzy
symbol,1e964434486c7bf37a8a6d0ea3aae785a6fd3e27,ㄢ,4,1,3up:DFPBiaoKai-W5-ZhuIn-BFW#14151:按:ㄢˋ;3up:DFPBiaoKai-W5-ZhuIn-BFW#14149:安:ㄢ;3down:DFPBiaoKai-W5-ZhuIn-BFW#14149:安:ㄢ;3down:DFPBiaoKai-W5-ZhuIn-BFW#14151:按:ㄢˋ,static full-data audit + key LOO + cross-book holdout; support>=2,exact vertical-group outline signature; no fuzzy
symbol,1f9674b6da9ea1574ff699c545a42292f128affb,ㄢ,5,1,3up:DFPBiaoKai-W5-ZhuIn-BFW#14492:蛋:ㄉㄢˋ;3up:DFPBiaoKai-W5-ZhuIn-BFW#14491:單:ㄉㄢ;3down:DFPBiaoKai-W5-ZhuIn-BFW#14492:誕:ㄉㄢˋ;3down:DFPBiaoKai-W5-ZhuIn-BFW#14491:擔:ㄉㄢ;3down:DFPBiaoKai-W5-ZhuIn-BFW#14493:膽:ㄉㄢˇ,static full-data audit + key LOO + cross-book holdout; support>=2,exact vertical-group outline signature; no fuzzy
symbol,2f843ad2df55f63d4746a53102b0c72489711575,ㄢ,7,1,3up:DFPBiaoKai-W5-ZhuIn-BFW#15031:拳:ㄑㄩㄢˊ;3up:DFPBiaoKai-W5-ZhuIn-BFW#15084:選:ㄒㄩㄢˇ;3up:DFPBiaoKai-W5-ZhuIn-BFW#15082:旋:ㄒㄩㄢˊ;3up:DFPBiaoKai-W5-ZhuIn-BFW#15030:圈:ㄑㄩㄢ;3down:DFPBiaoKai-W5-ZhuIn-BFW#15031:全:ㄑㄩㄢˊ;3down:DFPBiaoKai-W5-ZhuIn-BFW#15084:選:ㄒㄩㄢˇ;3down:DFPBiaoKai-W5-ZhuIn-BFW#15081:宣:ㄒㄩㄢ,static full-data audit + key LOO + cross-book holdout; support>=2,exact vertical-group outline signature; no fuzzy
symbol,344c8bf1323e02eef808288cb8dc2b0620080b6d,ㄢ,3,1,3up:DFPBiaoKai-W5-ZhuIn-BFW#14665:暖:ㄋㄨㄢˇ;3down:DFPBiaoKai-W5-ZhuIn-BFW#14665:暖:ㄋㄨㄢˇ;3down:DFPBiaoKai-W5-ZhuIn-BFW#14594:團:ㄊㄨㄢˊ,static full-data audit + key LOO + cross-book holdout; support>=2,exact vertical-group outline signature; no fuzzy
symbol,3476ff457e38f1afeeb7b0fb9789865c9b870a46,ㄢ,109,9,3down:YenRoundZuinnEG-Md#15322:參:ㄘㄢ;3down:YenRoundZuinnEG-Md#14172:辦:ㄅㄢˋ;3down:YenRoundZuinnEG-Md#14499:團:ㄊㄨㄢˊ;3down:YenRoundZuinnEG-Md#15504:完:ㄨㄢˊ;3down:YenRoundZuinnEG-Md#14886:健:ㄐㄧㄢˋ;3down:YenRoundZuinnEG-Md#14846:環:ㄏㄨㄢˊ;3down:YenRoundZuinnEG-Md#14191:編:ㄅㄧㄢ;3down:YenRoundZuinnEG-Bd#14886:健:ㄐㄧㄢˋ;3down:YenRoundZuinnEG-Bd#14193:變:ㄅㄧㄢˋ;3down:YenRoundZuinnEG-Bd#14351:煩:ㄈㄢˊ;3down:YenRoundZuinnEG-Bd#14191:邊:ㄅㄧㄢ;3down:YenRoundZuinnEG-Bd#15048:戰:ㄓㄢˋ,static full-data audit + key LOO + cross-book holdout; support>=2,exact vertical-group outline signature; no fuzzy
symbol,464b2fb238c559e254888b17bd195456adf7f6f8,ㄢ,2,1,3up:DFPBiaoKai-W5-ZhuIn-BFW#15292:然:ㄖㄢˊ;3down:DFPBiaoKai-W5-ZhuIn-BFW#15292:然:ㄖㄢˊ,static full-data audit + key LOO + cross-book holdout; support>=2,exact vertical-group outline signature; no fuzzy
symbol,4da035cfcf7e6ed5f1ced1184b4dc23988c80c1d,ㄢ,3,3,3up:DFPBiaoKai-W5-ZhuIn-BFW#14554:談:ㄊㄢˊ;3up:n@dW5@#14554:彈:ㄊㄢˊ;3down:DFPBiaoKai-W5-PoIn1-BFW#14554:彈:ㄊㄢˊ,static full-data audit + key LOO + cross-book holdout; support>=2,exact vertical-group outline signature; no fuzzy
symbol,544be8062dd9782fb936c8b4da758bf1236aa968,ㄢ,2,1,3up:DFPWaWa-W5-ZhuIn-BFW#14961:健:ㄐㄧㄢˋ;3up:DFPWaWa-W5-ZhuIn-BFW#15312:軟:ㄖㄨㄢˇ,static full-data audit + key LOO + cross-book holdout; support>=2,exact vertical-group outline signature; no fuzzy
symbol,6145a656f04dd325c341dfa1d845d2bb4bc50c2a,ㄢ,6,1,3up:DFPBiaoKai-W5-ZhuIn-BFW#14189:厭:ㄧㄢˋ;3up:DFPBiaoKai-W5-ZhuIn-BFW#14190:演:ㄧㄢˇ;3up:DFPBiaoKai-W5-ZhuIn-BFW#14188:炎:ㄧㄢˊ;3down:DFPBiaoKai-W5-ZhuIn-BFW#14188:延:ㄧㄢˊ;3down:DFPBiaoKai-W5-ZhuIn-BFW#14190:掩:ㄧㄢˇ;3down:DFPBiaoKai-W5-ZhuIn-BFW#14189:驗:ㄧㄢˋ,static full-data audit + key LOO + cross-book holdout; support>=2,exact vertical-group outline signature; no fuzzy
symbol,61770c490f796d5d5f0ef07097fe02b743b92601,ㄢ,20,1,3up:DFPBiaoKai-W5-ZhuIn-BFW#14573:天:ㄊㄧㄢ;3up:DFPBiaoKai-W5-ZhuIn-BFW#15059:現:ㄒㄧㄢˋ;3up:DFPBiaoKai-W5-ZhuIn-BFW#15057:先:ㄒㄧㄢ;3up:DFPBiaoKai-W5-ZhuIn-BFW#14513:點:ㄉㄧㄢˇ;3up:DFPBiaoKai-W5-ZhuIn-BFW#14648:年:ㄋㄧㄢˊ;3up:DFPBiaoKai-W5-ZhuIn-BFW#14574:填:ㄊㄧㄢˊ;3up:DFPBiaoKai-W5-ZhuIn-BFW#14512:墊:ㄉㄧㄢˋ;3up:DFPBiaoKai-W5-ZhuIn-BFW#15060:險:ㄒㄧㄢˇ;3up:DFPBiaoKai-W5-ZhuIn-BFW#15145:轉:ㄓㄨㄢˇ;3up:DFPBiaoKai-W5-ZhuIn-BFW#15143:專:ㄓㄨㄢ;3down:DFPBiaoKai-W5-ZhuIn-BFW#14573:天:ㄊㄧㄢ;3down:DFPBiaoKai-W5-ZhuIn-BFW#15059:現:ㄒㄧㄢˋ,static full-data audit + key LOO + cross-book holdout; support>=2,exact vertical-group outline signature; no fuzzy
symbol,6905801401cc661aa386c4441f6e213aa47783ad,ㄢ,2,1,3up:DFPBiaoKai-W5-ZhuIn-BFW#14244:原:ㄩㄢˊ;3down:DFPBiaoKai-W5-ZhuIn-BFW#14244:原:ㄩㄢˊ,static full-data audit + key LOO + cross-book holdout; support>=2,exact vertical-group outline signature; no fuzzy
symbol,7bd35af8d68d272927c9edf8098ad1309b5f240d,ㄢ,11,1,3up:DFPBiaoKai-W5-ZhuIn-BFW#14835:看:ㄎㄢˋ;3up:DFPBiaoKai-W5-ZhuIn-BFW#14777:感:ㄍㄢˇ;3up:DFPBiaoKai-W5-ZhuIn-BFW#14775:乾:ㄍㄢ;3up:DFPBiaoKai-W5-ZhuIn-BFW#14401:慢:ㄇㄢˋ;3up:DFPBiaoKai-W5-ZhuIn-BFW#14692:籃:ㄌㄢˊ;3down:DFPBiaoKai-W5-ZhuIn-BFW#14777:感:ㄍㄢˇ;3down:DFPBiaoKai-W5-ZhuIn-BFW#14835:看:ㄎㄢˋ;3down:DFPBiaoKai-W5-ZhuIn-BFW#14776:幹:ㄍㄢˋ;3down:DFPBiaoKai-W5-ZhuIn-BFW#14775:肝:ㄍㄢ;3down:DFPBiaoKai-W5-ZhuIn-BFW#14402:滿:ㄇㄢˇ;3down:DFPBiaoKai-W5-ZhuIn-BFW#14401:慢:ㄇㄢˋ,static full-data audit + key LOO + cross-book holdout; support>=2,exact vertical-group outline signature; no fuzzy
symbol,7d85827adb2e83e5e710ca3435415ca31dc19422,ㄢ,2,1,3up:DFPYuanW5-ZhuIn-BFW#14150:安:ㄢ;3up:DFPYuanW5-ZhuIn-BFW#14152:暗:ㄢˋ,static full-data audit + key LOO + cross-book holdout; support>=2,exact vertical-group outline signature; no fuzzy
symbol,949385b6a91460edd62093a48a12d5918dad9fb8,ㄢ,7,1,3up:DFPBiaoKai-W5-ZhuIn-BFW#14452:煩:ㄈㄢˊ;3up:DFPBiaoKai-W5-ZhuIn-BFW#14454:反:ㄈㄢˇ;3up:DFPBiaoKai-W5-ZhuIn-BFW#15247:山:ㄕㄢ;3up:DFPBiaoKai-W5-ZhuIn-BFW#14453:販:ㄈㄢˋ;3down:DFPBiaoKai-W5-ZhuIn-BFW#14453:範:ㄈㄢˋ;3down:DFPBiaoKai-W5-ZhuIn-BFW#14452:煩:ㄈㄢˊ;3down:DFPBiaoKai-W5-ZhuIn-BFW#14454:反:ㄈㄢˇ,static full-data audit + key LOO + cross-book holdout; support>=2,exact vertical-group outline signature; no fuzzy
symbol,a0ab3a4fd72588d51ce44c1df8355c00da16af28,ㄢ,6,1,3up:DFPBiaoKai-W5-ZhuIn-BFW#14277:伴:ㄅㄢˋ;3up:DFPBiaoKai-W5-ZhuIn-BFW#14245:院:ㄩㄢˋ;3up:DFPBiaoKai-W5-ZhuIn-BFW#14246:遠:ㄩㄢˇ;3down:DFPBiaoKai-W5-ZhuIn-BFW#14277:伴:ㄅㄢˋ;3down:DFPBiaoKai-W5-ZhuIn-BFW#14245:願:ㄩㄢˋ;3down:DFPBiaoKai-W5-ZhuIn-BFW#14246:遠:ㄩㄢˇ,static full-data audit + key LOO + cross-book holdout; support>=2,exact vertical-group outline signature; no fuzzy
symbol,a1ae3c3827e9ddb49d02eb97e194aa5c3d4e8569,ㄢ,38,2,3up:DFPBiaoKai-W5-ZhuIn-BFW#14427:面:ㄇㄧㄢˋ;3up:DFPBiaoKai-W5-ZhuIn-BFW#14301:變:ㄅㄧㄢˋ;3up:DFPBiaoKai-W5-ZhuIn-BFW#14529:短:ㄉㄨㄢˇ;3up:DFPBiaoKai-W5-ZhuIn-BFW#14528:段:ㄉㄨㄢˋ;3up:DFPBiaoKai-W5-ZhuIn-BFW#14808:慣:ㄍㄨㄢˋ;3up:DFPBiaoKai-W5-ZhuIn-BFW#14807:關:ㄍㄨㄢ;3up:DFPBiaoKai-W5-ZhuIn-BFW#15007:簽:ㄑㄧㄢ;3up:DFPBiaoKai-W5-ZhuIn-BFW#14926:環:ㄏㄨㄢˊ;3up:DFPBiaoKai-W5-ZhuIn-BFW#14927:換:ㄏㄨㄢˋ;3up:DFPBiaoKai-W5-ZhuIn-BFW#15008:前:ㄑㄧㄢˊ;3up:DFPBiaoKai-W5-ZhuIn-BFW#14860:寬:ㄎㄨㄢ;3up:DFPBiaoKai-W5-ZhuIn-BFW#14428:免:ㄇㄧㄢˇ,static full-data audit + key LOO + cross-book holdout; support>=2,exact vertical-group outline signature; no fuzzy
symbol,a9503cbb11326b16e4c7e2730109eb9e6c4a5dab,ㄢ,2,1,3up:DFPBiaoKai-W5-ZhuIn-BFW#15119:展:ㄓㄢˇ;3down:DFPBiaoKai-W5-ZhuIn-BFW#15119:展:ㄓㄢˇ,static full-data audit + key LOO + cross-book holdout; support>=2,exact vertical-group outline signature; no fuzzy
symbol,aeca802acbef3e73888946d1478a939e2fba0a03,ㄢ,7,3,3up:n@dW5@#14894:和:ㄏㄢˋ;3up:DFPBiaoKai-W5-ZhuIn-BFW#14893:含:ㄏㄢˊ;3up:DFPBiaoKai-W5-PoIn1-BFW#14894:和:ㄏㄢˋ;3up:DFPBiaoKai-W5-ZhuIn-BFW#14895:喊:ㄏㄢˇ;3down:DFPBiaoKai-W5-PoIn1-BFW#14894:和:ㄏㄢˋ;3down:DFPBiaoKai-W5-ZhuIn-BFW#14895:喊:ㄏㄢˇ;3down:DFPBiaoKai-W5-ZhuIn-BFW#14894:翰:ㄏㄢˋ,static full-data audit + key LOO + cross-book holdout; support>=2,exact vertical-group outline signature; no fuzzy
symbol,af193e2676d35a17900fa159ab15f1933cc06191,ㄢ,6,1,3up:DFPBiaoKai-W5-ZhuIn-BFW#14961:健:ㄐㄧㄢˋ;3up:DFPBiaoKai-W5-ZhuIn-BFW#14960:間:ㄐㄧㄢ;3up:DFPBiaoKai-W5-ZhuIn-BFW#14962:減:ㄐㄧㄢˇ;3down:DFPBiaoKai-W5-ZhuIn-BFW#14960:間:ㄐㄧㄢ;3down:DFPBiaoKai-W5-ZhuIn-BFW#14961:漸:ㄐㄧㄢˋ;3down:DFPBiaoKai-W5-ZhuIn-BFW#14962:減:ㄐㄧㄢˇ,static full-data audit + key LOO + cross-book holdout; support>=2,exact vertical-group outline signature; no fuzzy
symbol,b0c61a5b5ff20aed93ce09b2bd5da166e7aa8f39,ㄢ,3,1,3up:DFPBiaoKai-W5-ZhuIn-BFW#14224:晚:ㄨㄢˇ;3up:DFPBiaoKai-W5-ZhuIn-BFW#14223:萬:ㄨㄢˋ;3down:DFPBiaoKai-W5-ZhuIn-BFW#14224:晚:ㄨㄢˇ,static full-data audit + key LOO + cross-book holdout; support>=2,exact vertical-group outline signature; no fuzzy
symbol,c6cc2b7832a0cd7ef663fb9ed961aaf0a5712cd8,ㄢ,36,3,3up:DFPYuanW5-PoIn3-BFW#14895:和:ㄏㄢˋ;3up:DFPYuanW5-ZhuIn-BFW#14277:班:ㄅㄢ;3up:DFPYuanW5-ZhuIn-BFW#14223:玩:ㄨㄢˊ;3up:DFPYuanW5-ZhuIn-BFW#14190:驗:ㄧㄢˋ;3up:DFPYuanW5-ZhuIn-BFW#15436:三:ㄙㄢ;3up:DFPYuanW5-ZhuIn-BFW#14778:感:ㄍㄢˇ;3up:DFPYuanW5-ZhuIn-BFW#15249:擅:ㄕㄢˋ;3up:DFPYuanW5-ZhuIn-BFW#14225:婉:ㄨㄢˇ;3up:DFPYuanW5-ZhuIn-BFW#14626:難:ㄋㄢˊ;3up:DFPYuanW5-ZhuIn-BFW#14278:扮:ㄅㄢˋ;3up:DFPYuanW5-ZhuIn-BFW#14191:演:ㄧㄢˇ;3up:DFPYuanW5-ZhuIn-BFW#14246:願:ㄩㄢˋ,static full-data audit + key LOO + cross-book holdout; support>=2,exact vertical-group outline signature; no fuzzy
symbol,d9762de394146727a6defa7a3008310dbd5f784e,ㄢ,4,1,3up:DFPBiaoKai-W5-ZhuIn-BFW#14276:班:ㄅㄢ;3up:DFPBiaoKai-W5-ZhuIn-BFW#14278:板:ㄅㄢˇ;3down:DFPBiaoKai-W5-ZhuIn-BFW#14276:般:ㄅㄢ;3down:DFPBiaoKai-W5-ZhuIn-BFW#14278:板:ㄅㄢˇ,static full-data audit + key LOO + cross-book holdout; support>=2,exact vertical-group outline signature; no fuzzy
symbol,debaf065fc47fc136de31930b49451bb9cca8b58,ㄢ,39,2,3up:DFPYuanW5-ZhuIn-BFW#14302:變:ㄅㄧㄢˋ;3up:DFPYuanW5-ZhuIn-BFW#14530:短:ㄉㄨㄢˇ;3up:DFPYuanW5-ZhuIn-BFW#14574:天:ㄊㄧㄢ;3up:DFPYuanW5-ZhuIn-BFW#14961:間:ㄐㄧㄢ;3up:DFPYuanW5-ZhuIn-BFW#14808:關:ㄍㄨㄢ;3up:DFPYuanW5-ZhuIn-BFW#15008:簽:ㄑㄧㄢ;3up:DFPYuanW5-ZhuIn-BFW#14963:減:ㄐㄧㄢˇ;3up:DFPYuanW5-ZhuIn-BFW#15009:前:ㄑㄧㄢˊ;3up:DFPYuanW5-ZhuIn-BFW#15058:先:ㄒㄧㄢ;3up:DFPYuanW5-ZhuIn-BFW#14666:暖:ㄋㄨㄢˇ;3up:DFPYuanW5-ZhuIn-BFW#14809:慣:ㄍㄨㄢˋ;3up:DFPYuanW5-ZhuIn-BFW#15060:現:ㄒㄧㄢˋ,static full-data audit + key LOO + cross-book holdout; support>=2,exact vertical-group outline signature; no fuzzy
symbol,e7aa5370169bffd2656a621269c6eb7d474d244f,ㄢ,5,1,3up:DFPBiaoKai-W5-ZhuIn-BFW#15454:痠:ㄙㄨㄢ;3up:DFPBiaoKai-W5-ZhuIn-BFW#15312:軟:ㄖㄨㄢˇ;3up:DFPBiaoKai-W5-ZhuIn-BFW#15455:算:ㄙㄨㄢˋ;3down:DFPBiaoKai-W5-ZhuIn-BFW#15312:軟:ㄖㄨㄢˇ;3down:DFPBiaoKai-W5-ZhuIn-BFW#15455:算:ㄙㄨㄢˋ,static full-data audit + key LOO + cross-book holdout; support>=2,exact vertical-group outline signature; no fuzzy
symbol,e7bed492d9c88b6728f800eb3ce7ea52435cdab7,ㄢ,6,1,3up:DFPBiaoKai-W5-ZhuIn-BFW#14718:連:ㄌㄧㄢˊ;3up:DFPBiaoKai-W5-ZhuIn-BFW#14719:練:ㄌㄧㄢˋ;3up:DFPBiaoKai-W5-ZhuIn-BFW#14720:臉:ㄌㄧㄢˇ;3down:DFPBiaoKai-W5-ZhuIn-BFW#14718:聯:ㄌㄧㄢˊ;3down:DFPBiaoKai-W5-ZhuIn-BFW#14719:練:ㄌㄧㄢˋ;3down:DFPBiaoKai-W5-ZhuIn-BFW#14720:臉:ㄌㄧㄢˇ,static full-data audit + key LOO + cross-book holdout; support>=2,exact vertical-group outline signature; no fuzzy
symbol,e853f2bf393b3b18b5fd0266322b8f8db8a4155b,ㄢ,2,1,3up:DFPBiaoKai-W5-ZhuIn-BFW#14222:完:ㄨㄢˊ;3down:DFPBiaoKai-W5-ZhuIn-BFW#14222:完:ㄨㄢˊ,static full-data audit + key LOO + cross-book holdout; support>=2,exact vertical-group outline signature; no fuzzy
symbol,ffad7b955d6d97a2441ab83d9a4d34db8980b7ee,ㄢ,5,2,3up:DFPBiaoKai-W5-ZhuIn-BFW#14625:難:ㄋㄢˊ;3up:DFPBiaoKai-W5-ZhuIn-BFW#14400:饅:ㄇㄢˊ;3up:DFPBiaoKai-W5-ZhuIn-BFW#14555:探:ㄊㄢˋ;3down:DFPBiaoKai-W5-PoIn1-BFW#14626:難:ㄋㄢˋ;3down:DFPBiaoKai-W5-ZhuIn-BFW#14555:碳:ㄊㄢˋ,static full-data audit + key LOO + cross-book holdout; support>=2,exact vertical-group outline signature; no fuzzy
symbol,06377a2bb5ed9c687a68467207167ed80c32b1db,ㄣ,65,9,3down:YenRoundZuinnEG-Md#15531:運:ㄩㄣˋ;3down:YenRoundZuinnEG-Md#14303:們:˙ㄇㄣ;3down:YenRoundZuinnEG-Md#15182:神:ㄕㄣˊ;3down:YenRoundZuinnEG-Md#15278:怎:ㄗㄣˇ;3down:YenRoundZuinnEG-Md#15073:準:ㄓㄨㄣˇ;3down:YenRoundZuinnEG-Bd#15049:真:ㄓㄣ;3down:YenRoundZuinnEG-Bd#14354:分:ㄈㄣ;3down:YenRoundZuinnEG-Bd#15231:人:ㄖㄣˊ;3down:YenRoundZuinnEG-Bd#15531:運:ㄩㄣˋ;3down:YenRoundZuinnEG-Bd#14728:滾:ㄍㄨㄣˇ;3down:YenRoundZuinnEG-Bd#14987:心:ㄒㄧㄣ;3down:YenRoundZuinnEG-Bd#14304:門:ㄇㄣˊ,static full-data audit + key LOO + cross-book holdout; support>=2,exact vertical-group outline signature; no fuzzy
symbol,0d31baedd8134d6bdb033d14efcde1c243732b6b,ㄣ,18,3,3up:DFPBiaoKai-W5-ZhuIn-BFW#15250:身:ㄕㄣ;3up:DFPBiaoKai-W5-ZhuIn-BFW#15294:人:ㄖㄣˊ;3up:DFPBiaoKai-W5-ZhuIn-BFW#15295:認:ㄖㄣˋ;3up:DFPBiaoKai-W5-ZhuIn-BFW#15120:真:ㄓㄣ;3up:DFPBiaoKai-W5-ZhuIn-BFW#14778:跟:ㄍㄣ;3up:DFPBiaoKai-W5-PoIn3-BFW#15251:什:ㄕㄣˊ;3up:n@dW5T#15251:什:ㄕㄣˊ;3up:DFPBiaoKai-W5-ZhuIn-BFW#15251:神:ㄕㄣˊ;3up:DFPBiaoKai-W5-ZhuIn-BFW#15122:診:ㄓㄣˇ;3up:DFPBiaoKai-W5-ZhuIn-BFW#15121:陣:ㄓㄣˋ;3down:DFPBiaoKai-W5-ZhuIn-BFW#15250:身:ㄕㄣ;3down:DFPBiaoKai-W5-ZhuIn-BFW#15251:神:ㄕㄣˊ,static full-data audit + key LOO + cross-book holdout; support>=2,exact vertical-group outline signature; no fuzzy
symbol,19577655e8184bd7afd0ef821bab5b83ea66b86e,ㄣ,2,1,3up:DFPBiaoKai-W5-ZhuIn-BFW#14194:飲:ㄧㄣˇ;3down:DFPBiaoKai-W5-ZhuIn-BFW#14194:引:ㄧㄣˇ,static full-data audit + key LOO + cross-book holdout; support>=2,exact vertical-group outline signature; no fuzzy
symbol,271f0c02bb297bf68f1ab14c0dbe0387cdacefe6,ㄣ,39,2,3up:DFPBiaoKai-W5-ZhuIn-BFW#14964:進:ㄐㄧㄣˋ;3up:DFPBiaoKai-W5-ZhuIn-BFW#15061:新:ㄒㄧㄣ;3up:DFPBiaoKai-W5-ZhuIn-BFW#15011:親:ㄑㄧㄣ;3up:DFPBiaoKai-W5-ZhuIn-BFW#14651:您:ㄋㄧㄣˊ;3up:DFPBiaoKai-W5-ZhuIn-BFW#15086:尋:ㄒㄩㄣˊ;3up:DFPBiaoKai-W5-ZhuIn-BFW#14965:緊:ㄐㄧㄣˇ;3up:DFPBiaoKai-W5-ZhuIn-BFW#14963:巾:ㄐㄧㄣ;3up:DFPBiaoKai-W5-ZhuIn-BFW#14743:輪:ㄌㄨㄣˊ;3up:DFPBiaoKai-W5-ZhuIn-BFW#15148:準:ㄓㄨㄣˇ;3up:DFPBiaoKai-W5-ZhuIn-BFW#15363:尊:ㄗㄨㄣ;3up:DFPBiaoKai-W5-ZhuIn-BFW#15087:訊:ㄒㄩㄣˋ;3up:DFPBiaoKai-W5-ZhuIn-BFW#15278:順:ㄕㄨㄣˋ,static full-data audit + key LOO + cross-book holdout; support>=2,exact vertical-group outline signature; no fuzzy
symbol,278dec368ba1fa27264f0cc8b506c96f8d0b46be,ㄣ,2,1,3up:DFPBiaoKai-W5-ZhuIn-BFW#14721:臨:ㄌㄧㄣˊ;3down:DFPBiaoKai-W5-ZhuIn-BFW#14721:林:ㄌㄧㄣˊ,static full-data audit + key LOO + cross-book holdout; support>=2,exact vertical-group outline signature; no fuzzy
symbol,2a38170e4be5e2d0041f257bef482c0ba7495f90,ㄣ,2,1,3up:DFPBiaoKai-W5-ZhuIn-BFW#14191:音:ㄧㄣ;3down:DFPBiaoKai-W5-ZhuIn-BFW#14191:殷:ㄧㄣ,static full-data audit + key LOO + cross-book holdout; support>=2,exact vertical-group outline signature; no fuzzy
symbol,3bbc60389b6d353999fcdb82188192b3ff5f04a3,ㄣ,7,1,3up:DFPBiaoKai-W5-ZhuIn-BFW#14227:問:ㄨㄣˋ;3up:DFPBiaoKai-W5-ZhuIn-BFW#14226:聞:ㄨㄣˊ;3up:DFPBiaoKai-W5-ZhuIn-BFW#14228:穩:ㄨㄣˇ;3down:DFPBiaoKai-W5-ZhuIn-BFW#14225:溫:ㄨㄣ;3down:DFPBiaoKai-W5-ZhuIn-BFW#14227:問:ㄨㄣˋ;3down:DFPBiaoKai-W5-ZhuIn-BFW#14226:紋:ㄨㄣˊ;3down:DFPBiaoKai-W5-ZhuIn-BFW#14228:穩:ㄨㄣˇ,static full-data audit + key LOO + cross-book holdout; support>=2,exact vertical-group outline signature; no fuzzy
symbol,462f2054a65e8aac0e394cc0aaef16d6bd791108,ㄣ,2,1,3up:DFPBiaoKai-W5-ZhuIn-BFW#15343:怎:ㄗㄣˇ;3down:DFPBiaoKai-W5-ZhuIn-BFW#15343:怎:ㄗㄣˇ,static full-data audit + key LOO + cross-book holdout; support>=2,exact vertical-group outline signature; no fuzzy
symbol,5dd7040772855176ba99c7f3799b43f3511e900f,ㄣ,19,2,3up:DFPYuanW5-ZhuIn-BFW#14282:本:ㄅㄣˇ;3up:DFPYuanW5-ZhuIn-BFW#15344:怎:ㄗㄣˇ;3up:DFPYuanW5-ZhuIn-BFW#15251:身:ㄕㄣ;3up:DFPYuanW5-ZhuIn-BFW#14779:跟:ㄍㄣ;3up:DFPYuanW5-ZhuIn-BFW#15296:認:ㄖㄣˋ;3up:DFPYuanW5-ZhuIn-BFW#14250:運:ㄩㄣˋ;3up:DFPYuanW5-ZhuIn-BFW#14456:分:ㄈㄣ;3up:DFPYuanW5-PoIn1-BFW#14458:分:ㄈㄣˋ;3up:DFPYuanW5-ZhuIn-BFW#15295:人:ㄖㄣˊ;3up:DFPYuanW5-ZhuIn-BFW#14228:問:ㄨㄣˋ;3up:DFPYuanW5-ZhuIn-BFW#15252:什:ㄕㄣˊ;3up:DFPYuanW5-ZhuIn-BFW#14192:因:ㄧㄣ,static full-data audit + key LOO + cross-book holdout; support>=2,exact vertical-group outline signature; no fuzzy
symbol,633786010ec7d28b9b27c12764806bce6c81d693,ㄣ,2,1,3up:DFPBiaoKai-W5-ZhuIn-BFW#14898:很:ㄏㄣˇ;3down:DFPBiaoKai-W5-ZhuIn-BFW#14898:很:ㄏㄣˇ,static full-data audit + key LOO + cross-book holdout; support>=2,exact vertical-group outline signature; no fuzzy
symbol,6ef06704ca324619ae6feb8fef9761c05a815d5f,ㄣ,3,1,3up:DFPBiaoKai-W5-ZhuIn-BFW#14530:蹲:ㄉㄨㄣ;3down:DFPBiaoKai-W5-ZhuIn-BFW#14531:頓:ㄉㄨㄣˋ;3down:DFPBiaoKai-W5-ZhuIn-BFW#14530:蹲:ㄉㄨㄣ,static full-data audit + key LOO + cross-book holdout; support>=2,exact vertical-group outline signature; no fuzzy
symbol,82d0f5fe220148d98789b172a0275dc6f16b0ddb,ㄣ,2,2,3up:DFPBiaoKai-W5-PoIn1-BFW#14457:分:ㄈㄣˋ;3up:n@dW5@#14457:分:ㄈㄣˋ,static full-data audit + key LOO + cross-book holdout; support>=2,exact vertical-group outline signature; no fuzzy
symbol,92fc43ce8cb8131f10d83cef352abb6bb571c43f,ㄣ,3,1,3up:DFPBiaoKai-W5-ZhuIn-BFW#14281:本:ㄅㄣˇ;3down:DFPBiaoKai-W5-ZhuIn-BFW#14281:本:ㄅㄣˇ;3down:DFPBiaoKai-W5-ZhuIn-BFW#14279:奔:ㄅㄣ,static full-data audit + key LOO + cross-book holdout; support>=2,exact vertical-group outline signature; no fuzzy
symbol,a89fa7dc4f52ddc00738efe9701f68bb0e65f149,ㄣ,7,1,3up:DFPBiaoKai-W5-ZhuIn-BFW#14429:民:ㄇㄧㄣˊ;3up:DFPBiaoKai-W5-ZhuIn-BFW#14367:品:ㄆㄧㄣˇ;3up:DFPBiaoKai-W5-ZhuIn-BFW#14364:拼:ㄆㄧㄣ;3up:DFPBiaoKai-W5-ZhuIn-BFW#14430:敏:ㄇㄧㄣˇ;3down:DFPBiaoKai-W5-ZhuIn-BFW#14367:品:ㄆㄧㄣˇ;3down:DFPBiaoKai-W5-ZhuIn-BFW#14430:敏:ㄇㄧㄣˇ;3down:DFPBiaoKai-W5-ZhuIn-BFW#14429:民:ㄇㄧㄣˊ,static full-data audit + key LOO + cross-book holdout; support>=2,exact vertical-group outline signature; no fuzzy
symbol,b15e1782a577b4af9d4868b7dbc08dc654006a26,ㄣ,19,1,3up:DFPYuanW5-ZhuIn-BFW#14744:倫:ㄌㄨㄣˊ;3up:DFPYuanW5-ZhuIn-BFW#15062:新:ㄒㄧㄣ;3up:DFPYuanW5-ZhuIn-BFW#14745:論:ㄌㄨㄣˋ;3up:DFPYuanW5-ZhuIn-BFW#14368:品:ㄆㄧㄣˇ;3up:DFPYuanW5-ZhuIn-BFW#15364:遵:ㄗㄨㄣ;3up:DFPYuanW5-ZhuIn-BFW#15087:詢:ㄒㄩㄣˊ;3up:DFPYuanW5-ZhuIn-BFW#15088:訊:ㄒㄩㄣˋ;3up:DFPYuanW5-ZhuIn-BFW#15149:準:ㄓㄨㄣˇ;3up:DFPYuanW5-ZhuIn-BFW#14965:進:ㄐㄧㄣˋ;3up:DFPYuanW5-ZhuIn-BFW#15036:群:ㄑㄩㄣˊ;3up:DFPYuanW5-ZhuIn-BFW#15414:存:ㄘㄨㄣˊ;3up:DFPYuanW5-ZhuIn-BFW#14430:民:ㄇㄧㄣˊ,static full-data audit + key LOO + cross-book holdout; support>=2,exact vertical-group outline signature; no fuzzy
symbol,b1a0a356e516e14da13a7f0627bdc0a4abf9b2f4,ㄣ,4,1,3up:DFPBiaoKai-W5-ZhuIn-BFW#14455:分:ㄈㄣ;3down:DFPBiaoKai-W5-ZhuIn-BFW#14455:氛:ㄈㄣ;3down:DFPBiaoKai-W5-ZhuIn-BFW#14458:粉:ㄈㄣˇ;3down:DFPBiaoKai-W5-ZhuIn-BFW#14456:焚:ㄈㄣˊ,static full-data audit + key LOO + cross-book holdout; support>=2,exact vertical-group outline signature; no fuzzy
symbol,b8f6d5c53cc7d619b1359155dac12b5ce1d2708e,ㄣ,2,1,3up:DFPBiaoKai-W5-ZhuIn-BFW#14404:們:˙ㄇㄣ;3down:DFPBiaoKai-W5-ZhuIn-BFW#14404:們:˙ㄇㄣ,static full-data audit + key LOO + cross-book holdout; support>=2,exact vertical-group outline signature; no fuzzy
symbol,c0f108befd4804c452054fb62f8c5a8d37754524,ㄣ,2,2,3up:DFHeiChuIn-Bd-BPMW-BF#14500:份:ㄈㄣˋ;3up:DFHeiPoIn1-Bd-BPMW-BF#14500:分:ㄈㄣˋ,static full-data audit + key LOO + cross-book holdout; support>=2,exact vertical-group outline signature; no fuzzy
symbol,ce5c9347e7c9be80d28b16bedab8898a521bed8c,ㄣ,2,1,3up:DFPBiaoKai-W5-ZhuIn-BFW#14863:困:ㄎㄨㄣˋ;3up:DFPBiaoKai-W5-ZhuIn-BFW#14862:坤:ㄎㄨㄣ,static full-data audit + key LOO + cross-book holdout; support>=2,exact vertical-group outline signature; no fuzzy
symbol,e3a51b5d96b119afe892243c1f5d0c45140bddfc,ㄣ,4,1,3up:DFPBiaoKai-W5-ZhuIn-BFW#14249:運:ㄩㄣˋ;3up:DFPBiaoKai-W5-ZhuIn-BFW#14405:門:ㄇㄣˊ;3down:DFPBiaoKai-W5-ZhuIn-BFW#14249:運:ㄩㄣˋ;3down:DFPBiaoKai-W5-ZhuIn-BFW#14405:門:ㄇㄣˊ,static full-data audit + key LOO + cross-book holdout; support>=2,exact vertical-group outline signature; no fuzzy
symbol,fb9978c1f354a79a8d017f346ed6d06105297071,ㄣ,3,1,3up:DFPBiaoKai-W5-ZhuIn-BFW#15412:村:ㄘㄨㄣ;3up:DFPBiaoKai-W5-ZhuIn-BFW#15413:存:ㄘㄨㄣˊ;3down:DFPBiaoKai-W5-ZhuIn-BFW#15459:損:ㄙㄨㄣˇ,static full-data audit + key LOO + cross-book holdout; support>=2,exact vertical-group outline signature; no fuzzy
symbol,083b34e6d53aab48bfa6fc8667d4d8d361df9163,ㄤ,15,2,3up:DFPYuanW5-ZhuIn-BFW#15069:響:ㄒㄧㄤˇ;3up:DFPYuanW5-ZhuIn-BFW#14727:兩:ㄌㄧㄤˇ;3up:DFPYuanW5-ZhuIn-BFW#15068:項:ㄒㄧㄤˋ;3up:DFPYuanW5-ZhuIn-BFW#14725:良:ㄌㄧㄤˊ;3up:DFPYuanW5-ZhuIn-BFW#15151:撞:ㄓㄨㄤˋ;3up:DFPYuanW5-ZhuIn-BFW#15019:搶:ㄑㄧㄤˇ;3up:DFPYuanW5-ZhuIn-BFW#14726:諒:ㄌㄧㄤˋ;3up:DFPYuanW5-ZhuIn-BFW#15017:強:ㄑㄧㄤˊ;3up:DFPYuanW5-PoIn1-BFW#14725:量:ㄌㄧㄤˊ;3up:DFPYuanW5-ZhuIn-BFW#14868:礦:ㄎㄨㄤˋ;3up:DFPYuanW5-ZhuIn-BFW#14967:將:ㄐㄧㄤ;3up:DFPYuanW5-ZhuIn-BFW#15066:鄉:ㄒㄧㄤ,static full-data audit + key LOO + cross-book holdout; support>=2,exact vertical-group outline signature; no fuzzy
symbol,148afd63650136b2a7520ea2bf459b4c88c5e6c5,ㄤ,7,3,3up:DFPBiaoKai-W5-ZhuIn-BFW#14724:良:ㄌㄧㄤˊ;3up:DFPBiaoKai-W5-ZhuIn-BFW#14726:兩:ㄌㄧㄤˇ;3up:DFPBiaoKai-W5-ZhuIn-BFW#14725:諒:ㄌㄧㄤˋ;3up:n@dW5@#14725:量:ㄌㄧㄤˋ;3down:DFPBiaoKai-W5-PoIn1-BFW#14725:量:ㄌㄧㄤˋ;3down:DFPBiaoKai-W5-ZhuIn-BFW#14724:良:ㄌㄧㄤˊ;3down:DFPBiaoKai-W5-ZhuIn-BFW#14726:兩:ㄌㄧㄤˇ,static full-data audit + key LOO + cross-book holdout; support>=2,exact vertical-group outline signature; no fuzzy
symbol,51ee087004b59be41798df5dc3190e6d9afa8031,ㄤ,4,1,3up:DFPBiaoKai-W5-ZhuIn-BFW#14232:往:ㄨㄤˇ;3up:DFPBiaoKai-W5-ZhuIn-BFW#14231:望:ㄨㄤˋ;3down:DFPBiaoKai-W5-ZhuIn-BFW#14232:往:ㄨㄤˇ;3down:DFPBiaoKai-W5-ZhuIn-BFW#14231:望:ㄨㄤˋ,static full-data audit + key LOO + cross-book holdout; support>=2,exact vertical-group outline signature; no fuzzy
symbol,afb03299a63537f6cf31bd87179a66d0ac4d48e9,ㄤ,23,2,3up:DFPYuanW5-ZhuIn-BFW#15257:上:ㄕㄤˋ;3up:DFPYuanW5-ZhuIn-BFW#14198:樣:ㄧㄤˋ;3up:DFPYuanW5-PoIn1-BFW#15126:長:ㄓㄤˇ;3up:DFPYuanW5-ZhuIn-BFW#14460:方:ㄈㄤ;3up:DFPYuanW5-ZhuIn-BFW#14199:養:ㄧㄤˇ;3up:DFPYuanW5-ZhuIn-BFW#14495:當:ㄉㄤ;3up:DFPYuanW5-ZhuIn-BFW#15299:讓:ㄖㄤˋ;3up:DFPYuanW5-ZhuIn-BFW#14461:防:ㄈㄤˊ;3up:DFPYuanW5-ZhuIn-BFW#14840:康:ㄎㄤ;3up:DFPYuanW5-ZhuIn-BFW#14409:芒:ㄇㄤˊ;3up:DFPYuanW5-ZhuIn-BFW#14283:幫:ㄅㄤ;3up:DFPYuanW5-ZhuIn-BFW#14842:抗:ㄎㄤˋ,static full-data audit + key LOO + cross-book holdout; support>=2,exact vertical-group outline signature; no fuzzy
symbol,b2495c681e0b864df5df22a027e9e3113d5d6308,ㄤ,6,1,3up:DFPBiaoKai-W5-ZhuIn-BFW#14198:養:ㄧㄤˇ;3up:DFPBiaoKai-W5-ZhuIn-BFW#14196:陽:ㄧㄤˊ;3up:DFPBiaoKai-W5-ZhuIn-BFW#14197:樣:ㄧㄤˋ;3down:DFPBiaoKai-W5-ZhuIn-BFW#14196:洋:ㄧㄤˊ;3down:DFPBiaoKai-W5-ZhuIn-BFW#14198:養:ㄧㄤˇ;3down:DFPBiaoKai-W5-ZhuIn-BFW#14197:樣:ㄧㄤˋ,static full-data audit + key LOO + cross-book holdout; support>=2,exact vertical-group outline signature; no fuzzy
symbol,b48b68afe7126de56c445a04c5a7db670810cca7,ㄤ,2,1,3up:DFPBiaoKai-W5-ZhuIn-BFW#15150:壯:ㄓㄨㄤˋ;3down:DFPBiaoKai-W5-ZhuIn-BFW#15150:狀:ㄓㄨㄤˋ,static full-data audit + key LOO + cross-book holdout; support>=2,exact vertical-group outline signature; no fuzzy
symbol,cd949331b561018f4c3f1b589f24a2045546c270,ㄤ,2,1,3up:DFHeiPoIn1-Bd-BPMW-BF#14978:晃:ㄏㄨㄤˋ;3up:DFHeiPoIn1-Bd-BPMW-BF#14768:量:ㄌㄧㄤˋ,static full-data audit + key LOO + cross-book holdout; support>=2,exact vertical-group outline signature; no fuzzy
symbol,d8e01470a05f0379a521e881b1350086d030a939,ㄤ,24,2,3up:DFPBiaoKai-W5-ZhuIn-BFW#15067:像:ㄒㄧㄤˋ;3up:DFPBiaoKai-W5-ZhuIn-BFW#14966:將:ㄐㄧㄤ;3up:DFPBiaoKai-W5-ZhuIn-BFW#15068:響:ㄒㄧㄤˇ;3up:DFPBiaoKai-W5-ZhuIn-BFW#15065:相:ㄒㄧㄤ;3up:DFPBiaoKai-W5-ZhuIn-BFW#15280:雙:ㄕㄨㄤ;3up:DFPBiaoKai-W5-ZhuIn-BFW#15016:強:ㄑㄧㄤˊ;3up:DFPBiaoKai-W5-ZhuIn-BFW#14867:況:ㄎㄨㄤˋ;3up:DFPBiaoKai-W5-ZhuIn-BFW#14812:光:ㄍㄨㄤ;3up:DFPBiaoKai-W5-ZhuIn-BFW#15149:裝:ㄓㄨㄤ;3up:DFPBiaoKai-W5-ZhuIn-BFW#15018:搶:ㄑㄧㄤˇ;3up:DFPBiaoKai-W5-ZhuIn-BFW#14967:降:ㄐㄧㄤˋ;3down:DFPBiaoKai-W5-ZhuIn-BFW#15067:像:ㄒㄧㄤˋ,static full-data audit + key LOO + cross-book holdout; support>=2,exact vertical-group outline signature; no fuzzy
symbol,f38c4614031dab09b3e0fa7aa59e040e171386fd,ㄤ,40,3,3up:DFPBiaoKai-W5-ZhuIn-BFW#14494:當:ㄉㄤ;3up:DFPBiaoKai-W5-PoIn1-BFW#15125:長:ㄓㄤˇ;3up:DFPBiaoKai-W5-ZhuIn-BFW#15298:讓:ㄖㄤˋ;3up:DFPBiaoKai-W5-ZhuIn-BFW#14839:康:ㄎㄤ;3up:DFPBiaoKai-W5-ZhuIn-BFW#15256:上:ㄕㄤˋ;3up:n@dW5@#15125:長:ㄓㄤˇ;3up:DFPBiaoKai-W5-ZhuIn-BFW#14459:方:ㄈㄤ;3up:DFPBiaoKai-W5-ZhuIn-BFW#15254:傷:ㄕㄤ;3up:DFPBiaoKai-W5-ZhuIn-BFW#14461:放:ㄈㄤˋ;3up:DFPBiaoKai-W5-PoIn1-BFW#14495:當:ㄉㄤˋ;3up:DFPBiaoKai-W5-ZhuIn-BFW#14782:剛:ㄍㄤ;3up:n@dW5@#14495:當:ㄉㄤˋ,static full-data audit + key LOO + cross-book holdout; support>=2,exact vertical-group outline signature; no fuzzy
symbol,fa1947a6c5646af6ed3218701cab4649f025a190,ㄤ,3,1,3up:DFPBiaoKai-W5-ZhuIn-BFW#14282:幫:ㄅㄤ;3up:DFPBiaoKai-W5-ZhuIn-BFW#14408:忙:ㄇㄤˊ;3down:DFPBiaoKai-W5-ZhuIn-BFW#14282:幫:ㄅㄤ,static full-data audit + key LOO + cross-book holdout; support>=2,exact vertical-group outline signature; no fuzzy
symbol,fa3fed005126b85945d5ceb228f84a492ba67747,ㄤ,58,11,3down:YenRoundZuinnEG-Md#14762:康:ㄎㄤ;3down:YenRoundZuinnEG-Md#15236:讓:ㄖㄤˋ;3down:YenRoundZuinnEG-Md#15479:樣:ㄧㄤˋ;3down:YenRoundZuinnEG-Md#14994:項:ㄒㄧㄤˋ;3down:YenRoundZuinnEG-Bd#14762:康:ㄎㄤ;3down:YenRoundZuinn1EG-Bd#15053:長:ㄓㄤˇ;3down:YenRoundZuinnEG-Bd#14360:防:ㄈㄤˊ;3down:YenRoundZuinnEG-Bd#15477:洋:ㄧㄤˊ;3down:YenRoundZuinn1EG-Bd#14642:量:ㄌㄧㄤˋ;3down:YenRoundZuinnEG-Bd#14238:乓:ㄆㄤ;3down:YenRoundZuinnEG-Bd#15209:雙:ㄕㄨㄤ;3down:YenRoundZuinnEG-Md#14789:況:ㄎㄨㄤˋ,static full-data audit + key LOO + cross-book holdout; support>=2,exact vertical-group outline signature; no fuzzy
symbol,13c027a59a60a076f732984e4b3c5d48fe4466d2,ㄥ,7,1,3up:DFPBiaoKai-W5-ZhuIn-BFW#14431:名:ㄇㄧㄥˊ;3up:DFPBiaoKai-W5-ZhuIn-BFW#14580:挺:ㄊㄧㄥˇ;3up:DFPBiaoKai-W5-ZhuIn-BFW#14577:聽:ㄊㄧㄥ;3up:DFPBiaoKai-W5-ZhuIn-BFW#14514:叮:ㄉㄧㄥ;3up:DFPBiaoKai-W5-ZhuIn-BFW#14432:命:ㄇㄧㄥˋ;3down:DFPBiaoKai-W5-ZhuIn-BFW#14431:明:ㄇㄧㄥˊ;3down:DFPBiaoKai-W5-ZhuIn-BFW#14432:命:ㄇㄧㄥˋ,static full-data audit + key LOO + cross-book holdout; support>=2,exact vertical-group outline signature; no fuzzy
symbol,2b5674b71c0dadc113f3b684d2e0593841d25191,ㄥ,2,1,3up:DFPBiaoKai-W5-ZhuIn-BFW#14969:經:ㄐㄧㄥ;3down:DFPBiaoKai-W5-ZhuIn-BFW#14969:精:ㄐㄧㄥ,static full-data audit + key LOO + cross-book holdout; support>=2,exact vertical-group outline signature; no fuzzy
symbol,3fbf247cb6f8e716e9e94c82c9e17496920353db,ㄥ,5,2,3up:DFHeiChuIn-Bd-BPMW-BF#15196:重:ㄓㄨㄥˋ;3up:DFHeiChuIn-Bd-BPMW-BF#15013:淨:ㄐㄧㄥˋ;3up:DFHeiPoIn1-Bd-BPMW-BF#15013:勁:ㄐㄧㄥˋ;3up:DFHeiPoIn1-Bd-BPMW-BF#15196:中:ㄓㄨㄥˋ;3up:DFHeiPoIn1-Bd-BPMW-BF#15262:重:ㄔㄨㄥˊ,static full-data audit + key LOO + cross-book holdout; support>=2,exact vertical-group outline signature; no fuzzy
symbol,4a247406b02958d09b1542e3f54529d4e00086a9,ㄥ,4,1,3up:DFPBiaoKai-W5-ZhuIn-BFW#14970:境:ㄐㄧㄥˋ;3up:DFPBiaoKai-W5-ZhuIn-BFW#14971:頸:ㄐㄧㄥˇ;3down:DFPBiaoKai-W5-ZhuIn-BFW#14971:警:ㄐㄧㄥˇ;3down:DFPBiaoKai-W5-ZhuIn-BFW#14970:境:ㄐㄧㄥˋ,static full-data audit + key LOO + cross-book holdout; support>=2,exact vertical-group outline signature; no fuzzy
symbol,53cab8356187d1eb228140f75b41fd01cb7c2f2d,ㄥ,59,3,3up:DFPBiaoKai-W5-ZhuIn-BFW#14602:同:ㄊㄨㄥˊ;3up:DFPBiaoKai-W5-ZhuIn-BFW#14603:痛:ㄊㄨㄥˋ;3up:DFPBiaoKai-W5-ZhuIn-BFW#15153:重:ㄓㄨㄥˋ;3up:DFPBiaoKai-W5-ZhuIn-BFW#15417:從:ㄘㄨㄥˊ;3up:DFPBiaoKai-W5-ZhuIn-BFW#14515:定:ㄉㄧㄥˋ;3up:DFPBiaoKai-W5-ZhuIn-BFW#14534:動:ㄉㄨㄥˋ;3up:DFPBiaoKai-W5-ZhuIn-BFW#15022:請:ㄑㄧㄥˇ;3up:n@dW5@#15071:興:ㄒㄧㄥˋ;3up:DFPBiaoKai-W5-ZhuIn-BFW#15070:行:ㄒㄧㄥˊ;3up:DFPBiaoKai-W5-ZhuIn-BFW#15020:情:ㄑㄧㄥˊ;3up:DFPBiaoKai-W5-ZhuIn-BFW#15460:鬆:ㄙㄨㄥ;3up:DFPBiaoKai-W5-ZhuIn-BFW#15154:種:ㄓㄨㄥˇ,static full-data audit + key LOO + cross-book holdout; support>=2,exact vertical-group outline signature; no fuzzy
symbol,6ed6069133568ea96b173374165ac66675daa2bb,ㄥ,2,1,3up:DFPBiaoKai-W5-ZhuIn-BFW#15088:胸:ㄒㄩㄥ;3down:DFPBiaoKai-W5-ZhuIn-BFW#15088:胸:ㄒㄩㄥ,static full-data audit + key LOO + cross-book holdout; support>=2,exact vertical-group outline signature; no fuzzy
symbol,767cede236bd88ea80fa490edd70dbceefa6ae66,ㄥ,6,1,3up:DFPBiaoKai-W5-ZhuIn-BFW#14728:靈:ㄌㄧㄥˊ;3up:DFPBiaoKai-W5-ZhuIn-BFW#14729:另:ㄌㄧㄥˋ;3up:DFPBiaoKai-W5-ZhuIn-BFW#14730:領:ㄌㄧㄥˇ;3down:DFPBiaoKai-W5-ZhuIn-BFW#14729:令:ㄌㄧㄥˋ;3down:DFPBiaoKai-W5-ZhuIn-BFW#14728:靈:ㄌㄧㄥˊ;3down:DFPBiaoKai-W5-ZhuIn-BFW#14730:領:ㄌㄧㄥˇ,static full-data audit + key LOO + cross-book holdout; support>=2,exact vertical-group outline signature; no fuzzy
symbol,7d4a95ad1cd15f0ab1bf6a3edcda39dfb6922bc7,ㄥ,4,1,3up:DFPBiaoKai-W5-ZhuIn-BFW#14254:用:ㄩㄥˋ;3up:DFPBiaoKai-W5-ZhuIn-BFW#14255:勇:ㄩㄥˇ;3down:DFPBiaoKai-W5-ZhuIn-BFW#14254:用:ㄩㄥˋ;3down:DFPBiaoKai-W5-ZhuIn-BFW#14255:泳:ㄩㄥˇ,static full-data audit + key LOO + cross-book holdout; support>=2,exact vertical-group outline signature; no fuzzy
symbol,8ef2f0d99f5aee8c1ebf976b28a949b92fc62141,ㄥ,3,1,3up:DFPBiaoKai-W5-ZhuIn-BFW#14347:朋:ㄆㄥˊ;3up:DFPBiaoKai-W5-ZhuIn-BFW#14348:碰:ㄆㄥˋ;3down:DFPBiaoKai-W5-ZhuIn-BFW#14347:朋:ㄆㄥˊ,static full-data audit + key LOO + cross-book holdout; support>=2,exact vertical-group outline signature; no fuzzy
symbol,8fb32fe1571ab156c77dfc0bd8d0561cf2fe7016,ㄥ,3,1,3up:DFPBiaoKai-W5-ZhuIn-BFW#14412:夢:ㄇㄥˋ;3up:DFPBiaoKai-W5-ZhuIn-BFW#14463:風:ㄈㄥ;3down:DFPBiaoKai-W5-ZhuIn-BFW#14463:豐:ㄈㄥ,static full-data audit + key LOO + cross-book holdout; support>=2,exact vertical-group outline signature; no fuzzy
symbol,a1eceee4e18d44ea0f8519b2466eec1eecdf09f7,ㄥ,40,2,3up:DFPYuanW5-ZhuIn-BFW#15154:重:ㄓㄨㄥˋ;3up:DFPYuanW5-ZhuIn-BFW#14603:同:ㄊㄨㄥˊ;3up:DFPYuanW5-ZhuIn-BFW#15023:請:ㄑㄧㄥˇ;3up:DFPYuanW5-ZhuIn-BFW#14432:名:ㄇㄧㄥˊ;3up:DFPYuanW5-ZhuIn-BFW#15155:種:ㄓㄨㄥˇ;3up:DFPYuanW5-ZhuIn-BFW#14535:動:ㄉㄨㄥˋ;3up:DFPYuanW5-ZhuIn-BFW#15153:鐘:ㄓㄨㄥ;3up:DFPYuanW5-ZhuIn-BFW#15070:星:ㄒㄧㄥ;3up:DFPYuanW5-ZhuIn-BFW#14816:恭:ㄍㄨㄥ;3up:DFPYuanW5-ZhuIn-BFW#14970:經:ㄐㄧㄥ;3up:DFPYuanW5-ZhuIn-BFW#15021:情:ㄑㄧㄥˊ;3up:DFPYuanW5-ZhuIn-BFW#15418:從:ㄘㄨㄥˊ,static full-data audit + key LOO + cross-book holdout; support>=2,exact vertical-group outline signature; no fuzzy
symbol,a90aef615bd7096a16813c24eba474395ccd8c0f,ㄥ,2,1,3up:DFPBiaoKai-W5-ZhuIn-BFW#14200:營:ㄧㄥˊ;3down:DFPBiaoKai-W5-ZhuIn-BFW#14200:營:ㄧㄥˊ,static full-data audit + key LOO + cross-book holdout; support>=2,exact vertical-group outline signature; no fuzzy
symbol,b248e59cd1754976fdaf579c6d6640aa56dd289a,ㄥ,22,1,3up:DFPBiaoKai-W5-ZhuIn-BFW#14634:能:ㄋㄥˊ;3up:DFPBiaoKai-W5-ZhuIn-BFW#15128:整:ㄓㄥˇ;3up:DFPBiaoKai-W5-ZhuIn-BFW#14561:疼:ㄊㄥˊ;3up:DFPBiaoKai-W5-ZhuIn-BFW#14787:更:ㄍㄥˋ;3up:DFPBiaoKai-W5-ZhuIn-BFW#14499:等:ㄉㄥˇ;3up:DFPBiaoKai-W5-ZhuIn-BFW#15127:正:ㄓㄥˋ;3up:DFPBiaoKai-W5-ZhuIn-BFW#14904:衡:ㄏㄥˊ;3up:DFPBiaoKai-W5-ZhuIn-BFW#15126:爭:ㄓㄥ;3up:DFPBiaoKai-W5-ZhuIn-BFW#15260:剩:ㄕㄥˋ;3up:DFPBiaoKai-W5-ZhuIn-BFW#14498:蹬:ㄉㄥˋ;3up:DFPBiaoKai-W5-ZhuIn-BFW#15347:增:ㄗㄥ;3down:DFPBiaoKai-W5-ZhuIn-BFW#14634:能:ㄋㄥˊ,static full-data audit + key LOO + cross-book holdout; support>=2,exact vertical-group outline signature; no fuzzy
symbol,b91c403a0e69fbdd1f445a9dcceca1974ff55e20,ㄥ,85,8,3down:YenRoundZuinnEG-Md#14437:動:ㄉㄨㄥˋ;3down:YenRoundZuinnEG-Md#14893:精:ㄐㄧㄥ;3down:YenRoundZuinnEG-Md#14544:能:ㄋㄥˊ;3down:YenRoundZuinnEG-Md#15078:中:ㄓㄨㄥ;3down:YenRoundZuinnEG-Md#14709:更:ㄍㄥˋ;3down:YenRoundZuinnEG-Md#15189:生:ㄕㄥ;3down:YenRoundZuinnEG-Md#14895:境:ㄐㄧㄥˋ;3down:YenRoundZuinnEG-Md#15191:繩:ㄕㄥˊ;3down:YenRoundZuinnEG-Md#15535:泳:ㄩㄥˇ;3down:YenRoundZuinnEG-Md#14399:等:ㄉㄥˇ;3down:YenRoundZuinnEG-Bd#15351:從:ㄘㄨㄥˊ;3down:YenRoundZuinnEG-Bd#15189:生:ㄕㄥ,static full-data audit + key LOO + cross-book holdout; support>=2,exact vertical-group outline signature; no fuzzy
symbol,c7468e296e8dc67a3d8f3b356f3178e4039e1244,ㄥ,22,2,3up:DFPYuanW5-ZhuIn-BFW#14348:朋:ㄆㄥˊ;3up:DFPYuanW5-ZhuIn-BFW#15129:整:ㄓㄥˇ;3up:DFPYuanW5-PoIn1-BFW#14202:應:ㄧㄥˋ;3up:DFPYuanW5-ZhuIn-BFW#14203:影:ㄧㄥˇ;3up:DFPYuanW5-ZhuIn-BFW#15259:生:ㄕㄥ;3up:DFPYuanW5-ZhuIn-BFW#15397:曾:ㄘㄥˊ;3up:DFPYuanW5-ZhuIn-BFW#14635:能:ㄋㄥˊ;3up:DFPYuanW5-ZhuIn-BFW#14255:用:ㄩㄥˋ;3up:DFPYuanW5-ZhuIn-BFW#15128:症:ㄓㄥˋ;3up:DFPYuanW5-ZhuIn-BFW#14349:碰:ㄆㄥˋ;3up:DFPYuanW5-ZhuIn-BFW#14347:烹:ㄆㄥ;3up:DFPYuanW5-ZhuIn-BFW#14200:應:ㄧㄥ,static full-data audit + key LOO + cross-book holdout; support>=2,exact vertical-group outline signature; no fuzzy
symbol,d889ce404b725856956cc6ec684c2b278d1ce538,ㄥ,5,1,3up:DFPBiaoKai-W5-ZhuIn-BFW#15258:生:ㄕㄥ;3up:DFPBiaoKai-W5-ZhuIn-BFW#15259:繩:ㄕㄥˊ;3down:DFPBiaoKai-W5-ZhuIn-BFW#15258:生:ㄕㄥ;3down:DFPBiaoKai-W5-ZhuIn-BFW#14465:奉:ㄈㄥˋ;3down:DFPBiaoKai-W5-ZhuIn-BFW#15259:繩:ㄕㄥˊ,static full-data audit + key LOO + cross-book holdout; support>=2,exact vertical-group outline signature; no fuzzy
symbol,d941dad195cf9b7a390a913a6542ccd89a597978,ㄥ,2,1,3up:DFPBiaoKai-W5-ZhuIn-BFW#14604:統:ㄊㄨㄥˇ;3down:DFPBiaoKai-W5-ZhuIn-BFW#14604:統:ㄊㄨㄥˇ,static full-data audit + key LOO + cross-book holdout; support>=2,exact vertical-group outline signature; no fuzzy
symbol,d9d66dfef1cd08a36dedca41d41220313ebbbc25,ㄥ,2,1,3up:DFPBiaoKai-W5-ZhuIn-BFW#14199:應:ㄧㄥ;3down:DFPBiaoKai-W5-ZhuIn-BFW#14199:應:ㄧㄥ,static full-data audit + key LOO + cross-book holdout; support>=2,exact vertical-group outline signature; no fuzzy
symbol,f0a42c5861c5a15f2ccf3de0bc6060af77178aef,ㄥ,3,1,3up:DFPBiaoKai-W5-ZhuIn-BFW#14306:並:ㄅㄧㄥˋ;3up:DFPBiaoKai-W5-ZhuIn-BFW#14307:餅:ㄅㄧㄥˇ;3down:DFPBiaoKai-W5-ZhuIn-BFW#14306:並:ㄅㄧㄥˋ,static full-data audit + key LOO + cross-book holdout; support>=2,exact vertical-group outline signature; no fuzzy
symbol,fa5a0ca8f224bd3b2e76e69a73faf602af24ba88,ㄥ,7,3,3up:n@dW5@#14201:應:ㄧㄥˋ;3up:DFPBiaoKai-W5-ZhuIn-BFW#14202:影:ㄧㄥˇ;3up:DFPBiaoKai-W5-ZhuIn-BFW#14201:硬:ㄧㄥˋ;3up:DFPBiaoKai-W5-PoIn1-BFW#14201:應:ㄧㄥˋ;3down:DFPBiaoKai-W5-ZhuIn-BFW#14202:影:ㄧㄥˇ;3down:DFPBiaoKai-W5-PoIn1-BFW#14201:應:ㄧㄥˋ;3down:DFPBiaoKai-W5-ZhuIn-BFW#14201:硬:ㄧㄥˋ,static full-data audit + key LOO + cross-book holdout; support>=2,exact vertical-group outline signature; no fuzzy
symbol,31360f8dc6018c7edecb28ae740d1bc8970a4a76,ㄦ,3,1,3up:DFPYuanW5-ZhuIn-BFW#14164:二:ㄦˋ;3up:DFPYuanW5-ZhuIn-BFW#14163:而:ㄦˊ;3up:DFPYuanW5-ZhuIn-BFW#14165:耳:ㄦˇ,static full-data audit + key LOO + cross-book holdout; support>=2,exact vertical-group outline signature; no fuzzy
symbol,9fa32b7798dcba80f25467ec29c9618baa3b2259,ㄦ,4,2,3down:YenRoundZuinnEG-Md#15444:兒:ㄦˊ;3down:YenRoundZuinnEG-Md#15446:二:ㄦˋ;3down:ZhuYinNREG-Md#15446:二:ㄦˋ;3down:ZhuYinNREG-Md#15444:兒:ㄦˊ,static full-data audit + key LOO + cross-book holdout; support>=2,exact vertical-group outline signature; no fuzzy
symbol,a96d406cdf85cf0ff6df7edd7bbc442a3e7e631d,ㄦ,2,1,3up:DFPBiaoKai-W5-ZhuIn-BFW#14162:而:ㄦˊ;3down:DFPBiaoKai-W5-ZhuIn-BFW#14162:兒:ㄦˊ,static full-data audit + key LOO + cross-book holdout; support>=2,exact vertical-group outline signature; no fuzzy
symbol,e5d0ab2d5981b65ec3f79239a841645b5f75233c,ㄦ,3,1,3up:DFPBiaoKai-W5-ZhuIn-BFW#14163:二:ㄦˋ;3up:DFPBiaoKai-W5-ZhuIn-BFW#14164:耳:ㄦˇ;3down:DFPBiaoKai-W5-ZhuIn-BFW#14163:二:ㄦˋ,static full-data audit + key LOO + cross-book holdout; support>=2,exact vertical-group outline signature; no fuzzy
symbol,01d6256750624b59d40be7b726531299dd422729,ㄧ,157,3,3up:DFPBiaoKai-W5-ZhuIn-BFW#14422:妙:ㄇㄧㄠˋ;3up:DFPBiaoKai-W5-ZhuIn-BFW#14429:民:ㄇㄧㄣˊ;3up:DFPBiaoKai-W5-ZhuIn-BFW#15067:像:ㄒㄧㄤˋ;3up:DFPBiaoKai-W5-ZhuIn-BFW#14301:變:ㄅㄧㄢˋ;3up:DFPBiaoKai-W5-ZhuIn-BFW#14573:天:ㄊㄧㄢ;3up:DFPBiaoKai-W5-ZhuIn-BFW#14964:進:ㄐㄧㄣˋ;3up:DFPBiaoKai-W5-ZhuIn-BFW#15061:新:ㄒㄧㄣ;3up:DFPBiaoKai-W5-PoIn1-BFW#14572:挑:ㄊㄧㄠˇ;3up:DFPBiaoKai-W5-ZhuIn-BFW#15059:現:ㄒㄧㄢˋ;3up:DFPBiaoKai-W5-ZhuIn-BFW#14958:就:ㄐㄧㄡˋ;3up:DFPBiaoKai-W5-ZhuIn-BFW#15057:先:ㄒㄧㄢ;3up:DFPBiaoKai-W5-ZhuIn-BFW#14961:健:ㄐㄧㄢˋ,static full-data audit + key LOO + cross-book holdout; support>=2,exact vertical-group outline signature; no fuzzy
symbol,098b4e19d2e4ddc5b00aff983769215e16d2e92e,ㄧ,20,3,3up:DFPBiaoKai-W5-ZhuIn-BFW#14944:己:ㄐㄧˇ;3up:DFPBiaoKai-W5-ZhuIn-BFW#14942:級:ㄐㄧˊ;3up:DFPBiaoKai-W5-ZhuIn-BFW#14943:繼:ㄐㄧˋ;3up:DFPBiaoKai-W5-ZhuIn-BFW#14941:肌:ㄐㄧ;3up:DFPBiaoKai-W5-ZhuIn-BFW#15040:係:ㄒㄧˋ;3up:DFPBiaoKai-W5-ZhuIn-BFW#15041:喜:ㄒㄧˇ;3up:DFPBiaoKai-W5-ZhuIn-BFW#14563:提:ㄊㄧˊ;3up:DFPBiaoKai-W5-ZhuIn-BFW#14417:米:ㄇㄧˇ;3up:DFPBiaoKai-W5-ZhuIn-BFW#14562:踢:ㄊㄧ;3up:n@dW5@#14943:繫:ㄐㄧˋ;3down:DFPBiaoKai-W5-ZhuIn-BFW#15041:喜:ㄒㄧˇ;3down:DFPBiaoKai-W5-ZhuIn-BFW#14944:己:ㄐㄧˇ,static full-data audit + key LOO + cross-book holdout; support>=2,exact vertical-group outline signature; no fuzzy
symbol,0aee3cde522545971266442a891638c9ff1c1ede,ㄧ,152,4,3up:DFPYuanW5-ZhuIn-BFW#15054:小:ㄒㄧㄠˇ;3up:DFPYuanW5-ZhuIn-BFW#14943:吉:ㄐㄧˊ;3up:DFPYuanW5-ZhuIn-BFW#14302:變:ㄅㄧㄢˋ;3up:DFPYuanW5-ZhuIn-BFW#14166:衣:ㄧ;3up:DFPYuanW5-ZhuIn-BFW#14187:友:ㄧㄡˇ;3up:DFPYuanW5-ZhuIn-BFW#15045:下:ㄒㄧㄚˋ;3up:DFPYuanW5-ZhuIn-BFW#14182:要:ㄧㄠˋ;3up:DFPYuanW5-ZhuIn-BFW#14574:天:ㄊㄧㄢ;3up:DFPYuanW5-ZhuIn-BFW#15055:休:ㄒㄧㄡ;3up:DFPYuanW5-ZhuIn-BFW#15040:息:ㄒㄧˊ;3up:DFPYuanW5-ZhuIn-BFW#14961:間:ㄐㄧㄢ;3up:DFPYuanW5-PoIn1-BFW#14202:應:ㄧㄥˋ,static full-data audit + key LOO + cross-book holdout; support>=2,exact vertical-group outline signature; no fuzzy
symbol,1bbafe28aecbcb7d321506c77c57ee0e7fbb7d89,ㄧ,14,3,3up:DFHeiPoIn1-Bd-BPMW-BF#14209:一:ㄧˊ;3up:DFHeiPoIn2-Bd-BPMW-BF#14210:一:ㄧˋ;3up:DFHeiChuIn-Bd-BPMW-BF#14987:己:ㄐㄧˇ;3up:DFHeiChuIn-Bd-BPMW-BF#15013:淨:ㄐㄧㄥˋ;3up:DFHeiChuIn-Bd-BPMW-BF#15051:前:ㄑㄧㄢˊ;3up:DFHeiPoIn1-Bd-BPMW-BF#14219:液:ㄧㄝˋ;3up:DFHeiPoIn1-Bd-BPMW-BF#14987:給:ㄐㄧˇ;3up:DFHeiPoIn1-Bd-BPMW-BF#14402:漂:ㄆㄧㄠˇ;3up:DFHeiPoIn1-Bd-BPMW-BF#14768:量:ㄌㄧㄤˋ;3up:DFHeiPoIn1-Bd-BPMW-BF#14615:挑:ㄊㄧㄠˇ;3up:DFHeiPoIn1-Bd-BPMW-BF#15013:勁:ㄐㄧㄥˋ;3up:DFHeiChuIn-Bd-BPMW-BF#14209:移:ㄧˊ,static full-data audit + key LOO + cross-book holdout; support>=2,exact vertical-group outline signature; no fuzzy
symbol,1ddf83208e869a5e339a0ba2faca2e330250dac1,ㄧ,2,1,3up:DFPBiaoKai-W5-ZhuIn-BFW#14297:標:ㄅㄧㄠ;3down:DFPBiaoKai-W5-ZhuIn-BFW#14297:標:ㄅㄧㄠ,static full-data audit + key LOO + cross-book holdout; support>=2,exact vertical-group outline signature; no fuzzy
symbol,2712f32a3bc0b8a4cbb065f426f3f69266b68c97,ㄧ,30,3,3up:DFPBiaoKai-W5-ZhuIn-BFW#14427:面:ㄇㄧㄢˋ;3up:DFPBiaoKai-W5-ZhuIn-BFW#14949:階:ㄐㄧㄝ;3up:DFPBiaoKai-W5-ZhuIn-BFW#14952:解:ㄐㄧㄝˇ;3up:DFPBiaoKai-W5-PoIn1-BFW#14947:假:ㄐㄧㄚˋ;3up:DFPBiaoKai-W5-ZhuIn-BFW#14945:家:ㄐㄧㄚ;3up:DFPBiaoKai-W5-ZhuIn-BFW#14431:名:ㄇㄧㄥˊ;3up:DFPBiaoKai-W5-ZhuIn-BFW#14951:借:ㄐㄧㄝˋ;3up:DFPBiaoKai-W5-ZhuIn-BFW#14306:並:ㄅㄧㄥˋ;3up:DFPBiaoKai-W5-ZhuIn-BFW#14950:節:ㄐㄧㄝˊ;3up:DFPBiaoKai-W5-ZhuIn-BFW#14307:餅:ㄅㄧㄥˇ;3up:DFPBiaoKai-W5-ZhuIn-BFW#14994:洽:ㄑㄧㄚˋ;3up:DFPBiaoKai-W5-ZhuIn-BFW#14948:假:ㄐㄧㄚˇ,static full-data audit + key LOO + cross-book holdout; support>=2,exact vertical-group outline signature; no fuzzy
symbol,2941433bc0e2dc7377f1d4c1bcfa40249161d171,ㄧ,14,6,3up:n@dW5@#14166:一:ㄧˊ;3up:DFPBiaoKai-W5-ZhuIn-BFW#14165:衣:ㄧ;3up:DFPBiaoKai-W5-PoIn2-BFW#14167:一:ㄧˋ;3up:n@dW5G#14167:一:ㄧˋ;3up:DFPBiaoKai-W5-ZhuIn-BFW#14167:易:ㄧˋ;3up:DFPBiaoKai-W5-PoIn1-BFW#14166:一:ㄧˊ;3up:DFPBiaoKai-W5-PoIn1-BFW#14167:誼:ㄧˋ;3up:DFPBiaoKai-W5-ZhuIn-BFW#14166:宜:ㄧˊ;3up:n@dW5T#14165:一:ㄧ;3down:DFPBiaoKai-W5-ZhuIn-BFW#14167:溢:ㄧˋ;3down:DFPBiaoKai-W5-PoIn2-BFW#14167:一:ㄧˋ;3down:DFPBiaoKai-W5-PoIn1-BFW#14166:一:ㄧˊ,static full-data audit + key LOO + cross-book holdout; support>=2,exact vertical-group outline signature; no fuzzy
symbol,2e637f3a6554a8f4e7e350fd953e8f8ecfd2b254,ㄧ,30,3,3up:DFPBiaoKai-W5-ZhuIn-BFW#14724:良:ㄌㄧㄤˊ;3up:DFPBiaoKai-W5-ZhuIn-BFW#14721:臨:ㄌㄧㄣˊ;3up:DFPBiaoKai-W5-ZhuIn-BFW#14708:列:ㄌㄧㄝˋ;3up:DFPBiaoKai-W5-ZhuIn-BFW#14718:連:ㄌㄧㄢˊ;3up:DFPBiaoKai-W5-ZhuIn-BFW#14728:靈:ㄌㄧㄥˊ;3up:DFPBiaoKai-W5-ZhuIn-BFW#14726:兩:ㄌㄧㄤˇ;3up:DFPBiaoKai-W5-ZhuIn-BFW#14719:練:ㄌㄧㄢˋ;3up:DFPBiaoKai-W5-ZhuIn-BFW#14715:流:ㄌㄧㄡˊ;3up:DFPBiaoKai-W5-ZhuIn-BFW#14729:另:ㄌㄧㄥˋ;3up:DFPBiaoKai-W5-ZhuIn-BFW#14720:臉:ㄌㄧㄢˇ;3up:DFPBiaoKai-W5-ZhuIn-BFW#14725:諒:ㄌㄧㄤˋ;3up:DFPBiaoKai-W5-ZhuIn-BFW#14712:料:ㄌㄧㄠˋ,static full-data audit + key LOO + cross-book holdout; support>=2,exact vertical-group outline signature; no fuzzy
symbol,38769b8fa0c4f2b71da10f979eec248c7888817b,ㄧ,7,1,3up:DFPBiaoKai-W5-ZhuIn-BFW#14294:別:ㄅㄧㄝˊ;3up:DFPBiaoKai-W5-ZhuIn-BFW#14506:跌:ㄉㄧㄝˊ;3up:DFPBiaoKai-W5-ZhuIn-BFW#14419:滅:ㄇㄧㄝˋ;3down:DFPBiaoKai-W5-ZhuIn-BFW#14566:貼:ㄊㄧㄝ;3down:DFPBiaoKai-W5-ZhuIn-BFW#14419:滅:ㄇㄧㄝˋ;3down:DFPBiaoKai-W5-ZhuIn-BFW#14294:別:ㄅㄧㄝˊ;3down:DFPBiaoKai-W5-ZhuIn-BFW#14568:鐵:ㄊㄧㄝˇ,static full-data audit + key LOO + cross-book holdout; support>=2,exact vertical-group outline signature; no fuzzy
symbol,3b5c7cab8412a29aa7a7c4f2d65dfcabc98f973c,ㄧ,2,1,3up:DFPBiaoKai-W5-ZhuIn-BFW#14168:以:ㄧˇ;3down:DFPBiaoKai-W5-ZhuIn-BFW#14168:以:ㄧˇ,static full-data audit + key LOO + cross-book holdout; support>=2,exact vertical-group outline signature; no fuzzy
symbol,5dca923f2bccdd2da1dac1a6efa4335f66c7ee4d,ㄧ,18,3,3up:DFPBiaoKai-W5-ZhuIn-BFW#14198:養:ㄧㄤˇ;3up:n@dW5@#14201:應:ㄧㄥˋ;3up:DFPBiaoKai-W5-ZhuIn-BFW#14202:影:ㄧㄥˇ;3up:DFPBiaoKai-W5-ZhuIn-BFW#15464:呀:˙ㄧㄚ;3up:DFPBiaoKai-W5-ZhuIn-BFW#14201:硬:ㄧㄥˋ;3up:DFPBiaoKai-W5-ZhuIn-BFW#14200:營:ㄧㄥˊ;3up:DFPBiaoKai-W5-ZhuIn-BFW#14197:樣:ㄧㄤˋ;3up:DFPBiaoKai-W5-PoIn1-BFW#14201:應:ㄧㄥˋ;3up:DFPBiaoKai-W5-ZhuIn-BFW#14199:應:ㄧㄥ;3up:DFPBiaoKai-W5-ZhuIn-BFW#14170:牙:ㄧㄚˊ;3down:DFPBiaoKai-W5-ZhuIn-BFW#14200:營:ㄧㄥˊ;3down:DFPBiaoKai-W5-ZhuIn-BFW#14198:養:ㄧㄤˇ,static full-data audit + key LOO + cross-book holdout; support>=2,exact vertical-group outline signature; no fuzzy
symbol,64c9da2d00b5e542358b8604f59717f77c6b52f2,ㄧ,4,1,3up:DFPBiaoKai-W5-ZhuIn-BFW#14177:也:ㄧㄝˇ;3down:DFPBiaoKai-W5-ZhuIn-BFW#14177:也:ㄧㄝˇ;3down:DFPBiaoKai-W5-ZhuIn-BFW#14175:爺:ㄧㄝˊ;3down:DFPBiaoKai-W5-ZhuIn-BFW#14176:業:ㄧㄝˋ,static full-data audit + key LOO + cross-book holdout; support>=2,exact vertical-group outline signature; no fuzzy
symbol,6f24e478166845888ba1b46e6d0239bbe815b74d,ㄧ,5,1,3up:DFPBiaoKai-W5-ZhuIn-BFW#14191:音:ㄧㄣ;3up:DFPBiaoKai-W5-ZhuIn-BFW#14194:飲:ㄧㄣˇ;3up:DFPBiaoKai-W5-ZhuIn-BFW#14173:唷:ㄧㄛ;3down:DFPBiaoKai-W5-ZhuIn-BFW#14191:殷:ㄧㄣ;3down:DFPBiaoKai-W5-ZhuIn-BFW#14194:引:ㄧㄣˇ,static full-data audit + key LOO + cross-book holdout; support>=2,exact vertical-group outline signature; no fuzzy
symbol,810a866e6addde9caf8953b1acdf6dedf6cd45cc,ㄧ,2,1,3up:DFPBiaoKai-W5-ZhuIn-BFW#14292:比:ㄅㄧˇ;3down:DFPBiaoKai-W5-ZhuIn-BFW#14292:比:ㄅㄧˇ,static full-data audit + key LOO + cross-book holdout; support>=2,exact vertical-group outline signature; no fuzzy
symbol,9fc65868c941cd8419ea692ddd2d2b3b4f572554,ㄧ,10,2,3up:DFPBiaoKai-W5-ZhuIn-BFW#14502:地:ㄉㄧˋ;3up:DFPBiaoKai-W5-ZhuIn-BFW#14503:抵:ㄉㄧˇ;3up:DFPBiaoKai-W5-ZhuIn-BFW#14500:低:ㄉㄧ;3up:DFPBiaoKai-W5-ZhuIn-BFW#14350:匹:ㄆㄧ;3up:DFPBiaoKai-W5-ZhuIn-BFW#14501:敵:ㄉㄧˊ;3up:n@dW5@#14502:的:ㄉㄧˋ;3down:DFPBiaoKai-W5-ZhuIn-BFW#14502:地:ㄉㄧˋ;3down:DFPBiaoKai-W5-ZhuIn-BFW#14351:皮:ㄆㄧˊ;3down:DFPBiaoKai-W5-ZhuIn-BFW#14500:低:ㄉㄧ;3down:DFPBiaoKai-W5-ZhuIn-BFW#14503:底:ㄉㄧˇ,static full-data audit + key LOO + cross-book holdout; support>=2,exact vertical-group outline signature; no fuzzy
symbol,bf7e4f08a95b474def3d30a2d062af939a22fc16,ㄧ,4,1,3up:DFPBiaoKai-W5-ZhuIn-BFW#14299:表:ㄅㄧㄠˇ;3up:DFPBiaoKai-W5-ZhuIn-BFW#14577:聽:ㄊㄧㄥ;3down:DFPBiaoKai-W5-ZhuIn-BFW#14299:表:ㄅㄧㄠˇ;3down:DFPBiaoKai-W5-ZhuIn-BFW#14356:漂:ㄆㄧㄠ,static full-data audit + key LOO + cross-book holdout; support>=2,exact vertical-group outline signature; no fuzzy
symbol,cb5b919de2f89025aeaddc323d794d4b4accf2c7,ㄧ,2,1,3up:DFPWaWa-W5-ZhuIn-BFW#14961:健:ㄐㄧㄢˋ;3up:DFPWaWa-W5-ZhuIn-BFW#15065:香:ㄒㄧㄤ,static full-data audit + key LOO + cross-book holdout; support>=2,exact vertical-group outline signature; no fuzzy
symbol,ecf84ba518db1f535b7c97af24f6c7ebc129b658,ㄧ,20,1,3up:DFPBiaoKai-W5-ZhuIn-BFW#14185:又:ㄧㄡˋ;3up:DFPBiaoKai-W5-ZhuIn-BFW#14179:腰:ㄧㄠ;3up:DFPBiaoKai-W5-ZhuIn-BFW#14181:要:ㄧㄠˋ;3up:DFPBiaoKai-W5-ZhuIn-BFW#14189:厭:ㄧㄢˋ;3up:DFPBiaoKai-W5-ZhuIn-BFW#14186:友:ㄧㄡˇ;3up:DFPBiaoKai-W5-ZhuIn-BFW#14196:陽:ㄧㄤˊ;3up:DFPBiaoKai-W5-ZhuIn-BFW#14184:遊:ㄧㄡˊ;3up:DFPBiaoKai-W5-ZhuIn-BFW#14190:演:ㄧㄢˇ;3up:DFPBiaoKai-W5-ZhuIn-BFW#14188:炎:ㄧㄢˊ;3up:DFPBiaoKai-W5-ZhuIn-BFW#14183:優:ㄧㄡ;3down:DFPBiaoKai-W5-ZhuIn-BFW#14196:洋:ㄧㄤˊ;3down:DFPBiaoKai-W5-ZhuIn-BFW#14181:要:ㄧㄠˋ,static full-data audit + key LOO + cross-book holdout; support>=2,exact vertical-group outline signature; no fuzzy
symbol,faec25a052ddfb703e1a402736aa3e8bc4d47d1c,ㄧ,15,1,3up:DFPBiaoKai-W5-ZhuIn-BFW#14705:裡:ㄌㄧˇ;3up:DFPBiaoKai-W5-ZhuIn-BFW#14565:體:ㄊㄧˇ;3up:DFPBiaoKai-W5-ZhuIn-BFW#14638:你:ㄋㄧˇ;3up:DFPBiaoKai-W5-ZhuIn-BFW#14704:麗:ㄌㄧˋ;3up:DFPBiaoKai-W5-ZhuIn-BFW#14291:避:ㄅㄧˋ;3up:DFPBiaoKai-W5-ZhuIn-BFW#14564:屜:ㄊㄧˋ;3up:DFPBiaoKai-W5-ZhuIn-BFW#14703:離:ㄌㄧˊ;3up:DFPBiaoKai-W5-ZhuIn-BFW#14416:密:ㄇㄧˋ;3down:DFPBiaoKai-W5-ZhuIn-BFW#14565:體:ㄊㄧˇ;3down:DFPBiaoKai-W5-ZhuIn-BFW#14705:裡:ㄌㄧˇ;3down:DFPBiaoKai-W5-ZhuIn-BFW#14638:你:ㄋㄧˇ;3down:DFPBiaoKai-W5-ZhuIn-BFW#14704:例:ㄌㄧˋ,static full-data audit + key LOO + cross-book holdout; support>=2,exact vertical-group outline signature; no fuzzy
symbol,ff1e7eeb211739e9995d117b578161fd16c0bd1a,ㄧ,12,2,3up:DFPBiaoKai-W5-ZhuIn-BFW#14989:奇:ㄑㄧˊ;3up:DFPBiaoKai-W5-ZhuIn-BFW#15039:習:ㄒㄧˊ;3up:DFPBiaoKai-W5-ZhuIn-BFW#14991:起:ㄑㄧˇ;3up:DFPBiaoKai-W5-ZhuIn-BFW#15038:悉:ㄒㄧ;3up:DFPBiaoKai-W5-ZhuIn-BFW#14990:器:ㄑㄧˋ;3down:DFPBiaoKai-W5-ZhuIn-BFW#14990:氣:ㄑㄧˋ;3down:DFPBiaoKai-W5-ZhuIn-BFW#14989:奇:ㄑㄧˊ;3down:DFPBiaoKai-W5-PoIn1-BFW#15499:西:˙ㄒㄧ;3down:DFPBiaoKai-W5-ZhuIn-BFW#15039:習:ㄒㄧˊ;3down:DFPBiaoKai-W5-ZhuIn-BFW#14991:起:ㄑㄧˇ;3down:DFPBiaoKai-W5-ZhuIn-BFW#15038:西:ㄒㄧ;3down:DFPBiaoKai-W5-ZhuIn-BFW#14988:七:ㄑㄧ,static full-data audit + key LOO + cross-book holdout; support>=2,exact vertical-group outline signature; no fuzzy
symbol,2109468e901526260705fbed765959ac22b4c11b,ㄨ,30,3,3up:DFPBiaoKai-W5-ZhuIn-BFW#14213:我:ㄨㄛˇ;3up:DFPBiaoKai-W5-ZhuIn-BFW#14224:晚:ㄨㄢˇ;3up:DFPBiaoKai-W5-ZhuIn-BFW#14222:完:ㄨㄢˊ;3up:DFPBiaoKai-W5-ZhuIn-BFW#14227:問:ㄨㄣˋ;3up:DFPBiaoKai-W5-ZhuIn-BFW#14219:為:ㄨㄟˋ;3up:DFPBiaoKai-W5-ZhuIn-BFW#14232:往:ㄨㄤˇ;3up:DFPBiaoKai-W5-ZhuIn-BFW#14221:彎:ㄨㄢ;3up:DFPBiaoKai-W5-PoIn1-BFW#14218:為:ㄨㄟˊ;3up:n@dW5@#14218:為:ㄨㄟˊ;3up:DFPBiaoKai-W5-ZhuIn-BFW#14231:望:ㄨㄤˋ;3up:DFPBiaoKai-W5-ZhuIn-BFW#14218:維:ㄨㄟˊ;3up:DFPBiaoKai-W5-ZhuIn-BFW#14223:萬:ㄨㄢˋ,static full-data audit + key LOO + cross-book holdout; support>=2,exact vertical-group outline signature; no fuzzy
symbol,2943a9949aec6332377565b5127a5a3f2c5fe9ac,ㄨ,4,1,3up:DFPBiaoKai-W5-ZhuIn-BFW#14519:度:ㄉㄨˋ;3up:DFPBiaoKai-W5-ZhuIn-BFW#14518:毒:ㄉㄨˊ;3down:DFPBiaoKai-W5-ZhuIn-BFW#14519:度:ㄉㄨˋ;3down:DFPBiaoKai-W5-ZhuIn-BFW#14518:獨:ㄉㄨˊ,static full-data audit + key LOO + cross-book holdout; support>=2,exact vertical-group outline signature; no fuzzy
symbol,29b37d47150ff77c777622abbe0241cfb1f1332e,ㄨ,156,4,3up:DFPBiaoKai-W5-ZhuIn-BFW#15412:村:ㄘㄨㄣ;3up:DFPBiaoKai-W5-ZhuIn-BFW#14737:落:ㄌㄨㄛˋ;3up:DFPBiaoKai-W5-ZhuIn-BFW#14529:短:ㄉㄨㄢˇ;3up:DFPBiaoKai-W5-ZhuIn-BFW#15454:痠:ㄙㄨㄢ;3up:DFPBiaoKai-W5-ZhuIn-BFW#15153:重:ㄓㄨㄥˋ;3up:DFPBiaoKai-W5-ZhuIn-BFW#14528:段:ㄉㄨㄢˋ;3up:DFPBiaoKai-W5-ZhuIn-BFW#14526:對:ㄉㄨㄟˋ;3up:DFPBiaoKai-W5-ZhuIn-BFW#15417:從:ㄘㄨㄥˊ;3up:DFPBiaoKai-W5-ZhuIn-BFW#14916:活:ㄏㄨㄛˊ;3up:DFPBiaoKai-W5-ZhuIn-BFW#14808:慣:ㄍㄨㄢˋ;3up:DFPBiaoKai-W5-ZhuIn-BFW#15274:睡:ㄕㄨㄟˋ;3up:DFPBiaoKai-W5-ZhuIn-BFW#14521:多:ㄉㄨㄛ,static full-data audit + key LOO + cross-book holdout; support>=2,exact vertical-group outline signature; no fuzzy
symbol,36211b67eceff21d98e7a3a7747d4509b2eddce4,ㄨ,2,1,3up:DFPBiaoKai-W5-ZhuIn-BFW#15358:最:ㄗㄨㄟˋ;3down:DFPBiaoKai-W5-ZhuIn-BFW#15358:最:ㄗㄨㄟˋ,static full-data audit + key LOO + cross-book holdout; support>=2,exact vertical-group outline signature; no fuzzy
symbol,377bdd6d247760dd3eb5e0697c24e5a5fd004541,ㄨ,32,2,3up:DFPYuanW5-ZhuIn-BFW#14436:目:ㄇㄨˋ;3up:DFPYuanW5-ZhuIn-BFW#15263:書:ㄕㄨ;3up:DFPYuanW5-ZhuIn-BFW#14310:不:ㄅㄨˊ;3up:DFPYuanW5-ZhuIn-BFW#14847:褲:ㄎㄨˋ;3up:DFPYuanW5-ZhuIn-BFW#14470:服:ㄈㄨˊ;3up:DFPYuanW5-PoIn1-BFW#14311:不:ㄅㄨˋ;3up:DFPYuanW5-ZhuIn-BFW#15265:數:ㄕㄨˋ;3up:DFPYuanW5-ZhuIn-BFW#14311:部:ㄅㄨˋ;3up:DFPYuanW5-ZhuIn-BFW#14909:互:ㄏㄨˋ;3up:DFPYuanW5-ZhuIn-BFW#14907:呼:ㄏㄨ;3up:DFPYuanW5-ZhuIn-BFW#15304:如:ㄖㄨˊ;3up:DFPYuanW5-ZhuIn-BFW#14583:圖:ㄊㄨˊ,static full-data audit + key LOO + cross-book holdout; support>=2,exact vertical-group outline signature; no fuzzy
symbol,4bd146f12cc299f04cacf1ff3cdd17474f913e85,ㄨ,210,12,3down:YenRoundZuinnEG-Md#14718:過:ㄍㄨㄛˋ;3down:YenRoundZuinnEG-Md#14437:動:ㄉㄨㄥˋ;3down:YenRoundZuinnEG-Md#14844:會:ㄏㄨㄟˋ;3down:YenRoundZuinnEG-Md#15494:我:ㄨㄛˇ;3down:YenRoundZuinnEG-Md#14841:揮:ㄏㄨㄟ;3down:YenRoundZuinnEG-Md#14499:團:ㄊㄨㄢˊ;3down:YenRoundZuinnEG-Md#14428:隊:ㄉㄨㄟˋ;3down:YenRoundZuinnEG-Md#15289:作:ㄗㄨㄛˋ;3down:YenRoundZuinnEG-Md#15504:完:ㄨㄢˊ;3down:YenRoundZuinnEG-Md#14335:目:ㄇㄨˋ;3down:YenRoundZuinnEG-Md#15078:中:ㄓㄨㄥ;3down:YenRoundZuinnEG-Md#15252:如:ㄖㄨˊ,static full-data audit + key LOO + cross-book holdout; support>=2,exact vertical-group outline signature; no fuzzy
symbol,4d2720e7c1c6930adbe26f1db09730cc08b5554d,ㄨ,2,1,3up:DFPBiaoKai-W5-ZhuIn-BFW#14471:腐:ㄈㄨˇ;3down:DFPBiaoKai-W5-ZhuIn-BFW#14471:俯:ㄈㄨˇ,static full-data audit + key LOO + cross-book holdout; support>=2,exact vertical-group outline signature; no fuzzy
symbol,514809f2ed27b62ed74171162b46e29a5a2e5019,ㄨ,91,2,3up:DFPYuanW5-ZhuIn-BFW#14744:倫:ㄌㄨㄣˊ;3up:DFPYuanW5-ZhuIn-BFW#14522:多:ㄉㄨㄛ;3up:DFPYuanW5-ZhuIn-BFW#14924:會:ㄏㄨㄟˋ;3up:DFPYuanW5-ZhuIn-BFW#15154:重:ㄓㄨㄥˋ;3up:DFPYuanW5-ZhuIn-BFW#14530:短:ㄉㄨㄢˇ;3up:DFPYuanW5-ZhuIn-BFW#14214:我:ㄨㄛˇ;3up:DFPYuanW5-ZhuIn-BFW#14603:同:ㄊㄨㄥˊ;3up:DFPYuanW5-ZhuIn-BFW#14223:玩:ㄨㄢˊ;3up:DFPYuanW5-ZhuIn-BFW#14808:關:ㄍㄨㄢ;3up:DFPYuanW5-ZhuIn-BFW#14527:對:ㄉㄨㄟˋ;3up:DFPYuanW5-ZhuIn-BFW#15155:種:ㄓㄨㄥˇ;3up:DFPYuanW5-PoIn1-BFW#14220:為:ㄨㄟˋ,static full-data audit + key LOO + cross-book holdout; support>=2,exact vertical-group outline signature; no fuzzy
symbol,549a8ecd9ceec6072b9672160093500faacd66ff,ㄨ,31,4,3up:DFPBiaoKai-W5-ZhuIn-BFW#15131:住:ㄓㄨˋ;3up:DFPBiaoKai-W5-ZhuIn-BFW#15304:入:ㄖㄨˋ;3up:DFPBiaoKai-W5-ZhuIn-BFW#15303:如:ㄖㄨˊ;3up:DFPBiaoKai-W5-ZhuIn-BFW#15265:暑:ㄕㄨˇ;3up:DFPBiaoKai-W5-ZhuIn-BFW#15262:書:ㄕㄨ;3up:DFPBiaoKai-W5-ZhuIn-BFW#15132:主:ㄓㄨˇ;3up:DFPBiaoKai-W5-ZhuIn-BFW#14733:路:ㄌㄨˋ;3up:DFPBiaoKai-W5-ZhuIn-BFW#14582:圖:ㄊㄨˊ;3up:DFPBiaoKai-W5-ZhuIn-BFW#15352:組:ㄗㄨˇ;3up:DFPBiaoKai-W5-PoIn1-BFW#14583:吐:ㄊㄨˋ;3up:n@dW5@#15264:數:ㄕㄨˋ;3up:DFPBiaoKai-W5-ZhuIn-BFW#15350:足:ㄗㄨˊ,static full-data audit + key LOO + cross-book holdout; support>=2,exact vertical-group outline signature; no fuzzy
symbol,6016186e8ef42731a3dc85312ba60e27c33e8fed,ㄨ,2,1,3up:DFPBiaoKai-W5-ZhuIn-BFW#14215:外:ㄨㄞˋ;3down:DFPBiaoKai-W5-ZhuIn-BFW#14215:外:ㄨㄞˋ,static full-data audit + key LOO + cross-book holdout; support>=2,exact vertical-group outline signature; no fuzzy
symbol,6e51f091caed915cfdee3c21b33069e9d89abf59,ㄨ,8,1,3up:DFPBiaoKai-W5-ZhuIn-BFW#14205:物:ㄨˋ;3up:DFPBiaoKai-W5-ZhuIn-BFW#14204:吳:ㄨˊ;3up:DFPBiaoKai-W5-ZhuIn-BFW#14206:五:ㄨˇ;3up:DFPBiaoKai-W5-ZhuIn-BFW#14203:烏:ㄨ;3down:DFPBiaoKai-W5-ZhuIn-BFW#14205:物:ㄨˋ;3down:DFPBiaoKai-W5-ZhuIn-BFW#14204:無:ㄨˊ;3down:DFPBiaoKai-W5-ZhuIn-BFW#14206:午:ㄨˇ;3down:DFPBiaoKai-W5-ZhuIn-BFW#14203:汙:ㄨ,static full-data audit + key LOO + cross-book holdout; support>=2,exact vertical-group outline signature; no fuzzy
symbol,6e7b8d12d3d7cd900b7c06fe6b06a16b91c1c69d,ㄨ,3,2,3up:DFHeiChuIn-Bd-BPMW-BF#15196:重:ㄓㄨㄥˋ;3up:DFHeiPoIn1-Bd-BPMW-BF#15196:中:ㄓㄨㄥˋ;3up:DFHeiPoIn1-Bd-BPMW-BF#15262:重:ㄔㄨㄥˊ,static full-data audit + key LOO + cross-book holdout; support>=2,exact vertical-group outline signature; no fuzzy
symbol,75a1727c83eed214617e9dbe30459b9e59ffd889,ㄨ,13,2,3up:DFPBiaoKai-W5-ZhuIn-BFW#15445:訴:ㄙㄨˋ;3up:DFPBiaoKai-W5-ZhuIn-BFW#14793:骨:ㄍㄨˇ;3up:DFPBiaoKai-W5-PoIn1-BFW#14791:骨:ㄍㄨˊ;3up:DFPBiaoKai-W5-ZhuIn-BFW#14792:顧:ㄍㄨˋ;3up:DFPBiaoKai-W5-ZhuIn-BFW#14847:苦:ㄎㄨˇ;3up:DFPBiaoKai-W5-ZhuIn-BFW#14436:拇:ㄇㄨˇ;3down:DFPBiaoKai-W5-ZhuIn-BFW#14436:母:ㄇㄨˇ;3down:DFPBiaoKai-W5-ZhuIn-BFW#14847:苦:ㄎㄨˇ;3down:DFPBiaoKai-W5-ZhuIn-BFW#14792:顧:ㄍㄨˋ;3down:DFPBiaoKai-W5-ZhuIn-BFW#15445:速:ㄙㄨˋ;3down:DFPBiaoKai-W5-ZhuIn-BFW#14793:骨:ㄍㄨˇ;3down:DFPBiaoKai-W5-ZhuIn-BFW#15444:俗:ㄙㄨˊ,static full-data audit + key LOO + cross-book holdout; support>=2,exact vertical-group outline signature; no fuzzy
symbol,93c64faad9597f01946aa1d8ef2519491580d3ec,ㄨ,2,1,3up:DFPBiaoKai-W5-ZhuIn-BFW#14435:目:ㄇㄨˋ;3down:DFPBiaoKai-W5-ZhuIn-BFW#14435:目:ㄇㄨˋ,static full-data audit + key LOO + cross-book holdout; support>=2,exact vertical-group outline signature; no fuzzy
symbol,9fbcd3f98cea5dbe88b5d7c0f1f0b1d253e3c6ac,ㄨ,2,1,3up:DFPWaWa-W5-ZhuIn-BFW#15355:做:ㄗㄨㄛˋ;3up:DFPWaWa-W5-ZhuIn-BFW#15312:軟:ㄖㄨㄢˇ,static full-data audit + key LOO + cross-book holdout; support>=2,exact vertical-group outline signature; no fuzzy
symbol,a0e4b7854406167d2707c3812d14181547343ea8,ㄨ,5,1,3up:DFPBiaoKai-W5-ZhuIn-BFW#14908:護:ㄏㄨˋ;3up:DFPBiaoKai-W5-ZhuIn-BFW#14906:呼:ㄏㄨ;3down:DFPBiaoKai-W5-ZhuIn-BFW#14908:護:ㄏㄨˋ;3down:DFPBiaoKai-W5-ZhuIn-BFW#14909:虎:ㄏㄨˇ;3down:DFPBiaoKai-W5-ZhuIn-BFW#14906:呼:ㄏㄨ,static full-data audit + key LOO + cross-book holdout; support>=2,exact vertical-group outline signature; no fuzzy
symbol,a47b65f1110cb576f8a94d13bca7ec5bd3634926,ㄨ,2,1,3up:DFPBiaoKai-W5-ZhuIn-BFW#14212:握:ㄨㄛˋ;3down:DFPBiaoKai-W5-ZhuIn-BFW#14212:握:ㄨㄛˋ,static full-data audit + key LOO + cross-book holdout; support>=2,exact vertical-group outline signature; no fuzzy
symbol,d53121746edb6ec85ffd9b9e6ecb726efe55dedb,ㄨ,3,1,3up:DFPWaWa-W5-ZhuIn-BFW#15303:如:ㄖㄨˊ;3up:DFPWaWa-W5-ZhuIn-BFW#14224:碗:ㄨㄢˇ;3up:DFPWaWa-W5-ZhuIn-BFW#14790:菇:ㄍㄨ,static full-data audit + key LOO + cross-book holdout; support>=2,exact vertical-group outline signature; no fuzzy
symbol,e7603841c84f399c4e2912440ae295afaa8ae201,ㄨ,9,3,3up:DFPBiaoKai-W5-PoIn1-BFW#14310:不:ㄅㄨˋ;3up:n@dW5@#14310:不:ㄅㄨˋ;3up:DFPBiaoKai-W5-ZhuIn-BFW#14309:不:ㄅㄨˊ;3up:DFPBiaoKai-W5-ZhuIn-BFW#14311:補:ㄅㄨˇ;3up:DFPBiaoKai-W5-ZhuIn-BFW#14310:部:ㄅㄨˋ;3down:DFPBiaoKai-W5-ZhuIn-BFW#14309:不:ㄅㄨˊ;3down:DFPBiaoKai-W5-PoIn1-BFW#14310:不:ㄅㄨˋ;3down:DFPBiaoKai-W5-ZhuIn-BFW#14310:部:ㄅㄨˋ;3down:DFPBiaoKai-W5-ZhuIn-BFW#14311:補:ㄅㄨˇ,static full-data audit + key LOO + cross-book holdout; support>=2,exact vertical-group outline signature; no fuzzy
symbol,e7da2d8267407ed949ea833541a88942f7e2eaab,ㄨ,5,1,3up:DFPBiaoKai-W5-ZhuIn-BFW#14469:服:ㄈㄨˊ;3up:DFPBiaoKai-W5-ZhuIn-BFW#14470:附:ㄈㄨˋ;3down:DFPBiaoKai-W5-ZhuIn-BFW#14470:父:ㄈㄨˋ;3down:DFPBiaoKai-W5-ZhuIn-BFW#14468:膚:ㄈㄨ;3down:DFPBiaoKai-W5-ZhuIn-BFW#14469:服:ㄈㄨˊ,static full-data audit + key LOO + cross-book holdout; support>=2,exact vertical-group outline signature; no fuzzy
symbol,e836beaa0741bd57948eec3c140ffa1b2619ac73,ㄨ,2,2,3up:DFHeiChuIn-Bd-BPMW-BF#14353:部:ㄅㄨˋ;3up:DFHeiPoIn1-Bd-BPMW-BF#14353:不:ㄅㄨˋ,static full-data audit + key LOO + cross-book holdout; support>=2,exact vertical-group outline signature; no fuzzy
symbol,f27bf0f411b50db6c498d03b8ae5139a8b67ca2f,ㄨ,2,2,3up:DFHeiPoIn1-Bd-BPMW-BF#14261:為:ㄨㄟˊ;3up:DFHeiChuIn-Bd-BPMW-BF#14261:微:ㄨㄟˊ,static full-data audit + key LOO + cross-book holdout; support>=2,exact vertical-group outline signature; no fuzzy
symbol,fa90ec7952fc78e557c6c9bc6f8f559df75fe809,ㄨ,31,1,3up:DFPBiaoKai-W5-ZhuIn-BFW#14798:國:ㄍㄨㄛˊ;3up:DFPBiaoKai-W5-ZhuIn-BFW#14602:同:ㄊㄨㄥˊ;3up:DFPBiaoKai-W5-ZhuIn-BFW#14603:痛:ㄊㄨㄥˋ;3up:DFPBiaoKai-W5-ZhuIn-BFW#14799:過:ㄍㄨㄛˋ;3up:DFPBiaoKai-W5-ZhuIn-BFW#14863:困:ㄎㄨㄣˋ;3up:DFPBiaoKai-W5-ZhuIn-BFW#14534:動:ㄉㄨㄥˋ;3up:DFPBiaoKai-W5-ZhuIn-BFW#14800:果:ㄍㄨㄛˇ;3up:DFPBiaoKai-W5-ZhuIn-BFW#14530:蹲:ㄉㄨㄣ;3up:DFPBiaoKai-W5-ZhuIn-BFW#14743:輪:ㄌㄨㄣˊ;3up:DFPBiaoKai-W5-ZhuIn-BFW#14601:通:ㄊㄨㄥ;3up:DFPBiaoKai-W5-ZhuIn-BFW#14604:統:ㄊㄨㄥˇ;3up:DFPBiaoKai-W5-ZhuIn-BFW#14533:東:ㄉㄨㄥ,static full-data audit + key LOO + cross-book holdout; support>=2,exact vertical-group outline signature; no fuzzy
symbol,42dbb400e863b234af77880f667f65ea6337ef70,ㄩ,4,2,3up:DFPBiaoKai-W5-ZhuIn-BFW#14750:律:ㄌㄩˋ;3up:n@dW5@#14750:率:ㄌㄩˋ;3down:DFPBiaoKai-W5-ZhuIn-BFW#14750:律:ㄌㄩˋ;3down:DFPBiaoKai-W5-ZhuIn-BFW#14751:鋁:ㄌㄩˇ,static full-data audit + key LOO + cross-book holdout; support>=2,exact vertical-group outline signature; no fuzzy
symbol,5a138954a5c8241cea3da790ecf761eee9ee34fa,ㄩ,61,9,3down:YenRoundZuinnEG-Md#15531:運:ㄩㄣˋ;3down:YenRoundZuinnEG-Md#15006:學:ㄒㄩㄝˊ;3down:YenRoundZuinnEG-Md#14913:舉:ㄐㄩˇ;3down:YenRoundZuinnEG-Md#15540:育:ㄩˋ;3down:YenRoundZuinnEG-Md#15535:泳:ㄩㄥˇ;3down:YenRoundZuinnEG-Bd#15540:育:ㄩˋ;3down:YenRoundZuinnEG-Bd#15531:運:ㄩㄣˋ;3down:YenRoundZuinnEG-Bd#14950:區:ㄑㄩ;3down:YenRoundZuinnEG-Bd#15525:源:ㄩㄢˊ;3down:YenRoundZuinnEG-Bd#14965:趣:ㄑㄩˋ;3down:YenRoundZuinnEG-Bd#15535:泳:ㄩㄥˇ;3down:YenRoundZuinnEG-Bd#14955:全:ㄑㄩㄢˊ,static full-data audit + key LOO + cross-book holdout; support>=2,exact vertical-group outline signature; no fuzzy
symbol,6ab62cb2df6fabe6154d2ceb2124294cb294d200,ㄩ,18,3,3up:n@dW5@#14242:樂:ㄩㄝˋ;3up:DFPBiaoKai-W5-ZhuIn-BFW#14244:原:ㄩㄢˊ;3up:DFPBiaoKai-W5-ZhuIn-BFW#14249:運:ㄩㄣˋ;3up:DFPBiaoKai-W5-ZhuIn-BFW#14254:用:ㄩㄥˋ;3up:DFPBiaoKai-W5-ZhuIn-BFW#14241:約:ㄩㄝ;3up:DFPBiaoKai-W5-ZhuIn-BFW#14245:院:ㄩㄢˋ;3up:DFPBiaoKai-W5-ZhuIn-BFW#14255:勇:ㄩㄥˇ;3up:DFPBiaoKai-W5-ZhuIn-BFW#14246:遠:ㄩㄢˇ;3up:DFPBiaoKai-W5-ZhuIn-BFW#14242:越:ㄩㄝˋ;3down:DFPBiaoKai-W5-ZhuIn-BFW#14242:悅:ㄩㄝˋ;3down:DFPBiaoKai-W5-ZhuIn-BFW#14244:原:ㄩㄢˊ;3down:DFPBiaoKai-W5-ZhuIn-BFW#14249:運:ㄩㄣˋ,static full-data audit + key LOO + cross-book holdout; support>=2,exact vertical-group outline signature; no fuzzy
symbol,a833413c3db0bb080be38fc3ec1e9606a455305f,ㄩ,26,3,3up:DFPBiaoKai-W5-ZhuIn-BFW#15078:學:ㄒㄩㄝˊ;3up:DFPBiaoKai-W5-ZhuIn-BFW#14977:決:ㄐㄩㄝˊ;3up:DFPBiaoKai-W5-ZhuIn-BFW#15086:尋:ㄒㄩㄣˊ;3up:DFPBiaoKai-W5-ZhuIn-BFW#15031:拳:ㄑㄩㄢˊ;3up:DFPBiaoKai-W5-ZhuIn-BFW#15084:選:ㄒㄩㄢˇ;3up:DFPBiaoKai-W5-ZhuIn-BFW#15029:確:ㄑㄩㄝˋ;3up:DFPBiaoKai-W5-ZhuIn-BFW#15088:胸:ㄒㄩㄥ;3up:DFPBiaoKai-W5-ZhuIn-BFW#15087:訊:ㄒㄩㄣˋ;3up:DFPBiaoKai-W5-ZhuIn-BFW#14984:菌:ㄐㄩㄣˋ;3up:DFPBiaoKai-W5-ZhuIn-BFW#14983:軍:ㄐㄩㄣ;3up:n@dW5@#14977:角:ㄐㄩㄝˊ;3up:DFPBiaoKai-W5-ZhuIn-BFW#15082:旋:ㄒㄩㄢˊ,static full-data audit + key LOO + cross-book holdout; support>=2,exact vertical-group outline signature; no fuzzy
symbol,c2bc7ce2b1cab2d628aa041ebcb3e250d1764729,ㄩ,20,1,3up:DFPBiaoKai-W5-ZhuIn-BFW#14972:居:ㄐㄩ;3up:DFPBiaoKai-W5-ZhuIn-BFW#15076:許:ㄒㄩˇ;3up:DFPBiaoKai-W5-ZhuIn-BFW#15025:去:ㄑㄩˋ;3up:DFPBiaoKai-W5-ZhuIn-BFW#14975:舉:ㄐㄩˇ;3up:DFPBiaoKai-W5-ZhuIn-BFW#15075:續:ㄒㄩˋ;3up:DFPBiaoKai-W5-ZhuIn-BFW#15073:需:ㄒㄩ;3up:DFPBiaoKai-W5-ZhuIn-BFW#14974:拒:ㄐㄩˋ;3up:DFPBiaoKai-W5-ZhuIn-BFW#15023:區:ㄑㄩ;3up:DFPBiaoKai-W5-ZhuIn-BFW#15026:取:ㄑㄩˇ;3up:DFPBiaoKai-W5-ZhuIn-BFW#14973:局:ㄐㄩˊ;3down:DFPBiaoKai-W5-ZhuIn-BFW#15076:許:ㄒㄩˇ;3down:DFPBiaoKai-W5-ZhuIn-BFW#15023:軀:ㄑㄩ,static full-data audit + key LOO + cross-book holdout; support>=2,exact vertical-group outline signature; no fuzzy
symbol,dd40196a90d65b8453186c304c6a87ff0798d624,ㄩ,7,2,3up:DFPBiaoKai-W5-ZhuIn-BFW#14239:玉:ㄩˋ;3up:DFPBiaoKai-W5-ZhuIn-BFW#14238:魚:ㄩˊ;3up:DFPBiaoKai-W5-ZhuIn-BFW#14240:與:ㄩˇ;3down:DFPBiaoKai-W5-ZhuIn-BFW#14238:於:ㄩˊ;3down:DFPBiaoKai-W5-ZhuIn-BFW#14239:愈:ㄩˋ;3down:DFPBiaoKai-W5-ZhuIn-BFW#14240:與:ㄩˇ;3down:DFPBiaoKai-W5-PoIn1-BFW#14239:與:ㄩˋ,static full-data audit + key LOO + cross-book holdout; support>=2,exact vertical-group outline signature; no fuzzy
symbol,ea5132c99cff6dac3f95988a4da9fb8997ad214c,ㄩ,29,2,3up:DFPYuanW5-ZhuIn-BFW#15079:學:ㄒㄩㄝˊ;3up:DFPYuanW5-ZhuIn-BFW#14250:運:ㄩㄣˋ;3up:DFPYuanW5-ZhuIn-BFW#14978:決:ㄐㄩㄝˊ;3up:DFPYuanW5-ZhuIn-BFW#14239:愉:ㄩˊ;3up:DFPYuanW5-ZhuIn-BFW#14975:拒:ㄐㄩˋ;3up:DFPYuanW5-ZhuIn-BFW#15087:詢:ㄒㄩㄣˊ;3up:DFPYuanW5-ZhuIn-BFW#14255:用:ㄩㄥˋ;3up:DFPYuanW5-ZhuIn-BFW#15026:去:ㄑㄩˋ;3up:DFPYuanW5-ZhuIn-BFW#15085:選:ㄒㄩㄢˇ;3up:DFPYuanW5-ZhuIn-BFW#14246:願:ㄩㄢˋ;3up:DFPYuanW5-ZhuIn-BFW#15088:訊:ㄒㄩㄣˋ;3up:DFPYuanW5-ZhuIn-BFW#14241:與:ㄩˇ,static full-data audit + key LOO + cross-book holdout; support>=2,exact vertical-group outline signature; no fuzzy
tone,0911b4af41fe815ed931c6533b943ce13e844972,2,142,5,3up:DFPBiaoKai-W5-ZhuIn-BFW#14989:奇:ㄑㄧˊ;3up:DFPBiaoKai-W5-ZhuIn-BFW#14469:服:ㄈㄨˊ;3up:DFPBiaoKai-W5-ZhuIn-BFW#15039:習:ㄒㄧˊ;3up:DFPBiaoKai-W5-ZhuIn-BFW#15303:如:ㄖㄨˊ;3up:DFPBiaoKai-W5-ZhuIn-BFW#14876:何:ㄏㄜˊ;3up:DFPBiaoKai-W5-ZhuIn-BFW#14324:培:ㄆㄟˊ;3up:DFPBiaoKai-W5-ZhuIn-BFW#14452:煩:ㄈㄢˊ;3up:DFPBiaoKai-W5-ZhuIn-BFW#14879:還:ㄏㄞˊ;3up:DFPBiaoKai-W5-PoIn1-BFW#15110:著:ㄓㄠˊ;3up:DFPBiaoKai-W5-ZhuIn-BFW#14222:完:ㄨㄢˊ;3up:DFPBiaoKai-W5-ZhuIn-BFW#14942:級:ㄐㄧˊ;3up:DFPBiaoKai-W5-ZhuIn-BFW#14347:朋:ㄆㄥˊ,static full-data audit + key LOO + cross-book holdout; support>=2,exact right-tone contour signature; no fuzzy
tone,15bc33a1fdacd8d24143f740aeecf40b9551f1a3,2,82,4,3up:DFPBiaoKai-W5-ZhuIn-BFW#14798:國:ㄍㄨㄛˊ;3up:DFPBiaoKai-W5-ZhuIn-BFW#14429:民:ㄇㄧㄣˊ;3up:DFPBiaoKai-W5-ZhuIn-BFW#14602:同:ㄊㄨㄥˊ;3up:DFPBiaoKai-W5-ZhuIn-BFW#15078:學:ㄒㄩㄝˊ;3up:DFPBiaoKai-W5-ZhuIn-BFW#15417:從:ㄘㄨㄥˊ;3up:DFPBiaoKai-W5-ZhuIn-BFW#14916:活:ㄏㄨㄛˊ;3up:DFPBiaoKai-W5-ZhuIn-BFW#14977:決:ㄐㄩㄝˊ;3up:DFPBiaoKai-W5-ZhuIn-BFW#14648:年:ㄋㄧㄢˊ;3up:DFPBiaoKai-W5-ZhuIn-BFW#14651:您:ㄋㄧㄣˊ;3up:DFPBiaoKai-W5-ZhuIn-BFW#15070:行:ㄒㄧㄥˊ;3up:DFPBiaoKai-W5-ZhuIn-BFW#14431:名:ㄇㄧㄥˊ;3up:DFPBiaoKai-W5-ZhuIn-BFW#14926:環:ㄏㄨㄢˊ,static full-data audit + key LOO + cross-book holdout; support>=2,exact right-tone contour signature; no fuzzy
tone,202055c0fa3b1f66a66cb6ecbbad773f9947767f,2,60,2,3up:DFPYuanW5-ZhuIn-BFW#14943:吉:ㄐㄧˊ;3up:DFPYuanW5-ZhuIn-BFW#14310:不:ㄅㄨˊ;3up:DFPYuanW5-ZhuIn-BFW#14470:服:ㄈㄨˊ;3up:DFPYuanW5-ZhuIn-BFW#14877:合:ㄏㄜˊ;3up:DFPYuanW5-ZhuIn-BFW#14348:朋:ㄆㄥˊ;3up:DFPYuanW5-ZhuIn-BFW#15239:誰:ㄕㄟˊ;3up:DFPYuanW5-ZhuIn-BFW#14223:玩:ㄨㄢˊ;3up:DFPYuanW5-ZhuIn-BFW#15040:息:ㄒㄧˊ;3up:DFPYuanW5-ZhuIn-BFW#14990:期:ㄑㄧˊ;3up:DFPYuanW5-ZhuIn-BFW#14476:達:ㄉㄚˊ;3up:DFPYuanW5-ZhuIn-BFW#14391:沒:ㄇㄟˊ;3up:DFPYuanW5-ZhuIn-BFW#15295:人:ㄖㄣˊ,static full-data audit + key LOO + cross-book holdout; support>=2,exact right-tone contour signature; no fuzzy
tone,29211f016722d2f2ad1e6b1b307e6a5d6cd6c42e,2,5,2,3up:DFHeiPoIn1-Bd-BPMW-BF#14209:一:ㄧˊ;3up:DFHeiPoIn1-Bd-BPMW-BF#14261:為:ㄨㄟˊ;3up:DFHeiPoIn1-Bd-BPMW-BF#15140:炸:ㄓㄚˊ;3up:DFHeiChuIn-Bd-BPMW-BF#14209:移:ㄧˊ;3up:DFHeiChuIn-Bd-BPMW-BF#14261:微:ㄨㄟˊ,static full-data audit + key LOO + cross-book holdout; support>=2,exact right-tone contour signature; no fuzzy
tone,3d5d3bde7661c7c9730a91160d0b3c1af1ca06c4,2,10,1,3up:DFPBiaoKai-W5-ZhuIn-BFW#14724:良:ㄌㄧㄤˊ;3up:DFPBiaoKai-W5-ZhuIn-BFW#14721:臨:ㄌㄧㄣˊ;3up:DFPBiaoKai-W5-ZhuIn-BFW#14718:連:ㄌㄧㄢˊ;3up:DFPBiaoKai-W5-ZhuIn-BFW#14728:靈:ㄌㄧㄥˊ;3up:DFPBiaoKai-W5-ZhuIn-BFW#14715:流:ㄌㄧㄡˊ;3down:DFPBiaoKai-W5-ZhuIn-BFW#14715:留:ㄌㄧㄡˊ;3down:DFPBiaoKai-W5-ZhuIn-BFW#14724:良:ㄌㄧㄤˊ;3down:DFPBiaoKai-W5-ZhuIn-BFW#14718:聯:ㄌㄧㄢˊ;3down:DFPBiaoKai-W5-ZhuIn-BFW#14728:靈:ㄌㄧㄥˊ;3down:DFPBiaoKai-W5-ZhuIn-BFW#14721:林:ㄌㄧㄣˊ,static full-data audit + key LOO + cross-book holdout; support>=2,exact right-tone contour signature; no fuzzy
tone,4716644e270dbf5aa1ae867830e177e3a7e0a2e5,2,6,2,3up:DFPYuanW5-ZhuIn-BFW#15225:時:ㄕˊ;3up:DFPYuanW5-ZhuIn-BFW#14239:愉:ㄩˊ;3up:DFPYuanW5-ZhuIn-BFW#14163:而:ㄦˊ;3up:DFPYuanW5-ZhuIn-BFW#14167:一:ㄧˊ;3up:DFPYuanW5-ZhuIn-BFW#15094:質:ㄓˊ;3up:DFPYuanW5-PoIn3-BFW#14167:一:ㄧˊ,static full-data audit + key LOO + cross-book holdout; support>=2,exact right-tone contour signature; no fuzzy
tone,b5ebc99ae9d848c8b5918f8fbbb85f7c7a599b46,2,40,2,3up:DFPYuanW5-ZhuIn-BFW#14744:倫:ㄌㄨㄣˊ;3up:DFPYuanW5-ZhuIn-BFW#14603:同:ㄊㄨㄥˊ;3up:DFPYuanW5-ZhuIn-BFW#15079:學:ㄒㄩㄝˊ;3up:DFPYuanW5-ZhuIn-BFW#14432:名:ㄇㄧㄥˊ;3up:DFPYuanW5-ZhuIn-BFW#15009:前:ㄑㄧㄢˊ;3up:DFPYuanW5-ZhuIn-BFW#14725:良:ㄌㄧㄤˊ;3up:DFPYuanW5-ZhuIn-BFW#14917:活:ㄏㄨㄛˊ;3up:DFPYuanW5-ZhuIn-BFW#14978:決:ㄐㄩㄝˊ;3up:DFPYuanW5-ZhuIn-BFW#14295:別:ㄅㄧㄝˊ;3up:DFPYuanW5-ZhuIn-BFW#15021:情:ㄑㄧㄥˊ;3up:DFPYuanW5-ZhuIn-BFW#15418:從:ㄘㄨㄥˊ;3up:DFPYuanW5-ZhuIn-BFW#14923:回:ㄏㄨㄟˊ,static full-data audit + key LOO + cross-book holdout; support>=2,exact right-tone contour signature; no fuzzy
tone,dd670e158401123bc33b55fe8cad6695c362aad6,2,2,1,3up:DFPWaWa-W5-ZhuIn-BFW#15303:如:ㄖㄨˊ;3up:DFPWaWa-W5-ZhuIn-BFW#14876:何:ㄏㄜˊ,static full-data audit + key LOO + cross-book holdout; support>=2,exact right-tone contour signature; no fuzzy
tone,ef43c7b32d0dfe1f0f8ae8f4a7347ab8808572c3,2,15,3,3up:n@dW5@#14166:一:ㄧˊ;3up:DFPBiaoKai-W5-ZhuIn-BFW#15224:食:ㄕˊ;3up:DFPBiaoKai-W5-ZhuIn-BFW#14204:吳:ㄨˊ;3up:DFPBiaoKai-W5-ZhuIn-BFW#14162:而:ㄦˊ;3up:DFPBiaoKai-W5-ZhuIn-BFW#15093:直:ㄓˊ;3up:DFPBiaoKai-W5-ZhuIn-BFW#14238:魚:ㄩˊ;3up:DFPBiaoKai-W5-PoIn1-BFW#14166:一:ㄧˊ;3up:DFPBiaoKai-W5-ZhuIn-BFW#14166:宜:ㄧˊ;3down:DFPBiaoKai-W5-ZhuIn-BFW#15224:食:ㄕˊ;3down:DFPBiaoKai-W5-ZhuIn-BFW#14238:於:ㄩˊ;3down:DFPBiaoKai-W5-ZhuIn-BFW#15093:直:ㄓˊ;3down:DFPBiaoKai-W5-PoIn1-BFW#14166:一:ㄧˊ,static full-data audit + key LOO + cross-book holdout; support>=2,exact right-tone contour signature; no fuzzy
tone,f91544ced2170e6ee84aef9adbf244f6bfe39f94,2,4,3,3up:DFHeiChuIn-Bd-BPMW-BF#15051:前:ㄑㄧㄢˊ;3up:DFHeiPoIn2-Bd-BPMW-BF#15179:著:ㄓㄨㄛˊ;3up:DFHeiPoIn1-Bd-BPMW-BF#15262:重:ㄔㄨㄥˊ;3up:DFHeiPoIn1-Bd-BPMW-BF#15051:乾:ㄑㄧㄢˊ,static full-data audit + key LOO + cross-book holdout; support>=2,exact right-tone contour signature; no fuzzy
tone,2016248b5d4e25b07864d42df7be15a19fe0126f,3,70,2,3up:DFPYuanW5-ZhuIn-BFW#14282:本:ㄅㄣˇ;3up:DFPYuanW5-ZhuIn-BFW#15109:窄:ㄓㄞˇ;3up:DFPYuanW5-ZhuIn-BFW#15344:怎:ㄗㄣˇ;3up:DFPYuanW5-ZhuIn-BFW#14888:好:ㄏㄠˇ;3up:DFPYuanW5-ZhuIn-BFW#14187:友:ㄧㄡˇ;3up:DFPYuanW5-ZhuIn-BFW#14214:我:ㄨㄛˇ;3up:DFPYuanW5-ZhuIn-BFW#15129:整:ㄓㄥˇ;3up:DFPYuanW5-ZhuIn-BFW#15243:少:ㄕㄠˇ;3up:DFPYuanW5-ZhuIn-BFW#14689:老:ㄌㄠˇ;3up:DFPYuanW5-ZhuIn-BFW#14566:體:ㄊㄧˇ;3up:DFPYuanW5-PoIn1-BFW#15126:長:ㄓㄤˇ;3up:DFPYuanW5-ZhuIn-BFW#14203:影:ㄧㄥˇ,static full-data audit + key LOO + cross-book holdout; support>=2,exact right-tone contour signature; no fuzzy
tone,6ffe85613e3340810899018471895e09c7cefa10,3,171,3,3up:DFPBiaoKai-W5-ZhuIn-BFW#14944:己:ㄐㄧˇ;3up:DFPBiaoKai-W5-ZhuIn-BFW#14705:裡:ㄌㄧˇ;3up:DFPBiaoKai-W5-ZhuIn-BFW#14213:我:ㄨㄛˇ;3up:DFPBiaoKai-W5-ZhuIn-BFW#14887:好:ㄏㄠˇ;3up:DFPBiaoKai-W5-ZhuIn-BFW#14224:晚:ㄨㄢˇ;3up:DFPBiaoKai-W5-ZhuIn-BFW#14392:每:ㄇㄟˇ;3up:DFPBiaoKai-W5-PoIn1-BFW#15125:長:ㄓㄤˇ;3up:DFPBiaoKai-W5-ZhuIn-BFW#14565:體:ㄊㄧˇ;3up:DFPBiaoKai-W5-ZhuIn-BFW#14198:養:ㄧㄤˇ;3up:DFPBiaoKai-W5-ZhuIn-BFW#15343:怎:ㄗㄣˇ;3up:DFPBiaoKai-W5-ZhuIn-BFW#14621:惱:ㄋㄠˇ;3up:DFPBiaoKai-W5-ZhuIn-BFW#14547:討:ㄊㄠˇ,static full-data audit + key LOO + cross-book holdout; support>=2,exact right-tone contour signature; no fuzzy
tone,7fac3898150b5dcc9f6bf413854f05eb9461b8f7,3,10,1,3up:DFPYuanW5-ZhuIn-BFW#14169:以:ㄧˇ;3up:DFPYuanW5-ZhuIn-BFW#14207:五:ㄨˇ;3up:DFPYuanW5-ZhuIn-BFW#15227:使:ㄕˇ;3up:DFPYuanW5-ZhuIn-BFW#14149:嘔:ㄡˇ;3up:DFPYuanW5-ZhuIn-BFW#14241:與:ㄩˇ;3up:DFPYuanW5-ZhuIn-BFW#15096:指:ㄓˇ;3up:DFPYuanW5-ZhuIn-BFW#14135:噁:ㄜˇ;3up:DFPYuanW5-ZhuIn-BFW#15321:子:ㄗˇ;3up:DFPYuanW5-ZhuIn-BFW#14165:耳:ㄦˇ;3up:DFPYuanW5-ZhuIn-BFW#15373:此:ㄘˇ,static full-data audit + key LOO + cross-book holdout; support>=2,exact right-tone contour signature; no fuzzy
tone,8f5de9ee3c045ec625fa5c1fce0f18c6e55bd799,3,2,1,3up:DFHeiPoIn1-Bd-BPMW-BF#14402:漂:ㄆㄧㄠˇ;3up:DFHeiPoIn1-Bd-BPMW-BF#14615:挑:ㄊㄧㄠˇ,static full-data audit + key LOO + cross-book holdout; support>=2,exact right-tone contour signature; no fuzzy
tone,a77d56245f041944f38c4c257d008b3d3da10eed,3,2,1,3up:DFPWaWa-W5-ZhuIn-BFW#14224:碗:ㄨㄢˇ;3up:DFPWaWa-W5-ZhuIn-BFW#14824:可:ㄎㄜˇ,static full-data audit + key LOO + cross-book holdout; support>=2,exact right-tone contour signature; no fuzzy
tone,b7cee0a77ccdcb3b5dd214af0a4b492c58dfcf4a,3,2,2,3up:DFHeiChuIn-Bd-BPMW-BF#14987:己:ㄐㄧˇ;3up:DFHeiPoIn1-Bd-BPMW-BF#14987:給:ㄐㄧˇ,static full-data audit + key LOO + cross-book holdout; support>=2,exact right-tone contour signature; no fuzzy
tone,bf9767179987522f3fa5a59cdea378f7a0f86563,3,86,3,3up:DFPBiaoKai-W5-ZhuIn-BFW#14529:短:ㄉㄨㄢˇ;3up:DFPBiaoKai-W5-PoIn1-BFW#14572:挑:ㄊㄧㄠˇ;3up:DFPBiaoKai-W5-ZhuIn-BFW#14952:解:ㄐㄧㄝˇ;3up:DFPBiaoKai-W5-ZhuIn-BFW#14513:點:ㄉㄧㄢˇ;3up:DFPBiaoKai-W5-ZhuIn-BFW#15053:小:ㄒㄧㄠˇ;3up:DFPBiaoKai-W5-ZhuIn-BFW#15022:請:ㄑㄧㄥˇ;3up:n@dW5@#14572:挑:ㄊㄧㄠˇ;3up:DFPBiaoKai-W5-ZhuIn-BFW#14524:躲:ㄉㄨㄛˇ;3up:DFPBiaoKai-W5-ZhuIn-BFW#15049:寫:ㄒㄧㄝˇ;3up:DFPBiaoKai-W5-ZhuIn-BFW#14800:果:ㄍㄨㄛˇ;3up:DFPBiaoKai-W5-ZhuIn-BFW#15068:響:ㄒㄧㄤˇ;3up:DFPBiaoKai-W5-ZhuIn-BFW#14965:緊:ㄐㄧㄣˇ,static full-data audit + key LOO + cross-book holdout; support>=2,exact right-tone contour signature; no fuzzy
tone,c238668a565aed36010d93306a11b084c81cc2a7,3,15,2,3up:DFPBiaoKai-W5-ZhuIn-BFW#15226:始:ㄕˇ;3up:DFPBiaoKai-W5-ZhuIn-BFW#14168:以:ㄧˇ;3up:DFPBiaoKai-W5-ZhuIn-BFW#15095:指:ㄓˇ;3up:DFPBiaoKai-W5-ZhuIn-BFW#14206:五:ㄨˇ;3up:DFPBiaoKai-W5-ZhuIn-BFW#14240:與:ㄩˇ;3up:DFPBiaoKai-W5-ZhuIn-BFW#15372:此:ㄘˇ;3up:DFPBiaoKai-W5-ZhuIn-BFW#14164:耳:ㄦˇ;3up:DFPBiaoKai-W5-ZhuIn-BFW#14148:嘔:ㄡˇ;3down:DFPBiaoKai-W5-PoIn1-BFW#15320:子:ㄗˇ;3down:DFPBiaoKai-W5-ZhuIn-BFW#14168:以:ㄧˇ;3down:DFPBiaoKai-W5-ZhuIn-BFW#15226:始:ㄕˇ;3down:DFPBiaoKai-W5-ZhuIn-BFW#15095:只:ㄓˇ,static full-data audit + key LOO + cross-book holdout; support>=2,exact right-tone contour signature; no fuzzy
tone,c6c10be6bafcd3157127a4fc592ab4618c03be21,3,41,2,3up:DFPYuanW5-ZhuIn-BFW#15054:小:ㄒㄧㄠˇ;3up:DFPYuanW5-ZhuIn-BFW#14530:短:ㄉㄨㄢˇ;3up:DFPYuanW5-ZhuIn-BFW#15069:響:ㄒㄧㄤˇ;3up:DFPYuanW5-ZhuIn-BFW#15023:請:ㄑㄧㄥˇ;3up:DFPYuanW5-ZhuIn-BFW#15050:寫:ㄒㄧㄝˇ;3up:DFPYuanW5-ZhuIn-BFW#14727:兩:ㄌㄧㄤˇ;3up:DFPYuanW5-ZhuIn-BFW#15155:種:ㄓㄨㄥˇ;3up:DFPYuanW5-ZhuIn-BFW#14963:減:ㄐㄧㄢˇ;3up:DFPYuanW5-ZhuIn-BFW#14666:暖:ㄋㄨㄢˇ;3up:DFPYuanW5-ZhuIn-BFW#14953:解:ㄐㄧㄝˇ;3up:DFPYuanW5-ZhuIn-BFW#14368:品:ㄆㄧㄣˇ;3up:DFPYuanW5-ZhuIn-BFW#15019:搶:ㄑㄧㄤˇ,static full-data audit + key LOO + cross-book holdout; support>=2,exact right-tone contour signature; no fuzzy
tone,c727254791100ba4c831f91153691f8850e3c210,3,175,9,3down:YenRoundZuinnEG-Md#14567:你:ㄋㄧˇ;3down:YenRoundZuinnEG-Md#15466:有:ㄧㄡˇ;3down:YenRoundZuinnEG-Md#15494:我:ㄨㄛˇ;3down:YenRoundZuinnEG-Md#14948:起:ㄑㄧˇ;3down:YenRoundZuinn1EG-Md#14628:了:ㄌㄧㄠˇ;3down:YenRoundZuinnEG-Md#14874:解:ㄐㄧㄝˇ;3down:YenRoundZuinnEG-Md#14913:舉:ㄐㄩˇ;3down:YenRoundZuinnEG-Md#14897:己:ㄐㄧˇ;3down:YenRoundZuinnEG-Md#15485:以:ㄧˇ;3down:YenRoundZuinnEG-Md#15278:怎:ㄗㄣˇ;3down:YenRoundZuinnEG-Md#14487:體:ㄊㄧˇ;3down:YenRoundZuinnEG-Md#14425:躲:ㄉㄨㄛˇ,static full-data audit + key LOO + cross-book holdout; support>=2,exact right-tone contour signature; no fuzzy
tone,db4b9301c3a7d66dae238edf51fab0acce902a19,3,7,2,3up:DFPBiaoKai-W5-ZhuIn-BFW#14726:兩:ㄌㄧㄤˇ;3up:DFPBiaoKai-W5-ZhuIn-BFW#14720:臉:ㄌㄧㄢˇ;3up:DFPBiaoKai-W5-ZhuIn-BFW#14730:領:ㄌㄧㄥˇ;3down:DFPBiaoKai-W5-PoIn1-BFW#14713:了:ㄌㄧㄠˇ;3down:DFPBiaoKai-W5-ZhuIn-BFW#14726:兩:ㄌㄧㄤˇ;3down:DFPBiaoKai-W5-ZhuIn-BFW#14730:領:ㄌㄧㄥˇ;3down:DFPBiaoKai-W5-ZhuIn-BFW#14720:臉:ㄌㄧㄢˇ,static full-data audit + key LOO + cross-book holdout; support>=2,exact right-tone contour signature; no fuzzy
tone,ded62369ca5e2f33e7c60fc46ed28a35816a72b0,3,2,1,3up:DFPBiaoKai-W5-ZhuIn-BFW#14665:暖:ㄋㄨㄢˇ;3down:DFPBiaoKai-W5-ZhuIn-BFW#14665:暖:ㄋㄨㄢˇ,static full-data audit + key LOO + cross-book holdout; support>=2,exact right-tone contour signature; no fuzzy
tone,105c8e2059d8f42ec5598234abaed7a2041c0765,4,2,1,3up:DFPWaWa-W5-ZhuIn-BFW#15355:做:ㄗㄨㄛˋ;3up:DFPWaWa-W5-ZhuIn-BFW#14961:健:ㄐㄧㄢˋ,static full-data audit + key LOO + cross-book holdout; support>=2,exact right-tone contour signature; no fuzzy
tone,2fea36488fddd928d3c5dfe878cc01d2c3cff17b,4,12,2,3up:DFHeiChuIn-Bd-BPMW-BF#14529:到:ㄉㄠˋ;3up:DFHeiPoIn1-Bd-BPMW-BF#14929:好:ㄏㄠˋ;3up:DFHeiChuIn-Bd-BPMW-BF#14500:份:ㄈㄣˋ;3up:DFHeiPoIn1-Bd-BPMW-BF#14538:當:ㄉㄤˋ;3up:DFHeiPoIn1-Bd-BPMW-BF#14937:和:ㄏㄢˋ;3up:DFHeiPoIn1-Bd-BPMW-BF#14219:液:ㄧㄝˋ;3up:DFHeiPoIn1-Bd-BPMW-BF#14529:倒:ㄉㄠˋ;3up:DFHeiChuIn-Bd-BPMW-BF#14353:部:ㄅㄨˋ;3up:DFHeiPoIn1-Bd-BPMW-BF#14353:不:ㄅㄨˋ;3up:DFHeiPoIn1-Bd-BPMW-BF#14500:分:ㄈㄣˋ;3up:DFHeiChuIn-Bd-BPMW-BF#14806:各:ㄍㄜˋ;3up:DFHeiPoIn1-Bd-BPMW-BF#14806:個:ㄍㄜˋ,static full-data audit + key LOO + cross-book holdout; support>=2,exact right-tone contour signature; no fuzzy
tone,3217c210f405b2552b56dc4511abb1766cced6ec,4,2,2,3up:DFHeiPoIn2-Bd-BPMW-BF#14210:一:ㄧˋ;3up:DFHeiChuIn-Bd-BPMW-BF#14210:意:ㄧˋ,static full-data audit + key LOO + cross-book holdout; support>=2,exact right-tone contour signature; no fuzzy
tone,3725a633086859246a0ca2d7881aa9a4fc9de86f,4,62,2,3up:DFPYuanW5-ZhuIn-BFW#14302:變:ㄅㄧㄢˋ;3up:DFPYuanW5-ZhuIn-BFW#14924:會:ㄏㄨㄟˋ;3up:DFPYuanW5-ZhuIn-BFW#15154:重:ㄓㄨㄥˋ;3up:DFPYuanW5-ZhuIn-BFW#15045:下:ㄒㄧㄚˋ;3up:DFPYuanW5-ZhuIn-BFW#14956:教:ㄐㄧㄠˋ;3up:DFPYuanW5-ZhuIn-BFW#14527:對:ㄉㄨㄟˋ;3up:DFPYuanW5-ZhuIn-BFW#15068:項:ㄒㄧㄤˋ;3up:DFPYuanW5-ZhuIn-BFW#14913:化:ㄏㄨㄚˋ;3up:DFPYuanW5-ZhuIn-BFW#14535:動:ㄉㄨㄥˋ;3up:DFPYuanW5-ZhuIn-BFW#15275:睡:ㄕㄨㄟˋ;3up:DFPYuanW5-ZhuIn-BFW#14717:六:ㄌㄧㄡˋ;3up:DFPYuanW5-ZhuIn-BFW#14809:慣:ㄍㄨㄢˋ,static full-data audit + key LOO + cross-book holdout; support>=2,exact right-tone contour signature; no fuzzy
tone,45b8ea0f814f43322f7dde6fc01f39e5f360a465,4,30,4,3up:DFPBiaoKai-W5-ZhuIn-BFW#15319:自:ㄗˋ;3up:DFPBiaoKai-W5-PoIn2-BFW#14167:一:ㄧˋ;3up:DFPBiaoKai-W5-ZhuIn-BFW#14138:愛:ㄞˋ;3up:DFPBiaoKai-W5-ZhuIn-BFW#15225:是:ㄕˋ;3up:DFPBiaoKai-W5-ZhuIn-BFW#14205:物:ㄨˋ;3up:DFPBiaoKai-W5-ZhuIn-BFW#14163:二:ㄦˋ;3up:DFPBiaoKai-W5-ZhuIn-BFW#15094:制:ㄓˋ;3up:n@dW5G#14167:一:ㄧˋ;3up:DFPBiaoKai-W5-ZhuIn-BFW#14239:玉:ㄩˋ;3up:DFPBiaoKai-W5-ZhuIn-BFW#15371:次:ㄘˋ;3up:DFPBiaoKai-W5-ZhuIn-BFW#15283:日:ㄖˋ;3up:DFPBiaoKai-W5-ZhuIn-BFW#14167:易:ㄧˋ,static full-data audit + key LOO + cross-book holdout; support>=2,exact right-tone contour signature; no fuzzy
tone,4c42f4d8fb7f443fed044015b951482206518129,4,6,2,3up:DFHeiChuIn-Bd-BPMW-BF#15196:重:ㄓㄨㄥˋ;3up:DFHeiChuIn-Bd-BPMW-BF#15013:淨:ㄐㄧㄥˋ;3up:DFHeiPoIn1-Bd-BPMW-BF#14978:晃:ㄏㄨㄤˋ;3up:DFHeiPoIn1-Bd-BPMW-BF#14768:量:ㄌㄧㄤˋ;3up:DFHeiPoIn1-Bd-BPMW-BF#15013:勁:ㄐㄧㄥˋ;3up:DFHeiPoIn1-Bd-BPMW-BF#15196:中:ㄓㄨㄥˋ,static full-data audit + key LOO + cross-book holdout; support>=2,exact right-tone contour signature; no fuzzy
tone,5c57e9a679962e55e0fc3304f4657a09b566d44d,4,13,2,3up:DFPYuanW5-ZhuIn-BFW#15226:是:ㄕˋ;3up:DFPYuanW5-ZhuIn-BFW#15320:自:ㄗˋ;3up:DFPYuanW5-ZhuIn-BFW#15095:至:ㄓˋ;3up:DFPYuanW5-ZhuIn-BFW#14164:二:ㄦˋ;3up:DFPYuanW5-ZhuIn-BFW#15422:四:ㄙˋ;3up:DFPYuanW5-ZhuIn-BFW#15284:日:ㄖˋ;3up:DFPYuanW5-PoIn1-BFW#14168:一:ㄧˋ;3up:DFPYuanW5-ZhuIn-BFW#14206:物:ㄨˋ;3up:DFPYuanW5-ZhuIn-BFW#14139:愛:ㄞˋ;3up:DFPYuanW5-ZhuIn-BFW#14168:意:ㄧˋ;3up:DFPYuanW5-ZhuIn-BFW#14240:預:ㄩˋ;3up:DFPYuanW5-ZhuIn-BFW#15372:刺:ㄘˋ,static full-data audit + key LOO + cross-book holdout; support>=2,exact right-tone contour signature; no fuzzy
tone,76ddfbe03cdd545354e83045461aeadd4c3cbe1c,4,105,3,3up:DFPYuanW5-ZhuIn-BFW#14490:荳:ㄉㄡˋ;3up:DFPYuanW5-ZhuIn-BFW#14389:麥:ㄇㄞˋ;3up:DFPYuanW5-ZhuIn-BFW#14436:目:ㄇㄨˋ;3up:DFPYuanW5-PoIn3-BFW#14895:和:ㄏㄢˋ;3up:DFPYuanW5-ZhuIn-BFW#14824:課:ㄎㄜˋ;3up:DFPYuanW5-ZhuIn-BFW#15257:上:ㄕㄤˋ;3up:DFPYuanW5-ZhuIn-BFW#14847:褲:ㄎㄨˋ;3up:DFPYuanW5-PoIn1-BFW#14311:不:ㄅㄨˋ;3up:DFPYuanW5-ZhuIn-BFW#14182:要:ㄧㄠˋ;3up:DFPYuanW5-ZhuIn-BFW#15265:數:ㄕㄨˋ;3up:DFPYuanW5-PoIn1-BFW#14202:應:ㄧㄥˋ;3up:DFPYuanW5-ZhuIn-BFW#14503:第:ㄉㄧˋ,static full-data audit + key LOO + cross-book holdout; support>=2,exact right-tone contour signature; no fuzzy
tone,8536bdf48ad688dd4783b5be69d93efcbb9f865b,4,127,3,3up:DFPBiaoKai-W5-ZhuIn-BFW#14422:妙:ㄇㄧㄠˋ;3up:DFPBiaoKai-W5-ZhuIn-BFW#14427:面:ㄇㄧㄢˋ;3up:DFPBiaoKai-W5-ZhuIn-BFW#14737:落:ㄌㄨㄛˋ;3up:DFPBiaoKai-W5-ZhuIn-BFW#15067:像:ㄒㄧㄤˋ;3up:DFPBiaoKai-W5-ZhuIn-BFW#14301:變:ㄅㄧㄢˋ;3up:DFPBiaoKai-W5-ZhuIn-BFW#14603:痛:ㄊㄨㄥˋ;3up:DFPBiaoKai-W5-ZhuIn-BFW#15153:重:ㄓㄨㄥˋ;3up:DFPBiaoKai-W5-ZhuIn-BFW#14964:進:ㄐㄧㄣˋ;3up:DFPBiaoKai-W5-ZhuIn-BFW#14528:段:ㄉㄨㄢˋ;3up:DFPBiaoKai-W5-ZhuIn-BFW#14526:對:ㄉㄨㄟˋ;3up:DFPBiaoKai-W5-ZhuIn-BFW#15059:現:ㄒㄧㄢˋ;3up:DFPBiaoKai-W5-ZhuIn-BFW#14958:就:ㄐㄧㄡˋ,static full-data audit + key LOO + cross-book holdout; support>=2,exact right-tone contour signature; no fuzzy
tone,9ded5c5f4c5e8a4ac0af6bc359a4bb214a7aab1c,4,15,3,3up:DFPBiaoKai-W5-ZhuIn-BFW#14708:列:ㄌㄧㄝˋ;3up:DFPBiaoKai-W5-ZhuIn-BFW#14719:練:ㄌㄧㄢˋ;3up:DFPBiaoKai-W5-ZhuIn-BFW#14729:另:ㄌㄧㄥˋ;3up:DFPBiaoKai-W5-ZhuIn-BFW#14725:諒:ㄌㄧㄤˋ;3up:DFPBiaoKai-W5-ZhuIn-BFW#14712:料:ㄌㄧㄠˋ;3up:DFPBiaoKai-W5-ZhuIn-BFW#15358:最:ㄗㄨㄟˋ;3up:n@dW5@#14725:量:ㄌㄧㄤˋ;3up:DFPBiaoKai-W5-ZhuIn-BFW#14716:六:ㄌㄧㄡˋ;3down:DFPBiaoKai-W5-ZhuIn-BFW#15358:最:ㄗㄨㄟˋ;3down:DFPBiaoKai-W5-ZhuIn-BFW#14708:列:ㄌㄧㄝˋ;3down:DFPBiaoKai-W5-PoIn1-BFW#14725:量:ㄌㄧㄤˋ;3down:DFPBiaoKai-W5-ZhuIn-BFW#14712:料:ㄌㄧㄠˋ,static full-data audit + key LOO + cross-book holdout; support>=2,exact right-tone contour signature; no fuzzy
tone,a091e5544f1297a1aee1b78e5b57e59804d22f2a,4,327,15,3down:YenRoundZuinnEG-Md#14718:過:ㄍㄨㄛˋ;3down:YenRoundZuinnEG-Md#15531:運:ㄩㄣˋ;3down:YenRoundZuinnEG-Md#14437:動:ㄉㄨㄥˋ;3down:YenRoundZuinnEG-Md#14844:會:ㄏㄨㄟˋ;3down:YenRoundZuinnEG-Md#15032:這:ㄓㄜˋ;3down:YenRoundZuinn2EG-Md#15486:一:ㄧˋ;3down:YenRoundZuinnEG-Md#14172:辦:ㄅㄢˋ;3down:YenRoundZuinnEG-Md#14650:歷:ㄌㄧˋ;3down:YenRoundZuinnEG-Md#15463:要:ㄧㄠˋ;3down:YenRoundZuinnEG-Md#14898:記:ㄐㄧˋ;3down:YenRoundZuinnEG-Md#14428:隊:ㄉㄨㄟˋ;3down:YenRoundZuinnEG-Md#15289:作:ㄗㄨㄛˋ,static full-data audit + key LOO + cross-book holdout; support>=2,exact right-tone contour signature; no fuzzy
symbol,7b95a5cc4959d77e16e0c0536799eee9b1c53310,ㄒ,0,1,,direct_isolated_visual_v39,DFHei round1 visual index 1; exact signature only; no Han/context/dictionary
symbol,0eed34c0b84db1f26fb298ba7f023030e93befeb,ㄕ,0,1,,direct_isolated_visual_v39,DFHei round1 visual index 2; exact signature only; no Han/context/dictionary
symbol,64dc1895805e4e26d051fa0dc1ce14d8d284a87f,ㄌ,0,1,,direct_isolated_visual_v39,DFHei round1 visual index 3; exact signature only; no Han/context/dictionary
symbol,08492bb42be952d78e799978d0d35c5224ea67ed,ㄕ,0,1,,direct_isolated_visual_v39,DFHei round1 visual index 4; exact signature only; no Han/context/dictionary
symbol,4d07ce22594703670fa9755991292cdda57d272e,ㄢ,0,1,,direct_isolated_visual_v39,DFHei round1 visual index 5; exact signature only; no Han/context/dictionary
symbol,3cb2cb19350a4ad3ca9d67a31e828112d0342e38,ㄓ,0,1,,direct_isolated_visual_v39,DFHei round1 visual index 6; exact signature only; no Han/context/dictionary
symbol,e646d7ec63c7da7803277627f24337e9584c9848,ㄉ,0,1,,direct_isolated_visual_v39,DFHei round1 visual index 7; exact signature only; no Han/context/dictionary
symbol,cd811b002d49c05e6666ea013c80a34a854b0853,ㄎ,0,1,,direct_isolated_visual_v39,DFHei round1 visual index 8; exact signature only; no Han/context/dictionary
symbol,a1e369ccf6b5e8ddc27060e2b9cd0c51bfefe629,ㄍ,0,1,,direct_isolated_visual_v39,DFHei round1 visual index 9; exact signature only; no Han/context/dictionary
symbol,e116490506ac9a4b463924016a3adca56f1431e1,ㄡ,0,1,,direct_isolated_visual_v39,DFHei round1 visual index 10; exact signature only; no Han/context/dictionary
symbol,ab16473c1fe7c32f4a2d463c3681b91ea0294cb3,ㄤ,0,1,,direct_isolated_visual_v39,DFHei round1 visual index 11; exact signature only; no Han/context/dictionary
symbol,38feaf80b3ab96b7f7320fa16d455edfa8157e83,ㄩ,0,1,,direct_isolated_visual_v39,DFHei round1 visual index 12; exact signature only; no Han/context/dictionary
symbol,1d26d40fde15b8e675a545a9bdf0cb491b18af32,ㄗ,0,1,,direct_isolated_visual_v39,DFHei round1 visual index 13; exact signature only; no Han/context/dictionary
symbol,86198c1f2e4a82584a8858e763c34641ea0bbe37,ㄏ,0,1,,direct_isolated_visual_v39,DFHei round1 visual index 14; exact signature only; no Han/context/dictionary
symbol,3d6f9eb869eb510d065aabc4e134a4dbb6886fec,ㄑ,0,1,,direct_isolated_visual_v39,DFHei round1 visual index 15; exact signature only; no Han/context/dictionary
symbol,bfb7df36e178579f07eca4156609d51b08939be0,ㄌ,0,1,,direct_isolated_visual_v39,DFHei round1 visual index 16; exact signature only; no Han/context/dictionary
symbol,5bd6c08d65ecd173e0d21a3797e9f0a4b2166e26,ㄖ,0,1,,direct_isolated_visual_v39,DFHei round1 visual index 17; exact signature only; no Han/context/dictionary
symbol,bacdaf10b60d25958b363cb14eb4c96365785148,ㄊ,0,1,,direct_isolated_visual_v39,DFHei round1 visual index 18; exact signature only; no Han/context/dictionary
symbol,41eeccbeabaf5a987f65b961845d3c062db6e498,ㄔ,0,1,,direct_isolated_visual_v39,DFHei round1 visual index 19; exact signature only; no Han/context/dictionary
symbol,f9598dc1d234e6345efec52b49541e913841c884,ㄛ,0,1,,direct_isolated_visual_v39,DFHei round1 visual index 20; exact signature only; no Han/context/dictionary
symbol,d2c86b626f9ea188c6bd98e73f6e9214ccb40348,ㄣ,0,1,,direct_isolated_visual_v39,DFHei round1 visual index 21; exact signature only; no Han/context/dictionary
symbol,16ed27f16e886b762a7e429a8e09d71126a406e8,ㄋ,0,1,,direct_isolated_visual_v39,DFHei round1 visual index 22; exact signature only; no Han/context/dictionary
symbol,f5c313f6ffc24f6913569fcc7ed3228b4a5333f5,ㄆ,0,1,,direct_isolated_visual_v39,DFHei round1 visual index 23; exact signature only; no Han/context/dictionary
symbol,2e888a261745d6f745469aa1fa0e9e4390dda32c,ㄚ,0,1,,direct_isolated_visual_v39,DFHei round1 visual index 24; exact signature only; no Han/context/dictionary
symbol,f6c09c723133fc0d6d50a076e4d2d2701bff2153,ㄗ,0,1,,direct_isolated_visual_v39,DFHei round1 visual index 25; exact signature only; no Han/context/dictionary
symbol,48708925e4790b11c97c2bb742bbb00c86016922,ㄔ,0,1,,direct_isolated_visual_v39,DFHei round1 visual index 26; exact signature only; no Han/context/dictionary
symbol,37ef418ea11c686c6737228d6210a49003d2f85e,ㄌ,0,1,,direct_isolated_visual_v39,DFHei round1 visual index 27; exact signature only; no Han/context/dictionary
symbol,b1e7a18ef213b472bd1108901ef4a7ada892bb0e,ㄡ,0,1,,direct_isolated_visual_v39,DFHei round1 visual index 28; exact signature only; no Han/context/dictionary
symbol,4ef5776d94016145f3773b00bb719d4147f9d1ff,ㄅ,0,1,,direct_isolated_visual_v39,DFHei round1 visual index 29; exact signature only; no Han/context/dictionary
symbol,bb68384664c7e96fa8ce63563f466287a0f61158,ㄇ,0,1,,direct_isolated_visual_v39,DFHei round1 visual index 30; exact signature only; no Han/context/dictionary
symbol,848d289519363b3f7cbcc3ea42b545f5b107a469,ㄘ,0,1,,direct_isolated_visual_v39,DFHei round1 visual index 32; exact signature only; no Han/context/dictionary
symbol,7a59d71f02979aefb07dbf44239391bbd7a847bb,ㄙ,0,1,,direct_isolated_visual_v39,DFHei round1 visual index 33; exact signature only; no Han/context/dictionary
symbol,4b3a03e294bfd35aeb36750974764005d465d979,ㄠ,0,1,,direct_isolated_visual_v39,DFHei round1 visual index 34; exact signature only; no Han/context/dictionary
symbol,396a9debcc7c4f90988296f691094d003f07ccdc,ㄋ,0,1,,direct_isolated_visual_v39,DFHei round1 visual index 35; exact signature only; no Han/context/dictionary
symbol,c875bcfcddd36465b7fd3cb31c862c520f049dfa,ㄎ,0,1,,direct_isolated_visual_v39,DFHei round1 visual index 36; exact signature only; no Han/context/dictionary
symbol,7bf0045e9ceec01e1c410f2d73de580b664ffe20,ㄕ,0,1,,direct_isolated_visual_v39,DFHei round1 visual index 37; exact signature only; no Han/context/dictionary
symbol,7a0d3fb0a723060a7c1bafc2ef98df51c9ca0677,ㄊ,0,1,,direct_isolated_visual_v39,DFHei round1 visual index 38; exact signature only; no Han/context/dictionary
symbol,46b48584f89b769692f3bec54e2cac8a11a45745,ㄘ,0,1,,direct_isolated_visual_v39,DFHei round1 visual index 39; exact signature only; no Han/context/dictionary
symbol,c5a5bb65cf4d32d8fbf570e2eefb395d3c12267e,ㄓ,0,1,,direct_isolated_visual_v39,DFHei round1 visual index 40; exact signature only; no Han/context/dictionary
symbol,7f6504d9f8acb6c2521ca7ce034c37f18d00f13f,ㄝ,0,1,,direct_isolated_visual_v39,DFHei round1 visual index 41; exact signature only; no Han/context/dictionary
symbol,f8bf222fc6c9a208ad48f4eb90a165c1a93e8f46,ㄚ,0,1,,direct_isolated_visual_v39,DFHei round1 visual index 42; exact signature only; no Han/context/dictionary
symbol,df6cc36951ef1878a10d209226befc82b843a566,ㄨ,0,1,,direct_isolated_visual_v39,DFHei round1 visual index 43; exact signature only; no Han/context/dictionary
symbol,d92a62d15f14522f3ae3364f27181d05fbac7b15,ㄡ,0,1,,direct_isolated_visual_v39,DFHei round1 visual index 44; exact signature only; no Han/context/dictionary
symbol,53c2f7053d9d615bba665c4a009d366e403194de,ㄞ,0,1,,direct_isolated_visual_v39,DFHei round1 visual index 45; exact signature only; no Han/context/dictionary
symbol,8d11d0492b629b8519cfef829651244f34730fe7,ㄨ,0,1,,direct_isolated_visual_v39,DFHei round1 visual index 46; exact signature only; no Han/context/dictionary
symbol,081925c1b701ab54a334a392bc35cc7be01864f3,ㄆ,0,1,,direct_isolated_visual_v39,DFHei round1 visual index 47; exact signature only; no Han/context/dictionary
symbol,49efbe74f704910d9166d0fe1db1dff51c1b2a2a,ㄔ,0,1,,direct_isolated_visual_v39,DFHei round1 visual index 48; exact signature only; no Han/context/dictionary
symbol,1c6ed781cd62427f8dbebdf9a4ca613fe0018eff,ㄛ,0,1,,direct_isolated_visual_v39,DFHeiChuIn-Bd-BPMW-BF direct visual round2 index 1; exact signature only; no Han/context/dictionary
symbol,c4b589b7d67d3d5675a9d138f665509f45e7ef9a,ㄨ,0,1,,direct_isolated_visual_v39,DFHeiChuIn-Bd-BPMW-BF direct visual round2 index 2; exact signature only; no Han/context/dictionary
symbol,316c273d79a765d9ae6b5c0c1030a2382113cfd8,ㄩ,0,1,,direct_isolated_visual_v39,DFHeiChuIn-Bd-BPMW-BF direct visual round2 index 3; exact signature only; no Han/context/dictionary
symbol,10b7187b6ab32f0b60816a0a3c90c0ad41792fd2,ㄜ,0,1,,direct_isolated_visual_v39,DFHeiChuIn-Bd-BPMW-BF direct visual round2 index 4; exact signature only; no Han/context/dictionary
symbol,9aa830905904124cd4ca9d63ec9376ad1db442c4,ㄞ,0,1,,direct_isolated_visual_v39,DFHeiChuIn-Bd-BPMW-BF direct visual round2 index 6; exact signature only; no Han/context/dictionary
symbol,50dd9760d2c3246c9c4269ef716e759eeaccad21,ㄨ,0,1,,direct_isolated_visual_v39,DFHeiChuIn-Bd-BPMW-BF direct visual round2 index 7; exact signature only; no Han/context/dictionary
symbol,b78d503557dcbe17e0ed06558a7bdc4142b83aa2,ㄟ,0,1,,direct_isolated_visual_v39,DFHeiChuIn-Bd-BPMW-BF direct visual round2 index 8; exact signature only; no Han/context/dictionary
symbol,8c3fb3a52fc2122d5a533a399a84395862224e0c,ㄜ,0,1,,direct_isolated_visual_v39,DFHeiChuIn-Bd-BPMW-BF direct visual round2 index 9; exact signature only; no Han/context/dictionary
symbol,75f08bcbb26c7c53a8632348f4cd79b412231eae,ㄝ,0,1,,direct_isolated_visual_v39,DFHeiChuIn-Bd-BPMW-BF direct visual round2 index 10; exact signature only; no Han/context/dictionary
symbol,5c58ce6c8e47cab2d7d82a303a05cc36393d6fd6,ㄐ,0,1,,direct_isolated_visual_v39,DFHeiChuIn-Bd-BPMW-BF direct visual round2 index 11; exact signature only; no Han/context/dictionary
symbol,39e09959f2eca8c20655eb158b0339a109d51899,ㄇ,0,1,,direct_isolated_visual_v39,DFHeiChuIn-Bd-BPMW-BF direct visual round2 index 12; exact signature only; no Han/context/dictionary
symbol,ce08fee1de610458c0a7d9d04e63b2de72984e64,ㄩ,0,1,,direct_isolated_visual_v39,DFHeiChuIn-Bd-BPMW-BF direct visual round2 index 13; exact signature only; no Han/context/dictionary
symbol,69fc5410cd2327a9e21df214eb42dd46ccde9d40,ㄩ,0,1,,direct_isolated_visual_v39,DFHeiChuIn-Bd-BPMW-BF direct visual round2 index 14; exact signature only; no Han/context/dictionary
symbol,63ebabe5569fac0e9f41785047a967272ffb8da2,ㄩ,0,1,,direct_isolated_visual_v39,DFHeiChuIn-Bd-BPMW-BF direct visual round2 index 15; exact signature only; no Han/context/dictionary
symbol,a9fa79ff2e309bb8dd40d58e9aea10a174724404,ㄙ,0,1,,direct_isolated_visual_v39,DFHeiChuIn-Bd-BPMW-BF direct visual round2 index 17; exact signature only; no Han/context/dictionary
symbol,4506e3e5963e07014f39a4d33bab1c18b70825b6,ㄞ,0,1,,direct_isolated_visual_v39,DFHeiChuIn-Bd-BPMW-BF direct visual round2 index 18; exact signature only; no Han/context/dictionary
symbol,032dfc3404c8160ecd8c5849ec1bf9486dbd406d,ㄘ,0,1,,direct_isolated_visual_v39,DFHeiChuIn-Bd-BPMW-BF direct visual round2 index 21; exact signature only; no Han/context/dictionary
symbol,660c1ada8ca7b2e3831a6fa69141e8ec357799fb,ㄩ,0,1,,direct_isolated_visual_v39,DFHeiChuIn-Bd-BPMW-BF direct visual round2 index 22; exact signature only; no Han/context/dictionary
symbol,6277638c57bcedff58603b0b57563432cf1f7361,ㄦ,0,1,,direct_isolated_visual_v39,DFHeiChuIn-Bd-BPMW-BF direct visual round2 index 23; exact signature only; no Han/context/dictionary
symbol,584332a90fc50f370fa3113baafa320d71d561e8,ㄨ,0,1,,direct_isolated_visual_v39,DFHeiChuIn-Bd-BPMW-BF direct visual round2 index 24; exact signature only; no Han/context/dictionary
symbol,2a012e1dea3b35569370c08eb38ad4f1e6bd7d10,ㄞ,0,1,,direct_isolated_visual_v39,DFHeiChuIn-Bd-BPMW-BF direct visual round2 index 25; exact signature only; no Han/context/dictionary
symbol,26b4e9d04cd56494796c61ca9cae27b20eaa308d,ㄆ,0,1,,direct_isolated_visual_v39,DFHeiChuIn-Bd-BPMW-BF direct visual round2 index 26; exact signature only; no Han/context/dictionary
symbol,0455ba78e7b504a18fcf41811db58f2d8fc03dc1,ㄩ,0,1,,direct_isolated_visual_v39,DFHeiChuIn-Bd-BPMW-BF direct visual round2 index 27; exact signature only; no Han/context/dictionary
symbol,f477a8a3c6c072d171a85686d3fb88f2456d0eca,ㄟ,0,1,,direct_isolated_visual_v39,DFHeiChuIn-Bd-BPMW-BF direct visual round2 index 28; exact signature only; no Han/context/dictionary
symbol,e326f95da328ad2acf0b92f57c3a5046f11f7d1b,ㄨ,0,1,,direct_isolated_visual_v39,DFHeiChuIn-Bd-BPMW-BF direct visual round2 index 29; exact signature only; no Han/context/dictionary
symbol,9adf21b7f1c505acdd2de14d3b5b75cadb722243,ㄢ,0,1,,direct_isolated_visual_v39,DFHeiChuIn-Bd-BPMW-BF direct visual round2 index 30; exact signature only; no Han/context/dictionary
symbol,39425f2245317d196966f1b6d11b776bea1503b4,ㄨ,0,1,,direct_isolated_visual_v39,DFHeiChuIn-Bd-BPMW-BF direct visual round2 index 31; exact signature only; no Han/context/dictionary
symbol,6e84f1bae1775fd952aea437a2f6044d1b011967,ㄓ,0,1,,direct_isolated_visual_v39,DFYuanChuIn-Bd-BPMW-BF direct visual round2 index 2; exact signature only; no Han/context/dictionary
symbol,c81a1836db2883297b1f1a00a6b5f34a08f4ba89,ㄒ,0,1,,direct_isolated_visual_v39,DFYuanChuIn-Bd-BPMW-BF direct visual round2 index 3; exact signature only; no Han/context/dictionary
symbol,4a098a5ccdf221dcc1495739d08870224233c85d,ㄅ,0,1,,direct_isolated_visual_reaudit_v39_round6,"Re-audited against labeled isolated Bopomofo reference: this outline is ㄅ (short angled cap + right hook), not ㄎ (which has a full long top bar). Discovered when newly completed 3-down glyph would otherwise decode impossible ㄎㄨˊ. No Han/context/dictionary used to assign corrected symbol."
symbol,b46cbd0cae7cf4d9cd4169a93508a50135d0cdc1,ㄍ,0,1,,direct_isolated_visual_v39,DFYuanChuIn-Bd-BPMW-BF direct visual round2 index 5; exact signature only; no Han/context/dictionary
symbol,697626f2e0c3330984d72f8acc62acb082f39eec,ㄕ,0,1,,direct_isolated_visual_v39,DFYuanChuIn-Bd-BPMW-BF direct visual round2 index 6; exact signature only; no Han/context/dictionary
symbol,50dde20d5f06bf97cb3847473fd5482ebb41466d,ㄊ,0,1,,direct_isolated_visual_v39,DFYuanChuIn-Bd-BPMW-BF direct visual round2 index 7; exact signature only; no Han/context/dictionary
symbol,4c23bff3e6ff90153ab4b99308274d05f3da4e5a,ㄈ,0,1,,direct_isolated_visual_v39,DFYuanChuIn-Bd-BPMW-BF direct visual round2 index 8; exact signature only; no Han/context/dictionary
symbol,40c3cd9784115cb89c3178c0f00498601df871ca,ㄎ,0,1,,direct_isolated_visual_v39,DFYuanChuIn-Bd-BPMW-BF direct visual round2 index 9; exact signature only; no Han/context/dictionary
symbol,348322fbd1bd92b72eff97925322ac4ea19ba718,ㄐ,0,1,,direct_isolated_visual_v39,DFYuanChuIn-Bd-BPMW-BF direct visual round2 index 10; exact signature only; no Han/context/dictionary
symbol,20ee66369d3c72812879220fa703714c1c096459,ㄕ,0,1,,direct_isolated_visual_v39,DFYuanChuIn-Bd-BPMW-BF direct visual round2 index 11; exact signature only; no Han/context/dictionary
symbol,f0309b63cc325ce34bf51710faef53a256eb7280,ㄕ,0,1,,direct_isolated_visual_v39,DFYuanChuIn-Bd-BPMW-BF direct visual round2 index 12; exact signature only; no Han/context/dictionary
symbol,d9e015b1786fb2dd67ac9106359df0facb8fda5c,ㄟ,0,1,,direct_isolated_visual_v39,DFYuanChuIn-Bd-BPMW-BF direct visual round2 index 13; exact signature only; no Han/context/dictionary
symbol,c656a873e7285821e7c4f31c25302022e642878f,ㄒ,0,1,,direct_isolated_visual_v39,DFYuanChuIn-Bd-BPMW-BF direct visual round2 index 14; exact signature only; no Han/context/dictionary
symbol,baf39a59c66d65028e21be62e259186ed1d8578c,ㄏ,0,1,,direct_isolated_visual_v39,DFYuanChuIn-Bd-BPMW-BF direct visual round2 index 15; exact signature only; no Han/context/dictionary
symbol,aa1b110a2ce5ca49eb930688007d69099f2d122f,ㄍ,0,1,,direct_isolated_visual_v39,DFYuanChuIn-Bd-BPMW-BF direct visual round2 index 16; exact signature only; no Han/context/dictionary
symbol,9e92652be28c5220ea3450f2f66f3696c95d08ed,ㄠ,0,1,,direct_isolated_visual_v39,DFYuanChuIn-Bd-BPMW-BF direct visual round2 index 17; exact signature only; no Han/context/dictionary
symbol,8df9f5ac099b338b1d324dda99754d13b03c058b,ㄏ,0,1,,direct_isolated_visual_v39,DFYuanChuIn-Bd-BPMW-BF direct visual round2 index 18; exact signature only; no Han/context/dictionary
symbol,7a5f4fb25a006fd7ec78efa59a07bedbf3354b64,ㄠ,0,1,,direct_isolated_visual_v39,DFYuanChuIn-Bd-BPMW-BF direct visual round2 index 19; exact signature only; no Han/context/dictionary
symbol,6fa11e41b7f458cfbff7fb3810a052fc93b77ed7,ㄕ,0,1,,direct_isolated_visual_v39,DFYuanChuIn-Bd-BPMW-BF direct visual round2 index 20; exact signature only; no Han/context/dictionary
symbol,6dab5c37476c403c7dcb27ca25b4b07797402595,ㄐ,0,1,,direct_isolated_visual_v39,DFYuanChuIn-Bd-BPMW-BF direct visual round2 index 21; exact signature only; no Han/context/dictionary
symbol,376ff1b3e23582c67d5d1f3609e637ec1828d159,ㄕ,0,1,,direct_isolated_visual_v39,DFYuanChuIn-Bd-BPMW-BF direct visual round2 index 22; exact signature only; no Han/context/dictionary
symbol,b77901049a376fd6f5703abc66dc134427e08528,ㄌ,0,1,,direct_isolated_visual_v39,n@dW5@ direct visual round2 index 1; exact signature only; no Han/context/dictionary
tone,7d3833d1e60eebd5f5f9810450ff2c7f8ef22351,4,0,1,,direct_isolated_visual_v39,direct tone visual index 1; exact signature only; no Han/context/dictionary
tone,b25c7beda107a8680ab686d31ad0be259c93a7e4,3,0,1,,direct_isolated_visual_v39,direct tone visual index 2; exact signature only; no Han/context/dictionary
tone,2393a2260ef3edd6e556e7efb142bf20d2fd7dad,3,0,1,,direct_isolated_visual_v39,direct tone visual index 3; exact signature only; no Han/context/dictionary
tone,6ed8b36a9f0d2b3e73c120202e671693dd290baf,2,0,1,,direct_isolated_visual_v39,direct tone visual index 4; exact signature only; no Han/context/dictionary
tone,69c439961ba4b350821c6b6f9ef317b4504cbfa8,4,0,1,,direct_isolated_visual_v39,direct tone visual index 5; exact signature only; no Han/context/dictionary
tone,63539b2d8640e04fe8af0a04bf3b7a9a676c3231,3,0,1,,direct_isolated_visual_v39,direct tone visual index 6; exact signature only; no Han/context/dictionary
tone,5f815559a6b8e1a71ce7d908299d858d23fc8e96,2,0,1,,direct_isolated_visual_v39,direct tone visual index 7; exact signature only; no Han/context/dictionary
tone,f474a24e03648000d9bab9e2815b83ec5789dd67,4,0,1,,direct_isolated_visual_v39,direct tone visual index 8; exact signature only; no Han/context/dictionary
tone,cc9bad0a33480507acfb1fd8b5915a7e6cb7eb42,2,0,1,,direct_isolated_visual_v39,direct tone visual index 9; exact signature only; no Han/context/dictionary
tone,84f096e1a51d78c6f18720d8a46fec15c00b3d08,3,0,1,,direct_isolated_visual_v39,direct tone visual index 10; exact signature only; no Han/context/dictionary
symbol,5ea5c7d5d8cc96c7c4548ed2d5f4a7d0a96551da,ㄧ,0,1,,direct_isolated_visual_v39_reaudit,nested child visual index 1; exact signature only; re-audited against labeled Bopomofo reference; no Han/context/dictionary
symbol,98dd77ad49937c0dfee37ffaf6d3a848b2dcd340,ㄨ,0,1,,direct_isolated_visual_v39_reaudit,nested child visual index 2; exact signature only; re-audited against labeled Bopomofo reference; no Han/context/dictionary
symbol,e4ffa6101909fd747500c131b7c7da91badf8e5a,ㄢ,0,1,,direct_isolated_visual_v39_reaudit,nested child visual index 3; exact signature only; re-audited against labeled Bopomofo reference; no Han/context/dictionary
symbol,eef99f72fe91a9539699644e75372312c9589fd5,ㄉ,0,1,,direct_isolated_visual_v39_reaudit,nested child visual index 4; exact signature only; re-audited against labeled Bopomofo reference; no Han/context/dictionary
symbol,b815938f93b0ce701b78a406fa93db0a50bff5e6,ㄣ,0,1,,direct_isolated_visual_v39_reaudit,nested child visual index 5; exact signature only; re-audited against labeled Bopomofo reference; no Han/context/dictionary
symbol,9a9c6dad8138c6a9a212b660bac3877b2151d8e1,ㄕ,0,1,,direct_isolated_visual_v39_reaudit,nested child visual index 6; exact signature only; re-audited against labeled Bopomofo reference; no Han/context/dictionary
symbol,8ed7597512b6af939af86005d118f5115cb2604a,ㄜ,0,1,,direct_isolated_visual_v39_reaudit,nested child visual index 7; exact signature only; re-audited against labeled Bopomofo reference; no Han/context/dictionary
symbol,6d3d894f118934503bbb0ee801ef240e66b8985e,ㄐ,0,1,,direct_isolated_visual_v39_reaudit,nested child visual index 9; exact signature only; re-audited against labeled Bopomofo reference; no Han/context/dictionary
symbol,677cc5bcfc92b7bc49cdd2ff5ddf1f7185aca2d7,ㄅ,0,1,,direct_isolated_visual_v39_reaudit,nested child visual index 10; exact signature only; re-audited against labeled Bopomofo reference; no Han/context/dictionary
symbol,897258eae35ab00ba5888f5702e2d642820023e4,ㄠ,0,1,,direct_isolated_visual_v39_reaudit,nested child visual index 11; exact signature only; re-audited against labeled Bopomofo reference; no Han/context/dictionary
symbol,16eee4e515a9ac6ab75d52286b50c32bac09e9be,ㄞ,0,1,,direct_isolated_visual_v39_reaudit,nested child visual index 12; exact signature only; re-audited against labeled Bopomofo reference; no Han/context/dictionary
symbol,7052cdb2d671f99fc90bb669b16af6eefbcd383f,ㄡ,0,1,,direct_isolated_visual_v39_reaudit,nested child visual index 13; exact signature only; re-audited against labeled Bopomofo reference; no Han/context/dictionary
symbol,fc638cfeb2947e7046a0e636f81b7155fd7b93a3,ㄥ,0,1,,direct_isolated_visual_v39_reaudit,nested child visual index 14; exact signature only; re-audited against labeled Bopomofo reference; no Han/context/dictionary
symbol,d48ebbeca2f654dcc30a7f6f2febcca8a4506951,ㄌ,0,1,,direct_isolated_visual_v39_reaudit,nested child visual index 15; exact signature only; re-audited against labeled Bopomofo reference; no Han/context/dictionary
symbol,8597623274e42a7f6876ae61b6b6718b413cecaa,ㄊ,0,1,,direct_isolated_visual_v39_reaudit,nested child visual index 16; exact signature only; re-audited against labeled Bopomofo reference; no Han/context/dictionary
symbol,fd63f2701eec50551e8f10ba4e12920a690e2bba,ㄟ,0,1,,direct_isolated_visual_v39_reaudit,nested child visual index 17; exact signature only; re-audited against labeled Bopomofo reference; no Han/context/dictionary
symbol,327f52880e4025011629278d7be346f3299f3013,ㄛ,0,1,,direct_isolated_visual_v39_reaudit,nested child visual index 18; exact signature only; re-audited against labeled Bopomofo reference; no Han/context/dictionary
symbol,bb80d44467a3c17030132c4d911228927a9fad9c,ㄘ,0,1,,direct_isolated_visual_v39_reaudit,nested child visual index 19; exact signature only; re-audited against labeled Bopomofo reference; no Han/context/dictionary
symbol,6cf44ad959a0196edcdc4c7372195c7e69232f43,ㄓ,0,1,,direct_isolated_visual_v39_reaudit,nested child visual index 20; exact signature only; re-audited against labeled Bopomofo reference; no Han/context/dictionary
symbol,9920bd81e93c397e23a2c2a38b2d75a308856e8e,ㄒ,0,1,,direct_isolated_visual_v39_reaudit,nested child visual index 21; exact signature only; re-audited against labeled Bopomofo reference; no Han/context/dictionary
symbol,126edc1fffc3add1d0eccdf079148eb0d6081cc2,ㄍ,0,1,,direct_isolated_visual_v39_reaudit,nested child visual index 22; exact signature only; re-audited against labeled Bopomofo reference; no Han/context/dictionary
symbol,704864e7f373c27abe3159fa46d3ff9854f172db,ㄩ,0,1,,direct_isolated_visual_v39_reaudit,nested child visual index 23; exact signature only; re-audited against labeled Bopomofo reference; no Han/context/dictionary
symbol,b964e2b8e1c3a9790c96392312ae3ea4eb3d0562,ㄤ,0,1,,direct_isolated_visual_v39_reaudit,nested child visual index 24; exact signature only; re-audited against labeled Bopomofo reference; no Han/context/dictionary
symbol,a22e06c56220e67370dae428d1daf2dd47a5d355,ㄎ,0,1,,direct_isolated_visual_v39_reaudit,nested child visual index 25; exact signature only; re-audited against labeled Bopomofo reference; no Han/context/dictionary
symbol,aa6db924313d6e4f91eed83da696975420ef65f0,ㄇ,0,1,,direct_isolated_visual_v39_reaudit,nested child visual index 26; exact signature only; re-audited against labeled Bopomofo reference; no Han/context/dictionary
symbol,5acb763f2e4451647cda762105e49b2bc8b2579c,ㄔ,0,1,,direct_isolated_visual_v39_reaudit,nested child visual index 27; exact signature only; re-audited against labeled Bopomofo reference; no Han/context/dictionary
symbol,e309b2e94d9f5cf654585656159833ca0a66a0a2,ㄚ,0,1,,direct_isolated_visual_v39_reaudit,nested child visual index 28; exact signature only; re-audited against labeled Bopomofo reference; no Han/context/dictionary
symbol,de2aa4b3f77c61e4e6310e5014889a76c539efde,ㄑ,0,1,,direct_isolated_visual_v39_reaudit,nested child visual index 29; exact signature only; re-audited against labeled Bopomofo reference; no Han/context/dictionary
symbol,172aab2210ee824d0e11fd52019c541d116157b9,ㄏ,0,1,,direct_isolated_visual_v39_reaudit,nested child visual index 30; exact signature only; re-audited against labeled Bopomofo reference; no Han/context/dictionary
symbol,001c064dd9d29d491195cdf4bf69ada26d3ac3b5,ㄋ,0,1,,direct_isolated_visual_v39_reaudit,nested child visual index 31; exact signature only; re-audited against labeled Bopomofo reference; no Han/context/dictionary
symbol,120e7ca4bcf96f2321b16c26e443530b291d0ef2,ㄗ,0,1,,direct_isolated_visual_v39_reaudit,nested child visual index 32; exact signature only; re-audited against labeled Bopomofo reference; no Han/context/dictionary
symbol,2b9e2f70cb446f653b69837a8bc443d8178f7578,ㄈ,0,1,,direct_isolated_visual_v39_reaudit,nested child visual index 33; exact signature only; re-audited against labeled Bopomofo reference; no Han/context/dictionary
symbol,94a163d157b740cdfaf0de822eab34925592d256,ㄙ,0,1,,direct_isolated_visual_v39_reaudit,nested child visual index 34; exact signature only; re-audited against labeled Bopomofo reference; no Han/context/dictionary
symbol,8870e14091eb54e854c8d68bcb68b53d1ed11f83,ㄝ,0,1,,direct_isolated_visual_v39_reaudit,nested child visual index 35; exact signature only; re-audited against labeled Bopomofo reference; no Han/context/dictionary
symbol,521d0dd06ca71c13076b179d315e39cad7e32616,ㄦ,0,1,,direct_isolated_visual_v39_reaudit,nested child visual index 36; exact signature only; re-audited against labeled Bopomofo reference; no Han/context/dictionary
symbol,1aded2386a1e1efb2ef5824af0776d273e1ccc60,ㄆ,0,1,,direct_isolated_visual_v39_reaudit,nested child visual index 37; exact signature only; re-audited against labeled Bopomofo reference; no Han/context/dictionary
symbol,8931424c7d987107dac9cc0a34bd8419b485034e,ㄖ,0,1,,direct_isolated_visual_v39_reaudit,nested child visual index 38; exact signature only; re-audited against labeled Bopomofo reference; no Han/context/dictionary
neutral,41ff49d8638335c468028e8d1dce73493ff945e0,neutral,0,1,,direct_isolated_visual_v39,nested child visual index 8; isolated top dot; exact signature + top-position neutral gate
tone,eccce92b3d37262af9d5c74c609f7ac598e991c3,4,0,1,,direct_isolated_visual_v39,nested right-child tone visual; exact signature + right-offset role
tone,f69c08bcb805305a1758ad32565a47a374b015ca,2,0,1,,direct_isolated_visual_v39,nested right-child tone visual; exact signature + right-offset role
tone,9fef06705aa3df587df01f76355d9dcb39ec6c02,3,0,1,,direct_isolated_visual_v39,nested right-child tone visual; exact signature + right-offset role
symbol,00ce1557827819b1fd73ce5275a385563662a9bc,ㄛ,0,1,,direct_isolated_visual_v39_round3,DFHei round3 current unknown index01: closed-curved ㄛ outline; exact glyph-group visual verification
neutral,e7e103d88e0bde1c57826446c700b349a0c4b1a1,neutral,0,1,,direct_isolated_visual_v39_round3,DFHei round3 index02: isolated top octagonal neutral dot; top-position gate
neutral,4f6342e1787903d295ed8ea0d80a6e5b38d9e309,neutral,0,1,,direct_isolated_visual_v39_round3,DFHei round3 index03: isolated top octagonal neutral dot; top-position gate
symbol,4c77f04ca9ac24820072aeef937e64a4d5618a77,ㄝ,0,1,,direct_isolated_visual_v39_round3,DFHei round3 index04: exact ㄝ outline
symbol,e97b21a0004d73e5fd077ec8138d97338f41a92f,ㄚ,0,1,,direct_isolated_visual_v39_round3,DFHei round3 index05: exact ㄚ outline
neutral,2e0bee0c3f0630187ac2c9c619778a08367f5bf6,neutral,0,1,,direct_isolated_visual_v39_round3,DFHei round3 index06: isolated top octagonal neutral dot; top-position gate
neutral,1776730a7063c838bb1bbf4c688f0e9a40419aa7,neutral,0,1,,direct_isolated_visual_v39_round3,DFHei round3 index07: isolated top octagonal neutral dot; top-position gate
symbol,bdbd030df06e50de9d015f3d92efa58938960b0c,ㄟ,0,1,,direct_isolated_visual_v39_round3,DFHei round3 index08: exact ㄟ outline
symbol,74aeb0f8a0f4327a63481e04467a295b8f9eabf2,ㄗ,0,1,,direct_isolated_visual_v39_round4,DFHei round4 current unknown index01: isolated outline visually matches ㄗ; source group rendered alone from PDF glyph; no Han/context/dictionary used for label
symbol,823ed46529ed0bdc0ac5efe19e3e5eb39c0b2a93,ㄍ,0,1,,direct_isolated_visual_v39_round4,DFHei round4 current unknown index02: isolated double-chevron outline visually matches ㄍ; source group rendered alone from PDF glyph; no Han/context/dictionary used for label
symbol,9fbdc42bd96d1de20d28a3e4443621938fdce2d6,ㄓ,0,1,,direct_isolated_visual_v39_round4,DFHei round4 current unknown index03: isolated trident-like outline visually matches ㄓ; source group rendered alone from PDF glyph; no Han/context/dictionary used for label
symbol,21d9c62202c826e0f27496c75e2590fa7d0d94b2,ㄣ,0,1,,direct_isolated_visual_v39_round4,DFHei round4 current unknown index04: isolated bent-hook outline visually matches ㄣ; source group rendered alone from PDF glyph; no Han/context/dictionary used for label
symbol,bbe088a2afb4898dc3f7d720016f50490eb9a5ef,ㄩ,0,1,,direct_isolated_visual_v39_round5_obvious_only,"DFYuan round5 index01: isolated U-shaped symbol, exact visual match to ㄩ"
symbol,cb60584310e2f4d4e864ff946b1dd8e1ed293b8e,ㄧ,0,1,,direct_isolated_visual_v39_round5_obvious_only,"DFYuan round5 index02: isolated horizontal bar, exact visual match to ㄧ"
symbol,206db7e2862b56aa4a3d375558f775f1fdc76792,ㄧ,0,1,,direct_isolated_visual_v39_round5_obvious_only,"DFYuan round5 index03: isolated horizontal bar, exact visual match to ㄧ"
neutral,24532cea187a988ecb2a889ba66e75de8016925b,neutral,0,1,,direct_isolated_visual_v39_round5_obvious_only,DFYuan round5 index08: isolated octagonal dot in pos1of3/top role; direct visual neutral-tone marker
symbol,1edb4675cdde05beafe39d5a7c8a291f7f11a0f9,ㄨ,0,1,,direct_isolated_visual_v39_round5_obvious_only,"DFYuan round5 index11: isolated X-shaped symbol, exact visual match to ㄨ"
symbol,f6ec32ae4fa4eac259068834e57de6179ca1b8ef,ㄧ,0,1,,direct_isolated_visual_v39_round5_obvious_only,"DFYuan round5 index13: isolated horizontal bar, exact visual match to ㄧ"
symbol,fdf02e632c67be59efaa5dce75ca8f5335c58205,ㄨ,0,1,,direct_isolated_visual_v39_round5_obvious_only,"DFYuan round5 index17: isolated X-shaped symbol, exact visual match to ㄨ"
symbol,fb20cb04d4e56ffbed934db4ab910285d8b07589,ㄧ,0,1,,direct_isolated_visual_v39_round5_obvious_only,"DFYuan round5 index19: isolated horizontal bar, exact visual match to ㄧ"
symbol,f1fee3d1d517ad78ae15729360730db8435636e3,ㄩ,0,1,,direct_isolated_visual_v39_round5_obvious_only,"DFYuan round5 index20: isolated U-shaped symbol, exact visual match to ㄩ"
symbol,d7ca02de24b7498bbf67f2ce6887d14be13efa72,ㄨ,0,1,,direct_isolated_visual_v39_round5_obvious_only,"DFYuan round5 index21: isolated X-shaped symbol, exact visual match to ㄨ"
symbol,c76dd486119a044319fa9b99bb43c48cc106db87,ㄨ,0,1,,direct_isolated_visual_v39_round5_obvious_only,"DFYuan round5 index22: isolated X-shaped symbol, exact visual match to ㄨ"
symbol,ad3bf52bcc242670e98f833e08f8341ef81d079c,ㄨ,0,1,,direct_isolated_visual_v39_round5_obvious_only,"DFYuan round5 index23: isolated X-shaped symbol, exact visual match to ㄨ"
symbol,a787fefb436d4bc71f44582a263a217c1b8131e4,ㄨ,0,1,,direct_isolated_visual_v39_round5_obvious_only,"DFYuan round5 index25: isolated X-shaped symbol, exact visual match to ㄨ"
symbol,73aba7a432d3ee0a472e07284430fb6706e99671,ㄨ,0,1,,direct_isolated_visual_v39_round5_obvious_only,"DFYuan round5 index28: isolated X-shaped symbol, exact visual match to ㄨ"
symbol,192f7e6d539232d48bbd64555ccb4419d4f85a80,ㄨ,0,1,,direct_isolated_visual_v39_round5_obvious_only,"DFYuan round5 index32: isolated X-shaped symbol, exact visual match to ㄨ"
symbol,fcf9861bd0ead5724b37c9ff690b9ea1fb75192c,ㄨ,0,1,,direct_isolated_visual_v39_round5_obvious_only,"DFYuan round5 index33: isolated X-shaped symbol, exact visual match to ㄨ"
symbol,d8dce4f416bb223934a50fcf6bb065009f219321,ㄨ,0,1,,direct_isolated_visual_v39_round5_obvious_only,"DFYuan round5 index36: isolated X-shaped symbol, exact visual match to ㄨ"
symbol,c4a9b74e67b99163eda805a2352b3ea39e279e47,ㄨ,0,1,,direct_isolated_visual_v39_round5_obvious_only,"DFYuan round5 index40: isolated X-shaped symbol, exact visual match to ㄨ"
symbol,7c9262009c69af08403d959cd5a527891d417ac6,ㄓ,0,1,,direct_isolated_visual_v39_round5_obvious_only,"DFYuan round5 index43: isolated trident-like symbol, exact visual match to ㄓ"
symbol,1ad1a089ed154a5313bc2f5a5466c93c4a2679ed,ㄡ,0,1,115國小健體3下課本:P50:xref5480,direct_whole_glyph_visual_truth_v41,由v4.0三下P50可見注音逐glyph人工確認真值，僅以注音輪廓幾何分組與已確認完整讀音對位推得；votes=1; 不使用承載中文字/字典/expected pronunciation。
symbol,3e45f9998743f23f878955320804f448e28f563f,ㄢ,0,1,115國小健體3下課本:P50:xref5480,direct_whole_glyph_visual_truth_v41,由v4.0三下P50可見注音逐glyph人工確認真值，僅以注音輪廓幾何分組與已確認完整讀音對位推得；votes=1; 不使用承載中文字/字典/expected pronunciation。
symbol,77fee2b6418be0a3e350c7776796cb9ff3e9cab9,ㄅ,0,1,115國小健體3下課本:P50:xref5480,direct_whole_glyph_visual_truth_v41,由v4.0三下P50可見注音逐glyph人工確認真值，僅以注音輪廓幾何分組與已確認完整讀音對位推得；votes=1; 不使用承載中文字/字典/expected pronunciation。
symbol,7eafe66460464d3fa60b22bdf807a0b9061b075b,ㄟ,0,1,115國小健體3下課本:P50:xref5480,direct_whole_glyph_visual_truth_v41,由v4.0三下P50可見注音逐glyph人工確認真值，僅以注音輪廓幾何分組與已確認完整讀音對位推得；votes=1; 不使用承載中文字/字典/expected pronunciation。
symbol,8896fd21a463a1e5b3b79bdddbd64face5039bf3,ㄢ,0,1,115國小健體3下課本:P50:xref5480,direct_whole_glyph_visual_truth_v41,由v4.0三下P50可見注音逐glyph人工確認真值，僅以注音輪廓幾何分組與已確認完整讀音對位推得；votes=2; 不使用承載中文字/字典/expected pronunciation。
symbol,8d2fea9b320995c5a6945be2495d57faad6a1c23,ㄤ,0,1,115國小健體3下課本:P50:xref5480,direct_whole_glyph_visual_truth_v41,由v4.0三下P50可見注音逐glyph人工確認真值，僅以注音輪廓幾何分組與已確認完整讀音對位推得；votes=1; 不使用承載中文字/字典/expected pronunciation。
symbol,a8bda344a0061df93bcdff012edb668a43f75a32,ㄉ,0,1,115國小健體3下課本:P50:xref5480,direct_whole_glyph_visual_truth_v41,由v4.0三下P50可見注音逐glyph人工確認真值，僅以注音輪廓幾何分組與已確認完整讀音對位推得；votes=1; 不使用承載中文字/字典/expected pronunciation。
symbol,aabc25e8425811e2e57a59fc44ab51d1cbbe9cd6,ㄑ,0,1,115國小健體3下課本:P50:xref5480,direct_whole_glyph_visual_truth_v41,由v4.0三下P50可見注音逐glyph人工確認真值，僅以注音輪廓幾何分組與已確認完整讀音對位推得；votes=1; 不使用承載中文字/字典/expected pronunciation。
symbol,c1c1bdff7f2a620a4293fd2dfd5c663f8b8205a6,ㄥ,0,1,115國小健體3下課本:P50:xref5480,direct_whole_glyph_visual_truth_v41,由v4.0三下P50可見注音逐glyph人工確認真值，僅以注音輪廓幾何分組與已確認完整讀音對位推得；votes=1; 不使用承載中文字/字典/expected pronunciation。
symbol,c40d2151761108421adb1a91aab6965de249ae4f,ㄑ,0,1,115國小健體3下課本:P50:xref5480,direct_whole_glyph_visual_truth_v41,由v4.0三下P50可見注音逐glyph人工確認真值，僅以注音輪廓幾何分組與已確認完整讀音對位推得；votes=1; 不使用承載中文字/字典/expected pronunciation。
symbol,c4a47a82bd5981e0532b3d112df2ddac5bbf8ac0,ㄉ,0,1,115國小健體3下課本:P50:xref5480,direct_whole_glyph_visual_truth_v41,由v4.0三下P50可見注音逐glyph人工確認真值，僅以注音輪廓幾何分組與已確認完整讀音對位推得；votes=1; 不使用承載中文字/字典/expected pronunciation。
symbol,cb9faab04922258a371c045a0ade452d0df9dbef,ㄠ,0,1,115國小健體3下課本:P50:xref5480,direct_whole_glyph_visual_truth_v41,由v4.0三下P50可見注音逐glyph人工確認真值，僅以注音輪廓幾何分組與已確認完整讀音對位推得；votes=1; 不使用承載中文字/字典/expected pronunciation。
symbol,cbf8edaa403a482c5c358a857f53a9564a1c61a6,ㄇ,0,1,115國小健體3下課本:P50:xref5480,direct_whole_glyph_visual_truth_v41,由v4.0三下P50可見注音逐glyph人工確認真值，僅以注音輪廓幾何分組與已確認完整讀音對位推得；votes=1; 不使用承載中文字/字典/expected pronunciation。
symbol,f1c9f7e6540e500bdc02c3c4eaf11f40e92550a5,ㄜ,0,1,115國小健體3下課本:P50:xref5480,direct_whole_glyph_visual_truth_v41,由v4.0三下P50可見注音逐glyph人工確認真值，僅以注音輪廓幾何分組與已確認完整讀音對位推得；votes=1; 不使用承載中文字/字典/expected pronunciation。
symbol,f964a80e1d0bab75f403f6f91ca7b11b82f20c15,ㄠ,0,1,115國小健體3下課本:P50:xref5480,direct_whole_glyph_visual_truth_v41,由v4.0三下P50可見注音逐glyph人工確認真值，僅以注音輪廓幾何分組與已確認完整讀音對位推得；votes=1; 不使用承載中文字/字典/expected pronunciation。
