outline_signature,bopomofo,source_count,source_examples,verification,notes
7c166b8bea41809ab77b40fcf0e1037e2e538e5a,˙ㄅㄚ,2,DFPYuanW5-ZhuIn-BFW@xref1422#14258; DFPYuanW5-ZhuIn-BFW@xref3546#14258,v3.7：由 v3.6 已解碼 TTF 注音元件的實際 glyf 輪廓建立；相同正規化輪廓 signature 僅在所有來源讀音一致時啟用。,執行期 exact normalized outline signature only；不使用中文字、詞義、句境或字典預期音；signature 衝突即不納入。
80cb1cd11325929c5e5c5bbf8fcee376f10c1847,˙ㄅㄚ,5,DFPBiaoKai-W5-PoIn1-BFW@xref1400#14257; DFPBiaoKai-W5-ZhuIn-BFW@xref1731#14257; DFPBiaoKai-W5-ZhuIn-BFW@xref308#14257; DFPBiaoKai-W5-ZhuIn-BFW@xref3372#14257; DFPBiaoKai-W5-ZhuIn-BFW@xref846#14257,v3.7：由 v3.6 已解碼 TTF 注音元件的實際 glyf 輪廓建立；相同正規化輪廓 signature 僅在所有來源讀音一致時啟用。,執行期 exact normalized outline signature only；不使用中文字、詞義、句境或字典預期音；signature 衝突即不納入。
c6b0022d07e7ed92361431047eae241afb01d554,˙ㄅㄛ,1,DFPYuanW5-PoIn1-BFW@xref1777#15487,v3.7：由 v3.6 已解碼 TTF 注音元件的實際 glyf 輪廓建立；相同正規化輪廓 signature 僅在所有來源讀音一致時啟用。,執行期 exact normalized outline signature only；不使用中文字、詞義、句境或字典預期音；signature 衝突即不納入。
32f2d5a66aaeb23de8b18d229c98fefe153ed6b7,˙ㄇㄚ,6,DFPYuanW5-ZhuIn-BFW@xref1349#14378; DFPYuanW5-ZhuIn-BFW@xref1422#14378; DFPYuanW5-ZhuIn-BFW@xref1770#14378; DFPYuanW5-ZhuIn-BFW@xref3391#14378; DFPYuanW5-ZhuIn-BFW@xref3546#14378; DFPYuanW5-ZhuIn-BFW@xref952#14378,v3.7：由 v3.6 已解碼 TTF 注音元件的實際 glyf 輪廓建立；相同正規化輪廓 signature 僅在所有來源讀音一致時啟用。,執行期 exact normalized outline signature only；不使用中文字、詞義、句境或字典預期音；signature 衝突即不納入。
9021bf146732e0edf0ec837e8801c3eda50c2cdb,˙ㄇㄚ,7,DFPBiaoKai-W5-ZhuIn-BFW@xref1279#14377; DFPBiaoKai-W5-ZhuIn-BFW@xref1731#14377; DFPBiaoKai-W5-ZhuIn-BFW@xref2206#14377; DFPBiaoKai-W5-ZhuIn-BFW@xref2802#14377; DFPBiaoKai-W5-ZhuIn-BFW@xref308#14377; DFPBiaoKai-W5-ZhuIn-BFW@xref4404#14377; DFPBiaoKai-W5-ZhuIn-BFW@xref846#14377,v3.7：由 v3.6 已解碼 TTF 注音元件的實際 glyf 輪廓建立；相同正規化輪廓 signature 僅在所有來源讀音一致時啟用。,執行期 exact normalized outline signature only；不使用中文字、詞義、句境或字典預期音；signature 衝突即不納入。
2f9a9f81450303b992d85f04acf3149312b2aa18,˙ㄇㄜ,4,DFPYuanW5-ZhuIn-BFW@xref1349#14387; DFPYuanW5-ZhuIn-BFW@xref3391#14387; DFPYuanW5-ZhuIn-BFW@xref372#14387; DFPYuanW5-ZhuIn-BFW@xref952#14387,v3.7：由 v3.6 已解碼 TTF 注音元件的實際 glyf 輪廓建立；相同正規化輪廓 signature 僅在所有來源讀音一致時啟用。,執行期 exact normalized outline signature only；不使用中文字、詞義、句境或字典預期音；signature 衝突即不納入。
3dea1e508621201dfb1799b6523a39eb12647e48,˙ㄇㄜ,2,DFHeiPoIn1-Bd-BPMW-BF@xref2459#14429; DFHeiPoIn1-Bd-BPMW-BF@xref365#14429,v3.7：由 v3.6 已解碼 TTF 注音元件的實際 glyf 輪廓建立；相同正規化輪廓 signature 僅在所有來源讀音一致時啟用。,執行期 exact normalized outline signature only；不使用中文字、詞義、句境或字典預期音；signature 衝突即不納入。
b3acbb1c7e4e5f5cda250448487b78e5c2e0cec7,˙ㄇㄜ,2,DFPBiaoKai-W5-PoIn1-BFW@xref322#14386; DFPBiaoKai-W5-PoIn1-BFW@xref839#14386,v3.7：由 v3.6 已解碼 TTF 注音元件的實際 glyf 輪廓建立；相同正規化輪廓 signature 僅在所有來源讀音一致時啟用。,執行期 exact normalized outline signature only；不使用中文字、詞義、句境或字典預期音；signature 衝突即不納入。
6d8cb8ba07401dbb64ec553d616790e30a92554d,˙ㄇㄣ,1,DFPYuanW5-PoIn1-BFW@xref1424#14405,v3.7：由 v3.6 已解碼 TTF 注音元件的實際 glyf 輪廓建立；相同正規化輪廓 signature 僅在所有來源讀音一致時啟用。,執行期 exact normalized outline signature only；不使用中文字、詞義、句境或字典預期音；signature 衝突即不納入。
82abddcacc996bbec45c1b06cf151c3370052813,˙ㄇㄣ,9,DFPBiaoKai-W5-ZhuIn-BFW@xref1279#14404; DFPBiaoKai-W5-ZhuIn-BFW@xref1731#14404; DFPBiaoKai-W5-ZhuIn-BFW@xref308#14404; DFPBiaoKai-W5-ZhuIn-BFW@xref3276#14404; DFPBiaoKai-W5-ZhuIn-BFW@xref3372#14404; DFPBiaoKai-W5-ZhuIn-BFW@xref4404#14404; DFPBiaoKai-W5-ZhuIn-BFW@xref5004#14404; DFPBiaoKai-W5-ZhuIn-BFW@xref5643#14404; DFPBiaoKai-W5-ZhuIn-BFW@xref846#14404,v3.7：由 v3.6 已解碼 TTF 注音元件的實際 glyf 輪廓建立；相同正規化輪廓 signature 僅在所有來源讀音一致時啟用。,執行期 exact normalized outline signature only；不使用中文字、詞義、句境或字典預期音；signature 衝突即不納入。
25280e558f708a4fbbee8abd64c05244b4d74fce,˙ㄉㄜ,15,DFPYuanW5-PoIn1-BFW@xref2452#14480; DFPYuanW5-PoIn1-BFW@xref3398#14480; DFPYuanW5-PoIn1-BFW@xref3558#14480; DFPYuanW5-PoIn1-BFW@xref959#14480; DFPYuanW5-ZhuIn-BFW@xref1349#14480; DFPYuanW5-ZhuIn-BFW@xref1422#14480; DFPYuanW5-ZhuIn-BFW@xref1770#14480; DFPYuanW5-ZhuIn-BFW@xref2450#14480; DFPYuanW5-ZhuIn-BFW@xref2835#14480; DFPYuanW5-ZhuIn-BFW@xref3391#14480; DFPYuanW5-ZhuIn-BFW@xref3546#14480; DFPYuanW5-ZhuIn-BFW@xref372#14480; DFPYuanW5-ZhuIn-BFW@xref4603#14480; DFPYuanW5-ZhuIn-BFW@xref5574#14480; DFPYuanW5-ZhuIn-BFW@xref952#14480,v3.7：由 v3.6 已解碼 TTF 注音元件的實際 glyf 輪廓建立；相同正規化輪廓 signature 僅在所有來源讀音一致時啟用。,執行期 exact normalized outline signature only；不使用中文字、詞義、句境或字典預期音；signature 衝突即不納入。
7ecef898db385ce676e113aa4d686a3e943ea587,˙ㄉㄜ,1,DFPWaWa-W5-ZhuIn-BFW@xref49#14479,v3.7：由 v3.6 已解碼 TTF 注音元件的實際 glyf 輪廓建立；相同正規化輪廓 signature 僅在所有來源讀音一致時啟用。,執行期 exact normalized outline signature only；不使用中文字、詞義、句境或字典預期音；signature 衝突即不納入。
bb5c9dbab243e7585b52d8e0362a973d2d7c76e7,˙ㄉㄜ,1,DFHeiPoIn1-Bd-BPMW-BF@xref4416#14522,v3.7：由 v3.6 已解碼 TTF 注音元件的實際 glyf 輪廓建立；相同正規化輪廓 signature 僅在所有來源讀音一致時啟用。,執行期 exact normalized outline signature only；不使用中文字、詞義、句境或字典預期音；signature 衝突即不納入。
c2c244fcc399a63fa5c43546a600621ee367eec4,˙ㄉㄜ,14,DFPBiaoKai-W5-PoIn1-BFW@xref322#14479; DFPBiaoKai-W5-ZhuIn-BFW@xref1064#14479; DFPBiaoKai-W5-ZhuIn-BFW@xref1279#14479; DFPBiaoKai-W5-ZhuIn-BFW@xref1731#14479; DFPBiaoKai-W5-ZhuIn-BFW@xref2038#14479; DFPBiaoKai-W5-ZhuIn-BFW@xref2206#14479; DFPBiaoKai-W5-ZhuIn-BFW@xref2802#14479; DFPBiaoKai-W5-ZhuIn-BFW@xref308#14479; DFPBiaoKai-W5-ZhuIn-BFW@xref3276#14479; DFPBiaoKai-W5-ZhuIn-BFW@xref3372#14479; DFPBiaoKai-W5-ZhuIn-BFW@xref4404#14479; DFPBiaoKai-W5-ZhuIn-BFW@xref5004#14479; DFPBiaoKai-W5-ZhuIn-BFW@xref5643#14479; DFPBiaoKai-W5-ZhuIn-BFW@xref846#14479,v3.7：由 v3.6 已解碼 TTF 注音元件的實際 glyf 輪廓建立；相同正規化輪廓 signature 僅在所有來源讀音一致時啟用。,執行期 exact normalized outline signature only；不使用中文字、詞義、句境或字典預期音；signature 衝突即不納入。
9982424d641cfb2db3af771c22fa0d2716fc80d4,˙ㄊㄡ,1,DFPBiaoKai-W5-PoIn1-BFW@xref322#14549,v3.7：由 v3.6 已解碼 TTF 注音元件的實際 glyf 輪廓建立；相同正規化輪廓 signature 僅在所有來源讀音一致時啟用。,執行期 exact normalized outline signature only；不使用中文字、詞義、句境或字典預期音；signature 衝突即不納入。
5c0b3c89d45b3cb21b555e8e9ba960748254ff0b,˙ㄋㄚ,1,DFPBiaoKai-W5-PoIn2-BFW@xref3283#14606,v3.7：由 v3.6 已解碼 TTF 注音元件的實際 glyf 輪廓建立；相同正規化輪廓 signature 僅在所有來源讀音一致時啟用。,執行期 exact normalized outline signature only；不使用中文字、詞義、句境或字典預期音；signature 衝突即不納入。
4dcfac80fe904e2880aef5de1bb5fe3a66dd4b13,˙ㄋㄜ,1,DFYuanPoIn1-Bd-BPMW-BF@xref603#15535,v3.7：由 v3.6 已解碼 TTF 注音元件的實際 glyf 輪廓建立；相同正規化輪廓 signature 僅在所有來源讀音一致時啟用。,執行期 exact normalized outline signature only；不使用中文字、詞義、句境或字典預期音；signature 衝突即不納入。
81828c4ba0b173f0ae9fed71c37cf769ad3a15fa,˙ㄋㄜ,1,DFPBiaoKai-W5-PoIn1-BFW@xref322#15492,v3.7：由 v3.6 已解碼 TTF 注音元件的實際 glyf 輪廓建立；相同正規化輪廓 signature 僅在所有來源讀音一致時啟用。,執行期 exact normalized outline signature only；不使用中文字、詞義、句境或字典預期音；signature 衝突即不納入。
bbba7898c91e60fe94070de95e3b930f7521fecd,˙ㄋㄜ,2,DFHeiPoIn1-Bd-BPMW-BF@xref1331#15535; DFHeiPoIn1-Bd-BPMW-BF@xref2459#15535,v3.7：由 v3.6 已解碼 TTF 注音元件的實際 glyf 輪廓建立；相同正規化輪廓 signature 僅在所有來源讀音一致時啟用。,執行期 exact normalized outline signature only；不使用中文字、詞義、句境或字典預期音；signature 衝突即不納入。
e091695252fafbbab7a9287d6fce9167169829cc,˙ㄋㄜ,3,DFPYuanW5-ZhuIn-BFW@xref1770#15493; DFPYuanW5-ZhuIn-BFW@xref2835#15493; DFPYuanW5-ZhuIn-BFW@xref372#15493,v3.7：由 v3.6 已解碼 TTF 注音元件的實際 glyf 輪廓建立；相同正規化輪廓 signature 僅在所有來源讀音一致時啟用。,執行期 exact normalized outline signature only；不使用中文字、詞義、句境或字典預期音；signature 衝突即不納入。
11547ce3108e25415ccc991a7991ea672ae2cbbe,˙ㄌㄚ,1,DFPBiaoKai-W5-PoIn1-BFW@xref839#14672,v3.7：由 v3.6 已解碼 TTF 注音元件的實際 glyf 輪廓建立；相同正規化輪廓 signature 僅在所有來源讀音一致時啟用。,執行期 exact normalized outline signature only；不使用中文字、詞義、句境或字典預期音；signature 衝突即不納入。
86ca0c855cf1711a4057e162be24a4e42fa11746,˙ㄌㄜ,4,DFPYuanW5-ZhuIn-BFW@xref2835#14678; DFPYuanW5-ZhuIn-BFW@xref3391#14678; DFPYuanW5-ZhuIn-BFW@xref372#14678; DFPYuanW5-ZhuIn-BFW@xref952#14678,v3.7：由 v3.6 已解碼 TTF 注音元件的實際 glyf 輪廓建立；相同正規化輪廓 signature 僅在所有來源讀音一致時啟用。,執行期 exact normalized outline signature only；不使用中文字、詞義、句境或字典預期音；signature 衝突即不納入。
de8d8cfc0d64ba6416c15c91011adf3d2114146f,˙ㄌㄜ,10,DFPBiaoKai-W5-ZhuIn-BFW@xref1279#14677; DFPBiaoKai-W5-ZhuIn-BFW@xref1731#14677; DFPBiaoKai-W5-ZhuIn-BFW@xref2206#14677; DFPBiaoKai-W5-ZhuIn-BFW@xref2802#14677; DFPBiaoKai-W5-ZhuIn-BFW@xref308#14677; DFPBiaoKai-W5-ZhuIn-BFW@xref3372#14677; DFPBiaoKai-W5-ZhuIn-BFW@xref4404#14677; DFPBiaoKai-W5-ZhuIn-BFW@xref5004#14677; DFPBiaoKai-W5-ZhuIn-BFW@xref5643#14677; DFPBiaoKai-W5-ZhuIn-BFW@xref846#14677,v3.7：由 v3.6 已解碼 TTF 注音元件的實際 glyf 輪廓建立；相同正規化輪廓 signature 僅在所有來源讀音一致時啟用。,執行期 exact normalized outline signature only；不使用中文字、詞義、句境或字典預期音；signature 衝突即不納入。
0a8bf23bfe06ff93743ede8f9543df118f23ca3a,˙ㄒㄧㄥ,1,DFPYuanW5-PoIn1-BFW@xref5202#15502,v3.7：由 v3.6 已解碼 TTF 注音元件的實際 glyf 輪廓建立；相同正規化輪廓 signature 僅在所有來源讀音一致時啟用。,執行期 exact normalized outline signature only；不使用中文字、詞義、句境或字典預期音；signature 衝突即不納入。
6825f91d8d6377562df2737223d30ce1bbc8f96e,˙ㄓㄜ,7,DFPBiaoKai-W5-ZhuIn-BFW@xref1731#15101; DFPBiaoKai-W5-ZhuIn-BFW@xref2206#15101; DFPBiaoKai-W5-ZhuIn-BFW@xref2802#15101; DFPBiaoKai-W5-ZhuIn-BFW@xref3276#15101; DFPBiaoKai-W5-ZhuIn-BFW@xref4404#15101; DFPBiaoKai-W5-ZhuIn-BFW@xref5004#15101; DFPBiaoKai-W5-ZhuIn-BFW@xref846#15101,v3.7：由 v3.6 已解碼 TTF 注音元件的實際 glyf 輪廓建立；相同正規化輪廓 signature 僅在所有來源讀音一致時啟用。,執行期 exact normalized outline signature only；不使用中文字、詞義、句境或字典預期音；signature 衝突即不納入。
f630755b1bb5bdce2bc0fdf21017ba92bae0ad20,˙ㄓㄜ,4,DFPYuanW5-ZhuIn-BFW@xref1422#15102; DFPYuanW5-ZhuIn-BFW@xref2450#15102; DFPYuanW5-ZhuIn-BFW@xref3391#15102; DFPYuanW5-ZhuIn-BFW@xref3546#15102,v3.7：由 v3.6 已解碼 TTF 注音元件的實際 glyf 輪廓建立；相同正規化輪廓 signature 僅在所有來源讀音一致時啟用。,執行期 exact normalized outline signature only；不使用中文字、詞義、句境或字典預期音；signature 衝突即不納入。
5c9c817841dcaf13073aef943953d281618d6857,˙ㄗ,5,DFPYuanW5-PoIn1-BFW@xref1777#15319; DFPYuanW5-PoIn1-BFW@xref2452#15319; DFPYuanW5-PoIn1-BFW@xref3398#15319; DFPYuanW5-PoIn1-BFW@xref386#15319; DFPYuanW5-PoIn1-BFW@xref5581#15319,v3.7：由 v3.6 已解碼 TTF 注音元件的實際 glyf 輪廓建立；相同正規化輪廓 signature 僅在所有來源讀音一致時啟用。,執行期 exact normalized outline signature only；不使用中文字、詞義、句境或字典預期音；signature 衝突即不納入。
bf17af729bfb0924cebebff9c3ea1447ded5f23b,˙ㄗ,6,DFPBiaoKai-W5-ZhuIn-BFW@xref1279#15318; DFPBiaoKai-W5-ZhuIn-BFW@xref1731#15318; DFPBiaoKai-W5-ZhuIn-BFW@xref2206#15318; DFPBiaoKai-W5-ZhuIn-BFW@xref2802#15318; DFPBiaoKai-W5-ZhuIn-BFW@xref5004#15318; DFPBiaoKai-W5-ZhuIn-BFW@xref5643#15318,v3.7：由 v3.6 已解碼 TTF 注音元件的實際 glyf 輪廓建立；相同正規化輪廓 signature 僅在所有來源讀音一致時啟用。,執行期 exact normalized outline signature only；不使用中文字、詞義、句境或字典預期音；signature 衝突即不納入。
c389095593d816cd3a8d51eb6d468ea76c5a8f5e,˙ㄚ,2,DFPBiaoKai-W5-PoIn1-BFW@xref322#14125; DFPBiaoKai-W5-PoIn1-BFW@xref839#14125,v3.7：由 v3.6 已解碼 TTF 注音元件的實際 glyf 輪廓建立；相同正規化輪廓 signature 僅在所有來源讀音一致時啟用。,執行期 exact normalized outline signature only；不使用中文字、詞義、句境或字典預期音；signature 衝突即不納入。
3f681eb902a79f82e5ad2615b65d9bd53104d1a7,˙ㄧㄚ,1,DFPBiaoKai-W5-ZhuIn-BFW@xref308#15464,v3.7：由 v3.6 已解碼 TTF 注音元件的實際 glyf 輪廓建立；相同正規化輪廓 signature 僅在所有來源讀音一致時啟用。,執行期 exact normalized outline signature only；不使用中文字、詞義、句境或字典預期音；signature 衝突即不納入。
14ffcb30279f755594e3a3ace3df4a37dd5c70b0,ㄅㄚ,2,DFPBiaoKai-W5-ZhuIn-BFW@xref2206#14256; DFPBiaoKai-W5-ZhuIn-BFW@xref308#14256,v3.7：由 v3.6 已解碼 TTF 注音元件的實際 glyf 輪廓建立；相同正規化輪廓 signature 僅在所有來源讀音一致時啟用。,執行期 exact normalized outline signature only；不使用中文字、詞義、句境或字典預期音；signature 衝突即不納入。
206a7eee37b1d8e2061725bdcbfc1c7f237340b5,ㄅㄚˇ,2,DFPYuanW5-ZhuIn-BFW@xref5574#14261; DFPYuanW5-ZhuIn-BFW@xref952#14261,v3.7：由 v3.6 已解碼 TTF 注音元件的實際 glyf 輪廓建立；相同正規化輪廓 signature 僅在所有來源讀音一致時啟用。,執行期 exact normalized outline signature only；不使用中文字、詞義、句境或字典預期音；signature 衝突即不納入。
77d942d2799d922f9c09444bc070519e4690834b,ㄅㄚˇ,5,DFPBiaoKai-W5-ZhuIn-BFW@xref1731#14260; DFPBiaoKai-W5-ZhuIn-BFW@xref308#14260; DFPBiaoKai-W5-ZhuIn-BFW@xref3372#14260; DFPBiaoKai-W5-ZhuIn-BFW@xref5004#14260; DFPBiaoKai-W5-ZhuIn-BFW@xref846#14260,v3.7：由 v3.6 已解碼 TTF 注音元件的實際 glyf 輪廓建立；相同正規化輪廓 signature 僅在所有來源讀音一致時啟用。,執行期 exact normalized outline signature only；不使用中文字、詞義、句境或字典預期音；signature 衝突即不納入。
2ba48e720d73fdd48d4491ae6d4c695e453d6320,ㄅㄚˋ,1,DFPBiaoKai-W5-ZhuIn-BFW@xref1279#14259,v3.7：由 v3.6 已解碼 TTF 注音元件的實際 glyf 輪廓建立；相同正規化輪廓 signature 僅在所有來源讀音一致時啟用。,執行期 exact normalized outline signature only；不使用中文字、詞義、句境或字典預期音；signature 衝突即不納入。
e0650b13143168c8643c299c3209606d8885680a,ㄅㄛ,1,DFPBiaoKai-W5-ZhuIn-BFW@xref4404#14261,v3.7：由 v3.6 已解碼 TTF 注音元件的實際 glyf 輪廓建立；相同正規化輪廓 signature 僅在所有來源讀音一致時啟用。,執行期 exact normalized outline signature only；不使用中文字、詞義、句境或字典預期音；signature 衝突即不納入。
0b45d9fa575ce0bb610790c567ef587d06e694d4,ㄅㄛˊ,1,DFPBiaoKai-W5-ZhuIn-BFW@xref5004#14262,v3.7：由 v3.6 已解碼 TTF 注音元件的實際 glyf 輪廓建立；相同正規化輪廓 signature 僅在所有來源讀音一致時啟用。,執行期 exact normalized outline signature only；不使用中文字、詞義、句境或字典預期音；signature 衝突即不納入。
af756897acf61b7ea202b3bbf27d040dcba1e182,ㄅㄞˇ,3,DFPBiaoKai-W5-ZhuIn-BFW@xref2206#14268; DFPBiaoKai-W5-ZhuIn-BFW@xref2802#14268; DFPBiaoKai-W5-ZhuIn-BFW@xref4404#14268,v3.7：由 v3.6 已解碼 TTF 注音元件的實際 glyf 輪廓建立；相同正規化輪廓 signature 僅在所有來源讀音一致時啟用。,執行期 exact normalized outline signature only；不使用中文字、詞義、句境或字典預期音；signature 衝突即不納入。
c462d3de19da585448b0271c8da3538fa2edd9d3,ㄅㄞˇ,2,DFPYuanW5-ZhuIn-BFW@xref2835#14269; DFPYuanW5-ZhuIn-BFW@xref4603#14269,v3.7：由 v3.6 已解碼 TTF 注音元件的實際 glyf 輪廓建立；相同正規化輪廓 signature 僅在所有來源讀音一致時啟用。,執行期 exact normalized outline signature only；不使用中文字、詞義、句境或字典預期音；signature 衝突即不納入。
55d0b878e6cfa3b83aee3bc5d5f9d600ae8dcfdd,ㄅㄞˊ,2,DFPBiaoKai-W5-ZhuIn-BFW@xref1731#14266; DFPBiaoKai-W5-ZhuIn-BFW@xref846#14266,v3.7：由 v3.6 已解碼 TTF 注音元件的實際 glyf 輪廓建立；相同正規化輪廓 signature 僅在所有來源讀音一致時啟用。,執行期 exact normalized outline signature only；不使用中文字、詞義、句境或字典預期音；signature 衝突即不納入。
d7502bf1a19360a1b36fefb589b20086cb085e00,ㄅㄞˊ,3,DFPYuanW5-ZhuIn-BFW@xref1349#14267; DFPYuanW5-ZhuIn-BFW@xref1770#14267; DFPYuanW5-ZhuIn-BFW@xref1929#14267,v3.7：由 v3.6 已解碼 TTF 注音元件的實際 glyf 輪廓建立；相同正規化輪廓 signature 僅在所有來源讀音一致時啟用。,執行期 exact normalized outline signature only；不使用中文字、詞義、句境或字典預期音；signature 衝突即不納入。
15d93bf85b447c3fdd1e38dde045f43a43e2d55d,ㄅㄞˋ,2,DFPBiaoKai-W5-ZhuIn-BFW@xref2206#14267; DFPBiaoKai-W5-ZhuIn-BFW@xref3276#14267,v3.7：由 v3.6 已解碼 TTF 注音元件的實際 glyf 輪廓建立；相同正規化輪廓 signature 僅在所有來源讀音一致時啟用。,執行期 exact normalized outline signature only；不使用中文字、詞義、句境或字典預期音；signature 衝突即不納入。
b9d5f4b34d2ba0ebd72d5be2cc34f96600836014,ㄅㄞˋ,1,DFPYuanW5-ZhuIn-BFW@xref5574#14268,v3.7：由 v3.6 已解碼 TTF 注音元件的實際 glyf 輪廓建立；相同正規化輪廓 signature 僅在所有來源讀音一致時啟用。,執行期 exact normalized outline signature only；不使用中文字、詞義、句境或字典預期音；signature 衝突即不納入。
29e643d7410178cbc05865d799529770b7c16601,ㄅㄟ,2,DFPYuanW5-PoIn1-BFW@xref386#14270; DFPYuanW5-ZhuIn-BFW@xref1770#14270,v3.7：由 v3.6 已解碼 TTF 注音元件的實際 glyf 輪廓建立；相同正規化輪廓 signature 僅在所有來源讀音一致時啟用。,執行期 exact normalized outline signature only；不使用中文字、詞義、句境或字典預期音；signature 衝突即不納入。
682b9303b6565f816d75ee80de8c4934dd813daa,ㄅㄟ,1,DFPBiaoKai-W5-ZhuIn-BFW@xref1731#14269,v3.7：由 v3.6 已解碼 TTF 注音元件的實際 glyf 輪廓建立；相同正規化輪廓 signature 僅在所有來源讀音一致時啟用。,執行期 exact normalized outline signature only；不使用中文字、詞義、句境或字典預期音；signature 衝突即不納入。
655d2d31a30f9230500380b0197fd40faf4e8ed1,ㄅㄟˋ,8,DFPBiaoKai-W5-ZhuIn-BFW@xref1731#14270; DFPBiaoKai-W5-ZhuIn-BFW@xref2206#14270; DFPBiaoKai-W5-ZhuIn-BFW@xref2802#14270; DFPBiaoKai-W5-ZhuIn-BFW@xref308#14270; DFPBiaoKai-W5-ZhuIn-BFW@xref3276#14270; DFPBiaoKai-W5-ZhuIn-BFW@xref4404#14270; DFPBiaoKai-W5-ZhuIn-BFW@xref5004#14270; DFPBiaoKai-W5-ZhuIn-BFW@xref5643#14270,v3.7：由 v3.6 已解碼 TTF 注音元件的實際 glyf 輪廓建立；相同正規化輪廓 signature 僅在所有來源讀音一致時啟用。,執行期 exact normalized outline signature only；不使用中文字、詞義、句境或字典預期音；signature 衝突即不納入。
7c8129d34a6f05d121a5b585ddf96746bd9cbe4d,ㄅㄟˋ,6,DFPYuanW5-ZhuIn-BFW@xref1349#14271; DFPYuanW5-ZhuIn-BFW@xref2450#14271; DFPYuanW5-ZhuIn-BFW@xref2835#14271; DFPYuanW5-ZhuIn-BFW@xref3391#14271; DFPYuanW5-ZhuIn-BFW@xref5159#14271; DFPYuanW5-ZhuIn-BFW@xref952#14271,v3.7：由 v3.6 已解碼 TTF 注音元件的實際 glyf 輪廓建立；相同正規化輪廓 signature 僅在所有來源讀音一致時啟用。,執行期 exact normalized outline signature only；不使用中文字、詞義、句境或字典預期音；signature 衝突即不納入。
0f9e68a4b37f0a1e455154ebef841c95649dc385,ㄅㄠ,1,DFPYuanW5-ZhuIn-BFW@xref372#14273,v3.7：由 v3.6 已解碼 TTF 注音元件的實際 glyf 輪廓建立；相同正規化輪廓 signature 僅在所有來源讀音一致時啟用。,執行期 exact normalized outline signature only；不使用中文字、詞義、句境或字典預期音；signature 衝突即不納入。
6191cf4995fe2f81562b2c7fdc052d7d7b9b1b57,ㄅㄠ,3,DFPBiaoKai-W5-ZhuIn-BFW@xref1731#14272; DFPBiaoKai-W5-ZhuIn-BFW@xref308#14272; DFPBiaoKai-W5-ZhuIn-BFW@xref846#14272,v3.7：由 v3.6 已解碼 TTF 注音元件的實際 glyf 輪廓建立；相同正規化輪廓 signature 僅在所有來源讀音一致時啟用。,執行期 exact normalized outline signature only；不使用中文字、詞義、句境或字典預期音；signature 衝突即不納入。
958f0469e99e817485c43e10b280e9347d9c8a73,ㄅㄠˇ,4,DFPYuanW5-ZhuIn-BFW@xref1770#14276; DFPYuanW5-ZhuIn-BFW@xref2450#14276; DFPYuanW5-ZhuIn-BFW@xref2835#14276; DFPYuanW5-ZhuIn-BFW@xref3391#14276,v3.7：由 v3.6 已解碼 TTF 注音元件的實際 glyf 輪廓建立；相同正規化輪廓 signature 僅在所有來源讀音一致時啟用。,執行期 exact normalized outline signature only；不使用中文字、詞義、句境或字典預期音；signature 衝突即不納入。
c374d2eb3d4d2d188338c8882443ee32bd333e20,ㄅㄠˇ,9,DFPBiaoKai-W5-ZhuIn-BFW@xref1279#14275; DFPBiaoKai-W5-ZhuIn-BFW@xref1731#14275; DFPBiaoKai-W5-ZhuIn-BFW@xref2206#14275; DFPBiaoKai-W5-ZhuIn-BFW@xref2802#14275; DFPBiaoKai-W5-ZhuIn-BFW@xref308#14275; DFPBiaoKai-W5-ZhuIn-BFW@xref3276#14275; DFPBiaoKai-W5-ZhuIn-BFW@xref3372#14275; DFPBiaoKai-W5-ZhuIn-BFW@xref5643#14275; DFPBiaoKai-W5-ZhuIn-BFW@xref846#14275,v3.7：由 v3.6 已解碼 TTF 注音元件的實際 glyf 輪廓建立；相同正規化輪廓 signature 僅在所有來源讀音一致時啟用。,執行期 exact normalized outline signature only；不使用中文字、詞義、句境或字典預期音；signature 衝突即不納入。
02947bfb468938c856c3a776c53a42bfdff2bd2d,ㄅㄠˋ,1,DFPYuanW5-ZhuIn-BFW@xref2450#14275,v3.7：由 v3.6 已解碼 TTF 注音元件的實際 glyf 輪廓建立；相同正規化輪廓 signature 僅在所有來源讀音一致時啟用。,執行期 exact normalized outline signature only；不使用中文字、詞義、句境或字典預期音；signature 衝突即不納入。
ec8b66d7125bb384d09ea7eeb4b7c29da5e95c95,ㄅㄠˋ,1,DFPBiaoKai-W5-ZhuIn-BFW@xref2206#14274,v3.7：由 v3.6 已解碼 TTF 注音元件的實際 glyf 輪廓建立；相同正規化輪廓 signature 僅在所有來源讀音一致時啟用。,執行期 exact normalized outline signature only；不使用中文字、詞義、句境或字典預期音；signature 衝突即不納入。
5edef2603ddf627dc2d17b9baf7f4182cc9ef775,ㄅㄢ,3,DFPYuanW5-ZhuIn-BFW@xref3391#14277; DFPYuanW5-ZhuIn-BFW@xref372#14277; DFPYuanW5-ZhuIn-BFW@xref4603#14277,v3.7：由 v3.6 已解碼 TTF 注音元件的實際 glyf 輪廓建立；相同正規化輪廓 signature 僅在所有來源讀音一致時啟用。,執行期 exact normalized outline signature only；不使用中文字、詞義、句境或字典預期音；signature 衝突即不納入。
9d752afabade054ecf9747351a61184c3b082d6c,ㄅㄢ,1,DFPBiaoKai-W5-ZhuIn-BFW@xref308#14276,v3.7：由 v3.6 已解碼 TTF 注音元件的實際 glyf 輪廓建立；相同正規化輪廓 signature 僅在所有來源讀音一致時啟用。,執行期 exact normalized outline signature only；不使用中文字、詞義、句境或字典預期音；signature 衝突即不納入。
189a60cc2e73f2ae37b5deb8cd8afb2aa9f325bf,ㄅㄢˇ,1,DFPBiaoKai-W5-ZhuIn-BFW@xref5643#14278,v3.7：由 v3.6 已解碼 TTF 注音元件的實際 glyf 輪廓建立；相同正規化輪廓 signature 僅在所有來源讀音一致時啟用。,執行期 exact normalized outline signature only；不使用中文字、詞義、句境或字典預期音；signature 衝突即不納入。
92ffdb64ec005e740132c80aa58baadcc35972a5,ㄅㄢˋ,6,DFPBiaoKai-W5-ZhuIn-BFW@xref1279#14277; DFPBiaoKai-W5-ZhuIn-BFW@xref308#14277; DFPBiaoKai-W5-ZhuIn-BFW@xref3276#14277; DFPBiaoKai-W5-ZhuIn-BFW@xref4404#14277; DFPBiaoKai-W5-ZhuIn-BFW@xref5643#14277; DFPBiaoKai-W5-ZhuIn-BFW@xref846#14277,v3.7：由 v3.6 已解碼 TTF 注音元件的實際 glyf 輪廓建立；相同正規化輪廓 signature 僅在所有來源讀音一致時啟用。,執行期 exact normalized outline signature only；不使用中文字、詞義、句境或字典預期音；signature 衝突即不納入。
9dcda99e0445d79479db53bf9cca38c3cb12f8ef,ㄅㄢˋ,1,DFPYuanW5-ZhuIn-BFW@xref952#14278,v3.7：由 v3.6 已解碼 TTF 注音元件的實際 glyf 輪廓建立；相同正規化輪廓 signature 僅在所有來源讀音一致時啟用。,執行期 exact normalized outline signature only；不使用中文字、詞義、句境或字典預期音；signature 衝突即不納入。
654f77ae245f852d84318d80905a8c19fbe570a4,ㄅㄣˇ,3,DFPBiaoKai-W5-ZhuIn-BFW@xref2802#14281; DFPBiaoKai-W5-ZhuIn-BFW@xref308#14281; DFPBiaoKai-W5-ZhuIn-BFW@xref5643#14281,v3.7：由 v3.6 已解碼 TTF 注音元件的實際 glyf 輪廓建立；相同正規化輪廓 signature 僅在所有來源讀音一致時啟用。,執行期 exact normalized outline signature only；不使用中文字、詞義、句境或字典預期音；signature 衝突即不納入。
9cef2943d188522ed49b6190c3131b3a466ec50e,ㄅㄣˇ,1,DFPYuanW5-ZhuIn-BFW@xref372#14282,v3.7：由 v3.6 已解碼 TTF 注音元件的實際 glyf 輪廓建立；相同正規化輪廓 signature 僅在所有來源讀音一致時啟用。,執行期 exact normalized outline signature only；不使用中文字、詞義、句境或字典預期音；signature 衝突即不納入。
47a6e7bec5cc5e232be759ed1ed4cd80d01dd814,ㄅㄤ,5,DFPBiaoKai-W5-ZhuIn-BFW@xref1731#14282; DFPBiaoKai-W5-ZhuIn-BFW@xref2802#14282; DFPBiaoKai-W5-ZhuIn-BFW@xref308#14282; DFPBiaoKai-W5-ZhuIn-BFW@xref3372#14282; DFPBiaoKai-W5-ZhuIn-BFW@xref5004#14282,v3.7：由 v3.6 已解碼 TTF 注音元件的實際 glyf 輪廓建立；相同正規化輪廓 signature 僅在所有來源讀音一致時啟用。,執行期 exact normalized outline signature only；不使用中文字、詞義、句境或字典預期音；signature 衝突即不納入。
9c5b40ad50c686f5849ac8a925cc633a8c1e9e7f,ㄅㄤ,1,DFPYuanW5-ZhuIn-BFW@xref1770#14283,v3.7：由 v3.6 已解碼 TTF 注音元件的實際 glyf 輪廓建立；相同正規化輪廓 signature 僅在所有來源讀音一致時啟用。,執行期 exact normalized outline signature only；不使用中文字、詞義、句境或字典預期音；signature 衝突即不納入。
ec60c6aed650432bd6e7b4acb0747ccbd1012b80,ㄅㄤˇ,1,DFPYuanW5-ZhuIn-BFW@xref2835#14285,v3.7：由 v3.6 已解碼 TTF 注音元件的實際 glyf 輪廓建立；相同正規化輪廓 signature 僅在所有來源讀音一致時啟用。,執行期 exact normalized outline signature only；不使用中文字、詞義、句境或字典預期音；signature 衝突即不納入。
8348a0fe6098d387c14d7f3034c866f99dc2bbe7,ㄅㄤˋ,1,DFPBiaoKai-W5-ZhuIn-BFW@xref5004#14283,v3.7：由 v3.6 已解碼 TTF 注音元件的實際 glyf 輪廓建立；相同正規化輪廓 signature 僅在所有來源讀音一致時啟用。,執行期 exact normalized outline signature only；不使用中文字、詞義、句境或字典預期音；signature 衝突即不納入。
b2c4804cdd9ee89552c8f92bc7f5510cdcd4d5e9,ㄅㄤˋ,2,DFPYuanW5-ZhuIn-BFW@xref3546#14284; DFPYuanW5-ZhuIn-BFW@xref4603#14284,v3.7：由 v3.6 已解碼 TTF 注音元件的實際 glyf 輪廓建立；相同正規化輪廓 signature 僅在所有來源讀音一致時啟用。,執行期 exact normalized outline signature only；不使用中文字、詞義、句境或字典預期音；signature 衝突即不納入。
7e6f828ce6d3158869d984945eeb9293df711e5b,ㄅㄧˇ,8,DFPBiaoKai-W5-ZhuIn-BFW@xref1731#14292; DFPBiaoKai-W5-ZhuIn-BFW@xref2206#14292; DFPBiaoKai-W5-ZhuIn-BFW@xref2802#14292; DFPBiaoKai-W5-ZhuIn-BFW@xref3276#14292; DFPBiaoKai-W5-ZhuIn-BFW@xref3372#14292; DFPBiaoKai-W5-ZhuIn-BFW@xref4404#14292; DFPBiaoKai-W5-ZhuIn-BFW@xref5004#14292; DFPBiaoKai-W5-ZhuIn-BFW@xref846#14292,v3.7：由 v3.6 已解碼 TTF 注音元件的實際 glyf 輪廓建立；相同正規化輪廓 signature 僅在所有來源讀音一致時啟用。,執行期 exact normalized outline signature only；不使用中文字、詞義、句境或字典預期音；signature 衝突即不納入。
a5a99289f5148897017b40a6a2441fbbd7e5a022,ㄅㄧˇ,4,DFPYuanW5-ZhuIn-BFW@xref1770#14293; DFPYuanW5-ZhuIn-BFW@xref3391#14293; DFPYuanW5-ZhuIn-BFW@xref3546#14293; DFPYuanW5-ZhuIn-BFW@xref5574#14293,v3.7：由 v3.6 已解碼 TTF 注音元件的實際 glyf 輪廓建立；相同正規化輪廓 signature 僅在所有來源讀音一致時啟用。,執行期 exact normalized outline signature only；不使用中文字、詞義、句境或字典預期音；signature 衝突即不納入。
0a4e2d6859d20854759b9462893f29efdb7dc435,ㄅㄧˊ,1,DFPYuanW5-ZhuIn-BFW@xref1422#14291,v3.7：由 v3.6 已解碼 TTF 注音元件的實際 glyf 輪廓建立；相同正規化輪廓 signature 僅在所有來源讀音一致時啟用。,執行期 exact normalized outline signature only；不使用中文字、詞義、句境或字典預期音；signature 衝突即不納入。
0d9e12c42453598f4afdb4e792f09c23da69088b,ㄅㄧˋ,3,DFPYuanW5-ZhuIn-BFW@xref1349#14292; DFPYuanW5-ZhuIn-BFW@xref2835#14292; DFPYuanW5-ZhuIn-BFW@xref4603#14292,v3.7：由 v3.6 已解碼 TTF 注音元件的實際 glyf 輪廓建立；相同正規化輪廓 signature 僅在所有來源讀音一致時啟用。,執行期 exact normalized outline signature only；不使用中文字、詞義、句境或字典預期音；signature 衝突即不納入。
c4be07133b2dcc00aa0d40a59fb2a27bc196aaef,ㄅㄧˋ,7,DFPBiaoKai-W5-ZhuIn-BFW@xref1279#14291; DFPBiaoKai-W5-ZhuIn-BFW@xref2206#14291; DFPBiaoKai-W5-ZhuIn-BFW@xref2802#14291; DFPBiaoKai-W5-ZhuIn-BFW@xref308#14291; DFPBiaoKai-W5-ZhuIn-BFW@xref4404#14291; DFPBiaoKai-W5-ZhuIn-BFW@xref5004#14291; DFPBiaoKai-W5-ZhuIn-BFW@xref846#14291,v3.7：由 v3.6 已解碼 TTF 注音元件的實際 glyf 輪廓建立；相同正規化輪廓 signature 僅在所有來源讀音一致時啟用。,執行期 exact normalized outline signature only；不使用中文字、詞義、句境或字典預期音；signature 衝突即不納入。
982fe68cdcaae81286cf287854c1186a6b420ebd,ㄅㄧㄝˊ,4,DFPBiaoKai-W5-ZhuIn-BFW@xref1279#14294; DFPBiaoKai-W5-ZhuIn-BFW@xref308#14294; DFPBiaoKai-W5-ZhuIn-BFW@xref5643#14294; DFPBiaoKai-W5-ZhuIn-BFW@xref846#14294,v3.7：由 v3.6 已解碼 TTF 注音元件的實際 glyf 輪廓建立；相同正規化輪廓 signature 僅在所有來源讀音一致時啟用。,執行期 exact normalized outline signature only；不使用中文字、詞義、句境或字典預期音；signature 衝突即不納入。
f6c782d7d81867f629cc3d153ed9f2d2fdbc93d1,ㄅㄧㄝˊ,5,DFPYuanW5-ZhuIn-BFW@xref1349#14295; DFPYuanW5-ZhuIn-BFW@xref4603#14295; DFPYuanW5-ZhuIn-BFW@xref5159#14295; DFPYuanW5-ZhuIn-BFW@xref5574#14295; DFPYuanW5-ZhuIn-BFW@xref952#14295,v3.7：由 v3.6 已解碼 TTF 注音元件的實際 glyf 輪廓建立；相同正規化輪廓 signature 僅在所有來源讀音一致時啟用。,執行期 exact normalized outline signature only；不使用中文字、詞義、句境或字典預期音；signature 衝突即不納入。
8dce89dcc4e56c8f19bfe6dd341c431a6613fc46,ㄅㄧㄠ,4,DFPYuanW5-ZhuIn-BFW@xref2450#14298; DFPYuanW5-ZhuIn-BFW@xref3546#14298; DFPYuanW5-ZhuIn-BFW@xref372#14298; DFPYuanW5-ZhuIn-BFW@xref4603#14298,v3.7：由 v3.6 已解碼 TTF 注音元件的實際 glyf 輪廓建立；相同正規化輪廓 signature 僅在所有來源讀音一致時啟用。,執行期 exact normalized outline signature only；不使用中文字、詞義、句境或字典預期音；signature 衝突即不納入。
e2c113cde245ec996162a91d0f962feff7e8fdf3,ㄅㄧㄠ,3,DFPBiaoKai-W5-ZhuIn-BFW@xref3276#14297; DFPBiaoKai-W5-ZhuIn-BFW@xref3372#14297; DFPBiaoKai-W5-ZhuIn-BFW@xref4404#14297,v3.7：由 v3.6 已解碼 TTF 注音元件的實際 glyf 輪廓建立；相同正規化輪廓 signature 僅在所有來源讀音一致時啟用。,執行期 exact normalized outline signature only；不使用中文字、詞義、句境或字典預期音；signature 衝突即不納入。
2471d8b8559c6ddfb79385b44e6390305f161409,ㄅㄧㄠˇ,7,DFPBiaoKai-W5-ZhuIn-BFW@xref1064#14299; DFPBiaoKai-W5-ZhuIn-BFW@xref2206#14299; DFPBiaoKai-W5-ZhuIn-BFW@xref2802#14299; DFPBiaoKai-W5-ZhuIn-BFW@xref4404#14299; DFPBiaoKai-W5-ZhuIn-BFW@xref5004#14299; DFPBiaoKai-W5-ZhuIn-BFW@xref5643#14299; DFPBiaoKai-W5-ZhuIn-BFW@xref846#14299,v3.7：由 v3.6 已解碼 TTF 注音元件的實際 glyf 輪廓建立；相同正規化輪廓 signature 僅在所有來源讀音一致時啟用。,執行期 exact normalized outline signature only；不使用中文字、詞義、句境或字典預期音；signature 衝突即不納入。
c0b1a4dc46698208f8803c80766489c56e1675b9,ㄅㄧㄠˇ,4,DFPYuanW5-ZhuIn-BFW@xref1422#14300; DFPYuanW5-ZhuIn-BFW@xref3391#14300; DFPYuanW5-ZhuIn-BFW@xref3546#14300; DFPYuanW5-ZhuIn-BFW@xref952#14300,v3.7：由 v3.6 已解碼 TTF 注音元件的實際 glyf 輪廓建立；相同正規化輪廓 signature 僅在所有來源讀音一致時啟用。,執行期 exact normalized outline signature only；不使用中文字、詞義、句境或字典預期音；signature 衝突即不納入。
86bcc331bb7e24310f41d190c5ad3acb4df88a2c,ㄅㄧㄢ,2,DFPYuanW5-ZhuIn-BFW@xref1770#14301; DFPYuanW5-ZhuIn-BFW@xref2450#14301,v3.7：由 v3.6 已解碼 TTF 注音元件的實際 glyf 輪廓建立；相同正規化輪廓 signature 僅在所有來源讀音一致時啟用。,執行期 exact normalized outline signature only；不使用中文字、詞義、句境或字典預期音；signature 衝突即不納入。
89c439e765a2a863f7203155a9eb479ccee5ff6a,ㄅㄧㄢ,2,DFPBiaoKai-W5-ZhuIn-BFW@xref5004#14300; DFPBiaoKai-W5-ZhuIn-BFW@xref846#14300,v3.7：由 v3.6 已解碼 TTF 注音元件的實際 glyf 輪廓建立；相同正規化輪廓 signature 僅在所有來源讀音一致時啟用。,執行期 exact normalized outline signature only；不使用中文字、詞義、句境或字典預期音；signature 衝突即不納入。
e9f604db1c0296f1cc97980776e1c8520ea8ca2e,ㄅㄧㄢˋ,9,DFPBiaoKai-W5-ZhuIn-BFW@xref1064#14301; DFPBiaoKai-W5-ZhuIn-BFW@xref1279#14301; DFPBiaoKai-W5-ZhuIn-BFW@xref1731#14301; DFPBiaoKai-W5-ZhuIn-BFW@xref2206#14301; DFPBiaoKai-W5-ZhuIn-BFW@xref308#14301; DFPBiaoKai-W5-ZhuIn-BFW@xref3276#14301; DFPBiaoKai-W5-ZhuIn-BFW@xref4404#14301; DFPBiaoKai-W5-ZhuIn-BFW@xref5004#14301; DFPBiaoKai-W5-ZhuIn-BFW@xref846#14301,v3.7：由 v3.6 已解碼 TTF 注音元件的實際 glyf 輪廓建立；相同正規化輪廓 signature 僅在所有來源讀音一致時啟用。,執行期 exact normalized outline signature only；不使用中文字、詞義、句境或字典預期音；signature 衝突即不納入。
fcb2c34e9a96799129b2f96ce9b4c11db5053bff,ㄅㄧㄢˋ,6,DFPYuanW5-ZhuIn-BFW@xref1349#14302; DFPYuanW5-ZhuIn-BFW@xref1770#14302; DFPYuanW5-ZhuIn-BFW@xref2835#14302; DFPYuanW5-ZhuIn-BFW@xref3391#14302; DFPYuanW5-ZhuIn-BFW@xref372#14302; DFPYuanW5-ZhuIn-BFW@xref4603#14302,v3.7：由 v3.6 已解碼 TTF 注音元件的實際 glyf 輪廓建立；相同正規化輪廓 signature 僅在所有來源讀音一致時啟用。,執行期 exact normalized outline signature only；不使用中文字、詞義、句境或字典預期音；signature 衝突即不納入。
1388ce06ae3ffe3da9498234d3ad52aae39d1861,ㄅㄧㄥˇ,1,DFPBiaoKai-W5-ZhuIn-BFW@xref846#14307,v3.7：由 v3.6 已解碼 TTF 注音元件的實際 glyf 輪廓建立；相同正規化輪廓 signature 僅在所有來源讀音一致時啟用。,執行期 exact normalized outline signature only；不使用中文字、詞義、句境或字典預期音；signature 衝突即不納入。
188f91260dd17acb87de413057ac2ccbf9818965,ㄅㄧㄥˋ,5,DFPYuanW5-ZhuIn-BFW@xref1349#14307; DFPYuanW5-ZhuIn-BFW@xref1422#14307; DFPYuanW5-ZhuIn-BFW@xref3391#14307; DFPYuanW5-ZhuIn-BFW@xref4603#14307; DFPYuanW5-ZhuIn-BFW@xref952#14307,v3.7：由 v3.6 已解碼 TTF 注音元件的實際 glyf 輪廓建立；相同正規化輪廓 signature 僅在所有來源讀音一致時啟用。,執行期 exact normalized outline signature only；不使用中文字、詞義、句境或字典預期音；signature 衝突即不納入。
918c4ae949ba0555ad85a3f6b10820a77896de7b,ㄅㄧㄥˋ,9,DFPBiaoKai-W5-ZhuIn-BFW@xref1279#14306; DFPBiaoKai-W5-ZhuIn-BFW@xref1731#14306; DFPBiaoKai-W5-ZhuIn-BFW@xref2802#14306; DFPBiaoKai-W5-ZhuIn-BFW@xref308#14306; DFPBiaoKai-W5-ZhuIn-BFW@xref3276#14306; DFPBiaoKai-W5-ZhuIn-BFW@xref4404#14306; DFPBiaoKai-W5-ZhuIn-BFW@xref5004#14306; DFPBiaoKai-W5-ZhuIn-BFW@xref5643#14306; DFPBiaoKai-W5-ZhuIn-BFW@xref846#14306,v3.7：由 v3.6 已解碼 TTF 注音元件的實際 glyf 輪廓建立；相同正規化輪廓 signature 僅在所有來源讀音一致時啟用。,執行期 exact normalized outline signature only；不使用中文字、詞義、句境或字典預期音；signature 衝突即不納入。
571678b5c7d003c1f0b624dfc0f0e94e0ecd2616,ㄅㄨˇ,3,DFPBiaoKai-W5-ZhuIn-BFW@xref1731#14311; DFPBiaoKai-W5-ZhuIn-BFW@xref2038#14311; DFPBiaoKai-W5-ZhuIn-BFW@xref308#14311,v3.7：由 v3.6 已解碼 TTF 注音元件的實際 glyf 輪廓建立；相同正規化輪廓 signature 僅在所有來源讀音一致時啟用。,執行期 exact normalized outline signature only；不使用中文字、詞義、句境或字典預期音；signature 衝突即不納入。
5bc0332b1e657150a57c4b9482db24ba0c014435,ㄅㄨˇ,1,DFPYuanW5-ZhuIn-BFW@xref2835#14312,v3.7：由 v3.6 已解碼 TTF 注音元件的實際 glyf 輪廓建立；相同正規化輪廓 signature 僅在所有來源讀音一致時啟用。,執行期 exact normalized outline signature only；不使用中文字、詞義、句境或字典預期音；signature 衝突即不納入。
8c56a65ebeba327488b1d34bfec3b9fe03a72592,ㄅㄨˊ,6,DFPYuanW5-ZhuIn-BFW@xref1349#14310; DFPYuanW5-ZhuIn-BFW@xref2835#14310; DFPYuanW5-ZhuIn-BFW@xref3546#14310; DFPYuanW5-ZhuIn-BFW@xref372#14310; DFPYuanW5-ZhuIn-BFW@xref5574#14310; DFPYuanW5-ZhuIn-BFW@xref952#14310,v3.7：由 v3.6 已解碼 TTF 注音元件的實際 glyf 輪廓建立；相同正規化輪廓 signature 僅在所有來源讀音一致時啟用。,執行期 exact normalized outline signature only；不使用中文字、詞義、句境或字典預期音；signature 衝突即不納入。
e1b66d860f968751afa6d8960d9485e2a8136dfe,ㄅㄨˊ,9,DFPBiaoKai-W5-ZhuIn-BFW@xref1279#14309; DFPBiaoKai-W5-ZhuIn-BFW@xref1731#14309; DFPBiaoKai-W5-ZhuIn-BFW@xref2206#14309; DFPBiaoKai-W5-ZhuIn-BFW@xref308#14309; DFPBiaoKai-W5-ZhuIn-BFW@xref3276#14309; DFPBiaoKai-W5-ZhuIn-BFW@xref3372#14309; DFPBiaoKai-W5-ZhuIn-BFW@xref4404#14309; DFPBiaoKai-W5-ZhuIn-BFW@xref5643#14309; DFPBiaoKai-W5-ZhuIn-BFW@xref846#14309,v3.7：由 v3.6 已解碼 TTF 注音元件的實際 glyf 輪廓建立；相同正規化輪廓 signature 僅在所有來源讀音一致時啟用。,執行期 exact normalized outline signature only；不使用中文字、詞義、句境或字典預期音；signature 衝突即不納入。
29ae3fd479ad083e28426a5f3f77d1b4c2956078,ㄅㄨˋ,12,DFPYuanW5-PoIn1-BFW@xref1424#14311; DFPYuanW5-PoIn1-BFW@xref3398#14311; DFPYuanW5-PoIn1-BFW@xref3558#14311; DFPYuanW5-PoIn1-BFW@xref386#14311; DFPYuanW5-PoIn1-BFW@xref4610#14311; DFPYuanW5-PoIn1-BFW@xref959#14311; DFPYuanW5-ZhuIn-BFW@xref2835#14311; DFPYuanW5-ZhuIn-BFW@xref3391#14311; DFPYuanW5-ZhuIn-BFW@xref372#14311; DFPYuanW5-ZhuIn-BFW@xref4603#14311; DFPYuanW5-ZhuIn-BFW@xref5159#14311; DFPYuanW5-ZhuIn-BFW@xref5574#14311,v3.7：由 v3.6 已解碼 TTF 注音元件的實際 glyf 輪廓建立；相同正規化輪廓 signature 僅在所有來源讀音一致時啟用。,執行期 exact normalized outline signature only；不使用中文字、詞義、句境或字典預期音；signature 衝突即不納入。
4cc23d79039a4f54a341ae60acfc57f74b064db9,ㄅㄨˋ,10,DFPBiaoKai-W5-PoIn1-BFW@xref1400#14310; DFPBiaoKai-W5-PoIn1-BFW@xref322#14310; DFPBiaoKai-W5-PoIn1-BFW@xref839#14310; DFPBiaoKai-W5-ZhuIn-BFW@xref2206#14310; DFPBiaoKai-W5-ZhuIn-BFW@xref2802#14310; DFPBiaoKai-W5-ZhuIn-BFW@xref308#14310; DFPBiaoKai-W5-ZhuIn-BFW@xref4404#14310; DFPBiaoKai-W5-ZhuIn-BFW@xref5004#14310; DFPBiaoKai-W5-ZhuIn-BFW@xref5643#14310; DFPBiaoKai-W5-ZhuIn-BFW@xref846#14310,v3.7：由 v3.6 已解碼 TTF 注音元件的實際 glyf 輪廓建立；相同正規化輪廓 signature 僅在所有來源讀音一致時啟用。,執行期 exact normalized outline signature only；不使用中文字、詞義、句境或字典預期音；signature 衝突即不納入。
774fb1159bae0f171cd25f4b8e2f21a54e4b073a,ㄅㄨˋ,3,DFHeiPoIn1-Bd-BPMW-BF@xref1331#14353; DFHeiPoIn1-Bd-BPMW-BF@xref365#14353; DFHeiPoIn1-Bd-BPMW-BF@xref874#14353,v3.7：由 v3.6 已解碼 TTF 注音元件的實際 glyf 輪廓建立；相同正規化輪廓 signature 僅在所有來源讀音一致時啟用。,執行期 exact normalized outline signature only；不使用中文字、詞義、句境或字典預期音；signature 衝突即不納入。
86d6c9783c422f7357f4214e2ef1acb54d43fa6c,ㄆㄚ,1,DFPYuanW5-ZhuIn-BFW@xref2450#14313,v3.7：由 v3.6 已解碼 TTF 注音元件的實際 glyf 輪廓建立；相同正規化輪廓 signature 僅在所有來源讀音一致時啟用。,執行期 exact normalized outline signature only；不使用中文字、詞義、句境或字典預期音；signature 衝突即不納入。
001f7d0fd21238e299ebe0ed510cbdfa2566a733,ㄆㄚˊ,1,DFPYuanW5-ZhuIn-BFW@xref2450#14314,v3.7：由 v3.6 已解碼 TTF 注音元件的實際 glyf 輪廓建立；相同正規化輪廓 signature 僅在所有來源讀音一致時啟用。,執行期 exact normalized outline signature only；不使用中文字、詞義、句境或字典預期音；signature 衝突即不納入。
a4d455066845d8fb7dba9f63f2287f23003ecba9,ㄆㄚˊ,1,DFPBiaoKai-W5-ZhuIn-BFW@xref2206#14313,v3.7：由 v3.6 已解碼 TTF 注音元件的實際 glyf 輪廓建立；相同正規化輪廓 signature 僅在所有來源讀音一致時啟用。,執行期 exact normalized outline signature only；不使用中文字、詞義、句境或字典預期音；signature 衝突即不納入。
1f8775a888e516d9389b4401f59b8db9d9949d67,ㄆㄛ,1,DFPYuanW5-ZhuIn-BFW@xref2450#14316,v3.7：由 v3.6 已解碼 TTF 注音元件的實際 glyf 輪廓建立；相同正規化輪廓 signature 僅在所有來源讀音一致時啟用。,執行期 exact normalized outline signature only；不使用中文字、詞義、句境或字典預期音；signature 衝突即不納入。
a7e443eba9b21870e63625af83b257124b6df07b,ㄆㄛ,1,DFPBiaoKai-W5-ZhuIn-BFW@xref2206#14315,v3.7：由 v3.6 已解碼 TTF 注音元件的實際 glyf 輪廓建立；相同正規化輪廓 signature 僅在所有來源讀音一致時啟用。,執行期 exact normalized outline signature only；不使用中文字、詞義、句境或字典預期音；signature 衝突即不納入。
b0fa4336f16de94ec47689d8a84fcdf1dcf635a5,ㄆㄛˋ,1,DFPBiaoKai-W5-ZhuIn-BFW@xref846#14317,v3.7：由 v3.6 已解碼 TTF 注音元件的實際 glyf 輪廓建立；相同正規化輪廓 signature 僅在所有來源讀音一致時啟用。,執行期 exact normalized outline signature only；不使用中文字、詞義、句境或字典預期音；signature 衝突即不納入。
d5433e9c17ea2ce124c3a7a2f1bf3bccec70ff72,ㄆㄞ,3,DFPBiaoKai-W5-ZhuIn-BFW@xref308#14319; DFPBiaoKai-W5-ZhuIn-BFW@xref4404#14319; DFPBiaoKai-W5-ZhuIn-BFW@xref5004#14319,v3.7：由 v3.6 已解碼 TTF 注音元件的實際 glyf 輪廓建立；相同正規化輪廓 signature 僅在所有來源讀音一致時啟用。,執行期 exact normalized outline signature only；不使用中文字、詞義、句境或字典預期音；signature 衝突即不納入。
6c285998850330a01b6ffa1636a6f06b2699e37a,ㄆㄞˊ,5,DFPYuanW5-ZhuIn-BFW@xref1349#14321; DFPYuanW5-ZhuIn-BFW@xref1422#14321; DFPYuanW5-ZhuIn-BFW@xref1770#14321; DFPYuanW5-ZhuIn-BFW@xref3546#14321; DFPYuanW5-ZhuIn-BFW@xref952#14321,v3.7：由 v3.6 已解碼 TTF 注音元件的實際 glyf 輪廓建立；相同正規化輪廓 signature 僅在所有來源讀音一致時啟用。,執行期 exact normalized outline signature only；不使用中文字、詞義、句境或字典預期音；signature 衝突即不納入。
a88b4560ad16343a9153c8285ee67158734c7e0c,ㄆㄞˊ,2,DFPBiaoKai-W5-ZhuIn-BFW@xref1731#14320; DFPBiaoKai-W5-ZhuIn-BFW@xref5004#14320,v3.7：由 v3.6 已解碼 TTF 注音元件的實際 glyf 輪廓建立；相同正規化輪廓 signature 僅在所有來源讀音一致時啟用。,執行期 exact normalized outline signature only；不使用中文字、詞義、句境或字典預期音；signature 衝突即不納入。
2c6c1d65095e68a3310af6029c2ef76e9ac7dc61,ㄆㄞˋ,1,DFPBiaoKai-W5-ZhuIn-BFW@xref4404#14321,v3.7：由 v3.6 已解碼 TTF 注音元件的實際 glyf 輪廓建立；相同正規化輪廓 signature 僅在所有來源讀音一致時啟用。,執行期 exact normalized outline signature only；不使用中文字、詞義、句境或字典預期音；signature 衝突即不納入。
c6978e1d20668ea3de05f7f3db72ea6e8a803180,ㄆㄟˊ,4,DFPBiaoKai-W5-ZhuIn-BFW@xref1731#14324; DFPBiaoKai-W5-ZhuIn-BFW@xref308#14324; DFPBiaoKai-W5-ZhuIn-BFW@xref3276#14324; DFPBiaoKai-W5-ZhuIn-BFW@xref846#14324,v3.7：由 v3.6 已解碼 TTF 注音元件的實際 glyf 輪廓建立；相同正規化輪廓 signature 僅在所有來源讀音一致時啟用。,執行期 exact normalized outline signature only；不使用中文字、詞義、句境或字典預期音；signature 衝突即不納入。
25bc5eb92a19372f5e774312661e01247b2729b6,ㄆㄟˋ,1,DFPYuanW5-ZhuIn-BFW@xref3546#14326,v3.7：由 v3.6 已解碼 TTF 注音元件的實際 glyf 輪廓建立；相同正規化輪廓 signature 僅在所有來源讀音一致時啟用。,執行期 exact normalized outline signature only；不使用中文字、詞義、句境或字典預期音；signature 衝突即不納入。
47ae26451312f53690c0d3b43782b685cd99fd38,ㄆㄟˋ,2,DFPBiaoKai-W5-ZhuIn-BFW@xref1731#14325; DFPBiaoKai-W5-ZhuIn-BFW@xref2206#14325,v3.7：由 v3.6 已解碼 TTF 注音元件的實際 glyf 輪廓建立；相同正規化輪廓 signature 僅在所有來源讀音一致時啟用。,執行期 exact normalized outline signature only；不使用中文字、詞義、句境或字典預期音；signature 衝突即不納入。
6093dfb90e555ec539c20ea3b66ede65ec885e62,ㄆㄠ,2,DFPYuanW5-ZhuIn-BFW@xref3391#14328; DFPYuanW5-ZhuIn-BFW@xref3546#14328,v3.7：由 v3.6 已解碼 TTF 注音元件的實際 glyf 輪廓建立；相同正規化輪廓 signature 僅在所有來源讀音一致時啟用。,執行期 exact normalized outline signature only；不使用中文字、詞義、句境或字典預期音；signature 衝突即不納入。
c5ca8af5afd2e9a6863b53da799efd71c0b7cd2c,ㄆㄠ,6,DFPBiaoKai-W5-ZhuIn-BFW@xref2206#14327; DFPBiaoKai-W5-ZhuIn-BFW@xref3276#14327; DFPBiaoKai-W5-ZhuIn-BFW@xref3372#14327; DFPBiaoKai-W5-ZhuIn-BFW@xref4404#14327; DFPBiaoKai-W5-ZhuIn-BFW@xref5004#14327; DFPBiaoKai-W5-ZhuIn-BFW@xref5643#14327,v3.7：由 v3.6 已解碼 TTF 注音元件的實際 glyf 輪廓建立；相同正規化輪廓 signature 僅在所有來源讀音一致時啟用。,執行期 exact normalized outline signature only；不使用中文字、詞義、句境或字典預期音；signature 衝突即不納入。
b38444e860cc21898ebc1eb9b39d32b08baa7ca4,ㄆㄠˇ,5,DFPBiaoKai-W5-ZhuIn-BFW@xref2206#14330; DFPBiaoKai-W5-ZhuIn-BFW@xref2802#14330; DFPBiaoKai-W5-ZhuIn-BFW@xref3276#14330; DFPBiaoKai-W5-ZhuIn-BFW@xref4404#14330; DFPBiaoKai-W5-ZhuIn-BFW@xref846#14330,v3.7：由 v3.6 已解碼 TTF 注音元件的實際 glyf 輪廓建立；相同正規化輪廓 signature 僅在所有來源讀音一致時啟用。,執行期 exact normalized outline signature only；不使用中文字、詞義、句境或字典預期音；signature 衝突即不納入。
b81b755475ca876b593e2144affd0b934b705186,ㄆㄠˇ,2,DFPYuanW5-ZhuIn-BFW@xref2835#14331; DFPYuanW5-ZhuIn-BFW@xref4603#14331,v3.7：由 v3.6 已解碼 TTF 注音元件的實際 glyf 輪廓建立；相同正規化輪廓 signature 僅在所有來源讀音一致時啟用。,執行期 exact normalized outline signature only；不使用中文字、詞義、句境或字典預期音；signature 衝突即不納入。
cdb957a14184a2680ee5f779dff698a3f55f6275,ㄆㄠˋ,1,DFPYuanW5-ZhuIn-BFW@xref3546#14330,v3.7：由 v3.6 已解碼 TTF 注音元件的實際 glyf 輪廓建立；相同正規化輪廓 signature 僅在所有來源讀音一致時啟用。,執行期 exact normalized outline signature only；不使用中文字、詞義、句境或字典預期音；signature 衝突即不納入。
f13bb5283b1421c871a99ea587d03b89e9dec648,ㄆㄠˋ,2,DFPBiaoKai-W5-ZhuIn-BFW@xref3276#14329; DFPBiaoKai-W5-ZhuIn-BFW@xref3372#14329,v3.7：由 v3.6 已解碼 TTF 注音元件的實際 glyf 輪廓建立；相同正規化輪廓 signature 僅在所有來源讀音一致時啟用。,執行期 exact normalized outline signature only；不使用中文字、詞義、句境或字典預期音；signature 衝突即不納入。
fde792b07773daad9cbe9a9b9324f087cd381dc5,ㄆㄠˋ,1,DFPWaWa-W5-ZhuIn-BFW@xref49#14329,v3.7：由 v3.6 已解碼 TTF 注音元件的實際 glyf 輪廓建立；相同正規化輪廓 signature 僅在所有來源讀音一致時啟用。,執行期 exact normalized outline signature only；不使用中文字、詞義、句境或字典預期音；signature 衝突即不納入。
1b47e133b01a872660892939bb5d73a9d4d7c7d4,ㄆㄢˊ,2,DFPYuanW5-ZhuIn-BFW@xref1770#14336; DFPYuanW5-ZhuIn-BFW@xref3546#14336,v3.7：由 v3.6 已解碼 TTF 注音元件的實際 glyf 輪廓建立；相同正規化輪廓 signature 僅在所有來源讀音一致時啟用。,執行期 exact normalized outline signature only；不使用中文字、詞義、句境或字典預期音；signature 衝突即不納入。
66280deecafafeb07d45a2d43ccd81d0f33a8444,ㄆㄢˊ,1,DFPBiaoKai-W5-ZhuIn-BFW@xref1731#14335,v3.7：由 v3.6 已解碼 TTF 注音元件的實際 glyf 輪廓建立；相同正規化輪廓 signature 僅在所有來源讀音一致時啟用。,執行期 exact normalized outline signature only；不使用中文字、詞義、句境或字典預期音；signature 衝突即不納入。
ce53447e07e3f957969d6c91f77740f4b991fb29,ㄆㄢˋ,1,DFPYuanW5-ZhuIn-BFW@xref2835#14337,v3.7：由 v3.6 已解碼 TTF 注音元件的實際 glyf 輪廓建立；相同正規化輪廓 signature 僅在所有來源讀音一致時啟用。,執行期 exact normalized outline signature only；不使用中文字、詞義、句境或字典預期音；signature 衝突即不納入。
e0a0475c78db89a81b6e5da6409ed22ff7954ceb,ㄆㄢˋ,2,DFPBiaoKai-W5-ZhuIn-BFW@xref2802#14336; DFPBiaoKai-W5-ZhuIn-BFW@xref4404#14336,v3.7：由 v3.6 已解碼 TTF 注音元件的實際 glyf 輪廓建立；相同正規化輪廓 signature 僅在所有來源讀音一致時啟用。,執行期 exact normalized outline signature only；不使用中文字、詞義、句境或字典預期音；signature 衝突即不納入。
eb49210b91690cd43d0dff8f9b10bb9fd6cfc8f2,ㄆㄤˊ,1,DFPYuanW5-ZhuIn-BFW@xref2450#14344,v3.7：由 v3.6 已解碼 TTF 注音元件的實際 glyf 輪廓建立；相同正規化輪廓 signature 僅在所有來源讀音一致時啟用。,執行期 exact normalized outline signature only；不使用中文字、詞義、句境或字典預期音；signature 衝突即不納入。
c873d7c50199505d6dfbab3ecc139781b5b29d9a,ㄆㄥ,1,DFPYuanW5-ZhuIn-BFW@xref1349#14347,v3.7：由 v3.6 已解碼 TTF 注音元件的實際 glyf 輪廓建立；相同正規化輪廓 signature 僅在所有來源讀音一致時啟用。,執行期 exact normalized outline signature only；不使用中文字、詞義、句境或字典預期音；signature 衝突即不納入。
626bcbd03d25d9225034d4a62077b736226bb08c,ㄆㄥˊ,3,DFPBiaoKai-W5-ZhuIn-BFW@xref1279#14347; DFPBiaoKai-W5-ZhuIn-BFW@xref1731#14347; DFPBiaoKai-W5-ZhuIn-BFW@xref308#14347,v3.7：由 v3.6 已解碼 TTF 注音元件的實際 glyf 輪廓建立；相同正規化輪廓 signature 僅在所有來源讀音一致時啟用。,執行期 exact normalized outline signature only；不使用中文字、詞義、句境或字典預期音；signature 衝突即不納入。
baaf40c56d30993c060e13637ff90162489a479b,ㄆㄥˊ,1,DFPYuanW5-ZhuIn-BFW@xref372#14348,v3.7：由 v3.6 已解碼 TTF 注音元件的實際 glyf 輪廓建立；相同正規化輪廓 signature 僅在所有來源讀音一致時啟用。,執行期 exact normalized outline signature only；不使用中文字、詞義、句境或字典預期音；signature 衝突即不納入。
57aba63b14f04204533780134820eb8179f6361a,ㄆㄥˋ,1,DFPYuanW5-ZhuIn-BFW@xref1422#14349,v3.7：由 v3.6 已解碼 TTF 注音元件的實際 glyf 輪廓建立；相同正規化輪廓 signature 僅在所有來源讀音一致時啟用。,執行期 exact normalized outline signature only；不使用中文字、詞義、句境或字典預期音；signature 衝突即不納入。
d5917ed73105011c4604c850c604358af4619776,ㄆㄥˋ,2,DFPBiaoKai-W5-ZhuIn-BFW@xref3276#14348; DFPBiaoKai-W5-ZhuIn-BFW@xref5643#14348,v3.7：由 v3.6 已解碼 TTF 注音元件的實際 glyf 輪廓建立；相同正規化輪廓 signature 僅在所有來源讀音一致時啟用。,執行期 exact normalized outline signature only；不使用中文字、詞義、句境或字典預期音；signature 衝突即不納入。
e129ef8976cda564f0568583943f086a0bcfada1,ㄆㄧ,1,DFPBiaoKai-W5-ZhuIn-BFW@xref2802#14350,v3.7：由 v3.6 已解碼 TTF 注音元件的實際 glyf 輪廓建立；相同正規化輪廓 signature 僅在所有來源讀音一致時啟用。,執行期 exact normalized outline signature only；不使用中文字、詞義、句境或字典預期音；signature 衝突即不納入。
46d5c7990856b6fa84f8e5b7c8af246e44f89bd3,ㄆㄧㄠˇ,1,DFHeiPoIn1-Bd-BPMW-BF@xref1331#14402,v3.7：由 v3.6 已解碼 TTF 注音元件的實際 glyf 輪廓建立；相同正規化輪廓 signature 僅在所有來源讀音一致時啟用。,執行期 exact normalized outline signature only；不使用中文字、詞義、句境或字典預期音；signature 衝突即不納入。
c0b8573a52e9e03a4f75b23f32b31904377f63c6,ㄆㄧㄢ,1,DFPYuanW5-ZhuIn-BFW@xref3546#14361,v3.7：由 v3.6 已解碼 TTF 注音元件的實際 glyf 輪廓建立；相同正規化輪廓 signature 僅在所有來源讀音一致時啟用。,執行期 exact normalized outline signature only；不使用中文字、詞義、句境或字典預期音；signature 衝突即不納入。
9688d5b29378df8afa483ec725e5e672dc359aff,ㄆㄧㄢˊ,1,DFPYuanW5-PoIn1-BFW@xref1777#14362,v3.7：由 v3.6 已解碼 TTF 注音元件的實際 glyf 輪廓建立；相同正規化輪廓 signature 僅在所有來源讀音一致時啟用。,執行期 exact normalized outline signature only；不使用中文字、詞義、句境或字典預期音；signature 衝突即不納入。
1a2b3eae25feeb418061bf1466edfc027baf97dc,ㄆㄧㄢˋ,3,DFPBiaoKai-W5-ZhuIn-BFW@xref1279#14362; DFPBiaoKai-W5-ZhuIn-BFW@xref1731#14362; DFPBiaoKai-W5-ZhuIn-BFW@xref2206#14362,v3.7：由 v3.6 已解碼 TTF 注音元件的實際 glyf 輪廓建立；相同正規化輪廓 signature 僅在所有來源讀音一致時啟用。,執行期 exact normalized outline signature only；不使用中文字、詞義、句境或字典預期音；signature 衝突即不納入。
c0606c22ae5091bf764359f54e20cd3c169d9f3c,ㄆㄧㄣ,1,DFPBiaoKai-W5-ZhuIn-BFW@xref308#14364,v3.7：由 v3.6 已解碼 TTF 注音元件的實際 glyf 輪廓建立；相同正規化輪廓 signature 僅在所有來源讀音一致時啟用。,執行期 exact normalized outline signature only；不使用中文字、詞義、句境或字典預期音；signature 衝突即不納入。
0c24b7f6049aacc200c3db78e807076d1e86f7eb,ㄆㄧㄣˇ,2,DFPBiaoKai-W5-ZhuIn-BFW@xref1731#14367; DFPBiaoKai-W5-ZhuIn-BFW@xref308#14367,v3.7：由 v3.6 已解碼 TTF 注音元件的實際 glyf 輪廓建立；相同正規化輪廓 signature 僅在所有來源讀音一致時啟用。,執行期 exact normalized outline signature only；不使用中文字、詞義、句境或字典預期音；signature 衝突即不納入。
123bdae39ac4911a50f0344840b756b2c306cbb4,ㄆㄧㄣˇ,3,DFPYuanW5-ZhuIn-BFW@xref1349#14368; DFPYuanW5-ZhuIn-BFW@xref1770#14368; DFPYuanW5-ZhuIn-BFW@xref952#14368,v3.7：由 v3.6 已解碼 TTF 注音元件的實際 glyf 輪廓建立；相同正規化輪廓 signature 僅在所有來源讀音一致時啟用。,執行期 exact normalized outline signature only；不使用中文字、詞義、句境或字典預期音；signature 衝突即不納入。
11d0e6fb01d09cc5f04f513834df124cddc4517e,ㄆㄧㄣˊ,1,DFPYuanW5-ZhuIn-BFW@xref2835#14366,v3.7：由 v3.6 已解碼 TTF 注音元件的實際 glyf 輪廓建立；相同正規化輪廓 signature 僅在所有來源讀音一致時啟用。,執行期 exact normalized outline signature only；不使用中文字、詞義、句境或字典預期音；signature 衝突即不納入。
92f4f594017037b0b97a931344db83fa2e6cc37f,ㄆㄧㄥˊ,5,DFPYuanW5-ZhuIn-BFW@xref1349#14370; DFPYuanW5-ZhuIn-BFW@xref1770#14370; DFPYuanW5-ZhuIn-BFW@xref2450#14370; DFPYuanW5-ZhuIn-BFW@xref2835#14370; DFPYuanW5-ZhuIn-BFW@xref5159#14370,v3.7：由 v3.6 已解碼 TTF 注音元件的實際 glyf 輪廓建立；相同正規化輪廓 signature 僅在所有來源讀音一致時啟用。,執行期 exact normalized outline signature only；不使用中文字、詞義、句境或字典預期音；signature 衝突即不納入。
f7636cdfdb1d9b3ecf0ad7b8314a95eb0712b745,ㄆㄧㄥˊ,5,DFPBiaoKai-W5-ZhuIn-BFW@xref2206#14369; DFPBiaoKai-W5-ZhuIn-BFW@xref2802#14369; DFPBiaoKai-W5-ZhuIn-BFW@xref308#14369; DFPBiaoKai-W5-ZhuIn-BFW@xref4404#14369; DFPBiaoKai-W5-ZhuIn-BFW@xref5643#14369,v3.7：由 v3.6 已解碼 TTF 注音元件的實際 glyf 輪廓建立；相同正規化輪廓 signature 僅在所有來源讀音一致時啟用。,執行期 exact normalized outline signature only；不使用中文字、詞義、句境或字典預期音；signature 衝突即不納入。
fe356b4112748ce23e765efaf1264b127d63100e,ㄇㄚ,2,DFPBiaoKai-W5-ZhuIn-BFW@xref1731#14376; DFPBiaoKai-W5-ZhuIn-BFW@xref308#14376,v3.7：由 v3.6 已解碼 TTF 注音元件的實際 glyf 輪廓建立；相同正規化輪廓 signature 僅在所有來源讀音一致時啟用。,執行期 exact normalized outline signature only；不使用中文字、詞義、句境或字典預期音；signature 衝突即不納入。
9067ab601c3462667669b009525707bb6925c2d5,ㄇㄚˇ,2,DFPBiaoKai-W5-ZhuIn-BFW@xref2206#14380; DFPBiaoKai-W5-ZhuIn-BFW@xref2802#14380,v3.7：由 v3.6 已解碼 TTF 注音元件的實際 glyf 輪廓建立；相同正規化輪廓 signature 僅在所有來源讀音一致時啟用。,執行期 exact normalized outline signature only；不使用中文字、詞義、句境或字典預期音；signature 衝突即不納入。
c92ec9abbf36013ffb2e1e08389303216c5b17f7,ㄇㄚˇ,1,DFPYuanW5-ZhuIn-BFW@xref5159#14381,v3.7：由 v3.6 已解碼 TTF 注音元件的實際 glyf 輪廓建立；相同正規化輪廓 signature 僅在所有來源讀音一致時啟用。,執行期 exact normalized outline signature only；不使用中文字、詞義、句境或字典預期音；signature 衝突即不納入。
76325d76f67815ef0825092ad450728c95f3544e,ㄇㄚˊ,1,DFPBiaoKai-W5-ZhuIn-BFW@xref1279#14378,v3.7：由 v3.6 已解碼 TTF 注音元件的實際 glyf 輪廓建立；相同正規化輪廓 signature 僅在所有來源讀音一致時啟用。,執行期 exact normalized outline signature only；不使用中文字、詞義、句境或字典預期音；signature 衝突即不納入。
cf377319f7d4f3368cb6dde6f4fb0f85c924e39e,ㄇㄚˋ,1,DFPYuanW5-ZhuIn-BFW@xref952#14380,v3.7：由 v3.6 已解碼 TTF 注音元件的實際 glyf 輪廓建立；相同正規化輪廓 signature 僅在所有來源讀音一致時啟用。,執行期 exact normalized outline signature only；不使用中文字、詞義、句境或字典預期音；signature 衝突即不納入。
28530009aa496e78191b60748a6b689428751c06,ㄇㄛˊ,1,DFPYuanW5-ZhuIn-BFW@xref2450#14384,v3.7：由 v3.6 已解碼 TTF 注音元件的實際 glyf 輪廓建立；相同正規化輪廓 signature 僅在所有來源讀音一致時啟用。,執行期 exact normalized outline signature only；不使用中文字、詞義、句境或字典預期音；signature 衝突即不納入。
cecaa8c8910683fee941845def6fd38946c706ab,ㄇㄛˊ,1,DFPBiaoKai-W5-ZhuIn-BFW@xref308#14383,v3.7：由 v3.6 已解碼 TTF 注音元件的實際 glyf 輪廓建立；相同正規化輪廓 signature 僅在所有來源讀音一致時啟用。,執行期 exact normalized outline signature only；不使用中文字、詞義、句境或字典預期音；signature 衝突即不納入。
18ffd3535267670f28b9f24def987f5e7d6374dc,ㄇㄛˋ,3,DFPYuanW5-ZhuIn-BFW@xref1422#14385; DFPYuanW5-ZhuIn-BFW@xref5159#14385; DFPYuanW5-ZhuIn-BFW@xref5574#14385,v3.7：由 v3.6 已解碼 TTF 注音元件的實際 glyf 輪廓建立；相同正規化輪廓 signature 僅在所有來源讀音一致時啟用。,執行期 exact normalized outline signature only；不使用中文字、詞義、句境或字典預期音；signature 衝突即不納入。
b3959a87db480e103f8b264779ec533dc7a3c600,ㄇㄛˋ,2,DFPBiaoKai-W5-ZhuIn-BFW@xref3276#14384; DFPBiaoKai-W5-ZhuIn-BFW@xref5643#14384,v3.7：由 v3.6 已解碼 TTF 注音元件的實際 glyf 輪廓建立；相同正規化輪廓 signature 僅在所有來源讀音一致時啟用。,執行期 exact normalized outline signature only；不使用中文字、詞義、句境或字典預期音；signature 衝突即不納入。
8e8a07c52dca95c4ae336d803a758e53729be1ad,ㄇㄞˇ,3,DFPBiaoKai-W5-ZhuIn-BFW@xref1731#14389; DFPBiaoKai-W5-ZhuIn-BFW@xref308#14389; DFPBiaoKai-W5-ZhuIn-BFW@xref846#14389,v3.7：由 v3.6 已解碼 TTF 注音元件的實際 glyf 輪廓建立；相同正規化輪廓 signature 僅在所有來源讀音一致時啟用。,執行期 exact normalized outline signature only；不使用中文字、詞義、句境或字典預期音；signature 衝突即不納入。
31cfbaac28587997a73c7af1fa696b154dd44f68,ㄇㄞˋ,2,DFPYuanW5-ZhuIn-BFW@xref113#14389; DFPYuanW5-ZhuIn-BFW@xref952#14389,v3.7：由 v3.6 已解碼 TTF 注音元件的實際 glyf 輪廓建立；相同正規化輪廓 signature 僅在所有來源讀音一致時啟用。,執行期 exact normalized outline signature only；不使用中文字、詞義、句境或字典預期音；signature 衝突即不納入。
b807933f5c2ff26e2f7b8de399f93162b2355104,ㄇㄞˋ,4,DFPBiaoKai-W5-ZhuIn-BFW@xref1731#14388; DFPBiaoKai-W5-ZhuIn-BFW@xref2802#14388; DFPBiaoKai-W5-ZhuIn-BFW@xref3276#14388; DFPBiaoKai-W5-ZhuIn-BFW@xref846#14388,v3.7：由 v3.6 已解碼 TTF 注音元件的實際 glyf 輪廓建立；相同正規化輪廓 signature 僅在所有來源讀音一致時啟用。,執行期 exact normalized outline signature only；不使用中文字、詞義、句境或字典預期音；signature 衝突即不納入。
08fdce4aba114860dc2b644740bfb8e0da8825c7,ㄇㄟˇ,9,DFPBiaoKai-W5-ZhuIn-BFW@xref1731#14392; DFPBiaoKai-W5-ZhuIn-BFW@xref2206#14392; DFPBiaoKai-W5-ZhuIn-BFW@xref2802#14392; DFPBiaoKai-W5-ZhuIn-BFW@xref308#14392; DFPBiaoKai-W5-ZhuIn-BFW@xref3276#14392; DFPBiaoKai-W5-ZhuIn-BFW@xref4404#14392; DFPBiaoKai-W5-ZhuIn-BFW@xref5004#14392; DFPBiaoKai-W5-ZhuIn-BFW@xref5643#14392; DFPBiaoKai-W5-ZhuIn-BFW@xref846#14392,v3.7：由 v3.6 已解碼 TTF 注音元件的實際 glyf 輪廓建立；相同正規化輪廓 signature 僅在所有來源讀音一致時啟用。,執行期 exact normalized outline signature only；不使用中文字、詞義、句境或字典預期音；signature 衝突即不納入。
eb6b7345397267cb6a8c2b136cc61b4029bfaa56,ㄇㄟˇ,4,DFPYuanW5-ZhuIn-BFW@xref1349#14393; DFPYuanW5-ZhuIn-BFW@xref1770#14393; DFPYuanW5-ZhuIn-BFW@xref3391#14393; DFPYuanW5-ZhuIn-BFW@xref5574#14393,v3.7：由 v3.6 已解碼 TTF 注音元件的實際 glyf 輪廓建立；相同正規化輪廓 signature 僅在所有來源讀音一致時啟用。,執行期 exact normalized outline signature only；不使用中文字、詞義、句境或字典預期音；signature 衝突即不納入。
633b457892827429c91d6c404c885c88b71f4c00,ㄇㄟˊ,7,DFPBiaoKai-W5-ZhuIn-BFW@xref1064#14390; DFPBiaoKai-W5-ZhuIn-BFW@xref1279#14390; DFPBiaoKai-W5-ZhuIn-BFW@xref2038#14390; DFPBiaoKai-W5-ZhuIn-BFW@xref2206#14390; DFPBiaoKai-W5-ZhuIn-BFW@xref2802#14390; DFPBiaoKai-W5-ZhuIn-BFW@xref3276#14390; DFPBiaoKai-W5-ZhuIn-BFW@xref846#14390,v3.7：由 v3.6 已解碼 TTF 注音元件的實際 glyf 輪廓建立；相同正規化輪廓 signature 僅在所有來源讀音一致時啟用。,執行期 exact normalized outline signature only；不使用中文字、詞義、句境或字典預期音；signature 衝突即不納入。
957f85e0e84a7af110ceae6c1ca587238cae2fb6,ㄇㄟˊ,5,DFPYuanW5-ZhuIn-BFW@xref1349#14391; DFPYuanW5-ZhuIn-BFW@xref1770#14391; DFPYuanW5-ZhuIn-BFW@xref3546#14391; DFPYuanW5-ZhuIn-BFW@xref372#14391; DFPYuanW5-ZhuIn-BFW@xref952#14391,v3.7：由 v3.6 已解碼 TTF 注音元件的實際 glyf 輪廓建立；相同正規化輪廓 signature 僅在所有來源讀音一致時啟用。,執行期 exact normalized outline signature only；不使用中文字、詞義、句境或字典預期音；signature 衝突即不納入。
3dca6c9a911ed05668226d852533efd302911255,ㄇㄠˊ,1,DFPYuanW5-ZhuIn-BFW@xref2450#14395,v3.7：由 v3.6 已解碼 TTF 注音元件的實際 glyf 輪廓建立；相同正規化輪廓 signature 僅在所有來源讀音一致時啟用。,執行期 exact normalized outline signature only；不使用中文字、詞義、句境或字典預期音；signature 衝突即不納入。
629e25cd7636cb994b7d54c733aee7cb63e46879,ㄇㄠˊ,2,DFPBiaoKai-W5-ZhuIn-BFW@xref308#14394; DFPBiaoKai-W5-ZhuIn-BFW@xref5004#14394,v3.7：由 v3.6 已解碼 TTF 注音元件的實際 glyf 輪廓建立；相同正規化輪廓 signature 僅在所有來源讀音一致時啟用。,執行期 exact normalized outline signature only；不使用中文字、詞義、句境或字典預期音；signature 衝突即不納入。
4a260bca51769fdd40a6692743c7d8cf569be552,ㄇㄠˋ,3,DFPBiaoKai-W5-ZhuIn-BFW@xref308#14395; DFPBiaoKai-W5-ZhuIn-BFW@xref3276#14395; DFPBiaoKai-W5-ZhuIn-BFW@xref5004#14395,v3.7：由 v3.6 已解碼 TTF 注音元件的實際 glyf 輪廓建立；相同正規化輪廓 signature 僅在所有來源讀音一致時啟用。,執行期 exact normalized outline signature only；不使用中文字、詞義、句境或字典預期音；signature 衝突即不納入。
33fd6e1358aabcb12e68a730f7c784152726573a,ㄇㄢˊ,1,DFPBiaoKai-W5-ZhuIn-BFW@xref1731#14400,v3.7：由 v3.6 已解碼 TTF 注音元件的實際 glyf 輪廓建立；相同正規化輪廓 signature 僅在所有來源讀音一致時啟用。,執行期 exact normalized outline signature only；不使用中文字、詞義、句境或字典預期音；signature 衝突即不納入。
54aaa7fa5dd7fe87dfccca317105bef4bfb2b5b6,ㄇㄢˋ,3,DFPBiaoKai-W5-ZhuIn-BFW@xref2206#14401; DFPBiaoKai-W5-ZhuIn-BFW@xref2802#14401; DFPBiaoKai-W5-ZhuIn-BFW@xref4404#14401,v3.7：由 v3.6 已解碼 TTF 注音元件的實際 glyf 輪廓建立；相同正規化輪廓 signature 僅在所有來源讀音一致時啟用。,執行期 exact normalized outline signature only；不使用中文字、詞義、句境或字典預期音；signature 衝突即不納入。
754d343c2327d25f7f570747f2414c20a1bd71c6,ㄇㄢˋ,1,DFPYuanW5-ZhuIn-BFW@xref2835#14402,v3.7：由 v3.6 已解碼 TTF 注音元件的實際 glyf 輪廓建立；相同正規化輪廓 signature 僅在所有來源讀音一致時啟用。,執行期 exact normalized outline signature only；不使用中文字、詞義、句境或字典預期音；signature 衝突即不納入。
b70e9de7a0c7ace3901f0791e4f777cf1220cbc8,ㄇㄣˊ,1,DFPYuanW5-ZhuIn-BFW@xref1349#14406,v3.7：由 v3.6 已解碼 TTF 注音元件的實際 glyf 輪廓建立；相同正規化輪廓 signature 僅在所有來源讀音一致時啟用。,執行期 exact normalized outline signature only；不使用中文字、詞義、句境或字典預期音；signature 衝突即不納入。
e17e6a5de9d52dcf6300c926d0324b9296316eba,ㄇㄣˊ,3,DFPBiaoKai-W5-ZhuIn-BFW@xref1279#14405; DFPBiaoKai-W5-ZhuIn-BFW@xref1731#14405; DFPBiaoKai-W5-ZhuIn-BFW@xref308#14405,v3.7：由 v3.6 已解碼 TTF 注音元件的實際 glyf 輪廓建立；相同正規化輪廓 signature 僅在所有來源讀音一致時啟用。,執行期 exact normalized outline signature only；不使用中文字、詞義、句境或字典預期音；signature 衝突即不納入。
eb2c75a9c8c020c6a191bc7497a12c5a690d9a9c,ㄇㄤˊ,2,DFPBiaoKai-W5-ZhuIn-BFW@xref1731#14408; DFPBiaoKai-W5-ZhuIn-BFW@xref308#14408,v3.7：由 v3.6 已解碼 TTF 注音元件的實際 glyf 輪廓建立；相同正規化輪廓 signature 僅在所有來源讀音一致時啟用。,執行期 exact normalized outline signature only；不使用中文字、詞義、句境或字典預期音；signature 衝突即不納入。
f69a30a7c422b3322740dc3a66d3b9ed9e0acc42,ㄇㄤˊ,1,DFPYuanW5-ZhuIn-BFW@xref1770#14409,v3.7：由 v3.6 已解碼 TTF 注音元件的實際 glyf 輪廓建立；相同正規化輪廓 signature 僅在所有來源讀音一致時啟用。,執行期 exact normalized outline signature only；不使用中文字、詞義、句境或字典預期音；signature 衝突即不納入。
5b62298869e38a67e58f641afff2d623d94f806f,ㄇㄥˋ,1,DFPBiaoKai-W5-ZhuIn-BFW@xref308#14412,v3.7：由 v3.6 已解碼 TTF 注音元件的實際 glyf 輪廓建立；相同正規化輪廓 signature 僅在所有來源讀音一致時啟用。,執行期 exact normalized outline signature only；不使用中文字、詞義、句境或字典預期音；signature 衝突即不納入。
797a0a19450be70aa46684f229b0011675778075,ㄇㄧˇ,1,DFPBiaoKai-W5-ZhuIn-BFW@xref1731#14417,v3.7：由 v3.6 已解碼 TTF 注音元件的實際 glyf 輪廓建立；相同正規化輪廓 signature 僅在所有來源讀音一致時啟用。,執行期 exact normalized outline signature only；不使用中文字、詞義、句境或字典預期音；signature 衝突即不納入。
f6a79b79d2bcb5aa62412d8dd8dce623ce96fac8,ㄇㄧˋ,3,DFPBiaoKai-W5-ZhuIn-BFW@xref2206#14416; DFPBiaoKai-W5-ZhuIn-BFW@xref3276#14416; DFPBiaoKai-W5-ZhuIn-BFW@xref3372#14416,v3.7：由 v3.6 已解碼 TTF 注音元件的實際 glyf 輪廓建立；相同正規化輪廓 signature 僅在所有來源讀音一致時啟用。,執行期 exact normalized outline signature only；不使用中文字、詞義、句境或字典預期音；signature 衝突即不納入。
a0e57eef6646632c1a6a34f8dea3af6c85d48022,ㄇㄧㄝˋ,1,DFPYuanW5-ZhuIn-BFW@xref3546#14420,v3.7：由 v3.6 已解碼 TTF 注音元件的實際 glyf 輪廓建立；相同正規化輪廓 signature 僅在所有來源讀音一致時啟用。,執行期 exact normalized outline signature only；不使用中文字、詞義、句境或字典預期音；signature 衝突即不納入。
c255d8b21d6084b922f4f396854e9b2dd90a3b49,ㄇㄧㄝˋ,1,DFPBiaoKai-W5-ZhuIn-BFW@xref3276#14419,v3.7：由 v3.6 已解碼 TTF 注音元件的實際 glyf 輪廓建立；相同正規化輪廓 signature 僅在所有來源讀音一致時啟用。,執行期 exact normalized outline signature only；不使用中文字、詞義、句境或字典預期音；signature 衝突即不納入。
279ec984ed2c298b610c14662894cf36d6fc2dc6,ㄇㄧㄠˇ,1,DFPBiaoKai-W5-ZhuIn-BFW@xref2802#14423,v3.7：由 v3.6 已解碼 TTF 注音元件的實際 glyf 輪廓建立；相同正規化輪廓 signature 僅在所有來源讀音一致時啟用。,執行期 exact normalized outline signature only；不使用中文字、詞義、句境或字典預期音；signature 衝突即不納入。
691e1da3c7903410ba851676fb5f086a63437f99,ㄇㄧㄠˇ,1,DFPYuanW5-ZhuIn-BFW@xref2835#14424,v3.7：由 v3.6 已解碼 TTF 注音元件的實際 glyf 輪廓建立；相同正規化輪廓 signature 僅在所有來源讀音一致時啟用。,執行期 exact normalized outline signature only；不使用中文字、詞義、句境或字典預期音；signature 衝突即不納入。
332703e97b57d4c2d8765da4feca0644e9be58c1,ㄇㄧㄠˊ,2,DFPBiaoKai-W5-ZhuIn-BFW@xref1279#14421; DFPBiaoKai-W5-ZhuIn-BFW@xref3372#14421,v3.7：由 v3.6 已解碼 TTF 注音元件的實際 glyf 輪廓建立；相同正規化輪廓 signature 僅在所有來源讀音一致時啟用。,執行期 exact normalized outline signature only；不使用中文字、詞義、句境或字典預期音；signature 衝突即不納入。
f97876c0cac4eb6393e2594dddd60778d79c21de,ㄇㄧㄠˊ,1,DFPYuanW5-ZhuIn-BFW@xref2450#14422,v3.7：由 v3.6 已解碼 TTF 注音元件的實際 glyf 輪廓建立；相同正規化輪廓 signature 僅在所有來源讀音一致時啟用。,執行期 exact normalized outline signature only；不使用中文字、詞義、句境或字典預期音；signature 衝突即不納入。
3a8cb13cb76981ef8d038be3cc9df2d9602ccb31,ㄇㄧㄠˋ,1,DFPBiaoKai-W5-ZhuIn-BFW@xref308#14422,v3.7：由 v3.6 已解碼 TTF 注音元件的實際 glyf 輪廓建立；相同正規化輪廓 signature 僅在所有來源讀音一致時啟用。,執行期 exact normalized outline signature only；不使用中文字、詞義、句境或字典預期音；signature 衝突即不納入。
687cfba6f7e25d69222f5c849eb7cb10ba7e0db2,ㄇㄧㄢˇ,3,DFPYuanW5-ZhuIn-BFW@xref1349#14429; DFPYuanW5-ZhuIn-BFW@xref2835#14429; DFPYuanW5-ZhuIn-BFW@xref3546#14429,v3.7：由 v3.6 已解碼 TTF 注音元件的實際 glyf 輪廓建立；相同正規化輪廓 signature 僅在所有來源讀音一致時啟用。,執行期 exact normalized outline signature only；不使用中文字、詞義、句境或字典預期音；signature 衝突即不納入。
9f1476092aa60eed681eb1ba9237cee434d931e1,ㄇㄧㄢˇ,3,DFPBiaoKai-W5-ZhuIn-BFW@xref1279#14428; DFPBiaoKai-W5-ZhuIn-BFW@xref5643#14428; DFPBiaoKai-W5-ZhuIn-BFW@xref846#14428,v3.7：由 v3.6 已解碼 TTF 注音元件的實際 glyf 輪廓建立；相同正規化輪廓 signature 僅在所有來源讀音一致時啟用。,執行期 exact normalized outline signature only；不使用中文字、詞義、句境或字典預期音；signature 衝突即不納入。
04a7c30c38a49ad852bf6c7263e278942131b54c,ㄇㄧㄢˋ,4,DFPYuanW5-ZhuIn-BFW@xref1422#14428; DFPYuanW5-ZhuIn-BFW@xref2835#14428; DFPYuanW5-ZhuIn-BFW@xref3546#14428; DFPYuanW5-ZhuIn-BFW@xref4603#14428,v3.7：由 v3.6 已解碼 TTF 注音元件的實際 glyf 輪廓建立；相同正規化輪廓 signature 僅在所有來源讀音一致時啟用。,執行期 exact normalized outline signature only；不使用中文字、詞義、句境或字典預期音；signature 衝突即不納入。
467a00f70ce702430afa70240586c1467f55263d,ㄇㄧㄢˋ,5,DFPBiaoKai-W5-ZhuIn-BFW@xref1064#14427; DFPBiaoKai-W5-ZhuIn-BFW@xref2802#14427; DFPBiaoKai-W5-ZhuIn-BFW@xref308#14427; DFPBiaoKai-W5-ZhuIn-BFW@xref5643#14427; DFPBiaoKai-W5-ZhuIn-BFW@xref846#14427,v3.7：由 v3.6 已解碼 TTF 注音元件的實際 glyf 輪廓建立；相同正規化輪廓 signature 僅在所有來源讀音一致時啟用。,執行期 exact normalized outline signature only；不使用中文字、詞義、句境或字典預期音；signature 衝突即不納入。
5f7e31f1c03f10e2c619f27c7ef048df8ac9d3d3,ㄇㄧㄣˇ,2,DFPBiaoKai-W5-ZhuIn-BFW@xref1279#14430; DFPBiaoKai-W5-ZhuIn-BFW@xref2206#14430,v3.7：由 v3.6 已解碼 TTF 注音元件的實際 glyf 輪廓建立；相同正規化輪廓 signature 僅在所有來源讀音一致時啟用。,執行期 exact normalized outline signature only；不使用中文字、詞義、句境或字典預期音；signature 衝突即不納入。
2697e2f04c4211c15b1c984ad8c52cce8f99e4de,ㄇㄧㄣˊ,1,DFPYuanW5-ZhuIn-BFW@xref1770#14430,v3.7：由 v3.6 已解碼 TTF 注音元件的實際 glyf 輪廓建立；相同正規化輪廓 signature 僅在所有來源讀音一致時啟用。,執行期 exact normalized outline signature only；不使用中文字、詞義、句境或字典預期音；signature 衝突即不納入。
5d267a5e026ef18e4028a03e9d277975a4c4321a,ㄇㄧㄣˊ,2,DFPBiaoKai-W5-ZhuIn-BFW@xref1279#14429; DFPBiaoKai-W5-ZhuIn-BFW@xref308#14429,v3.7：由 v3.6 已解碼 TTF 注音元件的實際 glyf 輪廓建立；相同正規化輪廓 signature 僅在所有來源讀音一致時啟用。,執行期 exact normalized outline signature only；不使用中文字、詞義、句境或字典預期音；signature 衝突即不納入。
96df8825428be2af0f008a1b4afc747b0770876c,ㄇㄧㄥˊ,1,DFPYuanW5-ZhuIn-BFW@xref372#14432,v3.7：由 v3.6 已解碼 TTF 注音元件的實際 glyf 輪廓建立；相同正規化輪廓 signature 僅在所有來源讀音一致時啟用。,執行期 exact normalized outline signature only；不使用中文字、詞義、句境或字典預期音；signature 衝突即不納入。
e4f96f37428b2265eb109923078ad6d92553a45d,ㄇㄧㄥˊ,5,DFPBiaoKai-W5-ZhuIn-BFW@xref1064#14431; DFPBiaoKai-W5-ZhuIn-BFW@xref1279#14431; DFPBiaoKai-W5-ZhuIn-BFW@xref2802#14431; DFPBiaoKai-W5-ZhuIn-BFW@xref308#14431; DFPBiaoKai-W5-ZhuIn-BFW@xref5004#14431,v3.7：由 v3.6 已解碼 TTF 注音元件的實際 glyf 輪廓建立；相同正規化輪廓 signature 僅在所有來源讀音一致時啟用。,執行期 exact normalized outline signature only；不使用中文字、詞義、句境或字典預期音；signature 衝突即不納入。
cdca1986101e35b10826b34650073079a2f109f0,ㄇㄧㄥˋ,2,DFPBiaoKai-W5-ZhuIn-BFW@xref1731#14432; DFPBiaoKai-W5-ZhuIn-BFW@xref3276#14432,v3.7：由 v3.6 已解碼 TTF 注音元件的實際 glyf 輪廓建立；相同正規化輪廓 signature 僅在所有來源讀音一致時啟用。,執行期 exact normalized outline signature only；不使用中文字、詞義、句境或字典預期音；signature 衝突即不納入。
fffa3e86264338484856bab5ee0c3cfa84ba598d,ㄇㄧㄥˋ,1,DFPYuanW5-ZhuIn-BFW@xref3546#14433,v3.7：由 v3.6 已解碼 TTF 注音元件的實際 glyf 輪廓建立；相同正規化輪廓 signature 僅在所有來源讀音一致時啟用。,執行期 exact normalized outline signature only；不使用中文字、詞義、句境或字典預期音；signature 衝突即不納入。
5ce9ac6e809a146068e0a1537e7b1c94407b6ac7,ㄇㄨˇ,1,DFPBiaoKai-W5-ZhuIn-BFW@xref2038#14436,v3.7：由 v3.6 已解碼 TTF 注音元件的實際 glyf 輪廓建立；相同正規化輪廓 signature 僅在所有來源讀音一致時啟用。,執行期 exact normalized outline signature only；不使用中文字、詞義、句境或字典預期音；signature 衝突即不納入。
180fc93a2d3732d023a4f614a2af42793398dc5c,ㄇㄨˋ,3,DFPBiaoKai-W5-ZhuIn-BFW@xref3276#14435; DFPBiaoKai-W5-ZhuIn-BFW@xref3372#14435; DFPBiaoKai-W5-ZhuIn-BFW@xref4404#14435,v3.7：由 v3.6 已解碼 TTF 注音元件的實際 glyf 輪廓建立；相同正規化輪廓 signature 僅在所有來源讀音一致時啟用。,執行期 exact normalized outline signature only；不使用中文字、詞義、句境或字典預期音；signature 衝突即不納入。
6c296a61aceb9f2875b50972c6ce58aa638924b6,ㄇㄨˋ,4,DFPYuanW5-ZhuIn-BFW@xref2450#14436; DFPYuanW5-ZhuIn-BFW@xref3546#14436; DFPYuanW5-ZhuIn-BFW@xref372#14436; DFPYuanW5-ZhuIn-BFW@xref4603#14436,v3.7：由 v3.6 已解碼 TTF 注音元件的實際 glyf 輪廓建立；相同正規化輪廓 signature 僅在所有來源讀音一致時啟用。,執行期 exact normalized outline signature only；不使用中文字、詞義、句境或字典預期音；signature 衝突即不納入。
58b27b95564638397030e43d28f3edcaf498d0f6,ㄈㄚ,5,DFPYuanW5-ZhuIn-BFW@xref1349#14438; DFPYuanW5-ZhuIn-BFW@xref3391#14438; DFPYuanW5-ZhuIn-BFW@xref4603#14438; DFPYuanW5-ZhuIn-BFW@xref5159#14438; DFPYuanW5-ZhuIn-BFW@xref952#14438,v3.7：由 v3.6 已解碼 TTF 注音元件的實際 glyf 輪廓建立；相同正規化輪廓 signature 僅在所有來源讀音一致時啟用。,執行期 exact normalized outline signature only；不使用中文字、詞義、句境或字典預期音；signature 衝突即不納入。
73de5db59bd23c7eb47621edc6a5f0763127b102,ㄈㄚ,6,DFPBiaoKai-W5-ZhuIn-BFW@xref1064#14437; DFPBiaoKai-W5-ZhuIn-BFW@xref1279#14437; DFPBiaoKai-W5-ZhuIn-BFW@xref1731#14437; DFPBiaoKai-W5-ZhuIn-BFW@xref308#14437; DFPBiaoKai-W5-ZhuIn-BFW@xref4404#14437; DFPBiaoKai-W5-ZhuIn-BFW@xref846#14437,v3.7：由 v3.6 已解碼 TTF 注音元件的實際 glyf 輪廓建立；相同正規化輪廓 signature 僅在所有來源讀音一致時啟用。,執行期 exact normalized outline signature only；不使用中文字、詞義、句境或字典預期音；signature 衝突即不納入。
2c5c9a44f3ef8b9ac7411d303d45d18e88b43354,ㄈㄚˇ,6,DFPBiaoKai-W5-ZhuIn-BFW@xref1064#14440; DFPBiaoKai-W5-ZhuIn-BFW@xref1279#14440; DFPBiaoKai-W5-ZhuIn-BFW@xref2206#14440; DFPBiaoKai-W5-ZhuIn-BFW@xref308#14440; DFPBiaoKai-W5-ZhuIn-BFW@xref3276#14440; DFPBiaoKai-W5-ZhuIn-BFW@xref846#14440,v3.7：由 v3.6 已解碼 TTF 注音元件的實際 glyf 輪廓建立；相同正規化輪廓 signature 僅在所有來源讀音一致時啟用。,執行期 exact normalized outline signature only；不使用中文字、詞義、句境或字典預期音；signature 衝突即不納入。
ec9af3b068bcb4021d94a0b974746749d268183c,ㄈㄚˇ,4,DFPYuanW5-ZhuIn-BFW@xref1422#14441; DFPYuanW5-ZhuIn-BFW@xref3391#14441; DFPYuanW5-ZhuIn-BFW@xref372#14441; DFPYuanW5-ZhuIn-BFW@xref952#14441,v3.7：由 v3.6 已解碼 TTF 注音元件的實際 glyf 輪廓建立；相同正規化輪廓 signature 僅在所有來源讀音一致時啟用。,執行期 exact normalized outline signature only；不使用中文字、詞義、句境或字典預期音；signature 衝突即不納入。
694feabf89c5c587bce38268caafc4e61bda1479,ㄈㄟ,2,DFPBiaoKai-W5-ZhuIn-BFW@xref308#14443; DFPBiaoKai-W5-ZhuIn-BFW@xref5004#14443,v3.7：由 v3.6 已解碼 TTF 注音元件的實際 glyf 輪廓建立；相同正規化輪廓 signature 僅在所有來源讀音一致時啟用。,執行期 exact normalized outline signature only；不使用中文字、詞義、句境或字典預期音；signature 衝突即不納入。
fafada25f2169748dd624d214d4b937652a4c6bb,ㄈㄟ,3,DFPYuanW5-ZhuIn-BFW@xref1422#14444; DFPYuanW5-ZhuIn-BFW@xref1770#14444; DFPYuanW5-ZhuIn-BFW@xref3546#14444,v3.7：由 v3.6 已解碼 TTF 注音元件的實際 glyf 輪廓建立；相同正規化輪廓 signature 僅在所有來源讀音一致時啟用。,執行期 exact normalized outline signature only；不使用中文字、詞義、句境或字典預期音；signature 衝突即不納入。
0f61a9864a6209a9e673f2ac0bc769d751510ae4,ㄈㄟˊ,1,DFPYuanW5-ZhuIn-BFW@xref1349#14445,v3.7：由 v3.6 已解碼 TTF 注音元件的實際 glyf 輪廓建立；相同正規化輪廓 signature 僅在所有來源讀音一致時啟用。,執行期 exact normalized outline signature only；不使用中文字、詞義、句境或字典預期音；signature 衝突即不納入。
0ad25c6c917416b9c8bb24944cc76653f961c03a,ㄈㄟˋ,2,DFPBiaoKai-W5-ZhuIn-BFW@xref1731#14445; DFPBiaoKai-W5-ZhuIn-BFW@xref4404#14445,v3.7：由 v3.6 已解碼 TTF 注音元件的實際 glyf 輪廓建立；相同正規化輪廓 signature 僅在所有來源讀音一致時啟用。,執行期 exact normalized outline signature only；不使用中文字、詞義、句境或字典預期音；signature 衝突即不納入。
8de844d16dad2b4175a6a8444e080366ac9f2ac9,ㄈㄟˋ,1,DFPYuanW5-ZhuIn-BFW@xref1349#14446,v3.7：由 v3.6 已解碼 TTF 注音元件的實際 glyf 輪廓建立；相同正規化輪廓 signature 僅在所有來源讀音一致時啟用。,執行期 exact normalized outline signature only；不使用中文字、詞義、句境或字典預期音；signature 衝突即不納入。
a8edae20d89899b22a49d5f5dcf349b3326c963c,ㄈㄡˇ,1,DFPBiaoKai-W5-ZhuIn-BFW@xref846#14450,v3.7：由 v3.6 已解碼 TTF 注音元件的實際 glyf 輪廓建立；相同正規化輪廓 signature 僅在所有來源讀音一致時啟用。,執行期 exact normalized outline signature only；不使用中文字、詞義、句境或字典預期音；signature 衝突即不納入。
4489f7de2aa620cec1be8f8b2b76c808a4f54158,ㄈㄢ,1,DFPBiaoKai-W5-ZhuIn-BFW@xref2206#14451,v3.7：由 v3.6 已解碼 TTF 注音元件的實際 glyf 輪廓建立；相同正規化輪廓 signature 僅在所有來源讀音一致時啟用。,執行期 exact normalized outline signature only；不使用中文字、詞義、句境或字典預期音；signature 衝突即不納入。
576ae0ca084209ed7714fa1258ae1771c83743f0,ㄈㄢ,2,DFPYuanW5-ZhuIn-BFW@xref2450#14452; DFPYuanW5-ZhuIn-BFW@xref3546#14452,v3.7：由 v3.6 已解碼 TTF 注音元件的實際 glyf 輪廓建立；相同正規化輪廓 signature 僅在所有來源讀音一致時啟用。,執行期 exact normalized outline signature only；不使用中文字、詞義、句境或字典預期音；signature 衝突即不納入。
1be2bba8edd8c2304b53d719dbbc4677dca42eff,ㄈㄢˇ,3,DFPBiaoKai-W5-ZhuIn-BFW@xref1064#14454; DFPBiaoKai-W5-ZhuIn-BFW@xref2206#14454; DFPBiaoKai-W5-ZhuIn-BFW@xref5643#14454,v3.7：由 v3.6 已解碼 TTF 注音元件的實際 glyf 輪廓建立；相同正規化輪廓 signature 僅在所有來源讀音一致時啟用。,執行期 exact normalized outline signature only；不使用中文字、詞義、句境或字典預期音；signature 衝突即不納入。
7f58d46e771320f16db37902218400f23959997d,ㄈㄢˇ,2,DFPYuanW5-ZhuIn-BFW@xref1349#14455; DFPYuanW5-ZhuIn-BFW@xref4603#14455,v3.7：由 v3.6 已解碼 TTF 注音元件的實際 glyf 輪廓建立；相同正規化輪廓 signature 僅在所有來源讀音一致時啟用。,執行期 exact normalized outline signature only；不使用中文字、詞義、句境或字典預期音；signature 衝突即不納入。
3786db8db6d74daf4e34e5aba6582dc8285c7486,ㄈㄢˊ,2,DFPBiaoKai-W5-ZhuIn-BFW@xref1279#14452; DFPBiaoKai-W5-ZhuIn-BFW@xref308#14452,v3.7：由 v3.6 已解碼 TTF 注音元件的實際 glyf 輪廓建立；相同正規化輪廓 signature 僅在所有來源讀音一致時啟用。,執行期 exact normalized outline signature only；不使用中文字、詞義、句境或字典預期音；signature 衝突即不納入。
dc18a25f83c9176cc1223d282f4cf310f37d85df,ㄈㄢˋ,2,DFPBiaoKai-W5-ZhuIn-BFW@xref1731#14453; DFPBiaoKai-W5-ZhuIn-BFW@xref4404#14453,v3.7：由 v3.6 已解碼 TTF 注音元件的實際 glyf 輪廓建立；相同正規化輪廓 signature 僅在所有來源讀音一致時啟用。,執行期 exact normalized outline signature only；不使用中文字、詞義、句境或字典預期音；signature 衝突即不納入。
fc6e89586b97f5577cae6fc596cadd5192db571c,ㄈㄢˋ,2,DFPYuanW5-ZhuIn-BFW@xref1770#14454; DFPYuanW5-ZhuIn-BFW@xref2040#14454,v3.7：由 v3.6 已解碼 TTF 注音元件的實際 glyf 輪廓建立；相同正規化輪廓 signature 僅在所有來源讀音一致時啟用。,執行期 exact normalized outline signature only；不使用中文字、詞義、句境或字典預期音；signature 衝突即不納入。
390c15ef61f473b343680ec3b3cf1a2f0623176b,ㄈㄣ,8,DFPYuanW5-ZhuIn-BFW@xref1349#14456; DFPYuanW5-ZhuIn-BFW@xref2835#14456; DFPYuanW5-ZhuIn-BFW@xref3391#14456; DFPYuanW5-ZhuIn-BFW@xref3546#14456; DFPYuanW5-ZhuIn-BFW@xref372#14456; DFPYuanW5-ZhuIn-BFW@xref4603#14456; DFPYuanW5-ZhuIn-BFW@xref5574#14456; DFPYuanW5-ZhuIn-BFW@xref952#14456,v3.7：由 v3.6 已解碼 TTF 注音元件的實際 glyf 輪廓建立；相同正規化輪廓 signature 僅在所有來源讀音一致時啟用。,執行期 exact normalized outline signature only；不使用中文字、詞義、句境或字典預期音；signature 衝突即不納入。
c088d02f3a7bc0989fff42f7c072f48334acb4f1,ㄈㄣ,9,DFPBiaoKai-W5-ZhuIn-BFW@xref1279#14455; DFPBiaoKai-W5-ZhuIn-BFW@xref1731#14455; DFPBiaoKai-W5-ZhuIn-BFW@xref308#14455; DFPBiaoKai-W5-ZhuIn-BFW@xref3276#14455; DFPBiaoKai-W5-ZhuIn-BFW@xref3372#14455; DFPBiaoKai-W5-ZhuIn-BFW@xref4404#14455; DFPBiaoKai-W5-ZhuIn-BFW@xref5004#14455; DFPBiaoKai-W5-ZhuIn-BFW@xref5643#14455; DFPBiaoKai-W5-ZhuIn-BFW@xref846#14455,v3.7：由 v3.6 已解碼 TTF 注音元件的實際 glyf 輪廓建立；相同正規化輪廓 signature 僅在所有來源讀音一致時啟用。,執行期 exact normalized outline signature only；不使用中文字、詞義、句境或字典預期音；signature 衝突即不納入。
47e701baa218d9eabd9453ecae4bd248739f8966,ㄈㄣˋ,2,DFPBiaoKai-W5-PoIn1-BFW@xref322#14457; DFPBiaoKai-W5-PoIn1-BFW@xref839#14457,v3.7：由 v3.6 已解碼 TTF 注音元件的實際 glyf 輪廓建立；相同正規化輪廓 signature 僅在所有來源讀音一致時啟用。,執行期 exact normalized outline signature only；不使用中文字、詞義、句境或字典預期音；signature 衝突即不納入。
8087c456537f49f29df455c688379e80a8f5439f,ㄈㄣˋ,4,DFPYuanW5-PoIn1-BFW@xref1368#14458; DFPYuanW5-PoIn1-BFW@xref1777#14458; DFPYuanW5-PoIn1-BFW@xref3020#14458; DFPYuanW5-PoIn1-BFW@xref386#14458,v3.7：由 v3.6 已解碼 TTF 注音元件的實際 glyf 輪廓建立；相同正規化輪廓 signature 僅在所有來源讀音一致時啟用。,執行期 exact normalized outline signature only；不使用中文字、詞義、句境或字典預期音；signature 衝突即不納入。
9ebad2fba2d0fe440c99c9568b0999a0a70dc5f5,ㄈㄣˋ,2,DFHeiPoIn1-Bd-BPMW-BF@xref1331#14500; DFHeiPoIn1-Bd-BPMW-BF@xref5623#14500,v3.7：由 v3.6 已解碼 TTF 注音元件的實際 glyf 輪廓建立；相同正規化輪廓 signature 僅在所有來源讀音一致時啟用。,執行期 exact normalized outline signature only；不使用中文字、詞義、句境或字典預期音；signature 衝突即不納入。
4ab4fbbf4343e26adac030e20faa4883fedabece,ㄈㄤ,11,DFPBiaoKai-W5-ZhuIn-BFW@xref1064#14459; DFPBiaoKai-W5-ZhuIn-BFW@xref1279#14459; DFPBiaoKai-W5-ZhuIn-BFW@xref1731#14459; DFPBiaoKai-W5-ZhuIn-BFW@xref2206#14459; DFPBiaoKai-W5-ZhuIn-BFW@xref2802#14459; DFPBiaoKai-W5-ZhuIn-BFW@xref308#14459; DFPBiaoKai-W5-ZhuIn-BFW@xref3276#14459; DFPBiaoKai-W5-ZhuIn-BFW@xref4404#14459; DFPBiaoKai-W5-ZhuIn-BFW@xref5004#14459; DFPBiaoKai-W5-ZhuIn-BFW@xref5643#14459; DFPBiaoKai-W5-ZhuIn-BFW@xref846#14459,v3.7：由 v3.6 已解碼 TTF 注音元件的實際 glyf 輪廓建立；相同正規化輪廓 signature 僅在所有來源讀音一致時啟用。,執行期 exact normalized outline signature only；不使用中文字、詞義、句境或字典預期音；signature 衝突即不納入。
df7d2021c92cc1903244c480c51df546064a8dbd,ㄈㄤ,8,DFPYuanW5-ZhuIn-BFW@xref1422#14460; DFPYuanW5-ZhuIn-BFW@xref2450#14460; DFPYuanW5-ZhuIn-BFW@xref2835#14460; DFPYuanW5-ZhuIn-BFW@xref3391#14460; DFPYuanW5-ZhuIn-BFW@xref3546#14460; DFPYuanW5-ZhuIn-BFW@xref372#14460; DFPYuanW5-ZhuIn-BFW@xref4603#14460; DFPYuanW5-ZhuIn-BFW@xref5574#14460,v3.7：由 v3.6 已解碼 TTF 注音元件的實際 glyf 輪廓建立；相同正規化輪廓 signature 僅在所有來源讀音一致時啟用。,執行期 exact normalized outline signature only；不使用中文字、詞義、句境或字典預期音；signature 衝突即不納入。
3d0f16a0bdbc477ee8c18b41f0b4ce09683ecfc7,ㄈㄤˇ,1,DFPBiaoKai-W5-ZhuIn-BFW@xref1731#14462,v3.7：由 v3.6 已解碼 TTF 注音元件的實際 glyf 輪廓建立；相同正規化輪廓 signature 僅在所有來源讀音一致時啟用。,執行期 exact normalized outline signature only；不使用中文字、詞義、句境或字典預期音；signature 衝突即不納入。
f5921c2fd12ebee17b45d5a1b6919c232bcc497e,ㄈㄤˇ,1,DFPYuanW5-ZhuIn-BFW@xref2450#14463,v3.7：由 v3.6 已解碼 TTF 注音元件的實際 glyf 輪廓建立；相同正規化輪廓 signature 僅在所有來源讀音一致時啟用。,執行期 exact normalized outline signature only；不使用中文字、詞義、句境或字典預期音；signature 衝突即不納入。
5e03405ea7fe97d1207f053149df8dc83199c5bc,ㄈㄤˊ,3,DFPBiaoKai-W5-ZhuIn-BFW@xref1731#14460; DFPBiaoKai-W5-ZhuIn-BFW@xref3276#14460; DFPBiaoKai-W5-ZhuIn-BFW@xref4404#14460,v3.7：由 v3.6 已解碼 TTF 注音元件的實際 glyf 輪廓建立；相同正規化輪廓 signature 僅在所有來源讀音一致時啟用。,執行期 exact normalized outline signature only；不使用中文字、詞義、句境或字典預期音；signature 衝突即不納入。
fdc9568c1328b75b772dc60b0c4b61496669c7cc,ㄈㄤˊ,5,DFPYuanW5-ZhuIn-BFW@xref1349#14461; DFPYuanW5-ZhuIn-BFW@xref1422#14461; DFPYuanW5-ZhuIn-BFW@xref1770#14461; DFPYuanW5-ZhuIn-BFW@xref1929#14461; DFPYuanW5-ZhuIn-BFW@xref4603#14461,v3.7：由 v3.6 已解碼 TTF 注音元件的實際 glyf 輪廓建立；相同正規化輪廓 signature 僅在所有來源讀音一致時啟用。,執行期 exact normalized outline signature only；不使用中文字、詞義、句境或字典預期音；signature 衝突即不納入。
10932184f160d2b1e3c1794f639973bf8dad6b09,ㄈㄤˋ,1,DFPYuanW5-ZhuIn-BFW@xref1770#14462,v3.7：由 v3.6 已解碼 TTF 注音元件的實際 glyf 輪廓建立；相同正規化輪廓 signature 僅在所有來源讀音一致時啟用。,執行期 exact normalized outline signature only；不使用中文字、詞義、句境或字典預期音；signature 衝突即不納入。
638cb7dc9e89bf01e6c63f9575c8dca494f4c28e,ㄈㄤˋ,5,DFPBiaoKai-W5-ZhuIn-BFW@xref2206#14461; DFPBiaoKai-W5-ZhuIn-BFW@xref2802#14461; DFPBiaoKai-W5-ZhuIn-BFW@xref308#14461; DFPBiaoKai-W5-ZhuIn-BFW@xref4404#14461; DFPBiaoKai-W5-ZhuIn-BFW@xref5004#14461,v3.7：由 v3.6 已解碼 TTF 注音元件的實際 glyf 輪廓建立；相同正規化輪廓 signature 僅在所有來源讀音一致時啟用。,執行期 exact normalized outline signature only；不使用中文字、詞義、句境或字典預期音；signature 衝突即不納入。
c2e77dbb25edc92ec5c85b1dc03748b67c96b5a1,ㄈㄥ,1,DFPBiaoKai-W5-ZhuIn-BFW@xref2206#14463,v3.7：由 v3.6 已解碼 TTF 注音元件的實際 glyf 輪廓建立；相同正規化輪廓 signature 僅在所有來源讀音一致時啟用。,執行期 exact normalized outline signature only；不使用中文字、詞義、句境或字典預期音；signature 衝突即不納入。
e824bbeb07cb180a7fd9b115dfe2c083eabe8abf,ㄈㄨ,1,DFPYuanW5-ZhuIn-BFW@xref1770#14469,v3.7：由 v3.6 已解碼 TTF 注音元件的實際 glyf 輪廓建立；相同正規化輪廓 signature 僅在所有來源讀音一致時啟用。,執行期 exact normalized outline signature only；不使用中文字、詞義、句境或字典預期音；signature 衝突即不納入。
992e17c238c18d591db50c4ce8d6168e57ea13f3,ㄈㄨˇ,1,DFPBiaoKai-W5-ZhuIn-BFW@xref308#14471,v3.7：由 v3.6 已解碼 TTF 注音元件的實際 glyf 輪廓建立；相同正規化輪廓 signature 僅在所有來源讀音一致時啟用。,執行期 exact normalized outline signature only；不使用中文字、詞義、句境或字典預期音；signature 衝突即不納入。
edc2c56fa748e8d91b6b5f0d7000ff43707391e9,ㄈㄨˇ,1,DFPYuanW5-ZhuIn-BFW@xref1770#14472,v3.7：由 v3.6 已解碼 TTF 注音元件的實際 glyf 輪廓建立；相同正規化輪廓 signature 僅在所有來源讀音一致時啟用。,執行期 exact normalized outline signature only；不使用中文字、詞義、句境或字典預期音；signature 衝突即不納入。
84d74e573565d954bd08c928a373150d524700e7,ㄈㄨˊ,4,DFPBiaoKai-W5-ZhuIn-BFW@xref1279#14469; DFPBiaoKai-W5-ZhuIn-BFW@xref308#14469; DFPBiaoKai-W5-ZhuIn-BFW@xref5004#14469; DFPBiaoKai-W5-ZhuIn-BFW@xref846#14469,v3.7：由 v3.6 已解碼 TTF 注音元件的實際 glyf 輪廓建立；相同正規化輪廓 signature 僅在所有來源讀音一致時啟用。,執行期 exact normalized outline signature only；不使用中文字、詞義、句境或字典預期音；signature 衝突即不納入。
dca2f21ef940b1dfe809e87899620fcaa84fd202,ㄈㄨˊ,3,DFPYuanW5-ZhuIn-BFW@xref1422#14470; DFPYuanW5-ZhuIn-BFW@xref2835#14470; DFPYuanW5-ZhuIn-BFW@xref372#14470,v3.7：由 v3.6 已解碼 TTF 注音元件的實際 glyf 輪廓建立；相同正規化輪廓 signature 僅在所有來源讀音一致時啟用。,執行期 exact normalized outline signature only；不使用中文字、詞義、句境或字典預期音；signature 衝突即不納入。
09e76b47450009b5c60e76604e67d4590f4160c0,ㄈㄨˋ,7,DFPBiaoKai-W5-ZhuIn-BFW@xref1279#14470; DFPBiaoKai-W5-ZhuIn-BFW@xref1731#14470; DFPBiaoKai-W5-ZhuIn-BFW@xref2206#14470; DFPBiaoKai-W5-ZhuIn-BFW@xref308#14470; DFPBiaoKai-W5-ZhuIn-BFW@xref3276#14470; DFPBiaoKai-W5-ZhuIn-BFW@xref4404#14470; DFPBiaoKai-W5-ZhuIn-BFW@xref846#14470,v3.7：由 v3.6 已解碼 TTF 注音元件的實際 glyf 輪廓建立；相同正規化輪廓 signature 僅在所有來源讀音一致時啟用。,執行期 exact normalized outline signature only；不使用中文字、詞義、句境或字典預期音；signature 衝突即不納入。
bb815bc6e7beca5bb62b901af1643ae87ca83457,ㄈㄨˋ,6,DFPYuanW5-ZhuIn-BFW@xref1349#14471; DFPYuanW5-ZhuIn-BFW@xref1770#14471; DFPYuanW5-ZhuIn-BFW@xref2450#14471; DFPYuanW5-ZhuIn-BFW@xref2835#14471; DFPYuanW5-ZhuIn-BFW@xref4603#14471; DFPYuanW5-ZhuIn-BFW@xref5574#14471,v3.7：由 v3.6 已解碼 TTF 注音元件的實際 glyf 輪廓建立；相同正規化輪廓 signature 僅在所有來源讀音一致時啟用。,執行期 exact normalized outline signature only；不使用中文字、詞義、句境或字典預期音；signature 衝突即不納入。
696ebbb96ce1f1a9495ccc39378feea97f1c04b7,ㄉㄚ,1,DFPBiaoKai-W5-ZhuIn-BFW@xref1731#14473,v3.7：由 v3.6 已解碼 TTF 注音元件的實際 glyf 輪廓建立；相同正規化輪廓 signature 僅在所有來源讀音一致時啟用。,執行期 exact normalized outline signature only；不使用中文字、詞義、句境或字典預期音；signature 衝突即不納入。
21b6c27df6401594bd86dcbe5f2f8860b5a059b1,ㄉㄚˇ,2,DFPYuanW5-ZhuIn-BFW@xref2450#14478; DFPYuanW5-ZhuIn-BFW@xref2835#14478,v3.7：由 v3.6 已解碼 TTF 注音元件的實際 glyf 輪廓建立；相同正規化輪廓 signature 僅在所有來源讀音一致時啟用。,執行期 exact normalized outline signature only；不使用中文字、詞義、句境或字典預期音；signature 衝突即不納入。
ec70b294fba4bd312588c91c71825c5d23572c2a,ㄉㄚˇ,10,DFPBiaoKai-W5-ZhuIn-BFW@xref1279#14477; DFPBiaoKai-W5-ZhuIn-BFW@xref1731#14477; DFPBiaoKai-W5-ZhuIn-BFW@xref2206#14477; DFPBiaoKai-W5-ZhuIn-BFW@xref2802#14477; DFPBiaoKai-W5-ZhuIn-BFW@xref308#14477; DFPBiaoKai-W5-ZhuIn-BFW@xref3276#14477; DFPBiaoKai-W5-ZhuIn-BFW@xref4404#14477; DFPBiaoKai-W5-ZhuIn-BFW@xref5004#14477; DFPBiaoKai-W5-ZhuIn-BFW@xref5643#14477; DFPBiaoKai-W5-ZhuIn-BFW@xref846#14477,v3.7：由 v3.6 已解碼 TTF 注音元件的實際 glyf 輪廓建立；相同正規化輪廓 signature 僅在所有來源讀音一致時啟用。,執行期 exact normalized outline signature only；不使用中文字、詞義、句境或字典預期音；signature 衝突即不納入。
6fc3d3e5d59d16409a3b8e36fbe9e4e0f853ef6d,ㄉㄚˊ,3,DFPYuanW5-ZhuIn-BFW@xref3391#14476; DFPYuanW5-ZhuIn-BFW@xref372#14476; DFPYuanW5-ZhuIn-BFW@xref4603#14476,v3.7：由 v3.6 已解碼 TTF 注音元件的實際 glyf 輪廓建立；相同正規化輪廓 signature 僅在所有來源讀音一致時啟用。,執行期 exact normalized outline signature only；不使用中文字、詞義、句境或字典預期音；signature 衝突即不納入。
affdbbaf05d653c74b449039c0f1185409625c8f,ㄉㄚˊ,4,DFPBiaoKai-W5-ZhuIn-BFW@xref1064#14475; DFPBiaoKai-W5-ZhuIn-BFW@xref1731#14475; DFPBiaoKai-W5-ZhuIn-BFW@xref4404#14475; DFPBiaoKai-W5-ZhuIn-BFW@xref846#14475,v3.7：由 v3.6 已解碼 TTF 注音元件的實際 glyf 輪廓建立；相同正規化輪廓 signature 僅在所有來源讀音一致時啟用。,執行期 exact normalized outline signature only；不使用中文字、詞義、句境或字典預期音；signature 衝突即不納入。
681f5f47e90564307d77b399b958d409ecf9f5a9,ㄉㄚˋ,4,DFPYuanW5-ZhuIn-BFW@xref1770#14477; DFPYuanW5-ZhuIn-BFW@xref2450#14477; DFPYuanW5-ZhuIn-BFW@xref3391#14477; DFPYuanW5-ZhuIn-BFW@xref3546#14477,v3.7：由 v3.6 已解碼 TTF 注音元件的實際 glyf 輪廓建立；相同正規化輪廓 signature 僅在所有來源讀音一致時啟用。,執行期 exact normalized outline signature only；不使用中文字、詞義、句境或字典預期音；signature 衝突即不納入。
cc5747cd650b26e2360092526dc000f9080b1fad,ㄉㄚˋ,9,DFPBiaoKai-W5-ZhuIn-BFW@xref1279#14476; DFPBiaoKai-W5-ZhuIn-BFW@xref2038#14476; DFPBiaoKai-W5-ZhuIn-BFW@xref2206#14476; DFPBiaoKai-W5-ZhuIn-BFW@xref2802#14476; DFPBiaoKai-W5-ZhuIn-BFW@xref308#14476; DFPBiaoKai-W5-ZhuIn-BFW@xref3372#14476; DFPBiaoKai-W5-ZhuIn-BFW@xref4404#14476; DFPBiaoKai-W5-ZhuIn-BFW@xref5004#14476; DFPBiaoKai-W5-ZhuIn-BFW@xref5643#14476,v3.7：由 v3.6 已解碼 TTF 注音元件的實際 glyf 輪廓建立；相同正規化輪廓 signature 僅在所有來源讀音一致時啟用。,執行期 exact normalized outline signature only；不使用中文字、詞義、句境或字典預期音；signature 衝突即不納入。
0e87d47e14f8123cae478b1ef22d989b59bb6e3b,ㄉㄜˊ,5,DFPBiaoKai-W5-ZhuIn-BFW@xref3276#14480; DFPBiaoKai-W5-ZhuIn-BFW@xref3372#14480; DFPBiaoKai-W5-ZhuIn-BFW@xref4404#14480; DFPBiaoKai-W5-ZhuIn-BFW@xref5004#14480; DFPBiaoKai-W5-ZhuIn-BFW@xref5643#14480,v3.7：由 v3.6 已解碼 TTF 注音元件的實際 glyf 輪廓建立；相同正規化輪廓 signature 僅在所有來源讀音一致時啟用。,執行期 exact normalized outline signature only；不使用中文字、詞義、句境或字典預期音；signature 衝突即不納入。
3882cb71bc7056d3d846956d4de0a61525708308,ㄉㄜˊ,3,DFPYuanW5-ZhuIn-BFW@xref3391#14481; DFPYuanW5-ZhuIn-BFW@xref3546#14481; DFPYuanW5-ZhuIn-BFW@xref5574#14481,v3.7：由 v3.6 已解碼 TTF 注音元件的實際 glyf 輪廓建立；相同正規化輪廓 signature 僅在所有來源讀音一致時啟用。,執行期 exact normalized outline signature only；不使用中文字、詞義、句境或字典預期音；signature 衝突即不納入。
24a14ee7213e67e2b780649a1ad2c08c54283bee,ㄉㄞˋ,5,DFPBiaoKai-W5-ZhuIn-BFW@xref1279#14482; DFPBiaoKai-W5-ZhuIn-BFW@xref1731#14482; DFPBiaoKai-W5-ZhuIn-BFW@xref308#14482; DFPBiaoKai-W5-ZhuIn-BFW@xref5643#14482; DFPBiaoKai-W5-ZhuIn-BFW@xref846#14482,v3.7：由 v3.6 已解碼 TTF 注音元件的實際 glyf 輪廓建立；相同正規化輪廓 signature 僅在所有來源讀音一致時啟用。,執行期 exact normalized outline signature only；不使用中文字、詞義、句境或字典預期音；signature 衝突即不納入。
a8e60478bc8e4490746c78edf9a5c5f5964eefc8,ㄉㄞˋ,6,DFPYuanW5-ZhuIn-BFW@xref1349#14483; DFPYuanW5-ZhuIn-BFW@xref1770#14483; DFPYuanW5-ZhuIn-BFW@xref3391#14483; DFPYuanW5-ZhuIn-BFW@xref3546#14483; DFPYuanW5-ZhuIn-BFW@xref4603#14483; DFPYuanW5-ZhuIn-BFW@xref952#14483,v3.7：由 v3.6 已解碼 TTF 注音元件的實際 glyf 輪廓建立；相同正規化輪廓 signature 僅在所有來源讀音一致時啟用。,執行期 exact normalized outline signature only；不使用中文字、詞義、句境或字典預期音；signature 衝突即不納入。
a200132ab7e8644ef157d7da163acf57e974df9a,ㄉㄠ,1,DFPYuanW5-ZhuIn-BFW@xref5574#14486,v3.7：由 v3.6 已解碼 TTF 注音元件的實際 glyf 輪廓建立；相同正規化輪廓 signature 僅在所有來源讀音一致時啟用。,執行期 exact normalized outline signature only；不使用中文字、詞義、句境或字典預期音；signature 衝突即不納入。
330e7f2135f10d2f3eb1c8dc3641d2f4f72d4e3d,ㄉㄠˇ,6,DFPBiaoKai-W5-ZhuIn-BFW@xref2206#14487; DFPBiaoKai-W5-ZhuIn-BFW@xref308#14487; DFPBiaoKai-W5-ZhuIn-BFW@xref3276#14487; DFPBiaoKai-W5-ZhuIn-BFW@xref3372#14487; DFPBiaoKai-W5-ZhuIn-BFW@xref4404#14487; DFPBiaoKai-W5-ZhuIn-BFW@xref846#14487,v3.7：由 v3.6 已解碼 TTF 注音元件的實際 glyf 輪廓建立；相同正規化輪廓 signature 僅在所有來源讀音一致時啟用。,執行期 exact normalized outline signature only；不使用中文字、詞義、句境或字典預期音；signature 衝突即不納入。
fcc7fcf2f43b5441189165c2ce0843c921d1a131,ㄉㄠˇ,1,DFPYuanW5-ZhuIn-BFW@xref1349#14488,v3.7：由 v3.6 已解碼 TTF 注音元件的實際 glyf 輪廓建立；相同正規化輪廓 signature 僅在所有來源讀音一致時啟用。,執行期 exact normalized outline signature only；不使用中文字、詞義、句境或字典預期音；signature 衝突即不納入。
2aba173bdab7096de2cfe2ea2f217e6c30308f41,ㄉㄠˋ,11,DFPYuanW5-PoIn1-BFW@xref2452#14487; DFPYuanW5-ZhuIn-BFW@xref1349#14487; DFPYuanW5-ZhuIn-BFW@xref1422#14487; DFPYuanW5-ZhuIn-BFW@xref1770#14487; DFPYuanW5-ZhuIn-BFW@xref2450#14487; DFPYuanW5-ZhuIn-BFW@xref2835#14487; DFPYuanW5-ZhuIn-BFW@xref3391#14487; DFPYuanW5-ZhuIn-BFW@xref3546#14487; DFPYuanW5-ZhuIn-BFW@xref4603#14487; DFPYuanW5-ZhuIn-BFW@xref5574#14487; DFPYuanW5-ZhuIn-BFW@xref952#14487,v3.7：由 v3.6 已解碼 TTF 注音元件的實際 glyf 輪廓建立；相同正規化輪廓 signature 僅在所有來源讀音一致時啟用。,執行期 exact normalized outline signature only；不使用中文字、詞義、句境或字典預期音；signature 衝突即不納入。
43005f11d6e9796ec7d37a540415723dfab21c01,ㄉㄠˋ,12,DFPBiaoKai-W5-ZhuIn-BFW@xref1064#14486; DFPBiaoKai-W5-ZhuIn-BFW@xref1279#14486; DFPBiaoKai-W5-ZhuIn-BFW@xref1731#14486; DFPBiaoKai-W5-ZhuIn-BFW@xref2038#14486; DFPBiaoKai-W5-ZhuIn-BFW@xref2206#14486; DFPBiaoKai-W5-ZhuIn-BFW@xref308#14486; DFPBiaoKai-W5-ZhuIn-BFW@xref3276#14486; DFPBiaoKai-W5-ZhuIn-BFW@xref3372#14486; DFPBiaoKai-W5-ZhuIn-BFW@xref4404#14486; DFPBiaoKai-W5-ZhuIn-BFW@xref5004#14486; DFPBiaoKai-W5-ZhuIn-BFW@xref5643#14486; DFPBiaoKai-W5-ZhuIn-BFW@xref846#14486,v3.7：由 v3.6 已解碼 TTF 注音元件的實際 glyf 輪廓建立；相同正規化輪廓 signature 僅在所有來源讀音一致時啟用。,執行期 exact normalized outline signature only；不使用中文字、詞義、句境或字典預期音；signature 衝突即不納入。
f544654873b507a66ea0fcf930f77d9d3e20f59a,ㄉㄠˋ,1,DFHeiPoIn1-Bd-BPMW-BF@xref14#14529,v3.7：由 v3.6 已解碼 TTF 注音元件的實際 glyf 輪廓建立；相同正規化輪廓 signature 僅在所有來源讀音一致時啟用。,執行期 exact normalized outline signature only；不使用中文字、詞義、句境或字典預期音；signature 衝突即不納入。
35cfc336ee7e94f044067e4ebe8df0885c8af448,ㄉㄡ,7,DFPBiaoKai-W5-ZhuIn-BFW@xref1731#14488; DFPBiaoKai-W5-ZhuIn-BFW@xref2206#14488; DFPBiaoKai-W5-ZhuIn-BFW@xref2802#14488; DFPBiaoKai-W5-ZhuIn-BFW@xref308#14488; DFPBiaoKai-W5-ZhuIn-BFW@xref3276#14488; DFPBiaoKai-W5-ZhuIn-BFW@xref4404#14488; DFPBiaoKai-W5-ZhuIn-BFW@xref846#14488,v3.7：由 v3.6 已解碼 TTF 注音元件的實際 glyf 輪廓建立；相同正規化輪廓 signature 僅在所有來源讀音一致時啟用。,執行期 exact normalized outline signature only；不使用中文字、詞義、句境或字典預期音；signature 衝突即不納入。
8c5e947d8b1710517b0391b8fc35a838ed0ff145,ㄉㄡ,1,DFPYuanW5-ZhuIn-BFW@xref372#14489,v3.7：由 v3.6 已解碼 TTF 注音元件的實際 glyf 輪廓建立；相同正規化輪廓 signature 僅在所有來源讀音一致時啟用。,執行期 exact normalized outline signature only；不使用中文字、詞義、句境或字典預期音；signature 衝突即不納入。
1c6843e3acd135c9540539ad3ca62df3e369a362,ㄉㄡˋ,3,DFPYuanW5-ZhuIn-BFW@xref113#14490; DFPYuanW5-ZhuIn-BFW@xref1770#14490; DFPYuanW5-ZhuIn-BFW@xref2040#14490,v3.7：由 v3.6 已解碼 TTF 注音元件的實際 glyf 輪廓建立；相同正規化輪廓 signature 僅在所有來源讀音一致時啟用。,執行期 exact normalized outline signature only；不使用中文字、詞義、句境或字典預期音；signature 衝突即不納入。
b0360770f1ee4814d50d0fa11eaec3f344075bc3,ㄉㄡˋ,4,DFPBiaoKai-W5-ZhuIn-BFW@xref1731#14489; DFPBiaoKai-W5-ZhuIn-BFW@xref2038#14489; DFPBiaoKai-W5-ZhuIn-BFW@xref308#14489; DFPBiaoKai-W5-ZhuIn-BFW@xref5643#14489,v3.7：由 v3.6 已解碼 TTF 注音元件的實際 glyf 輪廓建立；相同正規化輪廓 signature 僅在所有來源讀音一致時啟用。,執行期 exact normalized outline signature only；不使用中文字、詞義、句境或字典預期音；signature 衝突即不納入。
4a5d823183408a87e4e8a3732d0795d1a61c27ce,ㄉㄢ,5,DFPBiaoKai-W5-ZhuIn-BFW@xref2206#14491; DFPBiaoKai-W5-ZhuIn-BFW@xref2802#14491; DFPBiaoKai-W5-ZhuIn-BFW@xref308#14491; DFPBiaoKai-W5-ZhuIn-BFW@xref4404#14491; DFPBiaoKai-W5-ZhuIn-BFW@xref5004#14491,v3.7：由 v3.6 已解碼 TTF 注音元件的實際 glyf 輪廓建立；相同正規化輪廓 signature 僅在所有來源讀音一致時啟用。,執行期 exact normalized outline signature only；不使用中文字、詞義、句境或字典預期音；signature 衝突即不納入。
ee7076e0b1c70ab39284b113795e3359701b9cfe,ㄉㄢ,3,DFPYuanW5-ZhuIn-BFW@xref2450#14492; DFPYuanW5-ZhuIn-BFW@xref4603#14492; DFPYuanW5-ZhuIn-BFW@xref5159#14492,v3.7：由 v3.6 已解碼 TTF 注音元件的實際 glyf 輪廓建立；相同正規化輪廓 signature 僅在所有來源讀音一致時啟用。,執行期 exact normalized outline signature only；不使用中文字、詞義、句境或字典預期音；signature 衝突即不納入。
0dcb043183c0a0d9153e336283a3d6d27c5bfa53,ㄉㄢˋ,4,DFPBiaoKai-W5-ZhuIn-BFW@xref1731#14492; DFPBiaoKai-W5-ZhuIn-BFW@xref2038#14492; DFPBiaoKai-W5-ZhuIn-BFW@xref308#14492; DFPBiaoKai-W5-ZhuIn-BFW@xref3372#14492,v3.7：由 v3.6 已解碼 TTF 注音元件的實際 glyf 輪廓建立；相同正規化輪廓 signature 僅在所有來源讀音一致時啟用。,執行期 exact normalized outline signature only；不使用中文字、詞義、句境或字典預期音；signature 衝突即不納入。
fefcf1833b9582e4e54028c444c959af6c0576c0,ㄉㄢˋ,6,DFPYuanW5-ZhuIn-BFW@xref1349#14493; DFPYuanW5-ZhuIn-BFW@xref1770#14493; DFPYuanW5-ZhuIn-BFW@xref1929#14493; DFPYuanW5-ZhuIn-BFW@xref2040#14493; DFPYuanW5-ZhuIn-BFW@xref2450#14493; DFPYuanW5-ZhuIn-BFW@xref3546#14493,v3.7：由 v3.6 已解碼 TTF 注音元件的實際 glyf 輪廓建立；相同正規化輪廓 signature 僅在所有來源讀音一致時啟用。,執行期 exact normalized outline signature only；不使用中文字、詞義、句境或字典預期音；signature 衝突即不納入。
14bcdd91bc6d895bc75b69f5e75a1ed15a1e9c4b,ㄉㄤ,2,DFPYuanW5-ZhuIn-BFW@xref1770#14495; DFPYuanW5-ZhuIn-BFW@xref952#14495,v3.7：由 v3.6 已解碼 TTF 注音元件的實際 glyf 輪廓建立；相同正規化輪廓 signature 僅在所有來源讀音一致時啟用。,執行期 exact normalized outline signature only；不使用中文字、詞義、句境或字典預期音；signature 衝突即不納入。
c59e2f6b23284144563d214ea614ecdaa153704c,ㄉㄤ,4,DFPBiaoKai-W5-ZhuIn-BFW@xref1731#14494; DFPBiaoKai-W5-ZhuIn-BFW@xref308#14494; DFPBiaoKai-W5-ZhuIn-BFW@xref4404#14494; DFPBiaoKai-W5-ZhuIn-BFW@xref846#14494,v3.7：由 v3.6 已解碼 TTF 注音元件的實際 glyf 輪廓建立；相同正規化輪廓 signature 僅在所有來源讀音一致時啟用。,執行期 exact normalized outline signature only；不使用中文字、詞義、句境或字典預期音；signature 衝突即不納入。
d4e3567f389da0b705bbcb0b198f8028128d5397,ㄉㄤˇ,1,DFPBiaoKai-W5-ZhuIn-BFW@xref4404#14496,v3.7：由 v3.6 已解碼 TTF 注音元件的實際 glyf 輪廓建立；相同正規化輪廓 signature 僅在所有來源讀音一致時啟用。,執行期 exact normalized outline signature only；不使用中文字、詞義、句境或字典預期音；signature 衝突即不納入。
0b4fd768f0aa9747e13efc063a9fc05b5ac7bdc1,ㄉㄤˋ,1,DFHeiPoIn1-Bd-BPMW-BF@xref14#14538,v3.7：由 v3.6 已解碼 TTF 注音元件的實際 glyf 輪廓建立；相同正規化輪廓 signature 僅在所有來源讀音一致時啟用。,執行期 exact normalized outline signature only；不使用中文字、詞義、句境或字典預期音；signature 衝突即不納入。
5918669c4d101f81b21128b12666d1d124cced3b,ㄉㄤˋ,1,DFPBiaoKai-W5-PoIn1-BFW@xref839#14495,v3.7：由 v3.6 已解碼 TTF 注音元件的實際 glyf 輪廓建立；相同正規化輪廓 signature 僅在所有來源讀音一致時啟用。,執行期 exact normalized outline signature only；不使用中文字、詞義、句境或字典預期音；signature 衝突即不納入。
811ea8e6efa3b8de2a6a53af4f6d8ea7025107ab,ㄉㄤˋ,1,DFPYuanW5-PoIn1-BFW@xref3020#14496,v3.7：由 v3.6 已解碼 TTF 注音元件的實際 glyf 輪廓建立；相同正規化輪廓 signature 僅在所有來源讀音一致時啟用。,執行期 exact normalized outline signature only；不使用中文字、詞義、句境或字典預期音；signature 衝突即不納入。
8613dc384a84694e2bbf109c58acfab7e7b86428,ㄉㄥˇ,2,DFPYuanW5-ZhuIn-BFW@xref1770#14500; DFPYuanW5-ZhuIn-BFW@xref4603#14500,v3.7：由 v3.6 已解碼 TTF 注音元件的實際 glyf 輪廓建立；相同正規化輪廓 signature 僅在所有來源讀音一致時啟用。,執行期 exact normalized outline signature only；不使用中文字、詞義、句境或字典預期音；signature 衝突即不納入。
dfb9464dcb56f6ee9d6907504d9addc2ea24f30c,ㄉㄥˇ,4,DFPBiaoKai-W5-ZhuIn-BFW@xref1279#14499; DFPBiaoKai-W5-ZhuIn-BFW@xref1731#14499; DFPBiaoKai-W5-ZhuIn-BFW@xref308#14499; DFPBiaoKai-W5-ZhuIn-BFW@xref5643#14499,v3.7：由 v3.6 已解碼 TTF 注音元件的實際 glyf 輪廓建立；相同正規化輪廓 signature 僅在所有來源讀音一致時啟用。,執行期 exact normalized outline signature only；不使用中文字、詞義、句境或字典預期音；signature 衝突即不納入。
86ab4030f346205bff6e1199b59133ee785cde65,ㄉㄥˋ,1,DFPBiaoKai-W5-ZhuIn-BFW@xref2206#14498,v3.7：由 v3.6 已解碼 TTF 注音元件的實際 glyf 輪廓建立；相同正規化輪廓 signature 僅在所有來源讀音一致時啟用。,執行期 exact normalized outline signature only；不使用中文字、詞義、句境或字典預期音；signature 衝突即不納入。
a447b268f4e963f0e5dea5af1a04e4ab79733b8d,ㄉㄧ,3,DFPBiaoKai-W5-ZhuIn-BFW@xref2206#14500; DFPBiaoKai-W5-ZhuIn-BFW@xref4404#14500; DFPBiaoKai-W5-ZhuIn-BFW@xref5004#14500,v3.7：由 v3.6 已解碼 TTF 注音元件的實際 glyf 輪廓建立；相同正規化輪廓 signature 僅在所有來源讀音一致時啟用。,執行期 exact normalized outline signature only；不使用中文字、詞義、句境或字典預期音；signature 衝突即不納入。
cad3dd40820728cdbb1e052a77cbed8030374d6f,ㄉㄧ,1,DFPYuanW5-ZhuIn-BFW@xref3546#14501,v3.7：由 v3.6 已解碼 TTF 注音元件的實際 glyf 輪廓建立；相同正規化輪廓 signature 僅在所有來源讀音一致時啟用。,執行期 exact normalized outline signature only；不使用中文字、詞義、句境或字典預期音；signature 衝突即不納入。
4232ea1a01645b33f818c3c97988abd6989ed874,ㄉㄧˇ,2,DFPYuanW5-ZhuIn-BFW@xref1349#14504; DFPYuanW5-ZhuIn-BFW@xref3391#14504,v3.7：由 v3.6 已解碼 TTF 注音元件的實際 glyf 輪廓建立；相同正規化輪廓 signature 僅在所有來源讀音一致時啟用。,執行期 exact normalized outline signature only；不使用中文字、詞義、句境或字典預期音；signature 衝突即不納入。
b0be21c13cc99586d861dc403976299676d710e4,ㄉㄧˇ,2,DFPBiaoKai-W5-ZhuIn-BFW@xref1731#14503; DFPBiaoKai-W5-ZhuIn-BFW@xref3372#14503,v3.7：由 v3.6 已解碼 TTF 注音元件的實際 glyf 輪廓建立；相同正規化輪廓 signature 僅在所有來源讀音一致時啟用。,執行期 exact normalized outline signature only；不使用中文字、詞義、句境或字典預期音；signature 衝突即不納入。
f1d4c0cad389703a6692ebcae9cc2a4e5cd1bc36,ㄉㄧˊ,1,DFPBiaoKai-W5-ZhuIn-BFW@xref3372#14501,v3.7：由 v3.6 已解碼 TTF 注音元件的實際 glyf 輪廓建立；相同正規化輪廓 signature 僅在所有來源讀音一致時啟用。,執行期 exact normalized outline signature only；不使用中文字、詞義、句境或字典預期音；signature 衝突即不納入。
1a1bca96f1f473b6f7fe0e5c92d73a2e84eb0b91,ㄉㄧˋ,9,DFPBiaoKai-W5-ZhuIn-BFW@xref1731#14502; DFPBiaoKai-W5-ZhuIn-BFW@xref2038#14502; DFPBiaoKai-W5-ZhuIn-BFW@xref2206#14502; DFPBiaoKai-W5-ZhuIn-BFW@xref2802#14502; DFPBiaoKai-W5-ZhuIn-BFW@xref308#14502; DFPBiaoKai-W5-ZhuIn-BFW@xref3276#14502; DFPBiaoKai-W5-ZhuIn-BFW@xref4404#14502; DFPBiaoKai-W5-ZhuIn-BFW@xref5004#14502; DFPBiaoKai-W5-ZhuIn-BFW@xref5643#14502,v3.7：由 v3.6 已解碼 TTF 注音元件的實際 glyf 輪廓建立；相同正規化輪廓 signature 僅在所有來源讀音一致時啟用。,執行期 exact normalized outline signature only；不使用中文字、詞義、句境或字典預期音；signature 衝突即不納入。
b5d8d03da94609b882b9e686d7b189da09003ed2,ㄉㄧˋ,8,DFPYuanW5-ZhuIn-BFW@xref1770#14503; DFPYuanW5-ZhuIn-BFW@xref2450#14503; DFPYuanW5-ZhuIn-BFW@xref2835#14503; DFPYuanW5-ZhuIn-BFW@xref3391#14503; DFPYuanW5-ZhuIn-BFW@xref3546#14503; DFPYuanW5-ZhuIn-BFW@xref372#14503; DFPYuanW5-ZhuIn-BFW@xref4603#14503; DFPYuanW5-ZhuIn-BFW@xref5574#14503,v3.7：由 v3.6 已解碼 TTF 注音元件的實際 glyf 輪廓建立；相同正規化輪廓 signature 僅在所有來源讀音一致時啟用。,執行期 exact normalized outline signature only；不使用中文字、詞義、句境或字典預期音；signature 衝突即不納入。
e49c26fdc987a86f135166e5179f7654e62da2f3,ㄉㄧㄝˊ,2,DFPBiaoKai-W5-ZhuIn-BFW@xref2206#14506; DFPBiaoKai-W5-ZhuIn-BFW@xref846#14506,v3.7：由 v3.6 已解碼 TTF 注音元件的實際 glyf 輪廓建立；相同正規化輪廓 signature 僅在所有來源讀音一致時啟用。,執行期 exact normalized outline signature only；不使用中文字、詞義、句境或字典預期音；signature 衝突即不納入。
a4e426c0e50704d3c9aab8ecfd2ae62e1940b396,ㄉㄧㄠˋ,1,DFPYuanW5-ZhuIn-BFW@xref4603#14509,v3.7：由 v3.6 已解碼 TTF 注音元件的實際 glyf 輪廓建立；相同正規化輪廓 signature 僅在所有來源讀音一致時啟用。,執行期 exact normalized outline signature only；不使用中文字、詞義、句境或字典預期音；signature 衝突即不納入。
4a9465cdef031fa0d2dfc6b78427fbac24fe4ac9,ㄉㄧㄡ,1,DFPBiaoKai-W5-ZhuIn-BFW@xref846#14510,v3.7：由 v3.6 已解碼 TTF 注音元件的實際 glyf 輪廓建立；相同正規化輪廓 signature 僅在所有來源讀音一致時啟用。,執行期 exact normalized outline signature only；不使用中文字、詞義、句境或字典預期音；signature 衝突即不納入。
9eeebf93ce3c1032341f763d7d821be5bdf0119f,ㄉㄧㄡ,1,DFPYuanW5-ZhuIn-BFW@xref952#14511,v3.7：由 v3.6 已解碼 TTF 注音元件的實際 glyf 輪廓建立；相同正規化輪廓 signature 僅在所有來源讀音一致時啟用。,執行期 exact normalized outline signature only；不使用中文字、詞義、句境或字典預期音；signature 衝突即不納入。
3359ae935913bbbc1c9faba581ba065e1a079312,ㄉㄧㄢˇ,4,DFPYuanW5-ZhuIn-BFW@xref1770#14514; DFPYuanW5-ZhuIn-BFW@xref2835#14514; DFPYuanW5-ZhuIn-BFW@xref3391#14514; DFPYuanW5-ZhuIn-BFW@xref4603#14514,v3.7：由 v3.6 已解碼 TTF 注音元件的實際 glyf 輪廓建立；相同正規化輪廓 signature 僅在所有來源讀音一致時啟用。,執行期 exact normalized outline signature only；不使用中文字、詞義、句境或字典預期音；signature 衝突即不納入。
a6630cedfa0ee6e202bab9cfbb651a16f7400fc9,ㄉㄧㄢˇ,7,DFPBiaoKai-W5-ZhuIn-BFW@xref2802#14513; DFPBiaoKai-W5-ZhuIn-BFW@xref308#14513; DFPBiaoKai-W5-ZhuIn-BFW@xref3276#14513; DFPBiaoKai-W5-ZhuIn-BFW@xref3372#14513; DFPBiaoKai-W5-ZhuIn-BFW@xref4404#14513; DFPBiaoKai-W5-ZhuIn-BFW@xref5004#14513; DFPBiaoKai-W5-ZhuIn-BFW@xref846#14513,v3.7：由 v3.6 已解碼 TTF 注音元件的實際 glyf 輪廓建立；相同正規化輪廓 signature 僅在所有來源讀音一致時啟用。,執行期 exact normalized outline signature only；不使用中文字、詞義、句境或字典預期音；signature 衝突即不納入。
690a84a1b262cbd8826aa81edb90b2e40c45a5db,ㄉㄧㄢˋ,1,DFPYuanW5-ZhuIn-BFW@xref2450#14513,v3.7：由 v3.6 已解碼 TTF 注音元件的實際 glyf 輪廓建立；相同正規化輪廓 signature 僅在所有來源讀音一致時啟用。,執行期 exact normalized outline signature only；不使用中文字、詞義、句境或字典預期音；signature 衝突即不納入。
e45b4a80260678531a4eac7c927ecdfa357d2e2e,ㄉㄧㄢˋ,5,DFPBiaoKai-W5-ZhuIn-BFW@xref1279#14512; DFPBiaoKai-W5-ZhuIn-BFW@xref1731#14512; DFPBiaoKai-W5-ZhuIn-BFW@xref2206#14512; DFPBiaoKai-W5-ZhuIn-BFW@xref308#14512; DFPBiaoKai-W5-ZhuIn-BFW@xref5643#14512,v3.7：由 v3.6 已解碼 TTF 注音元件的實際 glyf 輪廓建立；相同正規化輪廓 signature 僅在所有來源讀音一致時啟用。,執行期 exact normalized outline signature only；不使用中文字、詞義、句境或字典預期音；signature 衝突即不納入。
bebd08a029528c0d24c53526ca542b1df74ce5e3,ㄉㄧㄥ,1,DFPYuanW5-ZhuIn-BFW@xref1770#14515,v3.7：由 v3.6 已解碼 TTF 注音元件的實際 glyf 輪廓建立；相同正規化輪廓 signature 僅在所有來源讀音一致時啟用。,執行期 exact normalized outline signature only；不使用中文字、詞義、句境或字典預期音；signature 衝突即不納入。
e4beb5cae52e661d1ede1dfaa83231bf19bcd858,ㄉㄧㄥ,1,DFPBiaoKai-W5-ZhuIn-BFW@xref1279#14514,v3.7：由 v3.6 已解碼 TTF 注音元件的實際 glyf 輪廓建立；相同正規化輪廓 signature 僅在所有來源讀音一致時啟用。,執行期 exact normalized outline signature only；不使用中文字、詞義、句境或字典預期音；signature 衝突即不納入。
ef375d561f6d3d914ff2580c529d471f7aaf07af,ㄉㄧㄥˇ,1,DFPYuanW5-ZhuIn-BFW@xref4603#14517,v3.7：由 v3.6 已解碼 TTF 注音元件的實際 glyf 輪廓建立；相同正規化輪廓 signature 僅在所有來源讀音一致時啟用。,執行期 exact normalized outline signature only；不使用中文字、詞義、句境或字典預期音；signature 衝突即不納入。
2d0ee8c42ad8b76fa1106dc40dd2f27b0886d0b0,ㄉㄧㄥˋ,5,DFPYuanW5-ZhuIn-BFW@xref1349#14516; DFPYuanW5-ZhuIn-BFW@xref2835#14516; DFPYuanW5-ZhuIn-BFW@xref3391#14516; DFPYuanW5-ZhuIn-BFW@xref4603#14516; DFPYuanW5-ZhuIn-BFW@xref5574#14516,v3.7：由 v3.6 已解碼 TTF 注音元件的實際 glyf 輪廓建立；相同正規化輪廓 signature 僅在所有來源讀音一致時啟用。,執行期 exact normalized outline signature only；不使用中文字、詞義、句境或字典預期音；signature 衝突即不納入。
922d7bbd77e65418eb1e970ddcde44e51621aac0,ㄉㄧㄥˋ,5,DFPBiaoKai-W5-ZhuIn-BFW@xref2206#14515; DFPBiaoKai-W5-ZhuIn-BFW@xref308#14515; DFPBiaoKai-W5-ZhuIn-BFW@xref3276#14515; DFPBiaoKai-W5-ZhuIn-BFW@xref4404#14515; DFPBiaoKai-W5-ZhuIn-BFW@xref846#14515,v3.7：由 v3.6 已解碼 TTF 注音元件的實際 glyf 輪廓建立；相同正規化輪廓 signature 僅在所有來源讀音一致時啟用。,執行期 exact normalized outline signature only；不使用中文字、詞義、句境或字典預期音；signature 衝突即不納入。
6e7fb19d9f65eba8a9c0d6f7a6b78f467d273601,ㄉㄨˊ,3,DFPYuanW5-ZhuIn-BFW@xref1349#14519; DFPYuanW5-ZhuIn-BFW@xref1422#14519; DFPYuanW5-ZhuIn-BFW@xref5159#14519,v3.7：由 v3.6 已解碼 TTF 注音元件的實際 glyf 輪廓建立；相同正規化輪廓 signature 僅在所有來源讀音一致時啟用。,執行期 exact normalized outline signature only；不使用中文字、詞義、句境或字典預期音；signature 衝突即不納入。
ce641542976a0c363eea27d3f7ef45ef11a34e2f,ㄉㄨˊ,2,DFPBiaoKai-W5-ZhuIn-BFW@xref1279#14518; DFPBiaoKai-W5-ZhuIn-BFW@xref5004#14518,v3.7：由 v3.6 已解碼 TTF 注音元件的實際 glyf 輪廓建立；相同正規化輪廓 signature 僅在所有來源讀音一致時啟用。,執行期 exact normalized outline signature only；不使用中文字、詞義、句境或字典預期音；signature 衝突即不納入。
461b8874fee368685a9251717af962fcfd2a66d3,ㄉㄨˋ,7,DFPBiaoKai-W5-ZhuIn-BFW@xref1279#14519; DFPBiaoKai-W5-ZhuIn-BFW@xref2206#14519; DFPBiaoKai-W5-ZhuIn-BFW@xref2802#14519; DFPBiaoKai-W5-ZhuIn-BFW@xref308#14519; DFPBiaoKai-W5-ZhuIn-BFW@xref3276#14519; DFPBiaoKai-W5-ZhuIn-BFW@xref4404#14519; DFPBiaoKai-W5-ZhuIn-BFW@xref5004#14519,v3.7：由 v3.6 已解碼 TTF 注音元件的實際 glyf 輪廓建立；相同正規化輪廓 signature 僅在所有來源讀音一致時啟用。,執行期 exact normalized outline signature only；不使用中文字、詞義、句境或字典預期音；signature 衝突即不納入。
db4d4984491ede04c72e27a53709092cbab03c35,ㄉㄨˋ,2,DFPYuanW5-ZhuIn-BFW@xref2835#14520; DFPYuanW5-ZhuIn-BFW@xref4603#14520,v3.7：由 v3.6 已解碼 TTF 注音元件的實際 glyf 輪廓建立；相同正規化輪廓 signature 僅在所有來源讀音一致時啟用。,執行期 exact normalized outline signature only；不使用中文字、詞義、句境或字典預期音；signature 衝突即不納入。
01a50e48b95b1e7fdd14217a9dbc13d9d750b614,ㄉㄨㄛ,10,DFPBiaoKai-W5-ZhuIn-BFW@xref1279#14521; DFPBiaoKai-W5-ZhuIn-BFW@xref1731#14521; DFPBiaoKai-W5-ZhuIn-BFW@xref2206#14521; DFPBiaoKai-W5-ZhuIn-BFW@xref2802#14521; DFPBiaoKai-W5-ZhuIn-BFW@xref308#14521; DFPBiaoKai-W5-ZhuIn-BFW@xref3276#14521; DFPBiaoKai-W5-ZhuIn-BFW@xref3372#14521; DFPBiaoKai-W5-ZhuIn-BFW@xref4404#14521; DFPBiaoKai-W5-ZhuIn-BFW@xref5004#14521; DFPBiaoKai-W5-ZhuIn-BFW@xref5643#14521,v3.7：由 v3.6 已解碼 TTF 注音元件的實際 glyf 輪廓建立；相同正規化輪廓 signature 僅在所有來源讀音一致時啟用。,執行期 exact normalized outline signature only；不使用中文字、詞義、句境或字典預期音；signature 衝突即不納入。
b2b62e08efe561cc4af9b34e9257760ec884a254,ㄉㄨㄛ,7,DFPYuanW5-ZhuIn-BFW@xref1349#14522; DFPYuanW5-ZhuIn-BFW@xref1770#14522; DFPYuanW5-ZhuIn-BFW@xref2040#14522; DFPYuanW5-ZhuIn-BFW@xref3391#14522; DFPYuanW5-ZhuIn-BFW@xref3546#14522; DFPYuanW5-ZhuIn-BFW@xref372#14522; DFPYuanW5-ZhuIn-BFW@xref5574#14522,v3.7：由 v3.6 已解碼 TTF 注音元件的實際 glyf 輪廓建立；相同正規化輪廓 signature 僅在所有來源讀音一致時啟用。,執行期 exact normalized outline signature only；不使用中文字、詞義、句境或字典預期音；signature 衝突即不納入。
8d46b88202d77e66aa5f45b292432d9229f9614b,ㄉㄨㄛˇ,1,DFPBiaoKai-W5-ZhuIn-BFW@xref308#14524,v3.7：由 v3.6 已解碼 TTF 注音元件的實際 glyf 輪廓建立；相同正規化輪廓 signature 僅在所有來源讀音一致時啟用。,執行期 exact normalized outline signature only；不使用中文字、詞義、句境或字典預期音；signature 衝突即不納入。
43659de4273e728c52e52da9542adcd52ea98412,ㄉㄨㄟ,1,DFPBiaoKai-W5-ZhuIn-BFW@xref1731#14525,v3.7：由 v3.6 已解碼 TTF 注音元件的實際 glyf 輪廓建立；相同正規化輪廓 signature 僅在所有來源讀音一致時啟用。,執行期 exact normalized outline signature only；不使用中文字、詞義、句境或字典預期音；signature 衝突即不納入。
6719010a059222584f8815efbe3b2dabdb1ca451,ㄉㄨㄟˋ,10,DFPBiaoKai-W5-ZhuIn-BFW@xref1064#14526; DFPBiaoKai-W5-ZhuIn-BFW@xref1731#14526; DFPBiaoKai-W5-ZhuIn-BFW@xref2206#14526; DFPBiaoKai-W5-ZhuIn-BFW@xref2802#14526; DFPBiaoKai-W5-ZhuIn-BFW@xref308#14526; DFPBiaoKai-W5-ZhuIn-BFW@xref3276#14526; DFPBiaoKai-W5-ZhuIn-BFW@xref4404#14526; DFPBiaoKai-W5-ZhuIn-BFW@xref5004#14526; DFPBiaoKai-W5-ZhuIn-BFW@xref5643#14526; DFPBiaoKai-W5-ZhuIn-BFW@xref846#14526,v3.7：由 v3.6 已解碼 TTF 注音元件的實際 glyf 輪廓建立；相同正規化輪廓 signature 僅在所有來源讀音一致時啟用。,執行期 exact normalized outline signature only；不使用中文字、詞義、句境或字典預期音；signature 衝突即不納入。
dffae014b92bf1732a72bcc165f19b02175aca22,ㄉㄨㄟˋ,5,DFPYuanW5-ZhuIn-BFW@xref2835#14527; DFPYuanW5-ZhuIn-BFW@xref3546#14527; DFPYuanW5-ZhuIn-BFW@xref372#14527; DFPYuanW5-ZhuIn-BFW@xref4603#14527; DFPYuanW5-ZhuIn-BFW@xref952#14527,v3.7：由 v3.6 已解碼 TTF 注音元件的實際 glyf 輪廓建立；相同正規化輪廓 signature 僅在所有來源讀音一致時啟用。,執行期 exact normalized outline signature only；不使用中文字、詞義、句境或字典預期音；signature 衝突即不納入。
0c4def38b62c18f053726ec6e2f80be8e157b7b0,ㄉㄨㄢ,1,DFPBiaoKai-W5-ZhuIn-BFW@xref5004#14527,v3.7：由 v3.6 已解碼 TTF 注音元件的實際 glyf 輪廓建立；相同正規化輪廓 signature 僅在所有來源讀音一致時啟用。,執行期 exact normalized outline signature only；不使用中文字、詞義、句境或字典預期音；signature 衝突即不納入。
e7cbfe9e508d9dc8a12d76e9eca705edb8b36d70,ㄉㄨㄢ,1,DFPYuanW5-ZhuIn-BFW@xref4603#14528,v3.7：由 v3.6 已解碼 TTF 注音元件的實際 glyf 輪廓建立；相同正規化輪廓 signature 僅在所有來源讀音一致時啟用。,執行期 exact normalized outline signature only；不使用中文字、詞義、句境或字典預期音；signature 衝突即不納入。
24b7dacc2dca0612dce71e642c4a46843199d934,ㄉㄨㄢˇ,1,DFPYuanW5-ZhuIn-BFW@xref372#14530,v3.7：由 v3.6 已解碼 TTF 注音元件的實際 glyf 輪廓建立；相同正規化輪廓 signature 僅在所有來源讀音一致時啟用。,執行期 exact normalized outline signature only；不使用中文字、詞義、句境或字典預期音；signature 衝突即不納入。
e395e735bc5846c93fc11530970c066dc2f80110,ㄉㄨㄢˇ,1,DFPBiaoKai-W5-ZhuIn-BFW@xref308#14529,v3.7：由 v3.6 已解碼 TTF 注音元件的實際 glyf 輪廓建立；相同正規化輪廓 signature 僅在所有來源讀音一致時啟用。,執行期 exact normalized outline signature only；不使用中文字、詞義、句境或字典預期音；signature 衝突即不納入。
505553b172fd0fde8718f918a045ef4ef21c7c7c,ㄉㄨㄢˋ,2,DFPBiaoKai-W5-ZhuIn-BFW@xref2038#14528; DFPBiaoKai-W5-ZhuIn-BFW@xref308#14528,v3.7：由 v3.6 已解碼 TTF 注音元件的實際 glyf 輪廓建立；相同正規化輪廓 signature 僅在所有來源讀音一致時啟用。,執行期 exact normalized outline signature only；不使用中文字、詞義、句境或字典預期音；signature 衝突即不納入。
1a7f2478a5de1f636d4e2d681a6ef6038fd7e436,ㄉㄨㄣ,2,DFPBiaoKai-W5-ZhuIn-BFW@xref2206#14530; DFPBiaoKai-W5-ZhuIn-BFW@xref308#14530,v3.7：由 v3.6 已解碼 TTF 注音元件的實際 glyf 輪廓建立；相同正規化輪廓 signature 僅在所有來源讀音一致時啟用。,執行期 exact normalized outline signature only；不使用中文字、詞義、句境或字典預期音；signature 衝突即不納入。
7a1032269ba88430d14fc389c2940d285fb37138,ㄉㄨㄣ,2,DFPYuanW5-ZhuIn-BFW@xref2450#14531; DFPYuanW5-ZhuIn-BFW@xref5159#14531,v3.7：由 v3.6 已解碼 TTF 注音元件的實際 glyf 輪廓建立；相同正規化輪廓 signature 僅在所有來源讀音一致時啟用。,執行期 exact normalized outline signature only；不使用中文字、詞義、句境或字典預期音；signature 衝突即不納入。
16b67c7ffce4ff344ae2b9003bf5835a2ea0bbb3,ㄉㄨㄥ,1,DFPBiaoKai-W5-ZhuIn-BFW@xref1279#14533,v3.7：由 v3.6 已解碼 TTF 注音元件的實際 glyf 輪廓建立；相同正規化輪廓 signature 僅在所有來源讀音一致時啟用。,執行期 exact normalized outline signature only；不使用中文字、詞義、句境或字典預期音；signature 衝突即不納入。
1218822b12a1b190eff473de61995e7fbc0856bf,ㄉㄨㄥˇ,1,DFPBiaoKai-W5-ZhuIn-BFW@xref5004#14535,v3.7：由 v3.6 已解碼 TTF 注音元件的實際 glyf 輪廓建立；相同正規化輪廓 signature 僅在所有來源讀音一致時啟用。,執行期 exact normalized outline signature only；不使用中文字、詞義、句境或字典預期音；signature 衝突即不納入。
d965bbd4f70e55808daf2e0d5df4fbd949be9815,ㄉㄨㄥˇ,1,DFPYuanW5-ZhuIn-BFW@xref952#14536,v3.7：由 v3.6 已解碼 TTF 注音元件的實際 glyf 輪廓建立；相同正規化輪廓 signature 僅在所有來源讀音一致時啟用。,執行期 exact normalized outline signature only；不使用中文字、詞義、句境或字典預期音；signature 衝突即不納入。
0c1686a3716a2687ec05638bbe0224ed9136c2c0,ㄉㄨㄥˋ,11,DFPBiaoKai-W5-ZhuIn-BFW@xref1279#14534; DFPBiaoKai-W5-ZhuIn-BFW@xref1731#14534; DFPBiaoKai-W5-ZhuIn-BFW@xref2206#14534; DFPBiaoKai-W5-ZhuIn-BFW@xref2802#14534; DFPBiaoKai-W5-ZhuIn-BFW@xref308#14534; DFPBiaoKai-W5-ZhuIn-BFW@xref3276#14534; DFPBiaoKai-W5-ZhuIn-BFW@xref3372#14534; DFPBiaoKai-W5-ZhuIn-BFW@xref4404#14534; DFPBiaoKai-W5-ZhuIn-BFW@xref5004#14534; DFPBiaoKai-W5-ZhuIn-BFW@xref5643#14534; DFPBiaoKai-W5-ZhuIn-BFW@xref846#14534,v3.7：由 v3.6 已解碼 TTF 注音元件的實際 glyf 輪廓建立；相同正規化輪廓 signature 僅在所有來源讀音一致時啟用。,執行期 exact normalized outline signature only；不使用中文字、詞義、句境或字典預期音；signature 衝突即不納入。
c5f7a1d234747c75f30026b23e8ebdadaf8673d0,ㄉㄨㄥˋ,10,DFPYuanW5-ZhuIn-BFW@xref1770#14535; DFPYuanW5-ZhuIn-BFW@xref2450#14535; DFPYuanW5-ZhuIn-BFW@xref2835#14535; DFPYuanW5-ZhuIn-BFW@xref3391#14535; DFPYuanW5-ZhuIn-BFW@xref3546#14535; DFPYuanW5-ZhuIn-BFW@xref372#14535; DFPYuanW5-ZhuIn-BFW@xref4603#14535; DFPYuanW5-ZhuIn-BFW@xref5159#14535; DFPYuanW5-ZhuIn-BFW@xref5574#14535; DFPYuanW5-ZhuIn-BFW@xref952#14535,v3.7：由 v3.6 已解碼 TTF 注音元件的實際 glyf 輪廓建立；相同正規化輪廓 signature 僅在所有來源讀音一致時啟用。,執行期 exact normalized outline signature only；不使用中文字、詞義、句境或字典預期音；signature 衝突即不納入。
b539b0602b205c13e417d1b72fa180fc12dcf3fb,ㄊㄚ,8,DFPBiaoKai-W5-ZhuIn-BFW@xref1279#14536; DFPBiaoKai-W5-ZhuIn-BFW@xref1731#14536; DFPBiaoKai-W5-ZhuIn-BFW@xref2038#14536; DFPBiaoKai-W5-ZhuIn-BFW@xref2802#14536; DFPBiaoKai-W5-ZhuIn-BFW@xref308#14536; DFPBiaoKai-W5-ZhuIn-BFW@xref4404#14536; DFPBiaoKai-W5-ZhuIn-BFW@xref5643#14536; DFPBiaoKai-W5-ZhuIn-BFW@xref846#14536,v3.7：由 v3.6 已解碼 TTF 注音元件的實際 glyf 輪廓建立；相同正規化輪廓 signature 僅在所有來源讀音一致時啟用。,執行期 exact normalized outline signature only；不使用中文字、詞義、句境或字典預期音；signature 衝突即不納入。
dbcc62ff85867fba798afc09fb5f9b9251456840,ㄊㄚ,2,DFPYuanW5-ZhuIn-BFW@xref3546#14537; DFPYuanW5-ZhuIn-BFW@xref952#14537,v3.7：由 v3.6 已解碼 TTF 注音元件的實際 glyf 輪廓建立；相同正規化輪廓 signature 僅在所有來源讀音一致時啟用。,執行期 exact normalized outline signature only；不使用中文字、詞義、句境或字典預期音；signature 衝突即不納入。
62716c5c9ee9bb422a268572ab9908554be48f93,ㄊㄚˋ,1,DFPYuanW5-ZhuIn-BFW@xref2835#14538,v3.7：由 v3.6 已解碼 TTF 注音元件的實際 glyf 輪廓建立；相同正規化輪廓 signature 僅在所有來源讀音一致時啟用。,執行期 exact normalized outline signature only；不使用中文字、詞義、句境或字典預期音；signature 衝突即不納入。
f95b46daf4f27e363249cc59ef2aa885752fe426,ㄊㄚˋ,1,DFPBiaoKai-W5-ZhuIn-BFW@xref2802#14537,v3.7：由 v3.6 已解碼 TTF 注音元件的實際 glyf 輪廓建立；相同正規化輪廓 signature 僅在所有來源讀音一致時啟用。,執行期 exact normalized outline signature only；不使用中文字、詞義、句境或字典預期音；signature 衝突即不納入。
d9bd5466e158c26c4e608e4b2474ade90787bc6d,ㄊㄜˋ,2,DFPYuanW5-ZhuIn-BFW@xref1349#14541; DFPYuanW5-ZhuIn-BFW@xref952#14541,v3.7：由 v3.6 已解碼 TTF 注音元件的實際 glyf 輪廓建立；相同正規化輪廓 signature 僅在所有來源讀音一致時啟用。,執行期 exact normalized outline signature only；不使用中文字、詞義、句境或字典預期音；signature 衝突即不納入。
fabd102e63978035554c3e09cbf732a8cd7088be,ㄊㄜˋ,2,DFPBiaoKai-W5-ZhuIn-BFW@xref1279#14540; DFPBiaoKai-W5-ZhuIn-BFW@xref308#14540,v3.7：由 v3.6 已解碼 TTF 注音元件的實際 glyf 輪廓建立；相同正規化輪廓 signature 僅在所有來源讀音一致時啟用。,執行期 exact normalized outline signature only；不使用中文字、詞義、句境或字典預期音；signature 衝突即不納入。
eaf183d5a4906fb46124bbfd679891966e10e26f,ㄊㄞˊ,7,DFPBiaoKai-W5-ZhuIn-BFW@xref1731#14542; DFPBiaoKai-W5-ZhuIn-BFW@xref2206#14542; DFPBiaoKai-W5-ZhuIn-BFW@xref2802#14542; DFPBiaoKai-W5-ZhuIn-BFW@xref308#14542; DFPBiaoKai-W5-ZhuIn-BFW@xref5004#14542; DFPBiaoKai-W5-ZhuIn-BFW@xref5643#14542; DFPBiaoKai-W5-ZhuIn-BFW@xref846#14542,v3.7：由 v3.6 已解碼 TTF 注音元件的實際 glyf 輪廓建立；相同正規化輪廓 signature 僅在所有來源讀音一致時啟用。,執行期 exact normalized outline signature only；不使用中文字、詞義、句境或字典預期音；signature 衝突即不納入。
398fb27f88562449111f4aba4e263d9b74b69716,ㄊㄞˋ,6,DFPBiaoKai-W5-ZhuIn-BFW@xref1279#14543; DFPBiaoKai-W5-ZhuIn-BFW@xref308#14543; DFPBiaoKai-W5-ZhuIn-BFW@xref4404#14543; DFPBiaoKai-W5-ZhuIn-BFW@xref5004#14543; DFPBiaoKai-W5-ZhuIn-BFW@xref5643#14543; DFPBiaoKai-W5-ZhuIn-BFW@xref846#14543,v3.7：由 v3.6 已解碼 TTF 注音元件的實際 glyf 輪廓建立；相同正規化輪廓 signature 僅在所有來源讀音一致時啟用。,執行期 exact normalized outline signature only；不使用中文字、詞義、句境或字典預期音；signature 衝突即不納入。
4e3b98b9bab550d768362af79e619ebd5fe20b01,ㄊㄞˋ,1,DFPYuanW5-ZhuIn-BFW@xref372#14544,v3.7：由 v3.6 已解碼 TTF 注音元件的實際 glyf 輪廓建立；相同正規化輪廓 signature 僅在所有來源讀音一致時啟用。,執行期 exact normalized outline signature only；不使用中文字、詞義、句境或字典預期音；signature 衝突即不納入。
9213ae325680f0e17c67c3281a245342e6b18fc1,ㄊㄠˇ,5,DFPBiaoKai-W5-ZhuIn-BFW@xref2802#14547; DFPBiaoKai-W5-ZhuIn-BFW@xref308#14547; DFPBiaoKai-W5-ZhuIn-BFW@xref3276#14547; DFPBiaoKai-W5-ZhuIn-BFW@xref4404#14547; DFPBiaoKai-W5-ZhuIn-BFW@xref5004#14547,v3.7：由 v3.6 已解碼 TTF 注音元件的實際 glyf 輪廓建立；相同正規化輪廓 signature 僅在所有來源讀音一致時啟用。,執行期 exact normalized outline signature only；不使用中文字、詞義、句境或字典預期音；signature 衝突即不納入。
e453d997a9129bf2db46f49a086d6535e994af4c,ㄊㄠˇ,3,DFPYuanW5-ZhuIn-BFW@xref1349#14548; DFPYuanW5-ZhuIn-BFW@xref3391#14548; DFPYuanW5-ZhuIn-BFW@xref952#14548,v3.7：由 v3.6 已解碼 TTF 注音元件的實際 glyf 輪廓建立；相同正規化輪廓 signature 僅在所有來源讀音一致時啟用。,執行期 exact normalized outline signature only；不使用中文字、詞義、句境或字典預期音；signature 衝突即不納入。
59747af05065a7c2caa5bbabd2bbe5ae7c1f415d,ㄊㄠˋ,1,DFPYuanW5-ZhuIn-BFW@xref1349#14547,v3.7：由 v3.6 已解碼 TTF 注音元件的實際 glyf 輪廓建立；相同正規化輪廓 signature 僅在所有來源讀音一致時啟用。,執行期 exact normalized outline signature only；不使用中文字、詞義、句境或字典預期音；signature 衝突即不納入。
03a79f9b89ac184e6fd7fc5ab8a3482d4815dbb0,ㄊㄡˊ,5,DFPBiaoKai-W5-ZhuIn-BFW@xref2206#14550; DFPBiaoKai-W5-ZhuIn-BFW@xref308#14550; DFPBiaoKai-W5-ZhuIn-BFW@xref3276#14550; DFPBiaoKai-W5-ZhuIn-BFW@xref3372#14550; DFPBiaoKai-W5-ZhuIn-BFW@xref5004#14550,v3.7：由 v3.6 已解碼 TTF 注音元件的實際 glyf 輪廓建立；相同正規化輪廓 signature 僅在所有來源讀音一致時啟用。,執行期 exact normalized outline signature only；不使用中文字、詞義、句境或字典預期音；signature 衝突即不納入。
6bfdfe1c1e5e3e38d762c196a093cde74e0a1f09,ㄊㄡˊ,3,DFPYuanW5-ZhuIn-BFW@xref3391#14551; DFPYuanW5-ZhuIn-BFW@xref3546#14551; DFPYuanW5-ZhuIn-BFW@xref4603#14551,v3.7：由 v3.6 已解碼 TTF 注音元件的實際 glyf 輪廓建立；相同正規化輪廓 signature 僅在所有來源讀音一致時啟用。,執行期 exact normalized outline signature only；不使用中文字、詞義、句境或字典預期音；signature 衝突即不納入。
9df57d2572bb44646ebf2c2f1a217b6a96d5c0e4,ㄊㄡˋ,3,DFPBiaoKai-W5-ZhuIn-BFW@xref1279#14551; DFPBiaoKai-W5-ZhuIn-BFW@xref4404#14551; DFPBiaoKai-W5-ZhuIn-BFW@xref5004#14551,v3.7：由 v3.6 已解碼 TTF 注音元件的實際 glyf 輪廓建立；相同正規化輪廓 signature 僅在所有來源讀音一致時啟用。,執行期 exact normalized outline signature only；不使用中文字、詞義、句境或字典預期音；signature 衝突即不納入。
2ca83f4086aa6ed945b0f303a488fd69de2f9438,ㄊㄢˊ,1,DFPBiaoKai-W5-ZhuIn-BFW@xref308#14554,v3.7：由 v3.6 已解碼 TTF 注音元件的實際 glyf 輪廓建立；相同正規化輪廓 signature 僅在所有來源讀音一致時啟用。,執行期 exact normalized outline signature only；不使用中文字、詞義、句境或字典預期音；signature 衝突即不納入。
5a56e54b5adc80706429ad3f89ffd602f445847f,ㄊㄢˊ,2,DFPYuanW5-PoIn1-BFW@xref3558#14555; DFPYuanW5-PoIn1-BFW@xref4610#14555,v3.7：由 v3.6 已解碼 TTF 注音元件的實際 glyf 輪廓建立；相同正規化輪廓 signature 僅在所有來源讀音一致時啟用。,執行期 exact normalized outline signature only；不使用中文字、詞義、句境或字典預期音；signature 衝突即不納入。
7e2904f766c9634b84e9969309c25cdb49404232,ㄊㄢˋ,1,DFPBiaoKai-W5-ZhuIn-BFW@xref1731#14555,v3.7：由 v3.6 已解碼 TTF 注音元件的實際 glyf 輪廓建立；相同正規化輪廓 signature 僅在所有來源讀音一致時啟用。,執行期 exact normalized outline signature only；不使用中文字、詞義、句境或字典預期音；signature 衝突即不納入。
e1085225bb9ff0e69972ff31cc59bff15f04ae9f,ㄊㄢˋ,1,DFPYuanW5-ZhuIn-BFW@xref1770#14556,v3.7：由 v3.6 已解碼 TTF 注音元件的實際 glyf 輪廓建立；相同正規化輪廓 signature 僅在所有來源讀音一致時啟用。,執行期 exact normalized outline signature only；不使用中文字、詞義、句境或字典預期音；signature 衝突即不納入。
13dd27ec212d92fe9ab4be9f8f496bd003e4eb00,ㄊㄤˊ,1,DFPBiaoKai-W5-ZhuIn-BFW@xref1731#14558,v3.7：由 v3.6 已解碼 TTF 注音元件的實際 glyf 輪廓建立；相同正規化輪廓 signature 僅在所有來源讀音一致時啟用。,執行期 exact normalized outline signature only；不使用中文字、詞義、句境或字典預期音；signature 衝突即不納入。
6f14ae6bedf916885e5ce0f0df1b315fb6d124e1,ㄊㄤˊ,2,DFPYuanW5-ZhuIn-BFW@xref1770#14559; DFPYuanW5-ZhuIn-BFW@xref1929#14559,v3.7：由 v3.6 已解碼 TTF 注音元件的實際 glyf 輪廓建立；相同正規化輪廓 signature 僅在所有來源讀音一致時啟用。,執行期 exact normalized outline signature only；不使用中文字、詞義、句境或字典預期音；signature 衝突即不納入。
5778a81292254c41c075eb2b022178b668b23cf1,ㄊㄥˊ,1,DFPYuanW5-ZhuIn-BFW@xref5574#14562,v3.7：由 v3.6 已解碼 TTF 注音元件的實際 glyf 輪廓建立；相同正規化輪廓 signature 僅在所有來源讀音一致時啟用。,執行期 exact normalized outline signature only；不使用中文字、詞義、句境或字典預期音；signature 衝突即不納入。
7bcc415d0e20705d68b68467eca878941516535c,ㄊㄥˊ,1,DFPBiaoKai-W5-ZhuIn-BFW@xref308#14561,v3.7：由 v3.6 已解碼 TTF 注音元件的實際 glyf 輪廓建立；相同正規化輪廓 signature 僅在所有來源讀音一致時啟用。,執行期 exact normalized outline signature only；不使用中文字、詞義、句境或字典預期音；signature 衝突即不納入。
53b9ee29052ad3de10c1ae5e44e77ed94633a243,ㄊㄧ,1,DFPYuanW5-ZhuIn-BFW@xref5574#14563,v3.7：由 v3.6 已解碼 TTF 注音元件的實際 glyf 輪廓建立；相同正規化輪廓 signature 僅在所有來源讀音一致時啟用。,執行期 exact normalized outline signature only；不使用中文字、詞義、句境或字典預期音；signature 衝突即不納入。
93af8ab84add8441a3ef10cbef70473a2695a3ea,ㄊㄧ,2,DFPBiaoKai-W5-ZhuIn-BFW@xref2206#14562; DFPBiaoKai-W5-ZhuIn-BFW@xref5643#14562,v3.7：由 v3.6 已解碼 TTF 注音元件的實際 glyf 輪廓建立；相同正規化輪廓 signature 僅在所有來源讀音一致時啟用。,執行期 exact normalized outline signature only；不使用中文字、詞義、句境或字典預期音；signature 衝突即不納入。
3ef8e354128043cf83b77e8f631fdccc065bcebf,ㄊㄧˇ,9,DFPBiaoKai-W5-ZhuIn-BFW@xref1279#14565; DFPBiaoKai-W5-ZhuIn-BFW@xref1731#14565; DFPBiaoKai-W5-ZhuIn-BFW@xref2206#14565; DFPBiaoKai-W5-ZhuIn-BFW@xref2802#14565; DFPBiaoKai-W5-ZhuIn-BFW@xref308#14565; DFPBiaoKai-W5-ZhuIn-BFW@xref4404#14565; DFPBiaoKai-W5-ZhuIn-BFW@xref5004#14565; DFPBiaoKai-W5-ZhuIn-BFW@xref5643#14565; DFPBiaoKai-W5-ZhuIn-BFW@xref846#14565,v3.7：由 v3.6 已解碼 TTF 注音元件的實際 glyf 輪廓建立；相同正規化輪廓 signature 僅在所有來源讀音一致時啟用。,執行期 exact normalized outline signature only；不使用中文字、詞義、句境或字典預期音；signature 衝突即不納入。
42c98f30da6363000b7bad84883f03b80230d5e6,ㄊㄧˇ,8,DFPYuanW5-ZhuIn-BFW@xref1422#14566; DFPYuanW5-ZhuIn-BFW@xref1770#14566; DFPYuanW5-ZhuIn-BFW@xref2450#14566; DFPYuanW5-ZhuIn-BFW@xref2835#14566; DFPYuanW5-ZhuIn-BFW@xref3391#14566; DFPYuanW5-ZhuIn-BFW@xref372#14566; DFPYuanW5-ZhuIn-BFW@xref5159#14566; DFPYuanW5-ZhuIn-BFW@xref952#14566,v3.7：由 v3.6 已解碼 TTF 注音元件的實際 glyf 輪廓建立；相同正規化輪廓 signature 僅在所有來源讀音一致時啟用。,執行期 exact normalized outline signature only；不使用中文字、詞義、句境或字典預期音；signature 衝突即不納入。
2da753e637f21f41ed8818d66f10534c8949ec07,ㄊㄧˊ,3,DFPYuanW5-ZhuIn-BFW@xref1770#14564; DFPYuanW5-ZhuIn-BFW@xref3391#14564; DFPYuanW5-ZhuIn-BFW@xref952#14564,v3.7：由 v3.6 已解碼 TTF 注音元件的實際 glyf 輪廓建立；相同正規化輪廓 signature 僅在所有來源讀音一致時啟用。,執行期 exact normalized outline signature only；不使用中文字、詞義、句境或字典預期音；signature 衝突即不納入。
345e49b038daa3c698d2a6f81669b6a7d5d650ec,ㄊㄧˊ,3,DFPBiaoKai-W5-ZhuIn-BFW@xref1731#14563; DFPBiaoKai-W5-ZhuIn-BFW@xref3276#14563; DFPBiaoKai-W5-ZhuIn-BFW@xref4404#14563,v3.7：由 v3.6 已解碼 TTF 注音元件的實際 glyf 輪廓建立；相同正規化輪廓 signature 僅在所有來源讀音一致時啟用。,執行期 exact normalized outline signature only；不使用中文字、詞義、句境或字典預期音；signature 衝突即不納入。
a92304d8e262d3b003ac33f759d34cac9820b5b9,ㄊㄧˋ,2,DFPBiaoKai-W5-ZhuIn-BFW@xref308#14564; DFPBiaoKai-W5-ZhuIn-BFW@xref846#14564,v3.7：由 v3.6 已解碼 TTF 注音元件的實際 glyf 輪廓建立；相同正規化輪廓 signature 僅在所有來源讀音一致時啟用。,執行期 exact normalized outline signature only；不使用中文字、詞義、句境或字典預期音；signature 衝突即不納入。
b9572b1c4d3f861ea9b18cca075a7441cd16f9ef,ㄊㄧㄝ,1,DFPYuanW5-ZhuIn-BFW@xref2450#14567,v3.7：由 v3.6 已解碼 TTF 注音元件的實際 glyf 輪廓建立；相同正規化輪廓 signature 僅在所有來源讀音一致時啟用。,執行期 exact normalized outline signature only；不使用中文字、詞義、句境或字典預期音；signature 衝突即不納入。
ad5172f756acbedef3b5169cbbc91aebe54df4d7,ㄊㄧㄝˇ,1,DFPYuanW5-ZhuIn-BFW@xref1770#14569,v3.7：由 v3.6 已解碼 TTF 注音元件的實際 glyf 輪廓建立；相同正規化輪廓 signature 僅在所有來源讀音一致時啟用。,執行期 exact normalized outline signature only；不使用中文字、詞義、句境或字典預期音；signature 衝突即不納入。
5788624be43dd607dca18fb5392a4b0dc548baa7,ㄊㄧㄠˇ,3,DFHeiPoIn1-Bd-BPMW-BF@xref2459#14615; DFHeiPoIn1-Bd-BPMW-BF@xref3246#14615; DFHeiPoIn1-Bd-BPMW-BF@xref3900#14615,v3.7：由 v3.6 已解碼 TTF 注音元件的實際 glyf 輪廓建立；相同正規化輪廓 signature 僅在所有來源讀音一致時啟用。,執行期 exact normalized outline signature only；不使用中文字、詞義、句境或字典預期音；signature 衝突即不納入。
d93f2d9a5d54d533663ba24be172bae0dc89c048,ㄊㄧㄠˇ,1,DFPBiaoKai-W5-PoIn1-BFW@xref322#14572,v3.7：由 v3.6 已解碼 TTF 注音元件的實際 glyf 輪廓建立；相同正規化輪廓 signature 僅在所有來源讀音一致時啟用。,執行期 exact normalized outline signature only；不使用中文字、詞義、句境或字典預期音；signature 衝突即不納入。
e3f5190f5be7229e6ab73f66eb514748640a266b,ㄊㄧㄠˇ,1,DFPYuanW5-PoIn1-BFW@xref4610#14573,v3.7：由 v3.6 已解碼 TTF 注音元件的實際 glyf 輪廓建立；相同正規化輪廓 signature 僅在所有來源讀音一致時啟用。,執行期 exact normalized outline signature only；不使用中文字、詞義、句境或字典預期音；signature 衝突即不納入。
b311cc520c94002aca96e9adc1f08e565c2d08ed,ㄊㄧㄠˊ,1,DFPBiaoKai-W5-PoIn1-BFW@xref839#14570,v3.7：由 v3.6 已解碼 TTF 注音元件的實際 glyf 輪廓建立；相同正規化輪廓 signature 僅在所有來源讀音一致時啟用。,執行期 exact normalized outline signature only；不使用中文字、詞義、句境或字典預期音；signature 衝突即不納入。
3f0d45e56dde482c14ceb12c01987f0731e7818c,ㄊㄧㄠˋ,2,DFPYuanW5-ZhuIn-BFW@xref2450#14572; DFPYuanW5-ZhuIn-BFW@xref2835#14572,v3.7：由 v3.6 已解碼 TTF 注音元件的實際 glyf 輪廓建立；相同正規化輪廓 signature 僅在所有來源讀音一致時啟用。,執行期 exact normalized outline signature only；不使用中文字、詞義、句境或字典預期音；signature 衝突即不納入。
c1fe94a8befd526520ff0f97ffb0efb614bf34fe,ㄊㄧㄠˋ,3,DFPBiaoKai-W5-ZhuIn-BFW@xref308#14571; DFPBiaoKai-W5-ZhuIn-BFW@xref3276#14571; DFPBiaoKai-W5-ZhuIn-BFW@xref5004#14571,v3.7：由 v3.6 已解碼 TTF 注音元件的實際 glyf 輪廓建立；相同正規化輪廓 signature 僅在所有來源讀音一致時啟用。,執行期 exact normalized outline signature only；不使用中文字、詞義、句境或字典預期音；signature 衝突即不納入。
709198b5df415030a8378b99fe98db0be1219d34,ㄊㄧㄢ,2,DFPYuanW5-ZhuIn-BFW@xref1770#14574; DFPYuanW5-ZhuIn-BFW@xref372#14574,v3.7：由 v3.6 已解碼 TTF 注音元件的實際 glyf 輪廓建立；相同正規化輪廓 signature 僅在所有來源讀音一致時啟用。,執行期 exact normalized outline signature only；不使用中文字、詞義、句境或字典預期音；signature 衝突即不納入。
d45f0f5ecee161a8ceecf77a45b522e98e38b0a1,ㄊㄧㄢ,8,DFPBiaoKai-W5-ZhuIn-BFW@xref1279#14573; DFPBiaoKai-W5-ZhuIn-BFW@xref1731#14573; DFPBiaoKai-W5-ZhuIn-BFW@xref2206#14573; DFPBiaoKai-W5-ZhuIn-BFW@xref308#14573; DFPBiaoKai-W5-ZhuIn-BFW@xref3276#14573; DFPBiaoKai-W5-ZhuIn-BFW@xref4404#14573; DFPBiaoKai-W5-ZhuIn-BFW@xref5643#14573; DFPBiaoKai-W5-ZhuIn-BFW@xref846#14573,v3.7：由 v3.6 已解碼 TTF 注音元件的實際 glyf 輪廓建立；相同正規化輪廓 signature 僅在所有來源讀音一致時啟用。,執行期 exact normalized outline signature only；不使用中文字、詞義、句境或字典預期音；signature 衝突即不納入。
75a7d2eb45e70dfe10ef45a2816698a5241c4776,ㄊㄧㄢˊ,1,DFPYuanW5-ZhuIn-BFW@xref1770#14575,v3.7：由 v3.6 已解碼 TTF 注音元件的實際 glyf 輪廓建立；相同正規化輪廓 signature 僅在所有來源讀音一致時啟用。,執行期 exact normalized outline signature only；不使用中文字、詞義、句境或字典預期音；signature 衝突即不納入。
da43e243d3effa939dbed218a7c81898321bac37,ㄊㄧㄢˊ,3,DFPBiaoKai-W5-ZhuIn-BFW@xref308#14574; DFPBiaoKai-W5-ZhuIn-BFW@xref4404#14574; DFPBiaoKai-W5-ZhuIn-BFW@xref5004#14574,v3.7：由 v3.6 已解碼 TTF 注音元件的實際 glyf 輪廓建立；相同正規化輪廓 signature 僅在所有來源讀音一致時啟用。,執行期 exact normalized outline signature only；不使用中文字、詞義、句境或字典預期音；signature 衝突即不納入。
30c6fa5e5123092b8e88b5596dd1b5986db337fe,ㄊㄧㄥ,1,DFPBiaoKai-W5-ZhuIn-BFW@xref846#14577,v3.7：由 v3.6 已解碼 TTF 注音元件的實際 glyf 輪廓建立；相同正規化輪廓 signature 僅在所有來源讀音一致時啟用。,執行期 exact normalized outline signature only；不使用中文字、詞義、句境或字典預期音；signature 衝突即不納入。
e7d6751098f19d8d1a618d18212f19174692098f,ㄊㄧㄥ,1,DFPYuanW5-ZhuIn-BFW@xref952#14578,v3.7：由 v3.6 已解碼 TTF 注音元件的實際 glyf 輪廓建立；相同正規化輪廓 signature 僅在所有來源讀音一致時啟用。,執行期 exact normalized outline signature only；不使用中文字、詞義、句境或字典預期音；signature 衝突即不納入。
f690b2b0f4b378f94bafdcbce9f88ea1bee3e264,ㄊㄧㄥˇ,2,DFPBiaoKai-W5-ZhuIn-BFW@xref308#14580; DFPBiaoKai-W5-ZhuIn-BFW@xref5004#14580,v3.7：由 v3.6 已解碼 TTF 注音元件的實際 glyf 輪廓建立；相同正規化輪廓 signature 僅在所有來源讀音一致時啟用。,執行期 exact normalized outline signature only；不使用中文字、詞義、句境或字典預期音；signature 衝突即不納入。
4aefbe7203d0d7f33b73f4b863d0aab6f12969d7,ㄊㄧㄥˊ,1,DFPYuanW5-ZhuIn-BFW@xref1349#14579,v3.7：由 v3.6 已解碼 TTF 注音元件的實際 glyf 輪廓建立；相同正規化輪廓 signature 僅在所有來源讀音一致時啟用。,執行期 exact normalized outline signature only；不使用中文字、詞義、句境或字典預期音；signature 衝突即不納入。
54e25c6e41c4a38d6f2fb669811b867e6a4fdf26,ㄊㄧㄥˊ,1,DFPBiaoKai-W5-ZhuIn-BFW@xref2206#14578,v3.7：由 v3.6 已解碼 TTF 注音元件的實際 glyf 輪廓建立；相同正規化輪廓 signature 僅在所有來源讀音一致時啟用。,執行期 exact normalized outline signature only；不使用中文字、詞義、句境或字典預期音；signature 衝突即不納入。
2b352ad0204d56bb5ab0ab7a95386a202110a6ea,ㄊㄨˊ,6,DFPBiaoKai-W5-ZhuIn-BFW@xref1279#14582; DFPBiaoKai-W5-ZhuIn-BFW@xref1731#14582; DFPBiaoKai-W5-ZhuIn-BFW@xref308#14582; DFPBiaoKai-W5-ZhuIn-BFW@xref3276#14582; DFPBiaoKai-W5-ZhuIn-BFW@xref5004#14582; DFPBiaoKai-W5-ZhuIn-BFW@xref846#14582,v3.7：由 v3.6 已解碼 TTF 注音元件的實際 glyf 輪廓建立；相同正規化輪廓 signature 僅在所有來源讀音一致時啟用。,執行期 exact normalized outline signature only；不使用中文字、詞義、句境或字典預期音；signature 衝突即不納入。
bdcd8c4874570567450b6c7a251a7e7d7527b9c8,ㄊㄨˊ,1,DFPYuanW5-ZhuIn-BFW@xref1349#14583,v3.7：由 v3.6 已解碼 TTF 注音元件的實際 glyf 輪廓建立；相同正規化輪廓 signature 僅在所有來源讀音一致時啟用。,執行期 exact normalized outline signature only；不使用中文字、詞義、句境或字典預期音；signature 衝突即不納入。
79ba655e69646e6c90b64fb85698ea1c1850fbb9,ㄊㄨˋ,3,DFPYuanW5-PoIn1-BFW@xref1368#14584; DFPYuanW5-PoIn1-BFW@xref1424#14584; DFPYuanW5-ZhuIn-BFW@xref2450#14584,v3.7：由 v3.6 已解碼 TTF 注音元件的實際 glyf 輪廓建立；相同正規化輪廓 signature 僅在所有來源讀音一致時啟用。,執行期 exact normalized outline signature only；不使用中文字、詞義、句境或字典預期音；signature 衝突即不納入。
f60bdc14378d89e405e5f9d44785240ef8a50804,ㄊㄨˋ,1,DFPBiaoKai-W5-PoIn1-BFW@xref1400#14583,v3.7：由 v3.6 已解碼 TTF 注音元件的實際 glyf 輪廓建立；相同正規化輪廓 signature 僅在所有來源讀音一致時啟用。,執行期 exact normalized outline signature only；不使用中文字、詞義、句境或字典預期音；signature 衝突即不納入。
892bc98a3c0a33b3f0349bb8b3f6f21990302f39,ㄊㄨㄛ,2,DFPBiaoKai-W5-ZhuIn-BFW@xref2206#14585; DFPBiaoKai-W5-ZhuIn-BFW@xref4404#14585,v3.7：由 v3.6 已解碼 TTF 注音元件的實際 glyf 輪廓建立；相同正規化輪廓 signature 僅在所有來源讀音一致時啟用。,執行期 exact normalized outline signature only；不使用中文字、詞義、句境或字典預期音；signature 衝突即不納入。
a73f027bcf84344d8541508616a2622093a28e92,ㄊㄨㄛˊ,1,DFPBiaoKai-W5-ZhuIn-BFW@xref308#14586,v3.7：由 v3.6 已解碼 TTF 注音元件的實際 glyf 輪廓建立；相同正規化輪廓 signature 僅在所有來源讀音一致時啟用。,執行期 exact normalized outline signature only；不使用中文字、詞義、句境或字典預期音；signature 衝突即不納入。
30f21d3e770e9f6f731c7dcd7178ffda254c14d5,ㄊㄨㄟ,2,DFPBiaoKai-W5-ZhuIn-BFW@xref2206#14589; DFPBiaoKai-W5-ZhuIn-BFW@xref4404#14589,v3.7：由 v3.6 已解碼 TTF 注音元件的實際 glyf 輪廓建立；相同正規化輪廓 signature 僅在所有來源讀音一致時啟用。,執行期 exact normalized outline signature only；不使用中文字、詞義、句境或字典預期音；signature 衝突即不納入。
e6fb8eeb72f101212d4909dc05a29951487ded9d,ㄊㄨㄟ,2,DFPYuanW5-ZhuIn-BFW@xref4603#14590; DFPYuanW5-ZhuIn-BFW@xref952#14590,v3.7：由 v3.6 已解碼 TTF 注音元件的實際 glyf 輪廓建立；相同正規化輪廓 signature 僅在所有來源讀音一致時啟用。,執行期 exact normalized outline signature only；不使用中文字、詞義、句境或字典預期音；signature 衝突即不納入。
0ec41143d2916f6cd085e9531f1130c8bff0d8f3,ㄊㄨㄟˇ,3,DFPBiaoKai-W5-ZhuIn-BFW@xref2206#14592; DFPBiaoKai-W5-ZhuIn-BFW@xref2802#14592; DFPBiaoKai-W5-ZhuIn-BFW@xref5004#14592,v3.7：由 v3.6 已解碼 TTF 注音元件的實際 glyf 輪廓建立；相同正規化輪廓 signature 僅在所有來源讀音一致時啟用。,執行期 exact normalized outline signature only；不使用中文字、詞義、句境或字典預期音；signature 衝突即不納入。
c850de5769ab03ced5d2b06ca2b79bf157fee896,ㄊㄨㄟˋ,1,DFPYuanW5-ZhuIn-BFW@xref4603#14592,v3.7：由 v3.6 已解碼 TTF 注音元件的實際 glyf 輪廓建立；相同正規化輪廓 signature 僅在所有來源讀音一致時啟用。,執行期 exact normalized outline signature only；不使用中文字、詞義、句境或字典預期音；signature 衝突即不納入。
5eb3160343aded7283e4fe7f5aef796f9f606605,ㄊㄨㄥ,1,DFPYuanW5-ZhuIn-BFW@xref952#14602,v3.7：由 v3.6 已解碼 TTF 注音元件的實際 glyf 輪廓建立；相同正規化輪廓 signature 僅在所有來源讀音一致時啟用。,執行期 exact normalized outline signature only；不使用中文字、詞義、句境或字典預期音；signature 衝突即不納入。
a2b5bdc04e7f9df042a57514620d709c14a2c872,ㄊㄨㄥ,5,DFPBiaoKai-W5-ZhuIn-BFW@xref1064#14601; DFPBiaoKai-W5-ZhuIn-BFW@xref1279#14601; DFPBiaoKai-W5-ZhuIn-BFW@xref2802#14601; DFPBiaoKai-W5-ZhuIn-BFW@xref3276#14601; DFPBiaoKai-W5-ZhuIn-BFW@xref846#14601,v3.7：由 v3.6 已解碼 TTF 注音元件的實際 glyf 輪廓建立；相同正規化輪廓 signature 僅在所有來源讀音一致時啟用。,執行期 exact normalized outline signature only；不使用中文字、詞義、句境或字典預期音；signature 衝突即不納入。
4429ad004f2498df5b06bb125285a3467f5480a9,ㄊㄨㄥˇ,2,DFPBiaoKai-W5-ZhuIn-BFW@xref1279#14604; DFPBiaoKai-W5-ZhuIn-BFW@xref2802#14604,v3.7：由 v3.6 已解碼 TTF 注音元件的實際 glyf 輪廓建立；相同正規化輪廓 signature 僅在所有來源讀音一致時啟用。,執行期 exact normalized outline signature only；不使用中文字、詞義、句境或字典預期音；signature 衝突即不納入。
6023083160a5b80d3fed1bd1abf0aee6b4ef185f,ㄊㄨㄥˊ,10,DFPBiaoKai-W5-ZhuIn-BFW@xref1064#14602; DFPBiaoKai-W5-ZhuIn-BFW@xref1731#14602; DFPBiaoKai-W5-ZhuIn-BFW@xref2206#14602; DFPBiaoKai-W5-ZhuIn-BFW@xref2802#14602; DFPBiaoKai-W5-ZhuIn-BFW@xref308#14602; DFPBiaoKai-W5-ZhuIn-BFW@xref3276#14602; DFPBiaoKai-W5-ZhuIn-BFW@xref4404#14602; DFPBiaoKai-W5-ZhuIn-BFW@xref5004#14602; DFPBiaoKai-W5-ZhuIn-BFW@xref5643#14602; DFPBiaoKai-W5-ZhuIn-BFW@xref846#14602,v3.7：由 v3.6 已解碼 TTF 注音元件的實際 glyf 輪廓建立；相同正規化輪廓 signature 僅在所有來源讀音一致時啟用。,執行期 exact normalized outline signature only；不使用中文字、詞義、句境或字典預期音；signature 衝突即不納入。
b0c79dd896b406bc9c07ac6a77454d371f9b550f,ㄊㄨㄥˊ,7,DFPYuanW5-ZhuIn-BFW@xref1770#14603; DFPYuanW5-ZhuIn-BFW@xref2835#14603; DFPYuanW5-ZhuIn-BFW@xref3391#14603; DFPYuanW5-ZhuIn-BFW@xref3546#14603; DFPYuanW5-ZhuIn-BFW@xref372#14603; DFPYuanW5-ZhuIn-BFW@xref4603#14603; DFPYuanW5-ZhuIn-BFW@xref952#14603,v3.7：由 v3.6 已解碼 TTF 注音元件的實際 glyf 輪廓建立；相同正規化輪廓 signature 僅在所有來源讀音一致時啟用。,執行期 exact normalized outline signature only；不使用中文字、詞義、句境或字典預期音；signature 衝突即不納入。
2c394c30fb614bfc6bbcd3349a41fcdd35366871,ㄊㄨㄥˋ,2,DFPBiaoKai-W5-ZhuIn-BFW@xref308#14603; DFPBiaoKai-W5-ZhuIn-BFW@xref846#14603,v3.7：由 v3.6 已解碼 TTF 注音元件的實際 glyf 輪廓建立；相同正規化輪廓 signature 僅在所有來源讀音一致時啟用。,執行期 exact normalized outline signature only；不使用中文字、詞義、句境或字典預期音；signature 衝突即不納入。
592c484c79a0fa6a2c7950898f0075bdc5e687be,ㄋㄚˇ,7,DFPBiaoKai-W5-ZhuIn-BFW@xref1279#14609; DFPBiaoKai-W5-ZhuIn-BFW@xref1731#14609; DFPBiaoKai-W5-ZhuIn-BFW@xref2802#14609; DFPBiaoKai-W5-ZhuIn-BFW@xref308#14609; DFPBiaoKai-W5-ZhuIn-BFW@xref3372#14609; DFPBiaoKai-W5-ZhuIn-BFW@xref5004#14609; DFPBiaoKai-W5-ZhuIn-BFW@xref846#14609,v3.7：由 v3.6 已解碼 TTF 注音元件的實際 glyf 輪廓建立；相同正規化輪廓 signature 僅在所有來源讀音一致時啟用。,執行期 exact normalized outline signature only；不使用中文字、詞義、句境或字典預期音；signature 衝突即不納入。
5cd0f5c3de8cfb0bcda19de2e55c538f4971d441,ㄋㄚˇ,5,DFPYuanW5-ZhuIn-BFW@xref1770#14610; DFPYuanW5-ZhuIn-BFW@xref2835#14610; DFPYuanW5-ZhuIn-BFW@xref3546#14610; DFPYuanW5-ZhuIn-BFW@xref5574#14610; DFPYuanW5-ZhuIn-BFW@xref952#14610,v3.7：由 v3.6 已解碼 TTF 注音元件的實際 glyf 輪廓建立；相同正規化輪廓 signature 僅在所有來源讀音一致時啟用。,執行期 exact normalized outline signature only；不使用中文字、詞義、句境或字典預期音；signature 衝突即不納入。
176d45f36c5a3aa826328e75c659b7bd93afccf0,ㄋㄚˊ,3,DFPBiaoKai-W5-ZhuIn-BFW@xref1279#14607; DFPBiaoKai-W5-ZhuIn-BFW@xref2802#14607; DFPBiaoKai-W5-ZhuIn-BFW@xref4404#14607,v3.7：由 v3.6 已解碼 TTF 注音元件的實際 glyf 輪廓建立；相同正規化輪廓 signature 僅在所有來源讀音一致時啟用。,執行期 exact normalized outline signature only；不使用中文字、詞義、句境或字典預期音；signature 衝突即不納入。
5aad745e531d589610dab4ccc298808a57cf805e,ㄋㄚˊ,1,DFPYuanW5-ZhuIn-BFW@xref952#14608,v3.7：由 v3.6 已解碼 TTF 注音元件的實際 glyf 輪廓建立；相同正規化輪廓 signature 僅在所有來源讀音一致時啟用。,執行期 exact normalized outline signature only；不使用中文字、詞義、句境或字典預期音；signature 衝突即不納入。
20a6beef53576d3e38a0bf237d25e6e8959110a8,ㄋㄞˇ,1,DFPYuanW5-ZhuIn-BFW@xref1770#14616,v3.7：由 v3.6 已解碼 TTF 注音元件的實際 glyf 輪廓建立；相同正規化輪廓 signature 僅在所有來源讀音一致時啟用。,執行期 exact normalized outline signature only；不使用中文字、詞義、句境或字典預期音；signature 衝突即不納入。
cf07f8adbf410c85eb8563e86a1c6150eea720ca,ㄋㄞˇ,2,DFPBiaoKai-W5-ZhuIn-BFW@xref1731#14615; DFPBiaoKai-W5-ZhuIn-BFW@xref308#14615,v3.7：由 v3.6 已解碼 TTF 注音元件的實際 glyf 輪廓建立；相同正規化輪廓 signature 僅在所有來源讀音一致時啟用。,執行期 exact normalized outline signature only；不使用中文字、詞義、句境或字典預期音；signature 衝突即不納入。
a865166f00baba1ded57a652c0a7c213a0f22f80,ㄋㄟˋ,3,DFPYuanW5-ZhuIn-BFW@xref2835#14617; DFPYuanW5-ZhuIn-BFW@xref3546#14617; DFPYuanW5-ZhuIn-BFW@xref5574#14617,v3.7：由 v3.6 已解碼 TTF 注音元件的實際 glyf 輪廓建立；相同正規化輪廓 signature 僅在所有來源讀音一致時啟用。,執行期 exact normalized outline signature only；不使用中文字、詞義、句境或字典預期音；signature 衝突即不納入。
abe5d2afb706e612c1f7a8b3c796f49e7fdc2aa8,ㄋㄟˋ,4,DFPBiaoKai-W5-ZhuIn-BFW@xref1731#14616; DFPBiaoKai-W5-ZhuIn-BFW@xref2206#14616; DFPBiaoKai-W5-ZhuIn-BFW@xref4404#14616; DFPBiaoKai-W5-ZhuIn-BFW@xref5643#14616,v3.7：由 v3.6 已解碼 TTF 注音元件的實際 glyf 輪廓建立；相同正規化輪廓 signature 僅在所有來源讀音一致時啟用。,執行期 exact normalized outline signature only；不使用中文字、詞義、句境或字典預期音；signature 衝突即不納入。
0a5dfac7401088d4301a78a3cda52e8492f15773,ㄋㄠˇ,2,DFPBiaoKai-W5-ZhuIn-BFW@xref1279#14621; DFPBiaoKai-W5-ZhuIn-BFW@xref308#14621,v3.7：由 v3.6 已解碼 TTF 注音元件的實際 glyf 輪廓建立；相同正規化輪廓 signature 僅在所有來源讀音一致時啟用。,執行期 exact normalized outline signature only；不使用中文字、詞義、句境或字典預期音；signature 衝突即不納入。
88dcd92a8700ac12ecf595ad17240df894a3139d,ㄋㄢˊ,2,DFPBiaoKai-W5-ZhuIn-BFW@xref308#14625; DFPBiaoKai-W5-ZhuIn-BFW@xref846#14625,v3.7：由 v3.6 已解碼 TTF 注音元件的實際 glyf 輪廓建立；相同正規化輪廓 signature 僅在所有來源讀音一致時啟用。,執行期 exact normalized outline signature only；不使用中文字、詞義、句境或字典預期音；signature 衝突即不納入。
8cfb03b0366888ed7d146ef010672c02118d9abf,ㄋㄢˊ,2,DFPYuanW5-ZhuIn-BFW@xref3546#14626; DFPYuanW5-ZhuIn-BFW@xref952#14626,v3.7：由 v3.6 已解碼 TTF 注音元件的實際 glyf 輪廓建立；相同正規化輪廓 signature 僅在所有來源讀音一致時啟用。,執行期 exact normalized outline signature only；不使用中文字、詞義、句境或字典預期音；signature 衝突即不納入。
94498ceac712bef23c1455b9ae74ec811a84dbca,ㄋㄥˊ,5,DFPYuanW5-ZhuIn-BFW@xref1349#14635; DFPYuanW5-ZhuIn-BFW@xref1770#14635; DFPYuanW5-ZhuIn-BFW@xref2450#14635; DFPYuanW5-ZhuIn-BFW@xref4603#14635; DFPYuanW5-ZhuIn-BFW@xref952#14635,v3.7：由 v3.6 已解碼 TTF 注音元件的實際 glyf 輪廓建立；相同正規化輪廓 signature 僅在所有來源讀音一致時啟用。,執行期 exact normalized outline signature only；不使用中文字、詞義、句境或字典預期音；signature 衝突即不納入。
9d58ec2745e09caaacee3a2153284001f0040b8d,ㄋㄥˊ,11,DFPBiaoKai-W5-ZhuIn-BFW@xref1064#14634; DFPBiaoKai-W5-ZhuIn-BFW@xref1279#14634; DFPBiaoKai-W5-ZhuIn-BFW@xref1731#14634; DFPBiaoKai-W5-ZhuIn-BFW@xref2206#14634; DFPBiaoKai-W5-ZhuIn-BFW@xref2802#14634; DFPBiaoKai-W5-ZhuIn-BFW@xref308#14634; DFPBiaoKai-W5-ZhuIn-BFW@xref3276#14634; DFPBiaoKai-W5-ZhuIn-BFW@xref4404#14634; DFPBiaoKai-W5-ZhuIn-BFW@xref5004#14634; DFPBiaoKai-W5-ZhuIn-BFW@xref5643#14634; DFPBiaoKai-W5-ZhuIn-BFW@xref846#14634,v3.7：由 v3.6 已解碼 TTF 注音元件的實際 glyf 輪廓建立；相同正規化輪廓 signature 僅在所有來源讀音一致時啟用。,執行期 exact normalized outline signature only；不使用中文字、詞義、句境或字典預期音；signature 衝突即不納入。
bbea3d307861301fa268a5cb9c8d4cfe7c35eb88,ㄋㄧˇ,8,DFPYuanW5-ZhuIn-BFW@xref1422#14639; DFPYuanW5-ZhuIn-BFW@xref1770#14639; DFPYuanW5-ZhuIn-BFW@xref2835#14639; DFPYuanW5-ZhuIn-BFW@xref3391#14639; DFPYuanW5-ZhuIn-BFW@xref3546#14639; DFPYuanW5-ZhuIn-BFW@xref372#14639; DFPYuanW5-ZhuIn-BFW@xref5574#14639; DFPYuanW5-ZhuIn-BFW@xref952#14639,v3.7：由 v3.6 已解碼 TTF 注音元件的實際 glyf 輪廓建立；相同正規化輪廓 signature 僅在所有來源讀音一致時啟用。,執行期 exact normalized outline signature only；不使用中文字、詞義、句境或字典預期音；signature 衝突即不納入。
bfaf4d3b6add060432bc17421f99f202bea45003,ㄋㄧˇ,8,DFPBiaoKai-W5-ZhuIn-BFW@xref1064#14638; DFPBiaoKai-W5-ZhuIn-BFW@xref1279#14638; DFPBiaoKai-W5-ZhuIn-BFW@xref1731#14638; DFPBiaoKai-W5-ZhuIn-BFW@xref308#14638; DFPBiaoKai-W5-ZhuIn-BFW@xref3276#14638; DFPBiaoKai-W5-ZhuIn-BFW@xref4404#14638; DFPBiaoKai-W5-ZhuIn-BFW@xref5004#14638; DFPBiaoKai-W5-ZhuIn-BFW@xref846#14638,v3.7：由 v3.6 已解碼 TTF 注音元件的實際 glyf 輪廓建立；相同正規化輪廓 signature 僅在所有來源讀音一致時啟用。,執行期 exact normalized outline signature only；不使用中文字、詞義、句境或字典預期音；signature 衝突即不納入。
8018662d2c7f8c975b4b621955e9c17a108c4850,ㄋㄧㄡˇ,1,DFPYuanW5-ZhuIn-BFW@xref5159#14648,v3.7：由 v3.6 已解碼 TTF 注音元件的實際 glyf 輪廓建立；相同正規化輪廓 signature 僅在所有來源讀音一致時啟用。,執行期 exact normalized outline signature only；不使用中文字、詞義、句境或字典預期音；signature 衝突即不納入。
86f0cd3ce712c45fe0ac38784ab1cddb7fdb26a5,ㄋㄧㄡˇ,1,DFPBiaoKai-W5-ZhuIn-BFW@xref5004#14647,v3.7：由 v3.6 已解碼 TTF 注音元件的實際 glyf 輪廓建立；相同正規化輪廓 signature 僅在所有來源讀音一致時啟用。,執行期 exact normalized outline signature only；不使用中文字、詞義、句境或字典預期音；signature 衝突即不納入。
255c9e62afa74a7f6e5dfb1f781e1c865fc6b9a8,ㄋㄧㄢˊ,3,DFPBiaoKai-W5-ZhuIn-BFW@xref1279#14648; DFPBiaoKai-W5-ZhuIn-BFW@xref1731#14648; DFPBiaoKai-W5-ZhuIn-BFW@xref308#14648,v3.7：由 v3.6 已解碼 TTF 注音元件的實際 glyf 輪廓建立；相同正規化輪廓 signature 僅在所有來源讀音一致時啟用。,執行期 exact normalized outline signature only；不使用中文字、詞義、句境或字典預期音；signature 衝突即不納入。
7f8ffe310dab54801a4853f23662bd75942c6c1a,ㄋㄧㄢˊ,2,DFPBiaoKai-W5-ZhuIn-BFW@xref308#14651; DFPBiaoKai-W5-ZhuIn-BFW@xref846#14651,v3.7：由 v3.6 已解碼 TTF 注音元件的實際 glyf 輪廓建立；相同正規化輪廓 signature 僅在所有來源讀音一致時啟用。,執行期 exact normalized outline signature only；不使用中文字、詞義、句境或字典預期音；signature 衝突即不納入。
ed3e56a2b43beae7dbc49c4b449dfc198ba165db,ㄋㄧㄢˊ,1,DFPYuanW5-ZhuIn-BFW@xref1349#14649,v3.7：由 v3.6 已解碼 TTF 注音元件的實際 glyf 輪廓建立；相同正規化輪廓 signature 僅在所有來源讀音一致時啟用。,執行期 exact normalized outline signature only；不使用中文字、詞義、句境或字典預期音；signature 衝突即不納入。
808c2f875bd6347509c4e254975e04d06be62cd6,ㄋㄧㄥˊ,1,DFPBiaoKai-W5-ZhuIn-BFW@xref1279#14655,v3.7：由 v3.6 已解碼 TTF 注音元件的實際 glyf 輪廓建立；相同正規化輪廓 signature 僅在所有來源讀音一致時啟用。,執行期 exact normalized outline signature only；不使用中文字、詞義、句境或字典預期音；signature 衝突即不納入。
00dafdba1ee0738e17e3181412377790bce4be15,ㄋㄨˇ,1,DFPBiaoKai-W5-ZhuIn-BFW@xref3276#14660,v3.7：由 v3.6 已解碼 TTF 注音元件的實際 glyf 輪廓建立；相同正規化輪廓 signature 僅在所有來源讀音一致時啟用。,執行期 exact normalized outline signature only；不使用中文字、詞義、句境或字典預期音；signature 衝突即不納入。
bc975d4910965948656c62f47caff61d45e1da2c,ㄋㄨˇ,1,DFPYuanW5-ZhuIn-BFW@xref3546#14661,v3.7：由 v3.6 已解碼 TTF 注音元件的實際 glyf 輪廓建立；相同正規化輪廓 signature 僅在所有來源讀音一致時啟用。,執行期 exact normalized outline signature only；不使用中文字、詞義、句境或字典預期音；signature 衝突即不納入。
2ff6f51376c1a8a555a80a21af7229d0ed943030,ㄋㄨㄛˋ,1,DFPBiaoKai-W5-ZhuIn-BFW@xref1279#14662,v3.7：由 v3.6 已解碼 TTF 注音元件的實際 glyf 輪廓建立；相同正規化輪廓 signature 僅在所有來源讀音一致時啟用。,執行期 exact normalized outline signature only；不使用中文字、詞義、句境或字典預期音；signature 衝突即不納入。
d7060c4ce02fa6f3ecbfe54349fba93b299f57c1,ㄋㄨㄛˋ,2,DFPYuanW5-ZhuIn-BFW@xref1349#14663; DFPYuanW5-ZhuIn-BFW@xref1422#14663,v3.7：由 v3.6 已解碼 TTF 注音元件的實際 glyf 輪廓建立；相同正規化輪廓 signature 僅在所有來源讀音一致時啟用。,執行期 exact normalized outline signature only；不使用中文字、詞義、句境或字典預期音；signature 衝突即不納入。
65ce069ffa6cf2cc5b4bfefb194543f7715b31d9,ㄋㄨㄢˇ,1,DFPYuanW5-ZhuIn-BFW@xref372#14666,v3.7：由 v3.6 已解碼 TTF 注音元件的實際 glyf 輪廓建立；相同正規化輪廓 signature 僅在所有來源讀音一致時啟用。,執行期 exact normalized outline signature only；不使用中文字、詞義、句境或字典預期音；signature 衝突即不納入。
c4189095d7864097aa1be4b2c23f3cddfb60df53,ㄋㄨㄢˇ,1,DFPBiaoKai-W5-ZhuIn-BFW@xref308#14665,v3.7：由 v3.6 已解碼 TTF 注音元件的實際 glyf 輪廓建立；相同正規化輪廓 signature 僅在所有來源讀音一致時啟用。,執行期 exact normalized outline signature only；不使用中文字、詞義、句境或字典預期音；signature 衝突即不納入。
b12b21f8f7aba14429618322389e9230b8c82f90,ㄋㄨㄥˊ,1,DFPYuanW5-ZhuIn-BFW@xref1770#14667,v3.7：由 v3.6 已解碼 TTF 注音元件的實際 glyf 輪廓建立；相同正規化輪廓 signature 僅在所有來源讀音一致時啟用。,執行期 exact normalized outline signature only；不使用中文字、詞義、句境或字典預期音；signature 衝突即不納入。
42d52282182a8b0cdfa7ca3cd614c4e49e436fa0,ㄌㄚ,2,DFPBiaoKai-W5-ZhuIn-BFW@xref308#14671; DFPBiaoKai-W5-ZhuIn-BFW@xref5004#14671,v3.7：由 v3.6 已解碼 TTF 注音元件的實際 glyf 輪廓建立；相同正規化輪廓 signature 僅在所有來源讀音一致時啟用。,執行期 exact normalized outline signature only；不使用中文字、詞義、句境或字典預期音；signature 衝突即不納入。
e6079c3d67f2aa0d47cb2c00ad8781897780b7a4,ㄌㄚ,2,DFPYuanW5-ZhuIn-BFW@xref4603#14672; DFPYuanW5-ZhuIn-BFW@xref5574#14672,v3.7：由 v3.6 已解碼 TTF 注音元件的實際 glyf 輪廓建立；相同正規化輪廓 signature 僅在所有來源讀音一致時啟用。,執行期 exact normalized outline signature only；不使用中文字、詞義、句境或字典預期音；signature 衝突即不納入。
151c2d8fdf0161e7107223808809d12815ca27da,ㄌㄜˋ,1,DFPYuanW5-ZhuIn-BFW@xref952#14679,v3.7：由 v3.6 已解碼 TTF 注音元件的實際 glyf 輪廓建立；相同正規化輪廓 signature 僅在所有來源讀音一致時啟用。,執行期 exact normalized outline signature only；不使用中文字、詞義、句境或字典預期音；signature 衝突即不納入。
dfce4a1ef2a208f66cd5113fc13885433ae38d24,ㄌㄜˋ,1,DFPBiaoKai-W5-ZhuIn-BFW@xref5004#14678,v3.7：由 v3.6 已解碼 TTF 注音元件的實際 glyf 輪廓建立；相同正規化輪廓 signature 僅在所有來源讀音一致時啟用。,執行期 exact normalized outline signature only；不使用中文字、詞義、句境或字典預期音；signature 衝突即不納入。
411434e59d93edde16d6986255066e72f16469a9,ㄌㄞˊ,11,DFPBiaoKai-W5-ZhuIn-BFW@xref1279#14679; DFPBiaoKai-W5-ZhuIn-BFW@xref1731#14679; DFPBiaoKai-W5-ZhuIn-BFW@xref2206#14679; DFPBiaoKai-W5-ZhuIn-BFW@xref2802#14679; DFPBiaoKai-W5-ZhuIn-BFW@xref308#14679; DFPBiaoKai-W5-ZhuIn-BFW@xref3276#14679; DFPBiaoKai-W5-ZhuIn-BFW@xref3372#14679; DFPBiaoKai-W5-ZhuIn-BFW@xref4404#14679; DFPBiaoKai-W5-ZhuIn-BFW@xref5004#14679; DFPBiaoKai-W5-ZhuIn-BFW@xref5643#14679; DFPBiaoKai-W5-ZhuIn-BFW@xref846#14679,v3.7：由 v3.6 已解碼 TTF 注音元件的實際 glyf 輪廓建立；相同正規化輪廓 signature 僅在所有來源讀音一致時啟用。,執行期 exact normalized outline signature only；不使用中文字、詞義、句境或字典預期音；signature 衝突即不納入。
584555ce5c707283b600404c11e01032c4822189,ㄌㄞˊ,6,DFPYuanW5-ZhuIn-BFW@xref2450#14680; DFPYuanW5-ZhuIn-BFW@xref2835#14680; DFPYuanW5-ZhuIn-BFW@xref3546#14680; DFPYuanW5-ZhuIn-BFW@xref4603#14680; DFPYuanW5-ZhuIn-BFW@xref5574#14680; DFPYuanW5-ZhuIn-BFW@xref952#14680,v3.7：由 v3.6 已解碼 TTF 注音元件的實際 glyf 輪廓建立；相同正規化輪廓 signature 僅在所有來源讀音一致時啟用。,執行期 exact normalized outline signature only；不使用中文字、詞義、句境或字典預期音；signature 衝突即不納入。
49d94b2d4afc75841dd459a7a2bd8581e9608329,ㄌㄟˋ,4,DFPBiaoKai-W5-ZhuIn-BFW@xref1731#14683; DFPBiaoKai-W5-ZhuIn-BFW@xref2038#14683; DFPBiaoKai-W5-ZhuIn-BFW@xref308#14683; DFPBiaoKai-W5-ZhuIn-BFW@xref4404#14683,v3.7：由 v3.6 已解碼 TTF 注音元件的實際 glyf 輪廓建立；相同正規化輪廓 signature 僅在所有來源讀音一致時啟用。,執行期 exact normalized outline signature only；不使用中文字、詞義、句境或字典預期音；signature 衝突即不納入。
67e1c6e03540c7ab8b7436e2800ec6b8cdfbe5c8,ㄌㄟˋ,6,DFPYuanW5-ZhuIn-BFW@xref1349#14684; DFPYuanW5-ZhuIn-BFW@xref1770#14684; DFPYuanW5-ZhuIn-BFW@xref1929#14684; DFPYuanW5-ZhuIn-BFW@xref2040#14684; DFPYuanW5-ZhuIn-BFW@xref4603#14684; DFPYuanW5-ZhuIn-BFW@xref5574#14684,v3.7：由 v3.6 已解碼 TTF 注音元件的實際 glyf 輪廓建立；相同正規化輪廓 signature 僅在所有來源讀音一致時啟用。,執行期 exact normalized outline signature only；不使用中文字、詞義、句境或字典預期音；signature 衝突即不納入。
136f0efda53223a7bc25d703de0b064277817fa6,ㄌㄠˇ,1,DFPYuanW5-ZhuIn-BFW@xref372#14689,v3.7：由 v3.6 已解碼 TTF 注音元件的實際 glyf 輪廓建立；相同正規化輪廓 signature 僅在所有來源讀音一致時啟用。,執行期 exact normalized outline signature only；不使用中文字、詞義、句境或字典預期音；signature 衝突即不納入。
3f772fd84e1bd5c0dd5293bc8b4f039f2e6b2d0b,ㄌㄠˇ,4,DFPBiaoKai-W5-ZhuIn-BFW@xref2206#14688; DFPBiaoKai-W5-ZhuIn-BFW@xref308#14688; DFPBiaoKai-W5-ZhuIn-BFW@xref4404#14688; DFPBiaoKai-W5-ZhuIn-BFW@xref846#14688,v3.7：由 v3.6 已解碼 TTF 注音元件的實際 glyf 輪廓建立；相同正規化輪廓 signature 僅在所有來源讀音一致時啟用。,執行期 exact normalized outline signature only；不使用中文字、詞義、句境或字典預期音；signature 衝突即不納入。
36e7399ffdf909cad0af2c4ad86f7a50ebdb86cf,ㄌㄢˊ,4,DFPYuanW5-ZhuIn-BFW@xref2450#14693; DFPYuanW5-ZhuIn-BFW@xref3391#14693; DFPYuanW5-ZhuIn-BFW@xref3546#14693; DFPYuanW5-ZhuIn-BFW@xref4603#14693,v3.7：由 v3.6 已解碼 TTF 注音元件的實際 glyf 輪廓建立；相同正規化輪廓 signature 僅在所有來源讀音一致時啟用。,執行期 exact normalized outline signature only；不使用中文字、詞義、句境或字典預期音；signature 衝突即不納入。
b92ca894c4e36c8eb2c8cafc83e3045a7c06d3ea,ㄌㄢˊ,1,DFPBiaoKai-W5-ZhuIn-BFW@xref4404#14692,v3.7：由 v3.6 已解碼 TTF 注音元件的實際 glyf 輪廓建立；相同正規化輪廓 signature 僅在所有來源讀音一致時啟用。,執行期 exact normalized outline signature only；不使用中文字、詞義、句境或字典預期音；signature 衝突即不納入。
ede6dc7284cd920f604222061d98fab8d2e9abc1,ㄌㄤˋ,1,DFPBiaoKai-W5-ZhuIn-BFW@xref4404#14697,v3.7：由 v3.6 已解碼 TTF 注音元件的實際 glyf 輪廓建立；相同正規化輪廓 signature 僅在所有來源讀音一致時啟用。,執行期 exact normalized outline signature only；不使用中文字、詞義、句境或字典預期音；signature 衝突即不納入。
b915e8e8cd1d3239bd23400f62ccefdb68555ff4,ㄌㄧˇ,6,DFPBiaoKai-W5-ZhuIn-BFW@xref1279#14705; DFPBiaoKai-W5-ZhuIn-BFW@xref1731#14705; DFPBiaoKai-W5-ZhuIn-BFW@xref308#14705; DFPBiaoKai-W5-ZhuIn-BFW@xref3276#14705; DFPBiaoKai-W5-ZhuIn-BFW@xref5004#14705; DFPBiaoKai-W5-ZhuIn-BFW@xref846#14705,v3.7：由 v3.6 已解碼 TTF 注音元件的實際 glyf 輪廓建立；相同正規化輪廓 signature 僅在所有來源讀音一致時啟用。,執行期 exact normalized outline signature only；不使用中文字、詞義、句境或字典預期音；signature 衝突即不納入。
d4064719bb4319ead14ba81af83c700674a6aa72,ㄌㄧˇ,3,DFPYuanW5-ZhuIn-BFW@xref1349#14706; DFPYuanW5-ZhuIn-BFW@xref5159#14706; DFPYuanW5-ZhuIn-BFW@xref952#14706,v3.7：由 v3.6 已解碼 TTF 注音元件的實際 glyf 輪廓建立；相同正規化輪廓 signature 僅在所有來源讀音一致時啟用。,執行期 exact normalized outline signature only；不使用中文字、詞義、句境或字典預期音；signature 衝突即不納入。
839e76dda571a4a440396d8b0eac7b0d23f72cb1,ㄌㄧˊ,4,DFPBiaoKai-W5-ZhuIn-BFW@xref1279#14703; DFPBiaoKai-W5-ZhuIn-BFW@xref2206#14703; DFPBiaoKai-W5-ZhuIn-BFW@xref4404#14703; DFPBiaoKai-W5-ZhuIn-BFW@xref5643#14703,v3.7：由 v3.6 已解碼 TTF 注音元件的實際 glyf 輪廓建立；相同正規化輪廓 signature 僅在所有來源讀音一致時啟用。,執行期 exact normalized outline signature only；不使用中文字、詞義、句境或字典預期音；signature 衝突即不納入。
b0cbd2dddb14ce920d3dedb1936d85f6f5fe1e65,ㄌㄧˊ,1,DFPYuanW5-ZhuIn-BFW@xref3546#14704,v3.7：由 v3.6 已解碼 TTF 注音元件的實際 glyf 輪廓建立；相同正規化輪廓 signature 僅在所有來源讀音一致時啟用。,執行期 exact normalized outline signature only；不使用中文字、詞義、句境或字典預期音；signature 衝突即不納入。
02ccc25901f117b55d17fcdfd39c666f1206087b,ㄌㄧˋ,9,DFPYuanW5-ZhuIn-BFW@xref1349#14705; DFPYuanW5-ZhuIn-BFW@xref1770#14705; DFPYuanW5-ZhuIn-BFW@xref2450#14705; DFPYuanW5-ZhuIn-BFW@xref2835#14705; DFPYuanW5-ZhuIn-BFW@xref3546#14705; DFPYuanW5-ZhuIn-BFW@xref4603#14705; DFPYuanW5-ZhuIn-BFW@xref5159#14705; DFPYuanW5-ZhuIn-BFW@xref5574#14705; DFPYuanW5-ZhuIn-BFW@xref952#14705,v3.7：由 v3.6 已解碼 TTF 注音元件的實際 glyf 輪廓建立；相同正規化輪廓 signature 僅在所有來源讀音一致時啟用。,執行期 exact normalized outline signature only；不使用中文字、詞義、句境或字典預期音；signature 衝突即不納入。
207944b7040261776142f2e15f5c57a22e09b315,ㄌㄧˋ,10,DFPBiaoKai-W5-ZhuIn-BFW@xref1279#14704; DFPBiaoKai-W5-ZhuIn-BFW@xref1731#14704; DFPBiaoKai-W5-ZhuIn-BFW@xref2206#14704; DFPBiaoKai-W5-ZhuIn-BFW@xref2802#14704; DFPBiaoKai-W5-ZhuIn-BFW@xref308#14704; DFPBiaoKai-W5-ZhuIn-BFW@xref3276#14704; DFPBiaoKai-W5-ZhuIn-BFW@xref4404#14704; DFPBiaoKai-W5-ZhuIn-BFW@xref5004#14704; DFPBiaoKai-W5-ZhuIn-BFW@xref5643#14704; DFPBiaoKai-W5-ZhuIn-BFW@xref846#14704,v3.7：由 v3.6 已解碼 TTF 注音元件的實際 glyf 輪廓建立；相同正規化輪廓 signature 僅在所有來源讀音一致時啟用。,執行期 exact normalized outline signature only；不使用中文字、詞義、句境或字典預期音；signature 衝突即不納入。
69f31496a0c029d8bf9bae1b2e78014b63e5305b,ㄌㄧㄝˋ,4,DFPBiaoKai-W5-ZhuIn-BFW@xref1279#14708; DFPBiaoKai-W5-ZhuIn-BFW@xref1731#14708; DFPBiaoKai-W5-ZhuIn-BFW@xref2206#14708; DFPBiaoKai-W5-ZhuIn-BFW@xref308#14708,v3.7：由 v3.6 已解碼 TTF 注音元件的實際 glyf 輪廓建立；相同正規化輪廓 signature 僅在所有來源讀音一致時啟用。,執行期 exact normalized outline signature only；不使用中文字、詞義、句境或字典預期音；signature 衝突即不納入。
2fb0f84b456d8209cfcaffdf0a73749edc17f8da,ㄌㄧㄠˋ,1,DFPYuanW5-ZhuIn-BFW@xref1770#14713,v3.7：由 v3.6 已解碼 TTF 注音元件的實際 glyf 輪廓建立；相同正規化輪廓 signature 僅在所有來源讀音一致時啟用。,執行期 exact normalized outline signature only；不使用中文字、詞義、句境或字典預期音；signature 衝突即不納入。
4df2deb98621bcfb7f53949af7db33bdfa3e5fd6,ㄌㄧㄠˋ,2,DFPBiaoKai-W5-ZhuIn-BFW@xref1279#14712; DFPBiaoKai-W5-ZhuIn-BFW@xref1731#14712,v3.7：由 v3.6 已解碼 TTF 注音元件的實際 glyf 輪廓建立；相同正規化輪廓 signature 僅在所有來源讀音一致時啟用。,執行期 exact normalized outline signature only；不使用中文字、詞義、句境或字典預期音；signature 衝突即不納入。
b05fe3d9afa8ad3aaf77f39e3b2a28a594d7ad3c,ㄌㄧㄡˇ,1,DFPYuanW5-ZhuIn-BFW@xref1770#14718,v3.7：由 v3.6 已解碼 TTF 注音元件的實際 glyf 輪廓建立；相同正規化輪廓 signature 僅在所有來源讀音一致時啟用。,執行期 exact normalized outline signature only；不使用中文字、詞義、句境或字典預期音；signature 衝突即不納入。
6a6e74d99204bae0f7936dadfe83819e4cbc0339,ㄌㄧㄡˊ,4,DFPBiaoKai-W5-ZhuIn-BFW@xref2802#14715; DFPBiaoKai-W5-ZhuIn-BFW@xref308#14715; DFPBiaoKai-W5-ZhuIn-BFW@xref3276#14715; DFPBiaoKai-W5-ZhuIn-BFW@xref846#14715,v3.7：由 v3.6 已解碼 TTF 注音元件的實際 glyf 輪廓建立；相同正規化輪廓 signature 僅在所有來源讀音一致時啟用。,執行期 exact normalized outline signature only；不使用中文字、詞義、句境或字典預期音；signature 衝突即不納入。
fb3b8136e8969e42f32354d8be90f1b805c9f782,ㄌㄧㄡˊ,3,DFPYuanW5-ZhuIn-BFW@xref1349#14716; DFPYuanW5-ZhuIn-BFW@xref3391#14716; DFPYuanW5-ZhuIn-BFW@xref3546#14716,v3.7：由 v3.6 已解碼 TTF 注音元件的實際 glyf 輪廓建立；相同正規化輪廓 signature 僅在所有來源讀音一致時啟用。,執行期 exact normalized outline signature only；不使用中文字、詞義、句境或字典預期音；signature 衝突即不納入。
45c2377e5430c27ca10b297e91880506959f42f3,ㄌㄧㄡˋ,1,DFPBiaoKai-W5-ZhuIn-BFW@xref1731#14716,v3.7：由 v3.6 已解碼 TTF 注音元件的實際 glyf 輪廓建立；相同正規化輪廓 signature 僅在所有來源讀音一致時啟用。,執行期 exact normalized outline signature only；不使用中文字、詞義、句境或字典預期音；signature 衝突即不納入。
4657337479f60282388f8c1c1ebb6c8883d760e9,ㄌㄧㄡˋ,1,DFPYuanW5-ZhuIn-BFW@xref372#14717,v3.7：由 v3.6 已解碼 TTF 注音元件的實際 glyf 輪廓建立；相同正規化輪廓 signature 僅在所有來源讀音一致時啟用。,執行期 exact normalized outline signature only；不使用中文字、詞義、句境或字典預期音；signature 衝突即不納入。
37bf5d57ea2167ecd1bc3da975f0c50cdd41f487,ㄌㄧㄢˇ,2,DFPBiaoKai-W5-ZhuIn-BFW@xref5004#14720; DFPBiaoKai-W5-ZhuIn-BFW@xref846#14720,v3.7：由 v3.6 已解碼 TTF 注音元件的實際 glyf 輪廓建立；相同正規化輪廓 signature 僅在所有來源讀音一致時啟用。,執行期 exact normalized outline signature only；不使用中文字、詞義、句境或字典預期音；signature 衝突即不納入。
5e7289aa071cf854f92f11a7c89861361f9f10ba,ㄌㄧㄢˊ,2,DFPYuanW5-ZhuIn-BFW@xref5159#14719; DFPYuanW5-ZhuIn-BFW@xref5574#14719,v3.7：由 v3.6 已解碼 TTF 注音元件的實際 glyf 輪廓建立；相同正規化輪廓 signature 僅在所有來源讀音一致時啟用。,執行期 exact normalized outline signature only；不使用中文字、詞義、句境或字典預期音；signature 衝突即不納入。
c32015991317a2ddb6a445d537367048ccef136d,ㄌㄧㄢˊ,4,DFPBiaoKai-W5-ZhuIn-BFW@xref308#14718; DFPBiaoKai-W5-ZhuIn-BFW@xref5004#14718; DFPBiaoKai-W5-ZhuIn-BFW@xref5643#14718; DFPBiaoKai-W5-ZhuIn-BFW@xref846#14718,v3.7：由 v3.6 已解碼 TTF 注音元件的實際 glyf 輪廓建立；相同正規化輪廓 signature 僅在所有來源讀音一致時啟用。,執行期 exact normalized outline signature only；不使用中文字、詞義、句境或字典預期音；signature 衝突即不納入。
718469ea98e473b0f4b7163e05f6d5a68a613f27,ㄌㄧㄢˋ,8,DFPBiaoKai-W5-ZhuIn-BFW@xref1064#14719; DFPBiaoKai-W5-ZhuIn-BFW@xref2206#14719; DFPBiaoKai-W5-ZhuIn-BFW@xref2802#14719; DFPBiaoKai-W5-ZhuIn-BFW@xref308#14719; DFPBiaoKai-W5-ZhuIn-BFW@xref3276#14719; DFPBiaoKai-W5-ZhuIn-BFW@xref4404#14719; DFPBiaoKai-W5-ZhuIn-BFW@xref5643#14719; DFPBiaoKai-W5-ZhuIn-BFW@xref846#14719,v3.7：由 v3.6 已解碼 TTF 注音元件的實際 glyf 輪廓建立；相同正規化輪廓 signature 僅在所有來源讀音一致時啟用。,執行期 exact normalized outline signature only；不使用中文字、詞義、句境或字典預期音；signature 衝突即不納入。
cc2c9c775a8b2d0497fb75695886d49afca95039,ㄌㄧㄢˋ,3,DFPYuanW5-ZhuIn-BFW@xref2450#14720; DFPYuanW5-ZhuIn-BFW@xref3391#14720; DFPYuanW5-ZhuIn-BFW@xref3546#14720,v3.7：由 v3.6 已解碼 TTF 注音元件的實際 glyf 輪廓建立；相同正規化輪廓 signature 僅在所有來源讀音一致時啟用。,執行期 exact normalized outline signature only；不使用中文字、詞義、句境或字典預期音；signature 衝突即不納入。
d1fa7a3d5b248352e8e08a6b62bef8e3530a6774,ㄌㄧㄣˊ,3,DFPBiaoKai-W5-ZhuIn-BFW@xref1731#14721; DFPBiaoKai-W5-ZhuIn-BFW@xref2802#14721; DFPBiaoKai-W5-ZhuIn-BFW@xref308#14721,v3.7：由 v3.6 已解碼 TTF 注音元件的實際 glyf 輪廓建立；相同正規化輪廓 signature 僅在所有來源讀音一致時啟用。,執行期 exact normalized outline signature only；不使用中文字、詞義、句境或字典預期音；signature 衝突即不納入。
edb1bdb3ad336f7749f7858023905c04e481388d,ㄌㄧㄣˊ,1,DFPYuanW5-ZhuIn-BFW@xref1770#14722,v3.7：由 v3.6 已解碼 TTF 注音元件的實際 glyf 輪廓建立；相同正規化輪廓 signature 僅在所有來源讀音一致時啟用。,執行期 exact normalized outline signature only；不使用中文字、詞義、句境或字典預期音；signature 衝突即不納入。
1535d4fd5d6dd603c0ccc77b3ccd63e94c5433a8,ㄌㄧㄤˇ,5,DFPBiaoKai-W5-ZhuIn-BFW@xref1279#14726; DFPBiaoKai-W5-ZhuIn-BFW@xref308#14726; DFPBiaoKai-W5-ZhuIn-BFW@xref4404#14726; DFPBiaoKai-W5-ZhuIn-BFW@xref5004#14726; DFPBiaoKai-W5-ZhuIn-BFW@xref846#14726,v3.7：由 v3.6 已解碼 TTF 注音元件的實際 glyf 輪廓建立；相同正規化輪廓 signature 僅在所有來源讀音一致時啟用。,執行期 exact normalized outline signature only；不使用中文字、詞義、句境或字典預期音；signature 衝突即不納入。
cf41db596cd6ff9afbc6da0ef239b6028298837e,ㄌㄧㄤˇ,6,DFPYuanW5-ZhuIn-BFW@xref1349#14727; DFPYuanW5-ZhuIn-BFW@xref2835#14727; DFPYuanW5-ZhuIn-BFW@xref3546#14727; DFPYuanW5-ZhuIn-BFW@xref372#14727; DFPYuanW5-ZhuIn-BFW@xref4603#14727; DFPYuanW5-ZhuIn-BFW@xref5574#14727,v3.7：由 v3.6 已解碼 TTF 注音元件的實際 glyf 輪廓建立；相同正規化輪廓 signature 僅在所有來源讀音一致時啟用。,執行期 exact normalized outline signature only；不使用中文字、詞義、句境或字典預期音；signature 衝突即不納入。
ee2c51b14612788fb51ae6586d08911e466a9c97,ㄌㄧㄤˊ,6,DFPYuanW5-PoIn1-BFW@xref1777#14725; DFPYuanW5-ZhuIn-BFW@xref1349#14725; DFPYuanW5-ZhuIn-BFW@xref2040#14725; DFPYuanW5-ZhuIn-BFW@xref2835#14725; DFPYuanW5-ZhuIn-BFW@xref372#14725; DFPYuanW5-ZhuIn-BFW@xref952#14725,v3.7：由 v3.6 已解碼 TTF 注音元件的實際 glyf 輪廓建立；相同正規化輪廓 signature 僅在所有來源讀音一致時啟用。,執行期 exact normalized outline signature only；不使用中文字、詞義、句境或字典預期音；signature 衝突即不納入。
ff152758e57953f105101c5773f72d4c1c2eed0f,ㄌㄧㄤˊ,5,DFPBiaoKai-W5-ZhuIn-BFW@xref1731#14724; DFPBiaoKai-W5-ZhuIn-BFW@xref2038#14724; DFPBiaoKai-W5-ZhuIn-BFW@xref2802#14724; DFPBiaoKai-W5-ZhuIn-BFW@xref308#14724; DFPBiaoKai-W5-ZhuIn-BFW@xref846#14724,v3.7：由 v3.6 已解碼 TTF 注音元件的實際 glyf 輪廓建立；相同正規化輪廓 signature 僅在所有來源讀音一致時啟用。,執行期 exact normalized outline signature only；不使用中文字、詞義、句境或字典預期音；signature 衝突即不納入。
744044a3d262b0b59922d28b19935054bda1df97,ㄌㄧㄤˋ,1,DFPBiaoKai-W5-ZhuIn-BFW@xref846#14725,v3.7：由 v3.6 已解碼 TTF 注音元件的實際 glyf 輪廓建立；相同正規化輪廓 signature 僅在所有來源讀音一致時啟用。,執行期 exact normalized outline signature only；不使用中文字、詞義、句境或字典預期音；signature 衝突即不納入。
8eef5d3a2991a7558718576ad69c9359eca1c7af,ㄌㄧㄤˋ,2,DFHeiPoIn1-Bd-BPMW-BF@xref2459#14768; DFHeiPoIn1-Bd-BPMW-BF@xref4416#14768,v3.7：由 v3.6 已解碼 TTF 注音元件的實際 glyf 輪廓建立；相同正規化輪廓 signature 僅在所有來源讀音一致時啟用。,執行期 exact normalized outline signature only；不使用中文字、詞義、句境或字典預期音；signature 衝突即不納入。
b823cadf3c174f15c13982be22e52c7e68eb0a2d,ㄌㄧㄤˋ,7,DFPYuanW5-ZhuIn-BFW@xref1349#14726; DFPYuanW5-ZhuIn-BFW@xref1770#14726; DFPYuanW5-ZhuIn-BFW@xref2450#14726; DFPYuanW5-ZhuIn-BFW@xref3391#14726; DFPYuanW5-ZhuIn-BFW@xref4603#14726; DFPYuanW5-ZhuIn-BFW@xref5574#14726; DFPYuanW5-ZhuIn-BFW@xref952#14726,v3.7：由 v3.6 已解碼 TTF 注音元件的實際 glyf 輪廓建立；相同正規化輪廓 signature 僅在所有來源讀音一致時啟用。,執行期 exact normalized outline signature only；不使用中文字、詞義、句境或字典預期音；signature 衝突即不納入。
24d4c8fcd3b93307c5ff88c27c50603e203c6dc2,ㄌㄧㄥˇ,1,DFPBiaoKai-W5-ZhuIn-BFW@xref1279#14730,v3.7：由 v3.6 已解碼 TTF 注音元件的實際 glyf 輪廓建立；相同正規化輪廓 signature 僅在所有來源讀音一致時啟用。,執行期 exact normalized outline signature only；不使用中文字、詞義、句境或字典預期音；signature 衝突即不納入。
f81b86640963924c6de721689fb292a7634dc4c7,ㄌㄧㄥˊ,3,DFPBiaoKai-W5-ZhuIn-BFW@xref1279#14728; DFPBiaoKai-W5-ZhuIn-BFW@xref2802#14728; DFPBiaoKai-W5-ZhuIn-BFW@xref308#14728,v3.7：由 v3.6 已解碼 TTF 注音元件的實際 glyf 輪廓建立；相同正規化輪廓 signature 僅在所有來源讀音一致時啟用。,執行期 exact normalized outline signature only；不使用中文字、詞義、句境或字典預期音；signature 衝突即不納入。
7e2e4b6ba8358a49f988057616766a1a61762ce0,ㄌㄧㄥˋ,1,DFPYuanW5-ZhuIn-BFW@xref2835#14730,v3.7：由 v3.6 已解碼 TTF 注音元件的實際 glyf 輪廓建立；相同正規化輪廓 signature 僅在所有來源讀音一致時啟用。,執行期 exact normalized outline signature only；不使用中文字、詞義、句境或字典預期音；signature 衝突即不納入。
c40edb27ccd357fa312111b605c5a3e3cdf80949,ㄌㄧㄥˋ,3,DFPBiaoKai-W5-ZhuIn-BFW@xref2206#14729; DFPBiaoKai-W5-ZhuIn-BFW@xref4404#14729; DFPBiaoKai-W5-ZhuIn-BFW@xref846#14729,v3.7：由 v3.6 已解碼 TTF 注音元件的實際 glyf 輪廓建立；相同正規化輪廓 signature 僅在所有來源讀音一致時啟用。,執行期 exact normalized outline signature only；不使用中文字、詞義、句境或字典預期音；signature 衝突即不納入。
1612063a47e78b3045e692d44974b344767dcdce,ㄌㄨˋ,8,DFPBiaoKai-W5-ZhuIn-BFW@xref1279#14733; DFPBiaoKai-W5-ZhuIn-BFW@xref1731#14733; DFPBiaoKai-W5-ZhuIn-BFW@xref2802#14733; DFPBiaoKai-W5-ZhuIn-BFW@xref308#14733; DFPBiaoKai-W5-ZhuIn-BFW@xref3276#14733; DFPBiaoKai-W5-ZhuIn-BFW@xref4404#14733; DFPBiaoKai-W5-ZhuIn-BFW@xref5004#14733; DFPBiaoKai-W5-ZhuIn-BFW@xref5643#14733,v3.7：由 v3.6 已解碼 TTF 注音元件的實際 glyf 輪廓建立；相同正規化輪廓 signature 僅在所有來源讀音一致時啟用。,執行期 exact normalized outline signature only；不使用中文字、詞義、句境或字典預期音；signature 衝突即不納入。
60563ea140e269a688414d691bed58062b568e4b,ㄌㄨˋ,2,DFPYuanW5-ZhuIn-BFW@xref2835#14734; DFPYuanW5-ZhuIn-BFW@xref3546#14734,v3.7：由 v3.6 已解碼 TTF 注音元件的實際 glyf 輪廓建立；相同正規化輪廓 signature 僅在所有來源讀音一致時啟用。,執行期 exact normalized outline signature only；不使用中文字、詞義、句境或字典預期音；signature 衝突即不納入。
0317b4c1499996f342bb49f3fbb4fca3fe38c539,ㄌㄨㄛˊ,3,DFPYuanW5-ZhuIn-BFW@xref1349#14737; DFPYuanW5-ZhuIn-BFW@xref1422#14737; DFPYuanW5-ZhuIn-BFW@xref1770#14737,v3.7：由 v3.6 已解碼 TTF 注音元件的實際 glyf 輪廓建立；相同正規化輪廓 signature 僅在所有來源讀音一致時啟用。,執行期 exact normalized outline signature only；不使用中文字、詞義、句境或字典預期音；signature 衝突即不納入。
48a516e52ee9116c0755865f6ad9850b4bfa066f,ㄌㄨㄛˊ,1,DFPBiaoKai-W5-ZhuIn-BFW@xref1279#14736,v3.7：由 v3.6 已解碼 TTF 注音元件的實際 glyf 輪廓建立；相同正規化輪廓 signature 僅在所有來源讀音一致時啟用。,執行期 exact normalized outline signature only；不使用中文字、詞義、句境或字典預期音；signature 衝突即不納入。
15b7d80632d2b06025cdcb2fe77a7a71f9b2200d,ㄌㄨㄛˋ,4,DFPBiaoKai-W5-ZhuIn-BFW@xref308#14737; DFPBiaoKai-W5-ZhuIn-BFW@xref3276#14737; DFPBiaoKai-W5-ZhuIn-BFW@xref5004#14737; DFPBiaoKai-W5-ZhuIn-BFW@xref5643#14737,v3.7：由 v3.6 已解碼 TTF 注音元件的實際 glyf 輪廓建立；相同正規化輪廓 signature 僅在所有來源讀音一致時啟用。,執行期 exact normalized outline signature only；不使用中文字、詞義、句境或字典預期音；signature 衝突即不納入。
fcaba7313632833354ad7903d49285240fe1c4fb,ㄌㄨㄛˋ,3,DFPYuanW5-ZhuIn-BFW@xref2450#14738; DFPYuanW5-ZhuIn-BFW@xref3391#14738; DFPYuanW5-ZhuIn-BFW@xref3546#14738,v3.7：由 v3.6 已解碼 TTF 注音元件的實際 glyf 輪廓建立；相同正規化輪廓 signature 僅在所有來源讀音一致時啟用。,執行期 exact normalized outline signature only；不使用中文字、詞義、句境或字典預期音；signature 衝突即不納入。
9f38efb661b908d9924ff65f79683e1219d99ca0,ㄌㄨㄢˋ,1,DFPYuanW5-ZhuIn-BFW@xref952#14741,v3.7：由 v3.6 已解碼 TTF 注音元件的實際 glyf 輪廓建立；相同正規化輪廓 signature 僅在所有來源讀音一致時啟用。,執行期 exact normalized outline signature only；不使用中文字、詞義、句境或字典預期音；signature 衝突即不納入。
49cb63ae3ae1c0171d8e9d08fe473399fa35fad8,ㄌㄨㄣˊ,5,DFPBiaoKai-W5-ZhuIn-BFW@xref1279#14743; DFPBiaoKai-W5-ZhuIn-BFW@xref1731#14743; DFPBiaoKai-W5-ZhuIn-BFW@xref308#14743; DFPBiaoKai-W5-ZhuIn-BFW@xref3276#14743; DFPBiaoKai-W5-ZhuIn-BFW@xref846#14743,v3.7：由 v3.6 已解碼 TTF 注音元件的實際 glyf 輪廓建立；相同正規化輪廓 signature 僅在所有來源讀音一致時啟用。,執行期 exact normalized outline signature only；不使用中文字、詞義、句境或字典預期音；signature 衝突即不納入。
cf4aa31502ea0a56590e6aab43b969474ddd73a0,ㄌㄨㄣˊ,6,DFPYuanW5-ZhuIn-BFW@xref113#14744; DFPYuanW5-ZhuIn-BFW@xref1349#14744; DFPYuanW5-ZhuIn-BFW@xref1422#14744; DFPYuanW5-ZhuIn-BFW@xref1770#14744; DFPYuanW5-ZhuIn-BFW@xref3391#14744; DFPYuanW5-ZhuIn-BFW@xref3546#14744,v3.7：由 v3.6 已解碼 TTF 注音元件的實際 glyf 輪廓建立；相同正規化輪廓 signature 僅在所有來源讀音一致時啟用。,執行期 exact normalized outline signature only；不使用中文字、詞義、句境或字典預期音；signature 衝突即不納入。
032f119ef11b8a2044b332c13454d404a5b3a5f5,ㄌㄨㄣˋ,4,DFPBiaoKai-W5-ZhuIn-BFW@xref2802#14744; DFPBiaoKai-W5-ZhuIn-BFW@xref3276#14744; DFPBiaoKai-W5-ZhuIn-BFW@xref4404#14744; DFPBiaoKai-W5-ZhuIn-BFW@xref5004#14744,v3.7：由 v3.6 已解碼 TTF 注音元件的實際 glyf 輪廓建立；相同正規化輪廓 signature 僅在所有來源讀音一致時啟用。,執行期 exact normalized outline signature only；不使用中文字、詞義、句境或字典預期音；signature 衝突即不納入。
3c8618a23a142733493a51c1358a58afca5c6365,ㄌㄨㄣˋ,3,DFPYuanW5-ZhuIn-BFW@xref1349#14745; DFPYuanW5-ZhuIn-BFW@xref3391#14745; DFPYuanW5-ZhuIn-BFW@xref952#14745,v3.7：由 v3.6 已解碼 TTF 注音元件的實際 glyf 輪廓建立；相同正規化輪廓 signature 僅在所有來源讀音一致時啟用。,執行期 exact normalized outline signature only；不使用中文字、詞義、句境或字典預期音；signature 衝突即不納入。
6f4fd63ce869b036a13314cb2f5c3d0407cef79a,ㄌㄩˋ,1,DFPYuanW5-PoIn1-BFW@xref3020#14751,v3.7：由 v3.6 已解碼 TTF 注音元件的實際 glyf 輪廓建立；相同正規化輪廓 signature 僅在所有來源讀音一致時啟用。,執行期 exact normalized outline signature only；不使用中文字、詞義、句境或字典預期音；signature 衝突即不納入。
e569eb89b0857194e00ca786fbe23cd1e900082d,ㄌㄩˋ,2,DFPBiaoKai-W5-ZhuIn-BFW@xref308#14750; DFPBiaoKai-W5-ZhuIn-BFW@xref5004#14750,v3.7：由 v3.6 已解碼 TTF 注音元件的實際 glyf 輪廓建立；相同正規化輪廓 signature 僅在所有來源讀音一致時啟用。,執行期 exact normalized outline signature only；不使用中文字、詞義、句境或字典預期音；signature 衝突即不納入。
0ccbb7b680d1f53b78a4013d00951f25588fafe2,ㄍㄜˊ,2,DFPYuanW5-ZhuIn-BFW@xref1770#14763; DFPYuanW5-ZhuIn-BFW@xref3546#14763,v3.7：由 v3.6 已解碼 TTF 注音元件的實際 glyf 輪廓建立；相同正規化輪廓 signature 僅在所有來源讀音一致時啟用。,執行期 exact normalized outline signature only；不使用中文字、詞義、句境或字典預期音；signature 衝突即不納入。
80ff29e9ff3cedcb0b916c917014ffb6d9cd1672,ㄍㄜˊ,4,DFPBiaoKai-W5-ZhuIn-BFW@xref1731#14762; DFPBiaoKai-W5-ZhuIn-BFW@xref2802#14762; DFPBiaoKai-W5-ZhuIn-BFW@xref308#14762; DFPBiaoKai-W5-ZhuIn-BFW@xref3276#14762,v3.7：由 v3.6 已解碼 TTF 注音元件的實際 glyf 輪廓建立；相同正規化輪廓 signature 僅在所有來源讀音一致時啟用。,執行期 exact normalized outline signature only；不使用中文字、詞義、句境或字典預期音；signature 衝突即不納入。
230c7c1c4fa16e905a21317746385e2bd302b11c,ㄍㄜˋ,1,DFHeiPoIn1-Bd-BPMW-BF@xref5623#14806,v3.7：由 v3.6 已解碼 TTF 注音元件的實際 glyf 輪廓建立；相同正規化輪廓 signature 僅在所有來源讀音一致時啟用。,執行期 exact normalized outline signature only；不使用中文字、詞義、句境或字典預期音；signature 衝突即不納入。
4809192e76324baef232d6dc723ee2abac9dd6ab,ㄍㄜˋ,6,DFPBiaoKai-W5-ZhuIn-BFW@xref1279#14763; DFPBiaoKai-W5-ZhuIn-BFW@xref1731#14763; DFPBiaoKai-W5-ZhuIn-BFW@xref2802#14763; DFPBiaoKai-W5-ZhuIn-BFW@xref308#14763; DFPBiaoKai-W5-ZhuIn-BFW@xref4404#14763; DFPBiaoKai-W5-ZhuIn-BFW@xref5004#14763,v3.7：由 v3.6 已解碼 TTF 注音元件的實際 glyf 輪廓建立；相同正規化輪廓 signature 僅在所有來源讀音一致時啟用。,執行期 exact normalized outline signature only；不使用中文字、詞義、句境或字典預期音；signature 衝突即不納入。
4c31bf1faa4acad5a14f9cb85536b20ee893c411,ㄍㄜˋ,5,DFPYuanW5-PoIn1-BFW@xref1368#14764; DFPYuanW5-PoIn1-BFW@xref5202#14764; DFPYuanW5-PoIn1-BFW@xref959#14764; DFPYuanW5-ZhuIn-BFW@xref3391#14764; DFPYuanW5-ZhuIn-BFW@xref5159#14764,v3.7：由 v3.6 已解碼 TTF 注音元件的實際 glyf 輪廓建立；相同正規化輪廓 signature 僅在所有來源讀音一致時啟用。,執行期 exact normalized outline signature only；不使用中文字、詞義、句境或字典預期音；signature 衝突即不納入。
739a89cd59dfdf3687f79a6cc4f820dcbc9d39f7,ㄍㄜˋ,4,DFPYuanW5-ZhuIn-BFW@xref2450#14762; DFPYuanW5-ZhuIn-BFW@xref3391#14762; DFPYuanW5-ZhuIn-BFW@xref3546#14762; DFPYuanW5-ZhuIn-BFW@xref952#14762,v3.7：由 v3.6 已解碼 TTF 注音元件的實際 glyf 輪廓建立；相同正規化輪廓 signature 僅在所有來源讀音一致時啟用。,執行期 exact normalized outline signature only；不使用中文字、詞義、句境或字典預期音；signature 衝突即不納入。
d2f30d2bf30ea3f17f478dc4d2dd30e5b2f5a361,ㄍㄜˋ,8,DFPBiaoKai-W5-ZhuIn-BFW@xref1279#14761; DFPBiaoKai-W5-ZhuIn-BFW@xref1731#14761; DFPBiaoKai-W5-ZhuIn-BFW@xref2206#14761; DFPBiaoKai-W5-ZhuIn-BFW@xref308#14761; DFPBiaoKai-W5-ZhuIn-BFW@xref3276#14761; DFPBiaoKai-W5-ZhuIn-BFW@xref4404#14761; DFPBiaoKai-W5-ZhuIn-BFW@xref5004#14761; DFPBiaoKai-W5-ZhuIn-BFW@xref846#14761,v3.7：由 v3.6 已解碼 TTF 注音元件的實際 glyf 輪廓建立；相同正規化輪廓 signature 僅在所有來源讀音一致時啟用。,執行期 exact normalized outline signature only；不使用中文字、詞義、句境或字典預期音；signature 衝突即不納入。
c2d9f2d972020023d4bc42a0b57a963487f55c29,ㄍㄞ,4,DFPBiaoKai-W5-ZhuIn-BFW@xref308#14765; DFPBiaoKai-W5-ZhuIn-BFW@xref3276#14765; DFPBiaoKai-W5-ZhuIn-BFW@xref4404#14765; DFPBiaoKai-W5-ZhuIn-BFW@xref846#14765,v3.7：由 v3.6 已解碼 TTF 注音元件的實際 glyf 輪廓建立；相同正規化輪廓 signature 僅在所有來源讀音一致時啟用。,執行期 exact normalized outline signature only；不使用中文字、詞義、句境或字典預期音；signature 衝突即不納入。
bbc74b33375e7a83353cd42fef66f209e35a73dc,ㄍㄞˇ,2,DFPYuanW5-ZhuIn-BFW@xref1770#14768; DFPYuanW5-ZhuIn-BFW@xref3546#14768,v3.7：由 v3.6 已解碼 TTF 注音元件的實際 glyf 輪廓建立；相同正規化輪廓 signature 僅在所有來源讀音一致時啟用。,執行期 exact normalized outline signature only；不使用中文字、詞義、句境或字典預期音；signature 衝突即不納入。
e3af4fa2e32e11a5f7aff40d86fe16fab0a373e6,ㄍㄞˇ,3,DFPBiaoKai-W5-ZhuIn-BFW@xref3276#14767; DFPBiaoKai-W5-ZhuIn-BFW@xref4404#14767; DFPBiaoKai-W5-ZhuIn-BFW@xref846#14767,v3.7：由 v3.6 已解碼 TTF 注音元件的實際 glyf 輪廓建立；相同正規化輪廓 signature 僅在所有來源讀音一致時啟用。,執行期 exact normalized outline signature only；不使用中文字、詞義、句境或字典預期音；signature 衝突即不納入。
609c62e2fbc72cdcd808ef5796e404494f9747fd,ㄍㄞˋ,2,DFPBiaoKai-W5-ZhuIn-BFW@xref1731#14766; DFPBiaoKai-W5-ZhuIn-BFW@xref308#14766,v3.7：由 v3.6 已解碼 TTF 注音元件的實際 glyf 輪廓建立；相同正規化輪廓 signature 僅在所有來源讀音一致時啟用。,執行期 exact normalized outline signature only；不使用中文字、詞義、句境或字典預期音；signature 衝突即不納入。
ae9621cc94e74b4d8d07b14982e9787d0af6fce9,ㄍㄞˋ,1,DFPYuanW5-ZhuIn-BFW@xref1770#14767,v3.7：由 v3.6 已解碼 TTF 注音元件的實際 glyf 輪廓建立；相同正規化輪廓 signature 僅在所有來源讀音一致時啟用。,執行期 exact normalized outline signature only；不使用中文字、詞義、句境或字典預期音；signature 衝突即不納入。
2018c574bc3d0ec7001aa044249e363b073197d5,ㄍㄟˇ,1,DFPYuanW5-ZhuIn-BFW@xref952#14769,v3.7：由 v3.6 已解碼 TTF 注音元件的實際 glyf 輪廓建立；相同正規化輪廓 signature 僅在所有來源讀音一致時啟用。,執行期 exact normalized outline signature only；不使用中文字、詞義、句境或字典預期音；signature 衝突即不納入。
deaa22300636c48be2399a70a8d5015bf04644e1,ㄍㄟˇ,4,DFPBiaoKai-W5-ZhuIn-BFW@xref1279#14768; DFPBiaoKai-W5-ZhuIn-BFW@xref308#14768; DFPBiaoKai-W5-ZhuIn-BFW@xref3276#14768; DFPBiaoKai-W5-ZhuIn-BFW@xref5004#14768,v3.7：由 v3.6 已解碼 TTF 注音元件的實際 glyf 輪廓建立；相同正規化輪廓 signature 僅在所有來源讀音一致時啟用。,執行期 exact normalized outline signature only；不使用中文字、詞義、句境或字典預期音；signature 衝突即不納入。
4ca67d7d754340336be551c681f7acad3bdb180a,ㄍㄠ,3,DFPYuanW5-ZhuIn-BFW@xref3546#14770; DFPYuanW5-ZhuIn-BFW@xref4603#14770; DFPYuanW5-ZhuIn-BFW@xref5574#14770,v3.7：由 v3.6 已解碼 TTF 注音元件的實際 glyf 輪廓建立；相同正規化輪廓 signature 僅在所有來源讀音一致時啟用。,執行期 exact normalized outline signature only；不使用中文字、詞義、句境或字典預期音；signature 衝突即不納入。
db4261df34c7b307114f0f4dbc42dd0e6731469b,ㄍㄠ,8,DFPBiaoKai-W5-ZhuIn-BFW@xref1279#14769; DFPBiaoKai-W5-ZhuIn-BFW@xref2206#14769; DFPBiaoKai-W5-ZhuIn-BFW@xref308#14769; DFPBiaoKai-W5-ZhuIn-BFW@xref3276#14769; DFPBiaoKai-W5-ZhuIn-BFW@xref4404#14769; DFPBiaoKai-W5-ZhuIn-BFW@xref5004#14769; DFPBiaoKai-W5-ZhuIn-BFW@xref5643#14769; DFPBiaoKai-W5-ZhuIn-BFW@xref846#14769,v3.7：由 v3.6 已解碼 TTF 注音元件的實際 glyf 輪廓建立；相同正規化輪廓 signature 僅在所有來源讀音一致時啟用。,執行期 exact normalized outline signature only；不使用中文字、詞義、句境或字典預期音；signature 衝突即不納入。
25882f218e0d4a6d0c09328798fe7e6a7091ed83,ㄍㄠˋ,1,DFPYuanW5-ZhuIn-BFW@xref952#14771,v3.7：由 v3.6 已解碼 TTF 注音元件的實際 glyf 輪廓建立；相同正規化輪廓 signature 僅在所有來源讀音一致時啟用。,執行期 exact normalized outline signature only；不使用中文字、詞義、句境或字典預期音；signature 衝突即不納入。
fb09cfa1f5bbcc205c05c02e82fb1e2358ec9bbb,ㄍㄠˋ,1,DFPBiaoKai-W5-ZhuIn-BFW@xref308#14770,v3.7：由 v3.6 已解碼 TTF 注音元件的實際 glyf 輪廓建立；相同正規化輪廓 signature 僅在所有來源讀音一致時啟用。,執行期 exact normalized outline signature only；不使用中文字、詞義、句境或字典預期音；signature 衝突即不納入。
5c6e819ede0e4dd9164738e2b16496e0621d178f,ㄍㄡ,2,DFPBiaoKai-W5-ZhuIn-BFW@xref1064#14772; DFPBiaoKai-W5-ZhuIn-BFW@xref846#14772,v3.7：由 v3.6 已解碼 TTF 注音元件的實際 glyf 輪廓建立；相同正規化輪廓 signature 僅在所有來源讀音一致時啟用。,執行期 exact normalized outline signature only；不使用中文字、詞義、句境或字典預期音；signature 衝突即不納入。
a326f1dd539ddd6240841d8b60c47831489979cf,ㄍㄡ,1,DFPYuanW5-ZhuIn-BFW@xref952#14773,v3.7：由 v3.6 已解碼 TTF 注音元件的實際 glyf 輪廓建立；相同正規化輪廓 signature 僅在所有來源讀音一致時啟用。,執行期 exact normalized outline signature only；不使用中文字、詞義、句境或字典預期音；signature 衝突即不納入。
4990cb92317f2e4ee7acc3f8c3b619cd75b203c0,ㄍㄡˋ,2,DFPBiaoKai-W5-ZhuIn-BFW@xref1731#14773; DFPBiaoKai-W5-ZhuIn-BFW@xref2206#14773,v3.7：由 v3.6 已解碼 TTF 注音元件的實際 glyf 輪廓建立；相同正規化輪廓 signature 僅在所有來源讀音一致時啟用。,執行期 exact normalized outline signature only；不使用中文字、詞義、句境或字典預期音；signature 衝突即不納入。
00d4847f0a9c1684654859e30594a617b75622f1,ㄍㄢ,1,DFPBiaoKai-W5-ZhuIn-BFW@xref846#14775,v3.7：由 v3.6 已解碼 TTF 注音元件的實際 glyf 輪廓建立；相同正規化輪廓 signature 僅在所有來源讀音一致時啟用。,執行期 exact normalized outline signature only；不使用中文字、詞義、句境或字典預期音；signature 衝突即不納入。
37e40b378ceddcf829301f7b975552097027ba3f,ㄍㄢ,1,DFPWaWa-W5-ZhuIn-BFW@xref49#14775,v3.7：由 v3.6 已解碼 TTF 注音元件的實際 glyf 輪廓建立；相同正規化輪廓 signature 僅在所有來源讀音一致時啟用。,執行期 exact normalized outline signature only；不使用中文字、詞義、句境或字典預期音；signature 衝突即不納入。
b0f4186ac4fa9056e8063d3b8fc38e566ecdfbcd,ㄍㄢ,1,DFPYuanW5-ZhuIn-BFW@xref2835#14776,v3.7：由 v3.6 已解碼 TTF 注音元件的實際 glyf 輪廓建立；相同正規化輪廓 signature 僅在所有來源讀音一致時啟用。,執行期 exact normalized outline signature only；不使用中文字、詞義、句境或字典預期音；signature 衝突即不納入。
2b0883aaa15ecd524d526d290de7534da2093ee6,ㄍㄢˇ,7,DFPBiaoKai-W5-ZhuIn-BFW@xref1064#14777; DFPBiaoKai-W5-ZhuIn-BFW@xref1279#14777; DFPBiaoKai-W5-ZhuIn-BFW@xref2206#14777; DFPBiaoKai-W5-ZhuIn-BFW@xref2802#14777; DFPBiaoKai-W5-ZhuIn-BFW@xref5004#14777; DFPBiaoKai-W5-ZhuIn-BFW@xref5643#14777; DFPBiaoKai-W5-ZhuIn-BFW@xref846#14777,v3.7：由 v3.6 已解碼 TTF 注音元件的實際 glyf 輪廓建立；相同正規化輪廓 signature 僅在所有來源讀音一致時啟用。,執行期 exact normalized outline signature only；不使用中文字、詞義、句境或字典預期音；signature 衝突即不納入。
b33facb385e43631883636d3cf4fc04df44abc9b,ㄍㄢˇ,6,DFPYuanW5-ZhuIn-BFW@xref1349#14778; DFPYuanW5-ZhuIn-BFW@xref1422#14778; DFPYuanW5-ZhuIn-BFW@xref1770#14778; DFPYuanW5-ZhuIn-BFW@xref2835#14778; DFPYuanW5-ZhuIn-BFW@xref3391#14778; DFPYuanW5-ZhuIn-BFW@xref952#14778,v3.7：由 v3.6 已解碼 TTF 注音元件的實際 glyf 輪廓建立；相同正規化輪廓 signature 僅在所有來源讀音一致時啟用。,執行期 exact normalized outline signature only；不使用中文字、詞義、句境或字典預期音；signature 衝突即不納入。
c4bb310cbb4b04f1abbc085f2e949b7be0d315b3,ㄍㄢˋ,1,DFPYuanW5-ZhuIn-BFW@xref2835#14777,v3.7：由 v3.6 已解碼 TTF 注音元件的實際 glyf 輪廓建立；相同正規化輪廓 signature 僅在所有來源讀音一致時啟用。,執行期 exact normalized outline signature only；不使用中文字、詞義、句境或字典預期音；signature 衝突即不納入。
32bf9eebae5939cc305f7da242f852c0c426847e,ㄍㄣ,5,DFPBiaoKai-W5-ZhuIn-BFW@xref1731#14778; DFPBiaoKai-W5-ZhuIn-BFW@xref308#14778; DFPBiaoKai-W5-ZhuIn-BFW@xref3276#14778; DFPBiaoKai-W5-ZhuIn-BFW@xref5004#14778; DFPBiaoKai-W5-ZhuIn-BFW@xref5643#14778,v3.7：由 v3.6 已解碼 TTF 注音元件的實際 glyf 輪廓建立；相同正規化輪廓 signature 僅在所有來源讀音一致時啟用。,執行期 exact normalized outline signature only；不使用中文字、詞義、句境或字典預期音；signature 衝突即不納入。
d962266d8637df71497046c830c598b2ead76b90,ㄍㄣ,6,DFPYuanW5-ZhuIn-BFW@xref1422#14779; DFPYuanW5-ZhuIn-BFW@xref1770#14779; DFPYuanW5-ZhuIn-BFW@xref2040#14779; DFPYuanW5-ZhuIn-BFW@xref372#14779; DFPYuanW5-ZhuIn-BFW@xref5574#14779; DFPYuanW5-ZhuIn-BFW@xref952#14779,v3.7：由 v3.6 已解碼 TTF 注音元件的實際 glyf 輪廓建立；相同正規化輪廓 signature 僅在所有來源讀音一致時啟用。,執行期 exact normalized outline signature only；不使用中文字、詞義、句境或字典預期音；signature 衝突即不納入。
97e60fdb193a518e6ddb0ae7d187e75d16c8e0c7,ㄍㄤ,2,DFPBiaoKai-W5-ZhuIn-BFW@xref2206#14782; DFPBiaoKai-W5-ZhuIn-BFW@xref846#14782,v3.7：由 v3.6 已解碼 TTF 注音元件的實際 glyf 輪廓建立；相同正規化輪廓 signature 僅在所有來源讀音一致時啟用。,執行期 exact normalized outline signature only；不使用中文字、詞義、句境或字典預期音；signature 衝突即不納入。
cc89a36c7a3e29c8fa26a1ac5df564efed6bbe63,ㄍㄥ,1,DFPYuanW5-ZhuIn-BFW@xref2835#14786,v3.7：由 v3.6 已解碼 TTF 注音元件的實際 glyf 輪廓建立；相同正規化輪廓 signature 僅在所有來源讀音一致時啟用。,執行期 exact normalized outline signature only；不使用中文字、詞義、句境或字典預期音；signature 衝突即不納入。
3c046d0d66144739cd0f776374255be26a99d41c,ㄍㄥˋ,6,DFPBiaoKai-W5-ZhuIn-BFW@xref1731#14787; DFPBiaoKai-W5-ZhuIn-BFW@xref2802#14787; DFPBiaoKai-W5-ZhuIn-BFW@xref308#14787; DFPBiaoKai-W5-ZhuIn-BFW@xref4404#14787; DFPBiaoKai-W5-ZhuIn-BFW@xref5004#14787; DFPBiaoKai-W5-ZhuIn-BFW@xref846#14787,v3.7：由 v3.6 已解碼 TTF 注音元件的實際 glyf 輪廓建立；相同正規化輪廓 signature 僅在所有來源讀音一致時啟用。,執行期 exact normalized outline signature only；不使用中文字、詞義、句境或字典預期音；signature 衝突即不納入。
a081dbd1c0de42c5e13b7531fed825107f92dcd2,ㄍㄥˋ,2,DFPYuanW5-PoIn1-BFW@xref3398#14788; DFPYuanW5-PoIn1-BFW@xref3558#14788,v3.7：由 v3.6 已解碼 TTF 注音元件的實際 glyf 輪廓建立；相同正規化輪廓 signature 僅在所有來源讀音一致時啟用。,執行期 exact normalized outline signature only；不使用中文字、詞義、句境或字典預期音；signature 衝突即不納入。
e849566467c8e84f852f3faea167576eec1049a5,ㄍㄨ,1,DFPWaWa-W5-ZhuIn-BFW@xref49#14790,v3.7：由 v3.6 已解碼 TTF 注音元件的實際 glyf 輪廓建立；相同正規化輪廓 signature 僅在所有來源讀音一致時啟用。,執行期 exact normalized outline signature only；不使用中文字、詞義、句境或字典預期音；signature 衝突即不納入。
3dcaef3d2d8272c1f3b759aa483f23c9d28cc015,ㄍㄨˇ,4,DFPBiaoKai-W5-ZhuIn-BFW@xref1731#14793; DFPBiaoKai-W5-ZhuIn-BFW@xref2038#14793; DFPBiaoKai-W5-ZhuIn-BFW@xref308#14793; DFPBiaoKai-W5-ZhuIn-BFW@xref5004#14793,v3.7：由 v3.6 已解碼 TTF 注音元件的實際 glyf 輪廓建立；相同正規化輪廓 signature 僅在所有來源讀音一致時啟用。,執行期 exact normalized outline signature only；不使用中文字、詞義、句境或字典預期音；signature 衝突即不納入。
f450abb7c3a0953f4fc0bfcee807025b32aa9e27,ㄍㄨˇ,2,DFPYuanW5-ZhuIn-BFW@xref1770#14794; DFPYuanW5-ZhuIn-BFW@xref2040#14794,v3.7：由 v3.6 已解碼 TTF 注音元件的實際 glyf 輪廓建立；相同正規化輪廓 signature 僅在所有來源讀音一致時啟用。,執行期 exact normalized outline signature only；不使用中文字、詞義、句境或字典預期音；signature 衝突即不納入。
fb08b3a05d78f6b8a5ecfe0119f573c205782fa1,ㄍㄨˊ,1,DFPBiaoKai-W5-PoIn1-BFW@xref322#14791,v3.7：由 v3.6 已解碼 TTF 注音元件的實際 glyf 輪廓建立；相同正規化輪廓 signature 僅在所有來源讀音一致時啟用。,執行期 exact normalized outline signature only；不使用中文字、詞義、句境或字典預期音；signature 衝突即不納入。
ccf48cdcb3607eff9ce5f4920da694db171d6e86,ㄍㄨˋ,3,DFPBiaoKai-W5-ZhuIn-BFW@xref1279#14792; DFPBiaoKai-W5-ZhuIn-BFW@xref308#14792; DFPBiaoKai-W5-ZhuIn-BFW@xref846#14792,v3.7：由 v3.6 已解碼 TTF 注音元件的實際 glyf 輪廓建立；相同正規化輪廓 signature 僅在所有來源讀音一致時啟用。,執行期 exact normalized outline signature only；不使用中文字、詞義、句境或字典預期音；signature 衝突即不納入。
d618c6928d9592a06eb4264d57e9f29e14d8774b,ㄍㄨㄚ,1,DFPYuanW5-ZhuIn-BFW@xref1770#14795,v3.7：由 v3.6 已解碼 TTF 注音元件的實際 glyf 輪廓建立；相同正規化輪廓 signature 僅在所有來源讀音一致時啟用。,執行期 exact normalized outline signature only；不使用中文字、詞義、句境或字典預期音；signature 衝突即不納入。
a592ab0c1482990a4303f6dc47735728cdf7157b,ㄍㄨㄚˇ,1,DFPBiaoKai-W5-ZhuIn-BFW@xref4404#14796,v3.7：由 v3.6 已解碼 TTF 注音元件的實際 glyf 輪廓建立；相同正規化輪廓 signature 僅在所有來源讀音一致時啟用。,執行期 exact normalized outline signature only；不使用中文字、詞義、句境或字典預期音；signature 衝突即不納入。
0b9555a5fe848afe6c176ae97cec0519a0c78897,ㄍㄨㄛˇ,5,DFPYuanW5-ZhuIn-BFW@xref1349#14801; DFPYuanW5-ZhuIn-BFW@xref1770#14801; DFPYuanW5-ZhuIn-BFW@xref2040#14801; DFPYuanW5-ZhuIn-BFW@xref3391#14801; DFPYuanW5-ZhuIn-BFW@xref952#14801,v3.7：由 v3.6 已解碼 TTF 注音元件的實際 glyf 輪廓建立；相同正規化輪廓 signature 僅在所有來源讀音一致時啟用。,執行期 exact normalized outline signature only；不使用中文字、詞義、句境或字典預期音；signature 衝突即不納入。
747cc755bf5656b6005a654fdb95755cd130679c,ㄍㄨㄛˇ,5,DFPBiaoKai-W5-ZhuIn-BFW@xref1279#14800; DFPBiaoKai-W5-ZhuIn-BFW@xref1731#14800; DFPBiaoKai-W5-ZhuIn-BFW@xref2038#14800; DFPBiaoKai-W5-ZhuIn-BFW@xref308#14800; DFPBiaoKai-W5-ZhuIn-BFW@xref5004#14800,v3.7：由 v3.6 已解碼 TTF 注音元件的實際 glyf 輪廓建立；相同正規化輪廓 signature 僅在所有來源讀音一致時啟用。,執行期 exact normalized outline signature only；不使用中文字、詞義、句境或字典預期音；signature 衝突即不納入。
8f0d4c8587485e11882541451f44313ed823c47f,ㄍㄨㄛˊ,2,DFPBiaoKai-W5-ZhuIn-BFW@xref1731#14798; DFPBiaoKai-W5-ZhuIn-BFW@xref308#14798,v3.7：由 v3.6 已解碼 TTF 注音元件的實際 glyf 輪廓建立；相同正規化輪廓 signature 僅在所有來源讀音一致時啟用。,執行期 exact normalized outline signature only；不使用中文字、詞義、句境或字典預期音；signature 衝突即不納入。
41ce4670ba0e2a5a2c6e90e5a1393c17bc68d5c6,ㄍㄨㄛˋ,5,DFPYuanW5-ZhuIn-BFW@xref2450#14800; DFPYuanW5-ZhuIn-BFW@xref3546#14800; DFPYuanW5-ZhuIn-BFW@xref4603#14800; DFPYuanW5-ZhuIn-BFW@xref5574#14800; DFPYuanW5-ZhuIn-BFW@xref952#14800,v3.7：由 v3.6 已解碼 TTF 注音元件的實際 glyf 輪廓建立；相同正規化輪廓 signature 僅在所有來源讀音一致時啟用。,執行期 exact normalized outline signature only；不使用中文字、詞義、句境或字典預期音；signature 衝突即不納入。
7e6309572aed5f8893851f3d2e25252c7a32ff1d,ㄍㄨㄛˋ,9,DFPBiaoKai-W5-ZhuIn-BFW@xref1279#14799; DFPBiaoKai-W5-ZhuIn-BFW@xref1731#14799; DFPBiaoKai-W5-ZhuIn-BFW@xref2206#14799; DFPBiaoKai-W5-ZhuIn-BFW@xref2802#14799; DFPBiaoKai-W5-ZhuIn-BFW@xref308#14799; DFPBiaoKai-W5-ZhuIn-BFW@xref3276#14799; DFPBiaoKai-W5-ZhuIn-BFW@xref4404#14799; DFPBiaoKai-W5-ZhuIn-BFW@xref5004#14799; DFPBiaoKai-W5-ZhuIn-BFW@xref846#14799,v3.7：由 v3.6 已解碼 TTF 注音元件的實際 glyf 輪廓建立；相同正規化輪廓 signature 僅在所有來源讀音一致時啟用。,執行期 exact normalized outline signature only；不使用中文字、詞義、句境或字典預期音；signature 衝突即不納入。
344a3fbc530611e10d700e066b321ac8fd5965d0,ㄍㄨㄞˇ,1,DFPBiaoKai-W5-ZhuIn-BFW@xref5643#14803,v3.7：由 v3.6 已解碼 TTF 注音元件的實際 glyf 輪廓建立；相同正規化輪廓 signature 僅在所有來源讀音一致時啟用。,執行期 exact normalized outline signature only；不使用中文字、詞義、句境或字典預期音；signature 衝突即不納入。
8836c515efb30196a57aa2086e077a7b8f1255e6,ㄍㄨㄞˇ,1,DFPYuanW5-ZhuIn-BFW@xref5574#14804,v3.7：由 v3.6 已解碼 TTF 注音元件的實際 glyf 輪廓建立；相同正規化輪廓 signature 僅在所有來源讀音一致時啟用。,執行期 exact normalized outline signature only；不使用中文字、詞義、句境或字典預期音；signature 衝突即不納入。
6874e1b52957e560daf7046287bbee2aff4b1323,ㄍㄨㄞˋ,2,DFPBiaoKai-W5-ZhuIn-BFW@xref308#14802; DFPBiaoKai-W5-ZhuIn-BFW@xref3276#14802,v3.7：由 v3.6 已解碼 TTF 注音元件的實際 glyf 輪廓建立；相同正規化輪廓 signature 僅在所有來源讀音一致時啟用。,執行期 exact normalized outline signature only；不使用中文字、詞義、句境或字典預期音；signature 衝突即不納入。
634e3857d0c80661d694c8fe4f089a1413e8878f,ㄍㄨㄟ,3,DFPYuanW5-ZhuIn-BFW@xref2450#14805; DFPYuanW5-ZhuIn-BFW@xref3546#14805; DFPYuanW5-ZhuIn-BFW@xref952#14805,v3.7：由 v3.6 已解碼 TTF 注音元件的實際 glyf 輪廓建立；相同正規化輪廓 signature 僅在所有來源讀音一致時啟用。,執行期 exact normalized outline signature only；不使用中文字、詞義、句境或字典預期音；signature 衝突即不納入。
87e6e8a3b5b375be5a0b9fd54550f9f2ae0d7bab,ㄍㄨㄟ,4,DFPBiaoKai-W5-ZhuIn-BFW@xref1064#14804; DFPBiaoKai-W5-ZhuIn-BFW@xref2206#14804; DFPBiaoKai-W5-ZhuIn-BFW@xref308#14804; DFPBiaoKai-W5-ZhuIn-BFW@xref4404#14804,v3.7：由 v3.6 已解碼 TTF 注音元件的實際 glyf 輪廓建立；相同正規化輪廓 signature 僅在所有來源讀音一致時啟用。,執行期 exact normalized outline signature only；不使用中文字、詞義、句境或字典預期音；signature 衝突即不納入。
844fbbfe8b93abe6f214bb091f633324bfaee8fb,ㄍㄨㄟˋ,1,DFPBiaoKai-W5-ZhuIn-BFW@xref308#14805,v3.7：由 v3.6 已解碼 TTF 注音元件的實際 glyf 輪廓建立；相同正規化輪廓 signature 僅在所有來源讀音一致時啟用。,執行期 exact normalized outline signature only；不使用中文字、詞義、句境或字典預期音；signature 衝突即不納入。
5b7177cdc503fe9729e77e81e2b9113648ba167b,ㄍㄨㄢ,6,DFPYuanW5-ZhuIn-BFW@xref1349#14808; DFPYuanW5-ZhuIn-BFW@xref1770#14808; DFPYuanW5-ZhuIn-BFW@xref2835#14808; DFPYuanW5-ZhuIn-BFW@xref3391#14808; DFPYuanW5-ZhuIn-BFW@xref3546#14808; DFPYuanW5-ZhuIn-BFW@xref372#14808,v3.7：由 v3.6 已解碼 TTF 注音元件的實際 glyf 輪廓建立；相同正規化輪廓 signature 僅在所有來源讀音一致時啟用。,執行期 exact normalized outline signature only；不使用中文字、詞義、句境或字典預期音；signature 衝突即不納入。
9cbea13b0a6f2c36bf6bdb0768c4f81d06727e62,ㄍㄨㄢ,7,DFPBiaoKai-W5-ZhuIn-BFW@xref1279#14807; DFPBiaoKai-W5-ZhuIn-BFW@xref1731#14807; DFPBiaoKai-W5-ZhuIn-BFW@xref308#14807; DFPBiaoKai-W5-ZhuIn-BFW@xref3276#14807; DFPBiaoKai-W5-ZhuIn-BFW@xref4404#14807; DFPBiaoKai-W5-ZhuIn-BFW@xref5004#14807; DFPBiaoKai-W5-ZhuIn-BFW@xref846#14807,v3.7：由 v3.6 已解碼 TTF 注音元件的實際 glyf 輪廓建立；相同正規化輪廓 signature 僅在所有來源讀音一致時啟用。,執行期 exact normalized outline signature only；不使用中文字、詞義、句境或字典預期音；signature 衝突即不納入。
441c2e9ba7603067cb536990777a08b4c623883f,ㄍㄨㄢˋ,3,DFPBiaoKai-W5-ZhuIn-BFW@xref1279#14808; DFPBiaoKai-W5-ZhuIn-BFW@xref308#14808; DFPBiaoKai-W5-ZhuIn-BFW@xref4404#14808,v3.7：由 v3.6 已解碼 TTF 注音元件的實際 glyf 輪廓建立；相同正規化輪廓 signature 僅在所有來源讀音一致時啟用。,執行期 exact normalized outline signature only；不使用中文字、詞義、句境或字典預期音；signature 衝突即不納入。
abf1c6274b56c4a435e1f2a3d14136dd7378daf1,ㄍㄨㄢˋ,2,DFPYuanW5-ZhuIn-BFW@xref1349#14809; DFPYuanW5-ZhuIn-BFW@xref372#14809,v3.7：由 v3.6 已解碼 TTF 注音元件的實際 glyf 輪廓建立；相同正規化輪廓 signature 僅在所有來源讀音一致時啟用。,執行期 exact normalized outline signature only；不使用中文字、詞義、句境或字典預期音；signature 衝突即不納入。
2ade805ddd9c674bd6247ac0e0c5b63049b45603,ㄍㄨㄣˇ,1,DFPYuanW5-ZhuIn-BFW@xref2450#14812,v3.7：由 v3.6 已解碼 TTF 注音元件的實際 glyf 輪廓建立；相同正規化輪廓 signature 僅在所有來源讀音一致時啟用。,執行期 exact normalized outline signature only；不使用中文字、詞義、句境或字典預期音；signature 衝突即不納入。
5d4403591a5e9b94b5bd947e307d6fd79d964a47,ㄍㄨㄣˇ,1,DFPBiaoKai-W5-ZhuIn-BFW@xref2206#14811,v3.7：由 v3.6 已解碼 TTF 注音元件的實際 glyf 輪廓建立；相同正規化輪廓 signature 僅在所有來源讀音一致時啟用。,執行期 exact normalized outline signature only；不使用中文字、詞義、句境或字典預期音；signature 衝突即不納入。
06d4aa8407b5be09f38111f113dce174dd603250,ㄍㄨㄤ,1,DFPBiaoKai-W5-ZhuIn-BFW@xref1731#14812,v3.7：由 v3.6 已解碼 TTF 注音元件的實際 glyf 輪廓建立；相同正規化輪廓 signature 僅在所有來源讀音一致時啟用。,執行期 exact normalized outline signature only；不使用中文字、詞義、句境或字典預期音；signature 衝突即不納入。
41e688ae5ba824408414df1b2c20a02c3665b201,ㄍㄨㄥ,5,DFPBiaoKai-W5-ZhuIn-BFW@xref1279#14815; DFPBiaoKai-W5-ZhuIn-BFW@xref1731#14815; DFPBiaoKai-W5-ZhuIn-BFW@xref2802#14815; DFPBiaoKai-W5-ZhuIn-BFW@xref3276#14815; DFPBiaoKai-W5-ZhuIn-BFW@xref5004#14815,v3.7：由 v3.6 已解碼 TTF 注音元件的實際 glyf 輪廓建立；相同正規化輪廓 signature 僅在所有來源讀音一致時啟用。,執行期 exact normalized outline signature only；不使用中文字、詞義、句境或字典預期音；signature 衝突即不納入。
492684f2233c538736b201d4bdb1350d16058f30,ㄍㄨㄥ,8,DFPYuanW5-ZhuIn-BFW@xref1349#14816; DFPYuanW5-ZhuIn-BFW@xref2450#14816; DFPYuanW5-ZhuIn-BFW@xref3546#14816; DFPYuanW5-ZhuIn-BFW@xref372#14816; DFPYuanW5-ZhuIn-BFW@xref4603#14816; DFPYuanW5-ZhuIn-BFW@xref5159#14816; DFPYuanW5-ZhuIn-BFW@xref5574#14816; DFPYuanW5-ZhuIn-BFW@xref952#14816,v3.7：由 v3.6 已解碼 TTF 注音元件的實際 glyf 輪廓建立；相同正規化輪廓 signature 僅在所有來源讀音一致時啟用。,執行期 exact normalized outline signature only；不使用中文字、詞義、句境或字典預期音；signature 衝突即不納入。
7902849360c10c67c99443195c1b875abb2487e9,ㄍㄨㄥˋ,3,DFPYuanW5-ZhuIn-BFW@xref1349#14817; DFPYuanW5-ZhuIn-BFW@xref1422#14817; DFPYuanW5-ZhuIn-BFW@xref5159#14817,v3.7：由 v3.6 已解碼 TTF 注音元件的實際 glyf 輪廓建立；相同正規化輪廓 signature 僅在所有來源讀音一致時啟用。,執行期 exact normalized outline signature only；不使用中文字、詞義、句境或字典預期音；signature 衝突即不納入。
7d9211217a56d68f6028094cf3ef5a480dca69f2,ㄎㄚˇ,1,DFPYuanW5-ZhuIn-BFW@xref3391#14821,v3.7：由 v3.6 已解碼 TTF 注音元件的實際 glyf 輪廓建立；相同正規化輪廓 signature 僅在所有來源讀音一致時啟用。,執行期 exact normalized outline signature only；不使用中文字、詞義、句境或字典預期音；signature 衝突即不納入。
86eb96dfebe0a08b1eacdbdfb87512e2f6a182b2,ㄎㄚˇ,1,DFPBiaoKai-W5-ZhuIn-BFW@xref1279#14820,v3.7：由 v3.6 已解碼 TTF 注音元件的實際 glyf 輪廓建立；相同正規化輪廓 signature 僅在所有來源讀音一致時啟用。,執行期 exact normalized outline signature only；不使用中文字、詞義、句境或字典預期音；signature 衝突即不納入。
06db04235fba92e7d39a688a69ed3b4fb62df6ce,ㄎㄜ,3,DFPYuanW5-ZhuIn-BFW@xref2450#14822; DFPYuanW5-ZhuIn-BFW@xref372#14822; DFPYuanW5-ZhuIn-BFW@xref5159#14822,v3.7：由 v3.6 已解碼 TTF 注音元件的實際 glyf 輪廓建立；相同正規化輪廓 signature 僅在所有來源讀音一致時啟用。,執行期 exact normalized outline signature only；不使用中文字、詞義、句境或字典預期音；signature 衝突即不納入。
c635f288ccdc1bcbabec0e74b85a4f4b7e05020e,ㄎㄜ,3,DFPBiaoKai-W5-ZhuIn-BFW@xref1731#14821; DFPBiaoKai-W5-ZhuIn-BFW@xref308#14821; DFPBiaoKai-W5-ZhuIn-BFW@xref5004#14821,v3.7：由 v3.6 已解碼 TTF 注音元件的實際 glyf 輪廓建立；相同正規化輪廓 signature 僅在所有來源讀音一致時啟用。,執行期 exact normalized outline signature only；不使用中文字、詞義、句境或字典預期音；signature 衝突即不納入。
8fb25d9e631099e7776073958c5ee5898a6e4e19,ㄎㄜˇ,12,DFPBiaoKai-W5-ZhuIn-BFW@xref1279#14824; DFPBiaoKai-W5-ZhuIn-BFW@xref1731#14824; DFPBiaoKai-W5-ZhuIn-BFW@xref2038#14824; DFPBiaoKai-W5-ZhuIn-BFW@xref2206#14824; DFPBiaoKai-W5-ZhuIn-BFW@xref2802#14824; DFPBiaoKai-W5-ZhuIn-BFW@xref308#14824; DFPBiaoKai-W5-ZhuIn-BFW@xref3276#14824; DFPBiaoKai-W5-ZhuIn-BFW@xref3372#14824; DFPBiaoKai-W5-ZhuIn-BFW@xref4404#14824; DFPBiaoKai-W5-ZhuIn-BFW@xref5004#14824; DFPBiaoKai-W5-ZhuIn-BFW@xref5643#14824; DFPBiaoKai-W5-ZhuIn-BFW@xref846#14824,v3.7：由 v3.6 已解碼 TTF 注音元件的實際 glyf 輪廓建立；相同正規化輪廓 signature 僅在所有來源讀音一致時啟用。,執行期 exact normalized outline signature only；不使用中文字、詞義、句境或字典預期音；signature 衝突即不納入。
e9663cd1e9c6cf5bece9452a7118ecd3124133b7,ㄎㄜˇ,4,DFPYuanW5-ZhuIn-BFW@xref1349#14825; DFPYuanW5-ZhuIn-BFW@xref1770#14825; DFPYuanW5-ZhuIn-BFW@xref2835#14825; DFPYuanW5-ZhuIn-BFW@xref3546#14825,v3.7：由 v3.6 已解碼 TTF 注音元件的實際 glyf 輪廓建立；相同正規化輪廓 signature 僅在所有來源讀音一致時啟用。,執行期 exact normalized outline signature only；不使用中文字、詞義、句境或字典預期音；signature 衝突即不納入。
ff06390e4bb8428b8216cae84810bc5de11f6fd8,ㄎㄜˇ,1,DFPWaWa-W5-ZhuIn-BFW@xref49#14824,v3.7：由 v3.6 已解碼 TTF 注音元件的實際 glyf 輪廓建立；相同正規化輪廓 signature 僅在所有來源讀音一致時啟用。,執行期 exact normalized outline signature only；不使用中文字、詞義、句境或字典預期音；signature 衝突即不納入。
534c328b60dc1c9f01313eee06208360d27075cf,ㄎㄜˋ,2,DFPYuanW5-ZhuIn-BFW@xref372#14824; DFPYuanW5-ZhuIn-BFW@xref952#14824,v3.7：由 v3.6 已解碼 TTF 注音元件的實際 glyf 輪廓建立；相同正規化輪廓 signature 僅在所有來源讀音一致時啟用。,執行期 exact normalized outline signature only；不使用中文字、詞義、句境或字典預期音；signature 衝突即不納入。
af9f34f4ba82ded15579de9ccd493a96c58bfd2f,ㄎㄜˋ,7,DFPBiaoKai-W5-ZhuIn-BFW@xref2802#14823; DFPBiaoKai-W5-ZhuIn-BFW@xref308#14823; DFPBiaoKai-W5-ZhuIn-BFW@xref3276#14823; DFPBiaoKai-W5-ZhuIn-BFW@xref3372#14823; DFPBiaoKai-W5-ZhuIn-BFW@xref4404#14823; DFPBiaoKai-W5-ZhuIn-BFW@xref5643#14823; DFPBiaoKai-W5-ZhuIn-BFW@xref846#14823,v3.7：由 v3.6 已解碼 TTF 注音元件的實際 glyf 輪廓建立；相同正規化輪廓 signature 僅在所有來源讀音一致時啟用。,執行期 exact normalized outline signature only；不使用中文字、詞義、句境或字典預期音；signature 衝突即不納入。
15d9352cd77f6e6e0de1f65d9ac2ce77b4df9313,ㄎㄞ,8,DFPBiaoKai-W5-ZhuIn-BFW@xref1279#14825; DFPBiaoKai-W5-ZhuIn-BFW@xref1731#14825; DFPBiaoKai-W5-ZhuIn-BFW@xref2802#14825; DFPBiaoKai-W5-ZhuIn-BFW@xref308#14825; DFPBiaoKai-W5-ZhuIn-BFW@xref3276#14825; DFPBiaoKai-W5-ZhuIn-BFW@xref4404#14825; DFPBiaoKai-W5-ZhuIn-BFW@xref5004#14825; DFPBiaoKai-W5-ZhuIn-BFW@xref846#14825,v3.7：由 v3.6 已解碼 TTF 注音元件的實際 glyf 輪廓建立；相同正規化輪廓 signature 僅在所有來源讀音一致時啟用。,執行期 exact normalized outline signature only；不使用中文字、詞義、句境或字典預期音；signature 衝突即不納入。
b182d44303db92d756f6443e1411a6512c70087e,ㄎㄞ,2,DFPYuanW5-ZhuIn-BFW@xref1349#14826; DFPYuanW5-ZhuIn-BFW@xref5159#14826,v3.7：由 v3.6 已解碼 TTF 注音元件的實際 glyf 輪廓建立；相同正規化輪廓 signature 僅在所有來源讀音一致時啟用。,執行期 exact normalized outline signature only；不使用中文字、詞義、句境或字典預期音；signature 衝突即不納入。
07927ecbe503055003a3b15afa9e4ac47d922dbe,ㄎㄠˇ,2,DFPBiaoKai-W5-ZhuIn-BFW@xref1279#14830; DFPBiaoKai-W5-ZhuIn-BFW@xref846#14830,v3.7：由 v3.6 已解碼 TTF 注音元件的實際 glyf 輪廓建立；相同正規化輪廓 signature 僅在所有來源讀音一致時啟用。,執行期 exact normalized outline signature only；不使用中文字、詞義、句境或字典預期音；signature 衝突即不納入。
1b2780890fac4c47248ec57b600638309f0071aa,ㄎㄠˇ,2,DFPYuanW5-ZhuIn-BFW@xref3391#14831; DFPYuanW5-ZhuIn-BFW@xref952#14831,v3.7：由 v3.6 已解碼 TTF 注音元件的實際 glyf 輪廓建立；相同正規化輪廓 signature 僅在所有來源讀音一致時啟用。,執行期 exact normalized outline signature only；不使用中文字、詞義、句境或字典預期音；signature 衝突即不納入。
023fffafa82f72c11cf24a302b63cc20e6251f74,ㄎㄠˋ,1,DFPBiaoKai-W5-ZhuIn-BFW@xref2206#14829,v3.7：由 v3.6 已解碼 TTF 注音元件的實際 glyf 輪廓建立；相同正規化輪廓 signature 僅在所有來源讀音一致時啟用。,執行期 exact normalized outline signature only；不使用中文字、詞義、句境或字典預期音；signature 衝突即不納入。
01e3fe6a767036279d832c6b9dca8a3fdaa23644,ㄎㄡˇ,3,DFPYuanW5-ZhuIn-BFW@xref1349#14834; DFPYuanW5-ZhuIn-BFW@xref1770#14834; DFPYuanW5-ZhuIn-BFW@xref2835#14834,v3.7：由 v3.6 已解碼 TTF 注音元件的實際 glyf 輪廓建立；相同正規化輪廓 signature 僅在所有來源讀音一致時啟用。,執行期 exact normalized outline signature only；不使用中文字、詞義、句境或字典預期音；signature 衝突即不納入。
8541a4efdeb011df6c5f983c08df49d3e0fdf477,ㄎㄡˇ,4,DFPBiaoKai-W5-ZhuIn-BFW@xref1279#14833; DFPBiaoKai-W5-ZhuIn-BFW@xref1731#14833; DFPBiaoKai-W5-ZhuIn-BFW@xref2206#14833; DFPBiaoKai-W5-ZhuIn-BFW@xref308#14833,v3.7：由 v3.6 已解碼 TTF 注音元件的實際 glyf 輪廓建立；相同正規化輪廓 signature 僅在所有來源讀音一致時啟用。,執行期 exact normalized outline signature only；不使用中文字、詞義、句境或字典預期音；signature 衝突即不納入。
2fb996009a1a52dd34f172a3949fa7e3bdda0b26,ㄎㄢˋ,10,DFPBiaoKai-W5-ZhuIn-BFW@xref1279#14835; DFPBiaoKai-W5-ZhuIn-BFW@xref1731#14835; DFPBiaoKai-W5-ZhuIn-BFW@xref2206#14835; DFPBiaoKai-W5-ZhuIn-BFW@xref2802#14835; DFPBiaoKai-W5-ZhuIn-BFW@xref308#14835; DFPBiaoKai-W5-ZhuIn-BFW@xref3372#14835; DFPBiaoKai-W5-ZhuIn-BFW@xref4404#14835; DFPBiaoKai-W5-ZhuIn-BFW@xref5004#14835; DFPBiaoKai-W5-ZhuIn-BFW@xref5643#14835; DFPBiaoKai-W5-ZhuIn-BFW@xref846#14835,v3.7：由 v3.6 已解碼 TTF 注音元件的實際 glyf 輪廓建立；相同正規化輪廓 signature 僅在所有來源讀音一致時啟用。,執行期 exact normalized outline signature only；不使用中文字、詞義、句境或字典預期音；signature 衝突即不納入。
c498fd60af36c7fa9d8d948c1e3b09d0e16a1de6,ㄎㄢˋ,7,DFPYuanW5-ZhuIn-BFW@xref2450#14836; DFPYuanW5-ZhuIn-BFW@xref2835#14836; DFPYuanW5-ZhuIn-BFW@xref3391#14836; DFPYuanW5-ZhuIn-BFW@xref3546#14836; DFPYuanW5-ZhuIn-BFW@xref4603#14836; DFPYuanW5-ZhuIn-BFW@xref5574#14836; DFPYuanW5-ZhuIn-BFW@xref952#14836,v3.7：由 v3.6 已解碼 TTF 注音元件的實際 glyf 輪廓建立；相同正規化輪廓 signature 僅在所有來源讀音一致時啟用。,執行期 exact normalized outline signature only；不使用中文字、詞義、句境或字典預期音；signature 衝突即不納入。
29fc292cc0ab1870f16c8531363486648b1ee52c,ㄎㄤ,5,DFPBiaoKai-W5-ZhuIn-BFW@xref1279#14839; DFPBiaoKai-W5-ZhuIn-BFW@xref1731#14839; DFPBiaoKai-W5-ZhuIn-BFW@xref308#14839; DFPBiaoKai-W5-ZhuIn-BFW@xref5004#14839; DFPBiaoKai-W5-ZhuIn-BFW@xref846#14839,v3.7：由 v3.6 已解碼 TTF 注音元件的實際 glyf 輪廓建立；相同正規化輪廓 signature 僅在所有來源讀音一致時啟用。,執行期 exact normalized outline signature only；不使用中文字、詞義、句境或字典預期音；signature 衝突即不納入。
bacdbbea23ecfef80f0dea11a09ffe1598b38554,ㄎㄤ,1,DFPYuanW5-ZhuIn-BFW@xref1349#14840,v3.7：由 v3.6 已解碼 TTF 注音元件的實際 glyf 輪廓建立；相同正規化輪廓 signature 僅在所有來源讀音一致時啟用。,執行期 exact normalized outline signature only；不使用中文字、詞義、句境或字典預期音；signature 衝突即不納入。
be653e9e2b1a4414bc5abc55548236e7976fa03e,ㄎㄤ,1,DFPWaWa-W5-ZhuIn-BFW@xref49#14839,v3.7：由 v3.6 已解碼 TTF 注音元件的實際 glyf 輪廓建立；相同正規化輪廓 signature 僅在所有來源讀音一致時啟用。,執行期 exact normalized outline signature only；不使用中文字、詞義、句境或字典預期音；signature 衝突即不納入。
237d9fc25ea40a2cab3380ad16a2ef713f5e64d6,ㄎㄤˋ,1,DFPBiaoKai-W5-ZhuIn-BFW@xref1731#14841,v3.7：由 v3.6 已解碼 TTF 注音元件的實際 glyf 輪廓建立；相同正規化輪廓 signature 僅在所有來源讀音一致時啟用。,執行期 exact normalized outline signature only；不使用中文字、詞義、句境或字典預期音；signature 衝突即不納入。
9f92f02713ea118b4d4af1ac0bad1742ff71451c,ㄎㄤˋ,2,DFPYuanW5-ZhuIn-BFW@xref1770#14842; DFPYuanW5-ZhuIn-BFW@xref3546#14842,v3.7：由 v3.6 已解碼 TTF 注音元件的實際 glyf 輪廓建立；相同正規化輪廓 signature 僅在所有來源讀音一致時啟用。,執行期 exact normalized outline signature only；不使用中文字、詞義、句境或字典預期音；signature 衝突即不納入。
c7bc6285c7a9b1b10fdd3c27f1b4b51310f17b6c,ㄎㄥ,1,DFPYuanW5-ZhuIn-BFW@xref1770#14844,v3.7：由 v3.6 已解碼 TTF 注音元件的實際 glyf 輪廓建立；相同正規化輪廓 signature 僅在所有來源讀音一致時啟用。,執行期 exact normalized outline signature only；不使用中文字、詞義、句境或字典預期音；signature 衝突即不納入。
2dd88d590eb0f5cd9f5d53b2601d2894f20b03ce,ㄎㄨˇ,1,DFPBiaoKai-W5-ZhuIn-BFW@xref846#14847,v3.7：由 v3.6 已解碼 TTF 注音元件的實際 glyf 輪廓建立；相同正規化輪廓 signature 僅在所有來源讀音一致時啟用。,執行期 exact normalized outline signature only；不使用中文字、詞義、句境或字典預期音；signature 衝突即不納入。
7997a1463e1c4af337aebc95c56d4c98c214a440,ㄎㄨˋ,1,DFPYuanW5-ZhuIn-BFW@xref372#14847,v3.7：由 v3.6 已解碼 TTF 注音元件的實際 glyf 輪廓建立；相同正規化輪廓 signature 僅在所有來源讀音一致時啟用。,執行期 exact normalized outline signature only；不使用中文字、詞義、句境或字典預期音；signature 衝突即不納入。
378efa5f1dcc17b8830bc900d94db67a98298e4b,ㄎㄨㄚˋ,3,DFPBiaoKai-W5-ZhuIn-BFW@xref2802#14849; DFPBiaoKai-W5-ZhuIn-BFW@xref4404#14849; DFPBiaoKai-W5-ZhuIn-BFW@xref5004#14849,v3.7：由 v3.6 已解碼 TTF 注音元件的實際 glyf 輪廓建立；相同正規化輪廓 signature 僅在所有來源讀音一致時啟用。,執行期 exact normalized outline signature only；不使用中文字、詞義、句境或字典預期音；signature 衝突即不納入。
e3858894e22750a41b159c768420bb04a7905d69,ㄎㄨㄚˋ,1,DFPYuanW5-ZhuIn-BFW@xref4603#14850,v3.7：由 v3.6 已解碼 TTF 注音元件的實際 glyf 輪廓建立；相同正規化輪廓 signature 僅在所有來源讀音一致時啟用。,執行期 exact normalized outline signature only；不使用中文字、詞義、句境或字典預期音；signature 衝突即不納入。
51d986cc303b2474c0ddf17a14cf7b1419299ff5,ㄎㄨㄞˋ,3,DFPYuanW5-ZhuIn-BFW@xref2835#14855; DFPYuanW5-ZhuIn-BFW@xref4603#14855; DFPYuanW5-ZhuIn-BFW@xref952#14855,v3.7：由 v3.6 已解碼 TTF 注音元件的實際 glyf 輪廓建立；相同正規化輪廓 signature 僅在所有來源讀音一致時啟用。,執行期 exact normalized outline signature only；不使用中文字、詞義、句境或字典預期音；signature 衝突即不納入。
6256ef68daff8813214ce42a173ae75ac792d84b,ㄎㄨㄞˋ,8,DFPBiaoKai-W5-ZhuIn-BFW@xref1279#14854; DFPBiaoKai-W5-ZhuIn-BFW@xref2802#14854; DFPBiaoKai-W5-ZhuIn-BFW@xref3276#14854; DFPBiaoKai-W5-ZhuIn-BFW@xref3372#14854; DFPBiaoKai-W5-ZhuIn-BFW@xref4404#14854; DFPBiaoKai-W5-ZhuIn-BFW@xref5004#14854; DFPBiaoKai-W5-ZhuIn-BFW@xref5643#14854; DFPBiaoKai-W5-ZhuIn-BFW@xref846#14854,v3.7：由 v3.6 已解碼 TTF 注音元件的實際 glyf 輪廓建立；相同正規化輪廓 signature 僅在所有來源讀音一致時啟用。,執行期 exact normalized outline signature only；不使用中文字、詞義、句境或字典預期音；signature 衝突即不納入。
f2dce6af3f589d2378e1e5d02b2c902c742465e2,ㄎㄨㄢ,2,DFPBiaoKai-W5-ZhuIn-BFW@xref2206#14860; DFPBiaoKai-W5-ZhuIn-BFW@xref308#14860,v3.7：由 v3.6 已解碼 TTF 注音元件的實際 glyf 輪廓建立；相同正規化輪廓 signature 僅在所有來源讀音一致時啟用。,執行期 exact normalized outline signature only；不使用中文字、詞義、句境或字典預期音；signature 衝突即不納入。
13fa7ff4ad1a7fa643ceb26a1f964788bf81b2c3,ㄎㄨㄣ,1,DFPBiaoKai-W5-ZhuIn-BFW@xref5004#14862,v3.7：由 v3.6 已解碼 TTF 注音元件的實際 glyf 輪廓建立；相同正規化輪廓 signature 僅在所有來源讀音一致時啟用。,執行期 exact normalized outline signature only；不使用中文字、詞義、句境或字典預期音；signature 衝突即不納入。
dee0a11047b1f4c4ceed4ddbb9a3753804517b41,ㄎㄨㄣ,1,DFPYuanW5-ZhuIn-BFW@xref5159#14863,v3.7：由 v3.6 已解碼 TTF 注音元件的實際 glyf 輪廓建立；相同正規化輪廓 signature 僅在所有來源讀音一致時啟用。,執行期 exact normalized outline signature only；不使用中文字、詞義、句境或字典預期音；signature 衝突即不納入。
8be456ebb8a6f983e7b7d494ca22c3289f32f2d1,ㄎㄨㄣˋ,1,DFPBiaoKai-W5-ZhuIn-BFW@xref308#14863,v3.7：由 v3.6 已解碼 TTF 注音元件的實際 glyf 輪廓建立；相同正規化輪廓 signature 僅在所有來源讀音一致時啟用。,執行期 exact normalized outline signature only；不使用中文字、詞義、句境或字典預期音；signature 衝突即不納入。
cf1e37cb96e1bf1bbacd12fd2384b32f9a72ab1d,ㄎㄨㄤˋ,2,DFPYuanW5-ZhuIn-BFW@xref1770#14868; DFPYuanW5-ZhuIn-BFW@xref1929#14868,v3.7：由 v3.6 已解碼 TTF 注音元件的實際 glyf 輪廓建立；相同正規化輪廓 signature 僅在所有來源讀音一致時啟用。,執行期 exact normalized outline signature only；不使用中文字、詞義、句境或字典預期音；signature 衝突即不納入。
e8ba0d60aa31f740a95af911eddcf98bb949195a,ㄎㄨㄤˋ,5,DFPBiaoKai-W5-ZhuIn-BFW@xref1064#14867; DFPBiaoKai-W5-ZhuIn-BFW@xref1279#14867; DFPBiaoKai-W5-ZhuIn-BFW@xref1731#14867; DFPBiaoKai-W5-ZhuIn-BFW@xref2206#14867; DFPBiaoKai-W5-ZhuIn-BFW@xref846#14867,v3.7：由 v3.6 已解碼 TTF 注音元件的實際 glyf 輪廓建立；相同正規化輪廓 signature 僅在所有來源讀音一致時啟用。,執行期 exact normalized outline signature only；不使用中文字、詞義、句境或字典預期音；signature 衝突即不納入。
584c5e2066d51ce309b49d2f650eec9b79bc0b3f,ㄎㄨㄥ,1,DFPYuanW5-ZhuIn-BFW@xref1349#14870,v3.7：由 v3.6 已解碼 TTF 注音元件的實際 glyf 輪廓建立；相同正規化輪廓 signature 僅在所有來源讀音一致時啟用。,執行期 exact normalized outline signature only；不使用中文字、詞義、句境或字典預期音；signature 衝突即不納入。
951c9d98ffd66a67463e1bae449cffc60053e05c,ㄎㄨㄥ,1,DFPBiaoKai-W5-ZhuIn-BFW@xref5004#14869,v3.7：由 v3.6 已解碼 TTF 注音元件的實際 glyf 輪廓建立；相同正規化輪廓 signature 僅在所有來源讀音一致時啟用。,執行期 exact normalized outline signature only；不使用中文字、詞義、句境或字典預期音；signature 衝突即不納入。
01efc3b5a1d1fcc8a0894eb0241a6eec5ae46128,ㄎㄨㄥˋ,3,DFPYuanW5-PoIn1-BFW@xref4610#14871; DFPYuanW5-ZhuIn-BFW@xref3546#14871; DFPYuanW5-ZhuIn-BFW@xref5574#14871,v3.7：由 v3.6 已解碼 TTF 注音元件的實際 glyf 輪廓建立；相同正規化輪廓 signature 僅在所有來源讀音一致時啟用。,執行期 exact normalized outline signature only；不使用中文字、詞義、句境或字典預期音；signature 衝突即不納入。
27fd61fb132fd4ff5ad795f460de35528347fc80,ㄎㄨㄥˋ,1,DFPBiaoKai-W5-ZhuIn-BFW@xref4404#14870,v3.7：由 v3.6 已解碼 TTF 注音元件的實際 glyf 輪廓建立；相同正規化輪廓 signature 僅在所有來源讀音一致時啟用。,執行期 exact normalized outline signature only；不使用中文字、詞義、句境或字典預期音；signature 衝突即不納入。
cb198026330b04ffafb2c023f2aae600881add35,ㄏㄚ,1,DFPBiaoKai-W5-ZhuIn-BFW@xref846#14872,v3.7：由 v3.6 已解碼 TTF 注音元件的實際 glyf 輪廓建立；相同正規化輪廓 signature 僅在所有來源讀音一致時啟用。,執行期 exact normalized outline signature only；不使用中文字、詞義、句境或字典預期音；signature 衝突即不納入。
1e58a26220ac0d054a9c3c85ef2e5eb3a41cee95,ㄏㄜ,2,DFPBiaoKai-W5-ZhuIn-BFW@xref1279#14875; DFPBiaoKai-W5-ZhuIn-BFW@xref1731#14875,v3.7：由 v3.6 已解碼 TTF 注音元件的實際 glyf 輪廓建立；相同正規化輪廓 signature 僅在所有來源讀音一致時啟用。,執行期 exact normalized outline signature only；不使用中文字、詞義、句境或字典預期音；signature 衝突即不納入。
3c5054ec126dfd31a7884084ef4290e1c73f21e9,ㄏㄜ,1,DFPYuanW5-ZhuIn-BFW@xref2835#14876,v3.7：由 v3.6 已解碼 TTF 注音元件的實際 glyf 輪廓建立；相同正規化輪廓 signature 僅在所有來源讀音一致時啟用。,執行期 exact normalized outline signature only；不使用中文字、詞義、句境或字典預期音；signature 衝突即不納入。
524ed7696e3561b7502a418562211701d461e91b,ㄏㄜˊ,1,DFPWaWa-W5-ZhuIn-BFW@xref49#14876,v3.7：由 v3.6 已解碼 TTF 注音元件的實際 glyf 輪廓建立；相同正規化輪廓 signature 僅在所有來源讀音一致時啟用。,執行期 exact normalized outline signature only；不使用中文字、詞義、句境或字典預期音；signature 衝突即不納入。
7c1255d64754fd5393f34d6a24cce8796bc68b70,ㄏㄜˊ,8,DFPBiaoKai-W5-ZhuIn-BFW@xref1279#14876; DFPBiaoKai-W5-ZhuIn-BFW@xref2206#14876; DFPBiaoKai-W5-ZhuIn-BFW@xref2802#14876; DFPBiaoKai-W5-ZhuIn-BFW@xref308#14876; DFPBiaoKai-W5-ZhuIn-BFW@xref3276#14876; DFPBiaoKai-W5-ZhuIn-BFW@xref4404#14876; DFPBiaoKai-W5-ZhuIn-BFW@xref5004#14876; DFPBiaoKai-W5-ZhuIn-BFW@xref5643#14876,v3.7：由 v3.6 已解碼 TTF 注音元件的實際 glyf 輪廓建立；相同正規化輪廓 signature 僅在所有來源讀音一致時啟用。,執行期 exact normalized outline signature only；不使用中文字、詞義、句境或字典預期音；signature 衝突即不納入。
f73804e3838219229aa15f30baebbc13d477f9c7,ㄏㄜˊ,4,DFPYuanW5-ZhuIn-BFW@xref2835#14877; DFPYuanW5-ZhuIn-BFW@xref3391#14877; DFPYuanW5-ZhuIn-BFW@xref3546#14877; DFPYuanW5-ZhuIn-BFW@xref372#14877,v3.7：由 v3.6 已解碼 TTF 注音元件的實際 glyf 輪廓建立；相同正規化輪廓 signature 僅在所有來源讀音一致時啟用。,執行期 exact normalized outline signature only；不使用中文字、詞義、句境或字典預期音；signature 衝突即不納入。
177868257fe4ba1aced2618529179f47bb5dafcb,ㄏㄞˇ,2,DFPYuanW5-ZhuIn-BFW@xref2450#14882; DFPYuanW5-ZhuIn-BFW@xref3391#14882,v3.7：由 v3.6 已解碼 TTF 注音元件的實際 glyf 輪廓建立；相同正規化輪廓 signature 僅在所有來源讀音一致時啟用。,執行期 exact normalized outline signature only；不使用中文字、詞義、句境或字典預期音；signature 衝突即不納入。
e183fd580a0fe8b187b3b536d3ad25d2231e8114,ㄏㄞˇ,1,DFPBiaoKai-W5-ZhuIn-BFW@xref3372#14881,v3.7：由 v3.6 已解碼 TTF 注音元件的實際 glyf 輪廓建立；相同正規化輪廓 signature 僅在所有來源讀音一致時啟用。,執行期 exact normalized outline signature only；不使用中文字、詞義、句境或字典預期音；signature 衝突即不納入。
7bc1e3390d5a48bfcc1c3bc66add9973b6f3cdf4,ㄏㄞˊ,3,DFPYuanW5-ZhuIn-BFW@xref2835#14880; DFPYuanW5-ZhuIn-BFW@xref3546#14880; DFPYuanW5-ZhuIn-BFW@xref5574#14880,v3.7：由 v3.6 已解碼 TTF 注音元件的實際 glyf 輪廓建立；相同正規化輪廓 signature 僅在所有來源讀音一致時啟用。,執行期 exact normalized outline signature only；不使用中文字、詞義、句境或字典預期音；signature 衝突即不納入。
8f3621d1dc67a5f03dc3df1a1a6250bd3b241f4f,ㄏㄞˊ,5,DFPBiaoKai-W5-ZhuIn-BFW@xref1279#14879; DFPBiaoKai-W5-ZhuIn-BFW@xref1731#14879; DFPBiaoKai-W5-ZhuIn-BFW@xref308#14879; DFPBiaoKai-W5-ZhuIn-BFW@xref4404#14879; DFPBiaoKai-W5-ZhuIn-BFW@xref5004#14879,v3.7：由 v3.6 已解碼 TTF 注音元件的實際 glyf 輪廓建立；相同正規化輪廓 signature 僅在所有來源讀音一致時啟用。,執行期 exact normalized outline signature only；不使用中文字、詞義、句境或字典預期音；signature 衝突即不納入。
0dc285e9d94b81d73b75597ee4a0bd924f47e520,ㄏㄞˋ,4,DFPBiaoKai-W5-ZhuIn-BFW@xref2206#14880; DFPBiaoKai-W5-ZhuIn-BFW@xref308#14880; DFPBiaoKai-W5-ZhuIn-BFW@xref5643#14880; DFPBiaoKai-W5-ZhuIn-BFW@xref846#14880,v3.7：由 v3.6 已解碼 TTF 注音元件的實際 glyf 輪廓建立；相同正規化輪廓 signature 僅在所有來源讀音一致時啟用。,執行期 exact normalized outline signature only；不使用中文字、詞義、句境或字典預期音；signature 衝突即不納入。
ca6a0e6c6004ff3ec2459a250e66aff1170ea9de,ㄏㄞˋ,1,DFPYuanW5-ZhuIn-BFW@xref2835#14881,v3.7：由 v3.6 已解碼 TTF 注音元件的實際 glyf 輪廓建立；相同正規化輪廓 signature 僅在所有來源讀音一致時啟用。,執行期 exact normalized outline signature only；不使用中文字、詞義、句境或字典預期音；signature 衝突即不納入。
25d8e7c5ac871b68def7213a8f6105779c046992,ㄏㄠˇ,9,DFPBiaoKai-W5-ZhuIn-BFW@xref1279#14887; DFPBiaoKai-W5-ZhuIn-BFW@xref1731#14887; DFPBiaoKai-W5-ZhuIn-BFW@xref2206#14887; DFPBiaoKai-W5-ZhuIn-BFW@xref308#14887; DFPBiaoKai-W5-ZhuIn-BFW@xref3276#14887; DFPBiaoKai-W5-ZhuIn-BFW@xref4404#14887; DFPBiaoKai-W5-ZhuIn-BFW@xref5004#14887; DFPBiaoKai-W5-ZhuIn-BFW@xref5643#14887; DFPBiaoKai-W5-ZhuIn-BFW@xref846#14887,v3.7：由 v3.6 已解碼 TTF 注音元件的實際 glyf 輪廓建立；相同正規化輪廓 signature 僅在所有來源讀音一致時啟用。,執行期 exact normalized outline signature only；不使用中文字、詞義、句境或字典預期音；signature 衝突即不納入。
ea4d1855063034cd47a26a360a969e1ba06f2905,ㄏㄠˇ,7,DFPYuanW5-ZhuIn-BFW@xref1349#14888; DFPYuanW5-ZhuIn-BFW@xref1770#14888; DFPYuanW5-ZhuIn-BFW@xref2450#14888; DFPYuanW5-ZhuIn-BFW@xref3391#14888; DFPYuanW5-ZhuIn-BFW@xref3546#14888; DFPYuanW5-ZhuIn-BFW@xref372#14888; DFPYuanW5-ZhuIn-BFW@xref952#14888,v3.7：由 v3.6 已解碼 TTF 注音元件的實際 glyf 輪廓建立；相同正規化輪廓 signature 僅在所有來源讀音一致時啟用。,執行期 exact normalized outline signature only；不使用中文字、詞義、句境或字典預期音；signature 衝突即不納入。
b7d8216f3f20b0f025a028c1728cad4e4001c45f,ㄏㄠˊ,1,DFPBiaoKai-W5-ZhuIn-BFW@xref1731#14885,v3.7：由 v3.6 已解碼 TTF 注音元件的實際 glyf 輪廓建立；相同正規化輪廓 signature 僅在所有來源讀音一致時啟用。,執行期 exact normalized outline signature only；不使用中文字、詞義、句境或字典預期音；signature 衝突即不納入。
0d6acc38735cf06a2c2630a56e41cc0d235c8b26,ㄏㄠˋ,1,DFPYuanW5-ZhuIn-BFW@xref1770#14887,v3.7：由 v3.6 已解碼 TTF 注音元件的實際 glyf 輪廓建立；相同正規化輪廓 signature 僅在所有來源讀音一致時啟用。,執行期 exact normalized outline signature only；不使用中文字、詞義、句境或字典預期音；signature 衝突即不納入。
2f1856882cc7fc6ca2fd60e4d66e71083278e9fb,ㄏㄠˋ,3,DFPBiaoKai-W5-ZhuIn-BFW@xref1279#14886; DFPBiaoKai-W5-ZhuIn-BFW@xref3276#14886; DFPBiaoKai-W5-ZhuIn-BFW@xref846#14886,v3.7：由 v3.6 已解碼 TTF 注音元件的實際 glyf 輪廓建立；相同正規化輪廓 signature 僅在所有來源讀音一致時啟用。,執行期 exact normalized outline signature only；不使用中文字、詞義、句境或字典預期音；signature 衝突即不納入。
9387b178251e5357d501004d522b28245ead9e59,ㄏㄠˋ,1,DFHeiPoIn1-Bd-BPMW-BF@xref14#14929,v3.7：由 v3.6 已解碼 TTF 注音元件的實際 glyf 輪廓建立；相同正規化輪廓 signature 僅在所有來源讀音一致時啟用。,執行期 exact normalized outline signature only；不使用中文字、詞義、句境或字典預期音；signature 衝突即不納入。
2da2a4128484b9883501b7681048525ad1c80fe4,ㄏㄡˋ,12,DFPBiaoKai-W5-ZhuIn-BFW@xref1064#14890; DFPBiaoKai-W5-ZhuIn-BFW@xref1279#14890; DFPBiaoKai-W5-ZhuIn-BFW@xref1731#14890; DFPBiaoKai-W5-ZhuIn-BFW@xref2206#14890; DFPBiaoKai-W5-ZhuIn-BFW@xref2802#14890; DFPBiaoKai-W5-ZhuIn-BFW@xref308#14890; DFPBiaoKai-W5-ZhuIn-BFW@xref3276#14890; DFPBiaoKai-W5-ZhuIn-BFW@xref3372#14890; DFPBiaoKai-W5-ZhuIn-BFW@xref4404#14890; DFPBiaoKai-W5-ZhuIn-BFW@xref5004#14890; DFPBiaoKai-W5-ZhuIn-BFW@xref5643#14890; DFPBiaoKai-W5-ZhuIn-BFW@xref846#14890,v3.7：由 v3.6 已解碼 TTF 注音元件的實際 glyf 輪廓建立；相同正規化輪廓 signature 僅在所有來源讀音一致時啟用。,執行期 exact normalized outline signature only；不使用中文字、詞義、句境或字典預期音；signature 衝突即不納入。
837ad8c9f205e0e734b3b09bade2d07f11a1a6e3,ㄏㄡˋ,7,DFPYuanW5-ZhuIn-BFW@xref1349#14891; DFPYuanW5-ZhuIn-BFW@xref2450#14891; DFPYuanW5-ZhuIn-BFW@xref2835#14891; DFPYuanW5-ZhuIn-BFW@xref3546#14891; DFPYuanW5-ZhuIn-BFW@xref4603#14891; DFPYuanW5-ZhuIn-BFW@xref5159#14891; DFPYuanW5-ZhuIn-BFW@xref952#14891,v3.7：由 v3.6 已解碼 TTF 注音元件的實際 glyf 輪廓建立；相同正規化輪廓 signature 僅在所有來源讀音一致時啟用。,執行期 exact normalized outline signature only；不使用中文字、詞義、句境或字典預期音；signature 衝突即不納入。
35651c941d2d4436dbef31908be46f7a4d711d39,ㄏㄢˇ,3,DFPBiaoKai-W5-ZhuIn-BFW@xref2206#14895; DFPBiaoKai-W5-ZhuIn-BFW@xref3276#14895; DFPBiaoKai-W5-ZhuIn-BFW@xref5004#14895,v3.7：由 v3.6 已解碼 TTF 注音元件的實際 glyf 輪廓建立；相同正規化輪廓 signature 僅在所有來源讀音一致時啟用。,執行期 exact normalized outline signature only；不使用中文字、詞義、句境或字典預期音；signature 衝突即不納入。
0e10cf0c057ad3ca70f1c6d7fa72ba0864b690c6,ㄏㄢˊ,1,DFPYuanW5-ZhuIn-BFW@xref1770#14894,v3.7：由 v3.6 已解碼 TTF 注音元件的實際 glyf 輪廓建立；相同正規化輪廓 signature 僅在所有來源讀音一致時啟用。,執行期 exact normalized outline signature only；不使用中文字、詞義、句境或字典預期音；signature 衝突即不納入。
ea4947c8a016735743e781516c50a3756bae08a1,ㄏㄢˊ,2,DFPBiaoKai-W5-ZhuIn-BFW@xref1731#14893; DFPBiaoKai-W5-ZhuIn-BFW@xref308#14893,v3.7：由 v3.6 已解碼 TTF 注音元件的實際 glyf 輪廓建立；相同正規化輪廓 signature 僅在所有來源讀音一致時啟用。,執行期 exact normalized outline signature only；不使用中文字、詞義、句境或字典預期音；signature 衝突即不納入。
17df6fd32da57b66d55e97f9718243630c128fad,ㄏㄢˋ,8,DFPYuanW5-PoIn3-BFW@xref1363#14895; DFPYuanW5-PoIn3-BFW@xref1426#14895; DFPYuanW5-PoIn3-BFW@xref1798#14895; DFPYuanW5-PoIn3-BFW@xref3412#14895; DFPYuanW5-PoIn3-BFW@xref3553#14895; DFPYuanW5-PoIn3-BFW@xref379#14895; DFPYuanW5-PoIn3-BFW@xref966#14895; DFPYuanW5-ZhuIn-BFW@xref2835#14895,v3.7：由 v3.6 已解碼 TTF 注音元件的實際 glyf 輪廓建立；相同正規化輪廓 signature 僅在所有來源讀音一致時啟用。,執行期 exact normalized outline signature only；不使用中文字、詞義、句境或字典預期音；signature 衝突即不納入。
a4b3f6174ae94682a8a5f47c156263286bee2b56,ㄏㄢˋ,4,DFHeiPoIn1-Bd-BPMW-BF@xref1331#14937; DFHeiPoIn1-Bd-BPMW-BF@xref14#14937; DFHeiPoIn1-Bd-BPMW-BF@xref3465#14937; DFHeiPoIn1-Bd-BPMW-BF@xref4416#14937,v3.7：由 v3.6 已解碼 TTF 注音元件的實際 glyf 輪廓建立；相同正規化輪廓 signature 僅在所有來源讀音一致時啟用。,執行期 exact normalized outline signature only；不使用中文字、詞義、句境或字典預期音；signature 衝突即不納入。
ae49b4074d838eeb49750be33e3b50801f405537,ㄏㄢˋ,1,DFYuanPoIn1-Bd-BPMW-BF@xref603#14937,v3.7：由 v3.6 已解碼 TTF 注音元件的實際 glyf 輪廓建立；相同正規化輪廓 signature 僅在所有來源讀音一致時啟用。,執行期 exact normalized outline signature only；不使用中文字、詞義、句境或字典預期音；signature 衝突即不納入。
e48963f96c3ef3209e836f24ff28ce8aa5364eb4,ㄏㄢˋ,1,DFPBiaoKai-W5-PoIn1-BFW@xref839#14894,v3.7：由 v3.6 已解碼 TTF 注音元件的實際 glyf 輪廓建立；相同正規化輪廓 signature 僅在所有來源讀音一致時啟用。,執行期 exact normalized outline signature only；不使用中文字、詞義、句境或字典預期音；signature 衝突即不納入。
9b199cd00fda3181fb221f89b41d170b1c6811fe,ㄏㄣˇ,9,DFPBiaoKai-W5-ZhuIn-BFW@xref1279#14898; DFPBiaoKai-W5-ZhuIn-BFW@xref1731#14898; DFPBiaoKai-W5-ZhuIn-BFW@xref2206#14898; DFPBiaoKai-W5-ZhuIn-BFW@xref2802#14898; DFPBiaoKai-W5-ZhuIn-BFW@xref308#14898; DFPBiaoKai-W5-ZhuIn-BFW@xref3372#14898; DFPBiaoKai-W5-ZhuIn-BFW@xref4404#14898; DFPBiaoKai-W5-ZhuIn-BFW@xref5643#14898; DFPBiaoKai-W5-ZhuIn-BFW@xref846#14898,v3.7：由 v3.6 已解碼 TTF 注音元件的實際 glyf 輪廓建立；相同正規化輪廓 signature 僅在所有來源讀音一致時啟用。,執行期 exact normalized outline signature only；不使用中文字、詞義、句境或字典預期音；signature 衝突即不納入。
adb0db54249f04b07025d48dfc3ca7cd8e17f97b,ㄏㄣˇ,2,DFPYuanW5-ZhuIn-BFW@xref1349#14899; DFPYuanW5-ZhuIn-BFW@xref1422#14899,v3.7：由 v3.6 已解碼 TTF 注音元件的實際 glyf 輪廓建立；相同正規化輪廓 signature 僅在所有來源讀音一致時啟用。,執行期 exact normalized outline signature only；不使用中文字、詞義、句境或字典預期音；signature 衝突即不納入。
31dcc7674a247101d2fd41ff7f961de287ef64b7,ㄏㄥˊ,3,DFPBiaoKai-W5-ZhuIn-BFW@xref1731#14904; DFPBiaoKai-W5-ZhuIn-BFW@xref2206#14904; DFPBiaoKai-W5-ZhuIn-BFW@xref308#14904,v3.7：由 v3.6 已解碼 TTF 注音元件的實際 glyf 輪廓建立；相同正規化輪廓 signature 僅在所有來源讀音一致時啟用。,執行期 exact normalized outline signature only；不使用中文字、詞義、句境或字典預期音；signature 衝突即不納入。
5d1356af503d13b46f7c10328ea3554d69b11083,ㄏㄥˊ,3,DFPYuanW5-ZhuIn-BFW@xref2450#14905; DFPYuanW5-ZhuIn-BFW@xref2835#14905; DFPYuanW5-ZhuIn-BFW@xref5159#14905,v3.7：由 v3.6 已解碼 TTF 注音元件的實際 glyf 輪廓建立；相同正規化輪廓 signature 僅在所有來源讀音一致時啟用。,執行期 exact normalized outline signature only；不使用中文字、詞義、句境或字典預期音；signature 衝突即不納入。
4d13b8dd3a75879e7b4a40400cef28e22c697c07,ㄏㄨ,3,DFPYuanW5-ZhuIn-BFW@xref2450#14907; DFPYuanW5-ZhuIn-BFW@xref5574#14907; DFPYuanW5-ZhuIn-BFW@xref952#14907,v3.7：由 v3.6 已解碼 TTF 注音元件的實際 glyf 輪廓建立；相同正規化輪廓 signature 僅在所有來源讀音一致時啟用。,執行期 exact normalized outline signature only；不使用中文字、詞義、句境或字典預期音；signature 衝突即不納入。
823e4e433d483fa4eba42e64666c02b602bdc7dd,ㄏㄨ,3,DFPBiaoKai-W5-ZhuIn-BFW@xref2206#14906; DFPBiaoKai-W5-ZhuIn-BFW@xref308#14906; DFPBiaoKai-W5-ZhuIn-BFW@xref846#14906,v3.7：由 v3.6 已解碼 TTF 注音元件的實際 glyf 輪廓建立；相同正規化輪廓 signature 僅在所有來源讀音一致時啟用。,執行期 exact normalized outline signature only；不使用中文字、詞義、句境或字典預期音；signature 衝突即不納入。
cb78d7cbbad5652e0b7b58568c1ed689cab70926,ㄏㄨˊ,1,DFPYuanW5-ZhuIn-BFW@xref1770#14908,v3.7：由 v3.6 已解碼 TTF 注音元件的實際 glyf 輪廓建立；相同正規化輪廓 signature 僅在所有來源讀音一致時啟用。,執行期 exact normalized outline signature only；不使用中文字、詞義、句境或字典預期音；signature 衝突即不納入。
7a30790cbddd7f5c818ed326f5f69e97463ae2da,ㄏㄨˋ,6,DFPBiaoKai-W5-ZhuIn-BFW@xref1731#14908; DFPBiaoKai-W5-ZhuIn-BFW@xref2206#14908; DFPBiaoKai-W5-ZhuIn-BFW@xref308#14908; DFPBiaoKai-W5-ZhuIn-BFW@xref4404#14908; DFPBiaoKai-W5-ZhuIn-BFW@xref5643#14908; DFPBiaoKai-W5-ZhuIn-BFW@xref846#14908,v3.7：由 v3.6 已解碼 TTF 注音元件的實際 glyf 輪廓建立；相同正規化輪廓 signature 僅在所有來源讀音一致時啟用。,執行期 exact normalized outline signature only；不使用中文字、詞義、句境或字典預期音；signature 衝突即不納入。
879060123c35090ab27f6897d6b5bd748f2d4599,ㄏㄨˋ,2,DFPYuanW5-ZhuIn-BFW@xref3546#14909; DFPYuanW5-ZhuIn-BFW@xref952#14909,v3.7：由 v3.6 已解碼 TTF 注音元件的實際 glyf 輪廓建立；相同正規化輪廓 signature 僅在所有來源讀音一致時啟用。,執行期 exact normalized outline signature only；不使用中文字、詞義、句境或字典預期音；signature 衝突即不納入。
2d95fe7cd19a216b18171df291e5cc3dc3caf95e,ㄏㄨㄚˋ,6,DFPBiaoKai-W5-ZhuIn-BFW@xref1279#14912; DFPBiaoKai-W5-ZhuIn-BFW@xref1731#14912; DFPBiaoKai-W5-ZhuIn-BFW@xref2206#14912; DFPBiaoKai-W5-ZhuIn-BFW@xref2802#14912; DFPBiaoKai-W5-ZhuIn-BFW@xref5004#14912; DFPBiaoKai-W5-ZhuIn-BFW@xref846#14912,v3.7：由 v3.6 已解碼 TTF 注音元件的實際 glyf 輪廓建立；相同正規化輪廓 signature 僅在所有來源讀音一致時啟用。,執行期 exact normalized outline signature only；不使用中文字、詞義、句境或字典預期音；signature 衝突即不納入。
bc1a01e57e5057223b899379a1e14b6d4b0d6169,ㄏㄨㄚˋ,3,DFPYuanW5-ZhuIn-BFW@xref1770#14913; DFPYuanW5-ZhuIn-BFW@xref372#14913; DFPYuanW5-ZhuIn-BFW@xref952#14913,v3.7：由 v3.6 已解碼 TTF 注音元件的實際 glyf 輪廓建立；相同正規化輪廓 signature 僅在所有來源讀音一致時啟用。,執行期 exact normalized outline signature only；不使用中文字、詞義、句境或字典預期音；signature 衝突即不納入。
91631fd91c107cb898301665da9c4f94961dd5c3,ㄏㄨㄛˇ,1,DFPBiaoKai-W5-ZhuIn-BFW@xref5643#14918,v3.7：由 v3.6 已解碼 TTF 注音元件的實際 glyf 輪廓建立；相同正規化輪廓 signature 僅在所有來源讀音一致時啟用。,執行期 exact normalized outline signature only；不使用中文字、詞義、句境或字典預期音；signature 衝突即不納入。
749a3c9946055aac305d52a2b59ee8d558516ed3,ㄏㄨㄛˊ,2,DFPYuanW5-ZhuIn-BFW@xref1349#14917; DFPYuanW5-ZhuIn-BFW@xref372#14917,v3.7：由 v3.6 已解碼 TTF 注音元件的實際 glyf 輪廓建立；相同正規化輪廓 signature 僅在所有來源讀音一致時啟用。,執行期 exact normalized outline signature only；不使用中文字、詞義、句境或字典預期音；signature 衝突即不納入。
fe31409fb1ab583bfcef448bea25335044a1faa1,ㄏㄨㄛˊ,8,DFPBiaoKai-W5-ZhuIn-BFW@xref1731#14916; DFPBiaoKai-W5-ZhuIn-BFW@xref2206#14916; DFPBiaoKai-W5-ZhuIn-BFW@xref2802#14916; DFPBiaoKai-W5-ZhuIn-BFW@xref308#14916; DFPBiaoKai-W5-ZhuIn-BFW@xref3276#14916; DFPBiaoKai-W5-ZhuIn-BFW@xref4404#14916; DFPBiaoKai-W5-ZhuIn-BFW@xref5004#14916; DFPBiaoKai-W5-ZhuIn-BFW@xref5643#14916,v3.7：由 v3.6 已解碼 TTF 注音元件的實際 glyf 輪廓建立；相同正規化輪廓 signature 僅在所有來源讀音一致時啟用。,執行期 exact normalized outline signature only；不使用中文字、詞義、句境或字典預期音；signature 衝突即不納入。
e8a2cffe703eba813c4a3126299fb5bc4b695fe1,ㄏㄨㄛˋ,9,DFPYuanW5-ZhuIn-BFW@xref1349#14918; DFPYuanW5-ZhuIn-BFW@xref1422#14918; DFPYuanW5-ZhuIn-BFW@xref1770#14918; DFPYuanW5-ZhuIn-BFW@xref2835#14918; DFPYuanW5-ZhuIn-BFW@xref3391#14918; DFPYuanW5-ZhuIn-BFW@xref3546#14918; DFPYuanW5-ZhuIn-BFW@xref4603#14918; DFPYuanW5-ZhuIn-BFW@xref5574#14918; DFPYuanW5-ZhuIn-BFW@xref952#14918,v3.7：由 v3.6 已解碼 TTF 注音元件的實際 glyf 輪廓建立；相同正規化輪廓 signature 僅在所有來源讀音一致時啟用。,執行期 exact normalized outline signature only；不使用中文字、詞義、句境或字典預期音；signature 衝突即不納入。
f485ff3e3d31d051429c6e374083eb70683f8abb,ㄏㄨㄛˋ,7,DFPBiaoKai-W5-ZhuIn-BFW@xref1279#14917; DFPBiaoKai-W5-ZhuIn-BFW@xref1731#14917; DFPBiaoKai-W5-ZhuIn-BFW@xref2206#14917; DFPBiaoKai-W5-ZhuIn-BFW@xref2802#14917; DFPBiaoKai-W5-ZhuIn-BFW@xref308#14917; DFPBiaoKai-W5-ZhuIn-BFW@xref5004#14917; DFPBiaoKai-W5-ZhuIn-BFW@xref846#14917,v3.7：由 v3.6 已解碼 TTF 注音元件的實際 glyf 輪廓建立；相同正規化輪廓 signature 僅在所有來源讀音一致時啟用。,執行期 exact normalized outline signature only；不使用中文字、詞義、句境或字典預期音；signature 衝突即不納入。
88c45a089c6ac003a5598443e8baaf601b2e4556,ㄏㄨㄞˊ,1,DFPBiaoKai-W5-ZhuIn-BFW@xref846#14919,v3.7：由 v3.6 已解碼 TTF 注音元件的實際 glyf 輪廓建立；相同正規化輪廓 signature 僅在所有來源讀音一致時啟用。,執行期 exact normalized outline signature only；不使用中文字、詞義、句境或字典預期音；signature 衝突即不納入。
ad0799e4b1d2ceda07946d75f61ae57d47c5d86f,ㄏㄨㄟ,2,DFPYuanW5-ZhuIn-BFW@xref2450#14922; DFPYuanW5-ZhuIn-BFW@xref2835#14922,v3.7：由 v3.6 已解碼 TTF 注音元件的實際 glyf 輪廓建立；相同正規化輪廓 signature 僅在所有來源讀音一致時啟用。,執行期 exact normalized outline signature only；不使用中文字、詞義、句境或字典預期音；signature 衝突即不納入。
b957cda69919faacc59bdcd4d06488ade978f75a,ㄏㄨㄟ,1,DFPBiaoKai-W5-ZhuIn-BFW@xref4404#14921,v3.7：由 v3.6 已解碼 TTF 注音元件的實際 glyf 輪廓建立；相同正規化輪廓 signature 僅在所有來源讀音一致時啟用。,執行期 exact normalized outline signature only；不使用中文字、詞義、句境或字典預期音；signature 衝突即不納入。
8380e8d0acbbda45832761c20ad9c0fc3ae40c4e,ㄏㄨㄟˊ,3,DFPBiaoKai-W5-ZhuIn-BFW@xref1279#14922; DFPBiaoKai-W5-ZhuIn-BFW@xref2206#14922; DFPBiaoKai-W5-ZhuIn-BFW@xref4404#14922,v3.7：由 v3.6 已解碼 TTF 注音元件的實際 glyf 輪廓建立；相同正規化輪廓 signature 僅在所有來源讀音一致時啟用。,執行期 exact normalized outline signature only；不使用中文字、詞義、句境或字典預期音；signature 衝突即不納入。
c773a140158b3b3fd8fc066a160d1b77efc434ae,ㄏㄨㄟˊ,5,DFPYuanW5-ZhuIn-BFW@xref2450#14923; DFPYuanW5-ZhuIn-BFW@xref3391#14923; DFPYuanW5-ZhuIn-BFW@xref3546#14923; DFPYuanW5-ZhuIn-BFW@xref4603#14923; DFPYuanW5-ZhuIn-BFW@xref952#14923,v3.7：由 v3.6 已解碼 TTF 注音元件的實際 glyf 輪廓建立；相同正規化輪廓 signature 僅在所有來源讀音一致時啟用。,執行期 exact normalized outline signature only；不使用中文字、詞義、句境或字典預期音；signature 衝突即不納入。
5efa7d911d7356b3a502b8a5b86f5c541e44eb3e,ㄏㄨㄟˋ,10,DFPBiaoKai-W5-ZhuIn-BFW@xref1064#14923; DFPBiaoKai-W5-ZhuIn-BFW@xref1279#14923; DFPBiaoKai-W5-ZhuIn-BFW@xref2206#14923; DFPBiaoKai-W5-ZhuIn-BFW@xref2802#14923; DFPBiaoKai-W5-ZhuIn-BFW@xref308#14923; DFPBiaoKai-W5-ZhuIn-BFW@xref3372#14923; DFPBiaoKai-W5-ZhuIn-BFW@xref4404#14923; DFPBiaoKai-W5-ZhuIn-BFW@xref5004#14923; DFPBiaoKai-W5-ZhuIn-BFW@xref5643#14923; DFPBiaoKai-W5-ZhuIn-BFW@xref846#14923,v3.7：由 v3.6 已解碼 TTF 注音元件的實際 glyf 輪廓建立；相同正規化輪廓 signature 僅在所有來源讀音一致時啟用。,執行期 exact normalized outline signature only；不使用中文字、詞義、句境或字典預期音；signature 衝突即不納入。
6ed9e08544c1f083795f84c0c2ab3ff3cbd4e55a,ㄏㄨㄟˋ,7,DFPYuanW5-ZhuIn-BFW@xref1349#14924; DFPYuanW5-ZhuIn-BFW@xref1422#14924; DFPYuanW5-ZhuIn-BFW@xref2835#14924; DFPYuanW5-ZhuIn-BFW@xref3391#14924; DFPYuanW5-ZhuIn-BFW@xref372#14924; DFPYuanW5-ZhuIn-BFW@xref5574#14924; DFPYuanW5-ZhuIn-BFW@xref952#14924,v3.7：由 v3.6 已解碼 TTF 注音元件的實際 glyf 輪廓建立；相同正規化輪廓 signature 僅在所有來源讀音一致時啟用。,執行期 exact normalized outline signature only；不使用中文字、詞義、句境或字典預期音；signature 衝突即不納入。
e6978037851cd0e5ce4f6652739bc05a1f41fbb1,ㄏㄨㄢ,3,DFPBiaoKai-W5-ZhuIn-BFW@xref1731#14925; DFPBiaoKai-W5-ZhuIn-BFW@xref5004#14925; DFPBiaoKai-W5-ZhuIn-BFW@xref846#14925,v3.7：由 v3.6 已解碼 TTF 注音元件的實際 glyf 輪廓建立；相同正規化輪廓 signature 僅在所有來源讀音一致時啟用。,執行期 exact normalized outline signature only；不使用中文字、詞義、句境或字典預期音；signature 衝突即不納入。
dfd1867dc03a5d7842b9d00acf37bf6b73cbfc08,ㄏㄨㄢˇ,1,DFPBiaoKai-W5-ZhuIn-BFW@xref2206#14928,v3.7：由 v3.6 已解碼 TTF 注音元件的實際 glyf 輪廓建立；相同正規化輪廓 signature 僅在所有來源讀音一致時啟用。,執行期 exact normalized outline signature only；不使用中文字、詞義、句境或字典預期音；signature 衝突即不納入。
f99db44779a52da32ca91b79022942125c6f6c38,ㄏㄨㄢˇ,1,DFPYuanW5-ZhuIn-BFW@xref2835#14929,v3.7：由 v3.6 已解碼 TTF 注音元件的實際 glyf 輪廓建立；相同正規化輪廓 signature 僅在所有來源讀音一致時啟用。,執行期 exact normalized outline signature only；不使用中文字、詞義、句境或字典預期音；signature 衝突即不納入。
522420d8a4b078005ecbad4a512e3b2fe30bfc3a,ㄏㄨㄢˊ,2,DFPYuanW5-ZhuIn-BFW@xref1349#14927; DFPYuanW5-ZhuIn-BFW@xref952#14927,v3.7：由 v3.6 已解碼 TTF 注音元件的實際 glyf 輪廓建立；相同正規化輪廓 signature 僅在所有來源讀音一致時啟用。,執行期 exact normalized outline signature only；不使用中文字、詞義、句境或字典預期音；signature 衝突即不納入。
62f7ed5de5775c04b9ef9bf02c9e81a42a44dde6,ㄏㄨㄢˊ,2,DFPBiaoKai-W5-ZhuIn-BFW@xref1279#14926; DFPBiaoKai-W5-ZhuIn-BFW@xref308#14926,v3.7：由 v3.6 已解碼 TTF 注音元件的實際 glyf 輪廓建立；相同正規化輪廓 signature 僅在所有來源讀音一致時啟用。,執行期 exact normalized outline signature only；不使用中文字、詞義、句境或字典預期音；signature 衝突即不納入。
7dd1e2304b385200681a0db3ba6ba2bbc9e7cc73,ㄏㄨㄢˋ,5,DFPBiaoKai-W5-ZhuIn-BFW@xref2206#14927; DFPBiaoKai-W5-ZhuIn-BFW@xref308#14927; DFPBiaoKai-W5-ZhuIn-BFW@xref4404#14927; DFPBiaoKai-W5-ZhuIn-BFW@xref5004#14927; DFPBiaoKai-W5-ZhuIn-BFW@xref5643#14927,v3.7：由 v3.6 已解碼 TTF 注音元件的實際 glyf 輪廓建立；相同正規化輪廓 signature 僅在所有來源讀音一致時啟用。,執行期 exact normalized outline signature only；不使用中文字、詞義、句境或字典預期音；signature 衝突即不納入。
c1165f5e91f0d90fccbc0e480a87a6b7744c2c2e,ㄏㄨㄢˋ,4,DFPYuanW5-ZhuIn-BFW@xref1349#14928; DFPYuanW5-ZhuIn-BFW@xref1422#14928; DFPYuanW5-ZhuIn-BFW@xref2835#14928; DFPYuanW5-ZhuIn-BFW@xref4603#14928,v3.7：由 v3.6 已解碼 TTF 注音元件的實際 glyf 輪廓建立；相同正規化輪廓 signature 僅在所有來源讀音一致時啟用。,執行期 exact normalized outline signature only；不使用中文字、詞義、句境或字典預期音；signature 衝突即不納入。
969ece7b3181c8c47b0691d14189eb565e224602,ㄏㄨㄤˋ,1,DFHeiPoIn1-Bd-BPMW-BF@xref2459#14978,v3.7：由 v3.6 已解碼 TTF 注音元件的實際 glyf 輪廓建立；相同正規化輪廓 signature 僅在所有來源讀音一致時啟用。,執行期 exact normalized outline signature only；不使用中文字、詞義、句境或字典預期音；signature 衝突即不納入。
6892b653ed14c3c3cc02c1526c190d13619fcee5,ㄏㄨㄥˊ,1,DFPYuanW5-ZhuIn-BFW@xref1770#14939,v3.7：由 v3.6 已解碼 TTF 注音元件的實際 glyf 輪廓建立；相同正規化輪廓 signature 僅在所有來源讀音一致時啟用。,執行期 exact normalized outline signature only；不使用中文字、詞義、句境或字典預期音；signature 衝突即不納入。
05b852924cb605c4154972bcb809f5a8ecb2550b,ㄐㄧ,7,DFPYuanW5-ZhuIn-BFW@xref1349#14942; DFPYuanW5-ZhuIn-BFW@xref1770#14942; DFPYuanW5-ZhuIn-BFW@xref2450#14942; DFPYuanW5-ZhuIn-BFW@xref2835#14942; DFPYuanW5-ZhuIn-BFW@xref3546#14942; DFPYuanW5-ZhuIn-BFW@xref5159#14942; DFPYuanW5-ZhuIn-BFW@xref952#14942,v3.7：由 v3.6 已解碼 TTF 注音元件的實際 glyf 輪廓建立；相同正規化輪廓 signature 僅在所有來源讀音一致時啟用。,執行期 exact normalized outline signature only；不使用中文字、詞義、句境或字典預期音；signature 衝突即不納入。
4f92630bfa0aff82847fe7d41f5624e729f1fdf5,ㄐㄧ,9,DFPBiaoKai-W5-ZhuIn-BFW@xref1279#14941; DFPBiaoKai-W5-ZhuIn-BFW@xref1731#14941; DFPBiaoKai-W5-ZhuIn-BFW@xref2802#14941; DFPBiaoKai-W5-ZhuIn-BFW@xref308#14941; DFPBiaoKai-W5-ZhuIn-BFW@xref3276#14941; DFPBiaoKai-W5-ZhuIn-BFW@xref4404#14941; DFPBiaoKai-W5-ZhuIn-BFW@xref5004#14941; DFPBiaoKai-W5-ZhuIn-BFW@xref5643#14941; DFPBiaoKai-W5-ZhuIn-BFW@xref846#14941,v3.7：由 v3.6 已解碼 TTF 注音元件的實際 glyf 輪廓建立；相同正規化輪廓 signature 僅在所有來源讀音一致時啟用。,執行期 exact normalized outline signature only；不使用中文字、詞義、句境或字典預期音；signature 衝突即不納入。
6411c0b31884f41b13eb9514863edf19030e8b6b,ㄐㄧˇ,9,DFPBiaoKai-W5-ZhuIn-BFW@xref1064#14944; DFPBiaoKai-W5-ZhuIn-BFW@xref1279#14944; DFPBiaoKai-W5-ZhuIn-BFW@xref1731#14944; DFPBiaoKai-W5-ZhuIn-BFW@xref2206#14944; DFPBiaoKai-W5-ZhuIn-BFW@xref308#14944; DFPBiaoKai-W5-ZhuIn-BFW@xref3276#14944; DFPBiaoKai-W5-ZhuIn-BFW@xref4404#14944; DFPBiaoKai-W5-ZhuIn-BFW@xref5643#14944; DFPBiaoKai-W5-ZhuIn-BFW@xref846#14944,v3.7：由 v3.6 已解碼 TTF 注音元件的實際 glyf 輪廓建立；相同正規化輪廓 signature 僅在所有來源讀音一致時啟用。,執行期 exact normalized outline signature only；不使用中文字、詞義、句境或字典預期音；signature 衝突即不納入。
8a05d66e1adf44a6a45ba4ec1887b9d297ee8dd2,ㄐㄧˇ,2,DFHeiPoIn1-Bd-BPMW-BF@xref14#14987; DFHeiPoIn1-Bd-BPMW-BF@xref1685#14987,v3.7：由 v3.6 已解碼 TTF 注音元件的實際 glyf 輪廓建立；相同正規化輪廓 signature 僅在所有來源讀音一致時啟用。,執行期 exact normalized outline signature only；不使用中文字、詞義、句境或字典預期音；signature 衝突即不納入。
f077eb2816cae6e9c9fbc95b28edf4046a2f9e45,ㄐㄧˇ,5,DFPYuanW5-ZhuIn-BFW@xref1422#14945; DFPYuanW5-ZhuIn-BFW@xref2450#14945; DFPYuanW5-ZhuIn-BFW@xref3546#14945; DFPYuanW5-ZhuIn-BFW@xref372#14945; DFPYuanW5-ZhuIn-BFW@xref952#14945,v3.7：由 v3.6 已解碼 TTF 注音元件的實際 glyf 輪廓建立；相同正規化輪廓 signature 僅在所有來源讀音一致時啟用。,執行期 exact normalized outline signature only；不使用中文字、詞義、句境或字典預期音；signature 衝突即不納入。
45a8bc726ba2c59ac2cca2c5c213f3282627cb6e,ㄐㄧˊ,11,DFPBiaoKai-W5-ZhuIn-BFW@xref1279#14942; DFPBiaoKai-W5-ZhuIn-BFW@xref1731#14942; DFPBiaoKai-W5-ZhuIn-BFW@xref2206#14942; DFPBiaoKai-W5-ZhuIn-BFW@xref2802#14942; DFPBiaoKai-W5-ZhuIn-BFW@xref308#14942; DFPBiaoKai-W5-ZhuIn-BFW@xref3276#14942; DFPBiaoKai-W5-ZhuIn-BFW@xref3372#14942; DFPBiaoKai-W5-ZhuIn-BFW@xref4404#14942; DFPBiaoKai-W5-ZhuIn-BFW@xref5004#14942; DFPBiaoKai-W5-ZhuIn-BFW@xref5643#14942; DFPBiaoKai-W5-ZhuIn-BFW@xref846#14942,v3.7：由 v3.6 已解碼 TTF 注音元件的實際 glyf 輪廓建立；相同正規化輪廓 signature 僅在所有來源讀音一致時啟用。,執行期 exact normalized outline signature only；不使用中文字、詞義、句境或字典預期音；signature 衝突即不納入。
463b8ac0c9febc8cd6df0f499062d3a018f2c8bb,ㄐㄧˊ,7,DFPYuanW5-ZhuIn-BFW@xref113#14943; DFPYuanW5-ZhuIn-BFW@xref1349#14943; DFPYuanW5-ZhuIn-BFW@xref1422#14943; DFPYuanW5-ZhuIn-BFW@xref1770#14943; DFPYuanW5-ZhuIn-BFW@xref2835#14943; DFPYuanW5-ZhuIn-BFW@xref3546#14943; DFPYuanW5-ZhuIn-BFW@xref4603#14943,v3.7：由 v3.6 已解碼 TTF 注音元件的實際 glyf 輪廓建立；相同正規化輪廓 signature 僅在所有來源讀音一致時啟用。,執行期 exact normalized outline signature only；不使用中文字、詞義、句境或字典預期音；signature 衝突即不納入。
417a2c5d66ca75461b238f0617104983be61b412,ㄐㄧˋ,8,DFPBiaoKai-W5-ZhuIn-BFW@xref1279#14943; DFPBiaoKai-W5-ZhuIn-BFW@xref1731#14943; DFPBiaoKai-W5-ZhuIn-BFW@xref2802#14943; DFPBiaoKai-W5-ZhuIn-BFW@xref308#14943; DFPBiaoKai-W5-ZhuIn-BFW@xref4404#14943; DFPBiaoKai-W5-ZhuIn-BFW@xref5004#14943; DFPBiaoKai-W5-ZhuIn-BFW@xref5643#14943; DFPBiaoKai-W5-ZhuIn-BFW@xref846#14943,v3.7：由 v3.6 已解碼 TTF 注音元件的實際 glyf 輪廓建立；相同正規化輪廓 signature 僅在所有來源讀音一致時啟用。,執行期 exact normalized outline signature only；不使用中文字、詞義、句境或字典預期音；signature 衝突即不納入。
7f047629a2f18fcf8847d2a46527097148850422,ㄐㄧˋ,4,DFPYuanW5-ZhuIn-BFW@xref1770#14944; DFPYuanW5-ZhuIn-BFW@xref2835#14944; DFPYuanW5-ZhuIn-BFW@xref3546#14944; DFPYuanW5-ZhuIn-BFW@xref4603#14944,v3.7：由 v3.6 已解碼 TTF 注音元件的實際 glyf 輪廓建立；相同正規化輪廓 signature 僅在所有來源讀音一致時啟用。,執行期 exact normalized outline signature only；不使用中文字、詞義、句境或字典預期音；signature 衝突即不納入。
4ad474f07f35cbe2145e37ee9001b6bb8618e2d7,ㄐㄧㄚ,10,DFPBiaoKai-W5-ZhuIn-BFW@xref1279#14945; DFPBiaoKai-W5-ZhuIn-BFW@xref1731#14945; DFPBiaoKai-W5-ZhuIn-BFW@xref2206#14945; DFPBiaoKai-W5-ZhuIn-BFW@xref2802#14945; DFPBiaoKai-W5-ZhuIn-BFW@xref308#14945; DFPBiaoKai-W5-ZhuIn-BFW@xref3276#14945; DFPBiaoKai-W5-ZhuIn-BFW@xref3372#14945; DFPBiaoKai-W5-ZhuIn-BFW@xref4404#14945; DFPBiaoKai-W5-ZhuIn-BFW@xref5004#14945; DFPBiaoKai-W5-ZhuIn-BFW@xref5643#14945,v3.7：由 v3.6 已解碼 TTF 注音元件的實際 glyf 輪廓建立；相同正規化輪廓 signature 僅在所有來源讀音一致時啟用。,執行期 exact normalized outline signature only；不使用中文字、詞義、句境或字典預期音；signature 衝突即不納入。
6a526bd5a5fceb77a3c629edaee93e8a196440c9,ㄐㄧㄚ,4,DFPYuanW5-ZhuIn-BFW@xref1349#14946; DFPYuanW5-ZhuIn-BFW@xref1770#14946; DFPYuanW5-ZhuIn-BFW@xref3391#14946; DFPYuanW5-ZhuIn-BFW@xref4603#14946,v3.7：由 v3.6 已解碼 TTF 注音元件的實際 glyf 輪廓建立；相同正規化輪廓 signature 僅在所有來源讀音一致時啟用。,執行期 exact normalized outline signature only；不使用中文字、詞義、句境或字典預期音；signature 衝突即不納入。
4eae14a0ef61b96866928f4c4a67886745dcab6c,ㄐㄧㄚˇ,1,DFPBiaoKai-W5-ZhuIn-BFW@xref846#14948,v3.7：由 v3.6 已解碼 TTF 注音元件的實際 glyf 輪廓建立；相同正規化輪廓 signature 僅在所有來源讀音一致時啟用。,執行期 exact normalized outline signature only；不使用中文字、詞義、句境或字典預期音；signature 衝突即不納入。
db7d510799011c797869fd231b8f0c7101e13bfb,ㄐㄧㄚˇ,1,DFPYuanW5-ZhuIn-BFW@xref1770#14949,v3.7：由 v3.6 已解碼 TTF 注音元件的實際 glyf 輪廓建立；相同正規化輪廓 signature 僅在所有來源讀音一致時啟用。,執行期 exact normalized outline signature only；不使用中文字、詞義、句境或字典預期音；signature 衝突即不納入。
b6dfcb5f8cadb83d7ec3616f065e8f05fc0ea6b9,ㄐㄧㄚˊ,1,DFPBiaoKai-W5-ZhuIn-BFW@xref1731#14946,v3.7：由 v3.6 已解碼 TTF 注音元件的實際 glyf 輪廓建立；相同正規化輪廓 signature 僅在所有來源讀音一致時啟用。,執行期 exact normalized outline signature only；不使用中文字、詞義、句境或字典預期音；signature 衝突即不納入。
c39ed5b610c7a68b3a5b5803b084f18c5adef2c1,ㄐㄧㄚˋ,1,DFPYuanW5-ZhuIn-BFW@xref1770#14948,v3.7：由 v3.6 已解碼 TTF 注音元件的實際 glyf 輪廓建立；相同正規化輪廓 signature 僅在所有來源讀音一致時啟用。,執行期 exact normalized outline signature only；不使用中文字、詞義、句境或字典預期音；signature 衝突即不納入。
fa2a530b0a7de9bd3f361468c5212c7a6e22ac37,ㄐㄧㄚˋ,1,DFPBiaoKai-W5-PoIn1-BFW@xref322#14947,v3.7：由 v3.6 已解碼 TTF 注音元件的實際 glyf 輪廓建立；相同正規化輪廓 signature 僅在所有來源讀音一致時啟用。,執行期 exact normalized outline signature only；不使用中文字、詞義、句境或字典預期音；signature 衝突即不納入。
78c2cb9a23288c2fcac06fffe2b3e508efb88491,ㄐㄧㄝ,5,DFPYuanW5-ZhuIn-BFW@xref1422#14950; DFPYuanW5-ZhuIn-BFW@xref2450#14950; DFPYuanW5-ZhuIn-BFW@xref3546#14950; DFPYuanW5-ZhuIn-BFW@xref4603#14950; DFPYuanW5-ZhuIn-BFW@xref5574#14950,v3.7：由 v3.6 已解碼 TTF 注音元件的實際 glyf 輪廓建立；相同正規化輪廓 signature 僅在所有來源讀音一致時啟用。,執行期 exact normalized outline signature only；不使用中文字、詞義、句境或字典預期音；signature 衝突即不納入。
a79a9071aabf42f08efaac0b9d69ee6bdf12d235,ㄐㄧㄝ,8,DFPBiaoKai-W5-ZhuIn-BFW@xref1279#14949; DFPBiaoKai-W5-ZhuIn-BFW@xref1731#14949; DFPBiaoKai-W5-ZhuIn-BFW@xref2206#14949; DFPBiaoKai-W5-ZhuIn-BFW@xref308#14949; DFPBiaoKai-W5-ZhuIn-BFW@xref3276#14949; DFPBiaoKai-W5-ZhuIn-BFW@xref4404#14949; DFPBiaoKai-W5-ZhuIn-BFW@xref5004#14949; DFPBiaoKai-W5-ZhuIn-BFW@xref5643#14949,v3.7：由 v3.6 已解碼 TTF 注音元件的實際 glyf 輪廓建立；相同正規化輪廓 signature 僅在所有來源讀音一致時啟用。,執行期 exact normalized outline signature only；不使用中文字、詞義、句境或字典預期音；signature 衝突即不納入。
32a9c6742d823486daaad8741cac9784f012752d,ㄐㄧㄝˇ,2,DFPYuanW5-ZhuIn-BFW@xref372#14953; DFPYuanW5-ZhuIn-BFW@xref952#14953,v3.7：由 v3.6 已解碼 TTF 注音元件的實際 glyf 輪廓建立；相同正規化輪廓 signature 僅在所有來源讀音一致時啟用。,執行期 exact normalized outline signature only；不使用中文字、詞義、句境或字典預期音；signature 衝突即不納入。
77d00dcbca90a6d9ae9f85012b290b0a17617094,ㄐㄧㄝˇ,5,DFPBiaoKai-W5-ZhuIn-BFW@xref1279#14952; DFPBiaoKai-W5-ZhuIn-BFW@xref1731#14952; DFPBiaoKai-W5-ZhuIn-BFW@xref2206#14952; DFPBiaoKai-W5-ZhuIn-BFW@xref308#14952; DFPBiaoKai-W5-ZhuIn-BFW@xref4404#14952,v3.7：由 v3.6 已解碼 TTF 注音元件的實際 glyf 輪廓建立；相同正規化輪廓 signature 僅在所有來源讀音一致時啟用。,執行期 exact normalized outline signature only；不使用中文字、詞義、句境或字典預期音；signature 衝突即不納入。
37d5edca66836fa20c4cfd31378c9f5f8018034b,ㄐㄧㄝˊ,8,DFPBiaoKai-W5-ZhuIn-BFW@xref1279#14950; DFPBiaoKai-W5-ZhuIn-BFW@xref1731#14950; DFPBiaoKai-W5-ZhuIn-BFW@xref2038#14950; DFPBiaoKai-W5-ZhuIn-BFW@xref2206#14950; DFPBiaoKai-W5-ZhuIn-BFW@xref308#14950; DFPBiaoKai-W5-ZhuIn-BFW@xref3372#14950; DFPBiaoKai-W5-ZhuIn-BFW@xref4404#14950; DFPBiaoKai-W5-ZhuIn-BFW@xref5004#14950,v3.7：由 v3.6 已解碼 TTF 注音元件的實際 glyf 輪廓建立；相同正規化輪廓 signature 僅在所有來源讀音一致時啟用。,執行期 exact normalized outline signature only；不使用中文字、詞義、句境或字典預期音；signature 衝突即不納入。
c12662129baa8823d2d0909459298cc39f1d9c73,ㄐㄧㄝˊ,4,DFPYuanW5-ZhuIn-BFW@xref1349#14951; DFPYuanW5-ZhuIn-BFW@xref1770#14951; DFPYuanW5-ZhuIn-BFW@xref2835#14951; DFPYuanW5-ZhuIn-BFW@xref952#14951,v3.7：由 v3.6 已解碼 TTF 注音元件的實際 glyf 輪廓建立；相同正規化輪廓 signature 僅在所有來源讀音一致時啟用。,執行期 exact normalized outline signature only；不使用中文字、詞義、句境或字典預期音；signature 衝突即不納入。
097c0a836d2ef7ad18bc9fb315e0c9639ff66e74,ㄐㄧㄝˋ,4,DFPBiaoKai-W5-ZhuIn-BFW@xref1279#14951; DFPBiaoKai-W5-ZhuIn-BFW@xref1731#14951; DFPBiaoKai-W5-ZhuIn-BFW@xref308#14951; DFPBiaoKai-W5-ZhuIn-BFW@xref3276#14951,v3.7：由 v3.6 已解碼 TTF 注音元件的實際 glyf 輪廓建立；相同正規化輪廓 signature 僅在所有來源讀音一致時啟用。,執行期 exact normalized outline signature only；不使用中文字、詞義、句境或字典預期音；signature 衝突即不納入。
9000b431cf740fab96dbb2aa4fbbae861a7c42d6,ㄐㄧㄝˋ,1,DFPYuanW5-ZhuIn-BFW@xref952#14952,v3.7：由 v3.6 已解碼 TTF 注音元件的實際 glyf 輪廓建立；相同正規化輪廓 signature 僅在所有來源讀音一致時啟用。,執行期 exact normalized outline signature only；不使用中文字、詞義、句境或字典預期音；signature 衝突即不納入。
6d86ddc440afb5f6d525d0c647c04888c35a428f,ㄐㄧㄠ,1,DFPBiaoKai-W5-ZhuIn-BFW@xref4404#14953,v3.7：由 v3.6 已解碼 TTF 注音元件的實際 glyf 輪廓建立；相同正規化輪廓 signature 僅在所有來源讀音一致時啟用。,執行期 exact normalized outline signature only；不使用中文字、詞義、句境或字典預期音；signature 衝突即不納入。
d867343aec769fafd5f6287c1d0a15f1d1d2a1df,ㄐㄧㄠˇ,5,DFPYuanW5-ZhuIn-BFW@xref2450#14957; DFPYuanW5-ZhuIn-BFW@xref2835#14957; DFPYuanW5-ZhuIn-BFW@xref4603#14957; DFPYuanW5-ZhuIn-BFW@xref5159#14957; DFPYuanW5-ZhuIn-BFW@xref5574#14957,v3.7：由 v3.6 已解碼 TTF 注音元件的實際 glyf 輪廓建立；相同正規化輪廓 signature 僅在所有來源讀音一致時啟用。,執行期 exact normalized outline signature only；不使用中文字、詞義、句境或字典預期音；signature 衝突即不納入。
e5088081bc927e09f6e4f0587481a5597f4863eb,ㄐㄧㄠˇ,7,DFPBiaoKai-W5-ZhuIn-BFW@xref2206#14956; DFPBiaoKai-W5-ZhuIn-BFW@xref2802#14956; DFPBiaoKai-W5-ZhuIn-BFW@xref308#14956; DFPBiaoKai-W5-ZhuIn-BFW@xref4404#14956; DFPBiaoKai-W5-ZhuIn-BFW@xref5004#14956; DFPBiaoKai-W5-ZhuIn-BFW@xref5643#14956; DFPBiaoKai-W5-ZhuIn-BFW@xref846#14956,v3.7：由 v3.6 已解碼 TTF 注音元件的實際 glyf 輪廓建立；相同正規化輪廓 signature 僅在所有來源讀音一致時啟用。,執行期 exact normalized outline signature only；不使用中文字、詞義、句境或字典預期音；signature 衝突即不納入。
3ebf8cea1ca8751f8c448cec6b46742b62ec4b78,ㄐㄧㄠˋ,6,DFPBiaoKai-W5-ZhuIn-BFW@xref1731#14955; DFPBiaoKai-W5-ZhuIn-BFW@xref2206#14955; DFPBiaoKai-W5-ZhuIn-BFW@xref308#14955; DFPBiaoKai-W5-ZhuIn-BFW@xref3276#14955; DFPBiaoKai-W5-ZhuIn-BFW@xref3372#14955; DFPBiaoKai-W5-ZhuIn-BFW@xref4404#14955,v3.7：由 v3.6 已解碼 TTF 注音元件的實際 glyf 輪廓建立；相同正規化輪廓 signature 僅在所有來源讀音一致時啟用。,執行期 exact normalized outline signature only；不使用中文字、詞義、句境或字典預期音；signature 衝突即不納入。
7d98e4fc471e3bd1599f958e712ebe58c9e1845a,ㄐㄧㄠˋ,1,DFPYuanW5-ZhuIn-BFW@xref372#14956,v3.7：由 v3.6 已解碼 TTF 注音元件的實際 glyf 輪廓建立；相同正規化輪廓 signature 僅在所有來源讀音一致時啟用。,執行期 exact normalized outline signature only；不使用中文字、詞義、句境或字典預期音；signature 衝突即不納入。
885349aac49bb885751fdcd59cde7922f2b1b3d5,ㄐㄧㄡˇ,1,DFPBiaoKai-W5-ZhuIn-BFW@xref3276#14959,v3.7：由 v3.6 已解碼 TTF 注音元件的實際 glyf 輪廓建立；相同正規化輪廓 signature 僅在所有來源讀音一致時啟用。,執行期 exact normalized outline signature only；不使用中文字、詞義、句境或字典預期音；signature 衝突即不納入。
a364eb0efda7620274fc1ca0ca428852e90b7922,ㄐㄧㄡˇ,2,DFPYuanW5-ZhuIn-BFW@xref2450#14960; DFPYuanW5-ZhuIn-BFW@xref3546#14960,v3.7：由 v3.6 已解碼 TTF 注音元件的實際 glyf 輪廓建立；相同正規化輪廓 signature 僅在所有來源讀音一致時啟用。,執行期 exact normalized outline signature only；不使用中文字、詞義、句境或字典預期音；signature 衝突即不納入。
a1b6a46133764040264e07885c255a194024f656,ㄐㄧㄡˋ,4,DFPYuanW5-ZhuIn-BFW@xref1349#14959; DFPYuanW5-ZhuIn-BFW@xref2835#14959; DFPYuanW5-ZhuIn-BFW@xref3546#14959; DFPYuanW5-ZhuIn-BFW@xref5574#14959,v3.7：由 v3.6 已解碼 TTF 注音元件的實際 glyf 輪廓建立；相同正規化輪廓 signature 僅在所有來源讀音一致時啟用。,執行期 exact normalized outline signature only；不使用中文字、詞義、句境或字典預期音；signature 衝突即不納入。
db73f4779136b8937839a9a46448e6559fdc75e4,ㄐㄧㄡˋ,11,DFPBiaoKai-W5-ZhuIn-BFW@xref1064#14958; DFPBiaoKai-W5-ZhuIn-BFW@xref1279#14958; DFPBiaoKai-W5-ZhuIn-BFW@xref1731#14958; DFPBiaoKai-W5-ZhuIn-BFW@xref2206#14958; DFPBiaoKai-W5-ZhuIn-BFW@xref2802#14958; DFPBiaoKai-W5-ZhuIn-BFW@xref308#14958; DFPBiaoKai-W5-ZhuIn-BFW@xref3276#14958; DFPBiaoKai-W5-ZhuIn-BFW@xref3372#14958; DFPBiaoKai-W5-ZhuIn-BFW@xref4404#14958; DFPBiaoKai-W5-ZhuIn-BFW@xref5643#14958; DFPBiaoKai-W5-ZhuIn-BFW@xref846#14958,v3.7：由 v3.6 已解碼 TTF 注音元件的實際 glyf 輪廓建立；相同正規化輪廓 signature 僅在所有來源讀音一致時啟用。,執行期 exact normalized outline signature only；不使用中文字、詞義、句境或字典預期音；signature 衝突即不納入。
7a6c8fecc8ad6d01ded88cac2a0f8b9f98af020b,ㄐㄧㄢ,8,DFPYuanW5-ZhuIn-BFW@xref1349#14961; DFPYuanW5-ZhuIn-BFW@xref1770#14961; DFPYuanW5-ZhuIn-BFW@xref2040#14961; DFPYuanW5-ZhuIn-BFW@xref2450#14961; DFPYuanW5-ZhuIn-BFW@xref2835#14961; DFPYuanW5-ZhuIn-BFW@xref3546#14961; DFPYuanW5-ZhuIn-BFW@xref372#14961; DFPYuanW5-ZhuIn-BFW@xref4603#14961,v3.7：由 v3.6 已解碼 TTF 注音元件的實際 glyf 輪廓建立；相同正規化輪廓 signature 僅在所有來源讀音一致時啟用。,執行期 exact normalized outline signature only；不使用中文字、詞義、句境或字典預期音；signature 衝突即不納入。
a5e4e0e9932f7c596883e1299e23521be49f6db0,ㄐㄧㄢ,9,DFPBiaoKai-W5-ZhuIn-BFW@xref1279#14960; DFPBiaoKai-W5-ZhuIn-BFW@xref2206#14960; DFPBiaoKai-W5-ZhuIn-BFW@xref2802#14960; DFPBiaoKai-W5-ZhuIn-BFW@xref308#14960; DFPBiaoKai-W5-ZhuIn-BFW@xref3276#14960; DFPBiaoKai-W5-ZhuIn-BFW@xref3372#14960; DFPBiaoKai-W5-ZhuIn-BFW@xref4404#14960; DFPBiaoKai-W5-ZhuIn-BFW@xref5004#14960; DFPBiaoKai-W5-ZhuIn-BFW@xref5643#14960,v3.7：由 v3.6 已解碼 TTF 注音元件的實際 glyf 輪廓建立；相同正規化輪廓 signature 僅在所有來源讀音一致時啟用。,執行期 exact normalized outline signature only；不使用中文字、詞義、句境或字典預期音；signature 衝突即不納入。
1c3312eb6996c556f530c2274ebe47d4c0987306,ㄐㄧㄢˇ,4,DFPYuanW5-ZhuIn-BFW@xref1770#14963; DFPYuanW5-ZhuIn-BFW@xref3546#14963; DFPYuanW5-ZhuIn-BFW@xref372#14963; DFPYuanW5-ZhuIn-BFW@xref5574#14963,v3.7：由 v3.6 已解碼 TTF 注音元件的實際 glyf 輪廓建立；相同正規化輪廓 signature 僅在所有來源讀音一致時啟用。,執行期 exact normalized outline signature only；不使用中文字、詞義、句境或字典預期音；signature 衝突即不納入。
7f117668509f54bdc3ef8a6e2da68430ed3ccb45,ㄐㄧㄢˇ,3,DFPBiaoKai-W5-ZhuIn-BFW@xref1279#14962; DFPBiaoKai-W5-ZhuIn-BFW@xref308#14962; DFPBiaoKai-W5-ZhuIn-BFW@xref5004#14962,v3.7：由 v3.6 已解碼 TTF 注音元件的實際 glyf 輪廓建立；相同正規化輪廓 signature 僅在所有來源讀音一致時啟用。,執行期 exact normalized outline signature only；不使用中文字、詞義、句境或字典預期音；signature 衝突即不納入。
70ff2f878fafc6adb0c32916fd7ff2ea17d569e6,ㄐㄧㄢˋ,3,DFPYuanW5-ZhuIn-BFW@xref1349#14962; DFPYuanW5-ZhuIn-BFW@xref5159#14962; DFPYuanW5-ZhuIn-BFW@xref5574#14962,v3.7：由 v3.6 已解碼 TTF 注音元件的實際 glyf 輪廓建立；相同正規化輪廓 signature 僅在所有來源讀音一致時啟用。,執行期 exact normalized outline signature only；不使用中文字、詞義、句境或字典預期音；signature 衝突即不納入。
a71fbf0f3710eeab33acccdaaf3e001e5cc3d15d,ㄐㄧㄢˋ,1,DFPWaWa-W5-ZhuIn-BFW@xref49#14961,v3.7：由 v3.6 已解碼 TTF 注音元件的實際 glyf 輪廓建立；相同正規化輪廓 signature 僅在所有來源讀音一致時啟用。,執行期 exact normalized outline signature only；不使用中文字、詞義、句境或字典預期音；signature 衝突即不納入。
fb2011c3e6f157fd9baffb617ca4d7d93d7dd671,ㄐㄧㄢˋ,8,DFPBiaoKai-W5-ZhuIn-BFW@xref1279#14961; DFPBiaoKai-W5-ZhuIn-BFW@xref1731#14961; DFPBiaoKai-W5-ZhuIn-BFW@xref2206#14961; DFPBiaoKai-W5-ZhuIn-BFW@xref308#14961; DFPBiaoKai-W5-ZhuIn-BFW@xref4404#14961; DFPBiaoKai-W5-ZhuIn-BFW@xref5004#14961; DFPBiaoKai-W5-ZhuIn-BFW@xref5643#14961; DFPBiaoKai-W5-ZhuIn-BFW@xref846#14961,v3.7：由 v3.6 已解碼 TTF 注音元件的實際 glyf 輪廓建立；相同正規化輪廓 signature 僅在所有來源讀音一致時啟用。,執行期 exact normalized outline signature only；不使用中文字、詞義、句境或字典預期音；signature 衝突即不納入。
a2657ce354f9ca48a52efefc2160a1476405e05d,ㄐㄧㄣ,1,DFPYuanW5-ZhuIn-BFW@xref5159#14964,v3.7：由 v3.6 已解碼 TTF 注音元件的實際 glyf 輪廓建立；相同正規化輪廓 signature 僅在所有來源讀音一致時啟用。,執行期 exact normalized outline signature only；不使用中文字、詞義、句境或字典預期音；signature 衝突即不納入。
ba06ca34a788401e4a1542a059c87f9d4a10e378,ㄐㄧㄣ,6,DFPBiaoKai-W5-ZhuIn-BFW@xref1279#14963; DFPBiaoKai-W5-ZhuIn-BFW@xref2206#14963; DFPBiaoKai-W5-ZhuIn-BFW@xref308#14963; DFPBiaoKai-W5-ZhuIn-BFW@xref4404#14963; DFPBiaoKai-W5-ZhuIn-BFW@xref5004#14963; DFPBiaoKai-W5-ZhuIn-BFW@xref5643#14963,v3.7：由 v3.6 已解碼 TTF 注音元件的實際 glyf 輪廓建立；相同正規化輪廓 signature 僅在所有來源讀音一致時啟用。,執行期 exact normalized outline signature only；不使用中文字、詞義、句境或字典預期音；signature 衝突即不納入。
f4b4827af87953f39dfb73f39775e8688879b3f7,ㄐㄧㄣˇ,3,DFPBiaoKai-W5-ZhuIn-BFW@xref2206#14965; DFPBiaoKai-W5-ZhuIn-BFW@xref308#14965; DFPBiaoKai-W5-ZhuIn-BFW@xref5004#14965,v3.7：由 v3.6 已解碼 TTF 注音元件的實際 glyf 輪廓建立；相同正規化輪廓 signature 僅在所有來源讀音一致時啟用。,執行期 exact normalized outline signature only；不使用中文字、詞義、句境或字典預期音；signature 衝突即不納入。
6c3c06189af8b8f5e9f3b501315474f94fa52772,ㄐㄧㄣˋ,6,DFPYuanW5-ZhuIn-BFW@xref1349#14965; DFPYuanW5-ZhuIn-BFW@xref1770#14965; DFPYuanW5-ZhuIn-BFW@xref2450#14965; DFPYuanW5-ZhuIn-BFW@xref2835#14965; DFPYuanW5-ZhuIn-BFW@xref3546#14965; DFPYuanW5-ZhuIn-BFW@xref4603#14965,v3.7：由 v3.6 已解碼 TTF 注音元件的實際 glyf 輪廓建立；相同正規化輪廓 signature 僅在所有來源讀音一致時啟用。,執行期 exact normalized outline signature only；不使用中文字、詞義、句境或字典預期音；signature 衝突即不納入。
a9bcc0806ffc25129416920638bc4635c77d2941,ㄐㄧㄣˋ,10,DFPBiaoKai-W5-ZhuIn-BFW@xref1279#14964; DFPBiaoKai-W5-ZhuIn-BFW@xref1731#14964; DFPBiaoKai-W5-ZhuIn-BFW@xref2206#14964; DFPBiaoKai-W5-ZhuIn-BFW@xref2802#14964; DFPBiaoKai-W5-ZhuIn-BFW@xref308#14964; DFPBiaoKai-W5-ZhuIn-BFW@xref3276#14964; DFPBiaoKai-W5-ZhuIn-BFW@xref3372#14964; DFPBiaoKai-W5-ZhuIn-BFW@xref4404#14964; DFPBiaoKai-W5-ZhuIn-BFW@xref5004#14964; DFPBiaoKai-W5-ZhuIn-BFW@xref846#14964,v3.7：由 v3.6 已解碼 TTF 注音元件的實際 glyf 輪廓建立；相同正規化輪廓 signature 僅在所有來源讀音一致時啟用。,執行期 exact normalized outline signature only；不使用中文字、詞義、句境或字典預期音；signature 衝突即不納入。
8a7e33101fe8b566456ba518dd23a13406353442,ㄐㄧㄤ,9,DFPBiaoKai-W5-ZhuIn-BFW@xref1279#14966; DFPBiaoKai-W5-ZhuIn-BFW@xref1731#14966; DFPBiaoKai-W5-ZhuIn-BFW@xref2206#14966; DFPBiaoKai-W5-ZhuIn-BFW@xref2802#14966; DFPBiaoKai-W5-ZhuIn-BFW@xref308#14966; DFPBiaoKai-W5-ZhuIn-BFW@xref3276#14966; DFPBiaoKai-W5-ZhuIn-BFW@xref4404#14966; DFPBiaoKai-W5-ZhuIn-BFW@xref5004#14966; DFPBiaoKai-W5-ZhuIn-BFW@xref5643#14966,v3.7：由 v3.6 已解碼 TTF 注音元件的實際 glyf 輪廓建立；相同正規化輪廓 signature 僅在所有來源讀音一致時啟用。,執行期 exact normalized outline signature only；不使用中文字、詞義、句境或字典預期音；signature 衝突即不納入。
a185b52e12786c53f35dff6894a8599081b81762,ㄐㄧㄤ,4,DFPYuanW5-ZhuIn-BFW@xref1770#14967; DFPYuanW5-ZhuIn-BFW@xref3391#14967; DFPYuanW5-ZhuIn-BFW@xref3546#14967; DFPYuanW5-ZhuIn-BFW@xref4603#14967,v3.7：由 v3.6 已解碼 TTF 注音元件的實際 glyf 輪廓建立；相同正規化輪廓 signature 僅在所有來源讀音一致時啟用。,執行期 exact normalized outline signature only；不使用中文字、詞義、句境或字典預期音；signature 衝突即不納入。
3b46561008c6afd3c281e5caee62135d7fcaaabb,ㄐㄧㄤˋ,1,DFPBiaoKai-W5-ZhuIn-BFW@xref4404#14967,v3.7：由 v3.6 已解碼 TTF 注音元件的實際 glyf 輪廓建立；相同正規化輪廓 signature 僅在所有來源讀音一致時啟用。,執行期 exact normalized outline signature only；不使用中文字、詞義、句境或字典預期音；signature 衝突即不納入。
65b96651c3fe9995c7ae933b7c7628f31a8e1596,ㄐㄧㄥ,8,DFPBiaoKai-W5-ZhuIn-BFW@xref1279#14969; DFPBiaoKai-W5-ZhuIn-BFW@xref1731#14969; DFPBiaoKai-W5-ZhuIn-BFW@xref2038#14969; DFPBiaoKai-W5-ZhuIn-BFW@xref2206#14969; DFPBiaoKai-W5-ZhuIn-BFW@xref2802#14969; DFPBiaoKai-W5-ZhuIn-BFW@xref308#14969; DFPBiaoKai-W5-ZhuIn-BFW@xref5643#14969; DFPBiaoKai-W5-ZhuIn-BFW@xref846#14969,v3.7：由 v3.6 已解碼 TTF 注音元件的實際 glyf 輪廓建立；相同正規化輪廓 signature 僅在所有來源讀音一致時啟用。,執行期 exact normalized outline signature only；不使用中文字、詞義、句境或字典預期音；signature 衝突即不納入。
8068e18696feb418294dc09f13d97cc6597210d9,ㄐㄧㄥ,6,DFPYuanW5-ZhuIn-BFW@xref1349#14970; DFPYuanW5-ZhuIn-BFW@xref1422#14970; DFPYuanW5-ZhuIn-BFW@xref2450#14970; DFPYuanW5-ZhuIn-BFW@xref2835#14970; DFPYuanW5-ZhuIn-BFW@xref3391#14970; DFPYuanW5-ZhuIn-BFW@xref952#14970,v3.7：由 v3.6 已解碼 TTF 注音元件的實際 glyf 輪廓建立；相同正規化輪廓 signature 僅在所有來源讀音一致時啟用。,執行期 exact normalized outline signature only；不使用中文字、詞義、句境或字典預期音；signature 衝突即不納入。
af0df157cba9125ee9eefe66d4f5f9b828e3250b,ㄐㄧㄥˇ,1,DFPYuanW5-ZhuIn-BFW@xref2450#14972,v3.7：由 v3.6 已解碼 TTF 注音元件的實際 glyf 輪廓建立；相同正規化輪廓 signature 僅在所有來源讀音一致時啟用。,執行期 exact normalized outline signature only；不使用中文字、詞義、句境或字典預期音；signature 衝突即不納入。
c05764e502600348b931c35328cbec85550efa62,ㄐㄧㄥˇ,2,DFPBiaoKai-W5-ZhuIn-BFW@xref2206#14971; DFPBiaoKai-W5-ZhuIn-BFW@xref308#14971,v3.7：由 v3.6 已解碼 TTF 注音元件的實際 glyf 輪廓建立；相同正規化輪廓 signature 僅在所有來源讀音一致時啟用。,執行期 exact normalized outline signature only；不使用中文字、詞義、句境或字典預期音；signature 衝突即不納入。
27cadb9107d9d0992464c2b18d1ea2c6cd8b7b0c,ㄐㄧㄥˋ,3,DFPYuanW5-ZhuIn-BFW@xref1349#14971; DFPYuanW5-ZhuIn-BFW@xref3546#14971; DFPYuanW5-ZhuIn-BFW@xref952#14971,v3.7：由 v3.6 已解碼 TTF 注音元件的實際 glyf 輪廓建立；相同正規化輪廓 signature 僅在所有來源讀音一致時啟用。,執行期 exact normalized outline signature only；不使用中文字、詞義、句境或字典預期音；signature 衝突即不納入。
2a480ca678ebdd9ce6ca4eaf15fd362b98b1942f,ㄐㄧㄥˋ,1,DFHeiPoIn1-Bd-BPMW-BF@xref2459#15013,v3.7：由 v3.6 已解碼 TTF 注音元件的實際 glyf 輪廓建立；相同正規化輪廓 signature 僅在所有來源讀音一致時啟用。,執行期 exact normalized outline signature only；不使用中文字、詞義、句境或字典預期音；signature 衝突即不納入。
c9136c91e93307e72a0708f2eb072c6f0e20fbe4,ㄐㄧㄥˋ,3,DFPBiaoKai-W5-ZhuIn-BFW@xref1279#14970; DFPBiaoKai-W5-ZhuIn-BFW@xref308#14970; DFPBiaoKai-W5-ZhuIn-BFW@xref846#14970,v3.7：由 v3.6 已解碼 TTF 注音元件的實際 glyf 輪廓建立；相同正規化輪廓 signature 僅在所有來源讀音一致時啟用。,執行期 exact normalized outline signature only；不使用中文字、詞義、句境或字典預期音；signature 衝突即不納入。
18649ee2cc3e5317ceff8ba0ebd02de0eaf5360e,ㄐㄩ,1,DFPYuanW5-ZhuIn-BFW@xref1770#14973,v3.7：由 v3.6 已解碼 TTF 注音元件的實際 glyf 輪廓建立；相同正規化輪廓 signature 僅在所有來源讀音一致時啟用。,執行期 exact normalized outline signature only；不使用中文字、詞義、句境或字典預期音；signature 衝突即不納入。
5cc0a30d46c22cdc493cc03427224f242ee14aa4,ㄐㄩ,3,DFPBiaoKai-W5-ZhuIn-BFW@xref1279#14972; DFPBiaoKai-W5-ZhuIn-BFW@xref1731#14972; DFPBiaoKai-W5-ZhuIn-BFW@xref308#14972,v3.7：由 v3.6 已解碼 TTF 注音元件的實際 glyf 輪廓建立；相同正規化輪廓 signature 僅在所有來源讀音一致時啟用。,執行期 exact normalized outline signature only；不使用中文字、詞義、句境或字典預期音；signature 衝突即不納入。
1effa6ede9c3f486fd5b94096e4bd72b27192746,ㄐㄩˇ,5,DFPBiaoKai-W5-ZhuIn-BFW@xref1279#14975; DFPBiaoKai-W5-ZhuIn-BFW@xref2206#14975; DFPBiaoKai-W5-ZhuIn-BFW@xref308#14975; DFPBiaoKai-W5-ZhuIn-BFW@xref4404#14975; DFPBiaoKai-W5-ZhuIn-BFW@xref5004#14975,v3.7：由 v3.6 已解碼 TTF 注音元件的實際 glyf 輪廓建立；相同正規化輪廓 signature 僅在所有來源讀音一致時啟用。,執行期 exact normalized outline signature only；不使用中文字、詞義、句境或字典預期音；signature 衝突即不納入。
bf85b6da9bb46ffb5b3a9fc46ebc95924f56fa61,ㄐㄩˇ,2,DFPYuanW5-ZhuIn-BFW@xref4603#14976; DFPYuanW5-ZhuIn-BFW@xref5159#14976,v3.7：由 v3.6 已解碼 TTF 注音元件的實際 glyf 輪廓建立；相同正規化輪廓 signature 僅在所有來源讀音一致時啟用。,執行期 exact normalized outline signature only；不使用中文字、詞義、句境或字典預期音；signature 衝突即不納入。
4069e9608fb005c51ccdb57b2c3431f380901d86,ㄐㄩˊ,2,DFPBiaoKai-W5-ZhuIn-BFW@xref1279#14973; DFPBiaoKai-W5-ZhuIn-BFW@xref1731#14973,v3.7：由 v3.6 已解碼 TTF 注音元件的實際 glyf 輪廓建立；相同正規化輪廓 signature 僅在所有來源讀音一致時啟用。,執行期 exact normalized outline signature only；不使用中文字、詞義、句境或字典預期音；signature 衝突即不納入。
3f87c163e650edc9dee77ada1aca40bc1a3aded9,ㄐㄩˋ,7,DFPBiaoKai-W5-ZhuIn-BFW@xref1279#14974; DFPBiaoKai-W5-ZhuIn-BFW@xref1731#14974; DFPBiaoKai-W5-ZhuIn-BFW@xref2802#14974; DFPBiaoKai-W5-ZhuIn-BFW@xref3276#14974; DFPBiaoKai-W5-ZhuIn-BFW@xref4404#14974; DFPBiaoKai-W5-ZhuIn-BFW@xref5004#14974; DFPBiaoKai-W5-ZhuIn-BFW@xref5643#14974,v3.7：由 v3.6 已解碼 TTF 注音元件的實際 glyf 輪廓建立；相同正規化輪廓 signature 僅在所有來源讀音一致時啟用。,執行期 exact normalized outline signature only；不使用中文字、詞義、句境或字典預期音；signature 衝突即不納入。
d144126e8309091661d24ced58219cb1198e9ee5,ㄐㄩˋ,4,DFPYuanW5-ZhuIn-BFW@xref1349#14975; DFPYuanW5-ZhuIn-BFW@xref1422#14975; DFPYuanW5-ZhuIn-BFW@xref3546#14975; DFPYuanW5-ZhuIn-BFW@xref952#14975,v3.7：由 v3.6 已解碼 TTF 注音元件的實際 glyf 輪廓建立；相同正規化輪廓 signature 僅在所有來源讀音一致時啟用。,執行期 exact normalized outline signature only；不使用中文字、詞義、句境或字典預期音；signature 衝突即不納入。
0ee169ee84db1d55b079b9828b2ca2a66ff8255e,ㄐㄩㄝˊ,8,DFPBiaoKai-W5-ZhuIn-BFW@xref1279#14977; DFPBiaoKai-W5-ZhuIn-BFW@xref1731#14977; DFPBiaoKai-W5-ZhuIn-BFW@xref2206#14977; DFPBiaoKai-W5-ZhuIn-BFW@xref308#14977; DFPBiaoKai-W5-ZhuIn-BFW@xref4404#14977; DFPBiaoKai-W5-ZhuIn-BFW@xref5004#14977; DFPBiaoKai-W5-ZhuIn-BFW@xref5643#14977; DFPBiaoKai-W5-ZhuIn-BFW@xref846#14977,v3.7：由 v3.6 已解碼 TTF 注音元件的實際 glyf 輪廓建立；相同正規化輪廓 signature 僅在所有來源讀音一致時啟用。,執行期 exact normalized outline signature only；不使用中文字、詞義、句境或字典預期音；signature 衝突即不納入。
b2ce7c291db53ac758123ffff391ba13fca8fdad,ㄐㄩㄝˊ,5,DFPYuanW5-ZhuIn-BFW@xref1770#14978; DFPYuanW5-ZhuIn-BFW@xref3391#14978; DFPYuanW5-ZhuIn-BFW@xref372#14978; DFPYuanW5-ZhuIn-BFW@xref5574#14978; DFPYuanW5-ZhuIn-BFW@xref952#14978,v3.7：由 v3.6 已解碼 TTF 注音元件的實際 glyf 輪廓建立；相同正規化輪廓 signature 僅在所有來源讀音一致時啟用。,執行期 exact normalized outline signature only；不使用中文字、詞義、句境或字典預期音；signature 衝突即不納入。
4004d53b6f8780c076969f58c504d4a2c5187cf9,ㄐㄩㄣ,2,DFPBiaoKai-W5-ZhuIn-BFW@xref1279#14983; DFPBiaoKai-W5-ZhuIn-BFW@xref1731#14983,v3.7：由 v3.6 已解碼 TTF 注音元件的實際 glyf 輪廓建立；相同正規化輪廓 signature 僅在所有來源讀音一致時啟用。,執行期 exact normalized outline signature only；不使用中文字、詞義、句境或字典預期音；signature 衝突即不納入。
db21f867ee34cf05a4562647e98194b7f762fe7e,ㄐㄩㄣˋ,1,DFPBiaoKai-W5-ZhuIn-BFW@xref1279#14984,v3.7：由 v3.6 已解碼 TTF 注音元件的實際 glyf 輪廓建立；相同正規化輪廓 signature 僅在所有來源讀音一致時啟用。,執行期 exact normalized outline signature only；不使用中文字、詞義、句境或字典預期音；signature 衝突即不納入。
7b852525c14ae52def8bc0540e07ffb2df98ce14,ㄑㄧˇ,11,DFPBiaoKai-W5-ZhuIn-BFW@xref1279#14991; DFPBiaoKai-W5-ZhuIn-BFW@xref1731#14991; DFPBiaoKai-W5-ZhuIn-BFW@xref2206#14991; DFPBiaoKai-W5-ZhuIn-BFW@xref2802#14991; DFPBiaoKai-W5-ZhuIn-BFW@xref308#14991; DFPBiaoKai-W5-ZhuIn-BFW@xref3276#14991; DFPBiaoKai-W5-ZhuIn-BFW@xref3372#14991; DFPBiaoKai-W5-ZhuIn-BFW@xref4404#14991; DFPBiaoKai-W5-ZhuIn-BFW@xref5004#14991; DFPBiaoKai-W5-ZhuIn-BFW@xref5643#14991; DFPBiaoKai-W5-ZhuIn-BFW@xref846#14991,v3.7：由 v3.6 已解碼 TTF 注音元件的實際 glyf 輪廓建立；相同正規化輪廓 signature 僅在所有來源讀音一致時啟用。,執行期 exact normalized outline signature only；不使用中文字、詞義、句境或字典預期音；signature 衝突即不納入。
9604ff61fe9e82fd88c585d73f79378f8d066ba0,ㄑㄧˇ,6,DFPYuanW5-ZhuIn-BFW@xref1422#14992; DFPYuanW5-ZhuIn-BFW@xref2835#14992; DFPYuanW5-ZhuIn-BFW@xref3391#14992; DFPYuanW5-ZhuIn-BFW@xref3546#14992; DFPYuanW5-ZhuIn-BFW@xref4603#14992; DFPYuanW5-ZhuIn-BFW@xref952#14992,v3.7：由 v3.6 已解碼 TTF 注音元件的實際 glyf 輪廓建立；相同正規化輪廓 signature 僅在所有來源讀音一致時啟用。,執行期 exact normalized outline signature only；不使用中文字、詞義、句境或字典預期音；signature 衝突即不納入。
8d1145f1714efcf700c08a1cfbb89d09481ea231,ㄑㄧˊ,7,DFPBiaoKai-W5-ZhuIn-BFW@xref1279#14989; DFPBiaoKai-W5-ZhuIn-BFW@xref1731#14989; DFPBiaoKai-W5-ZhuIn-BFW@xref2038#14989; DFPBiaoKai-W5-ZhuIn-BFW@xref2206#14989; DFPBiaoKai-W5-ZhuIn-BFW@xref2802#14989; DFPBiaoKai-W5-ZhuIn-BFW@xref308#14989; DFPBiaoKai-W5-ZhuIn-BFW@xref5643#14989,v3.7：由 v3.6 已解碼 TTF 注音元件的實際 glyf 輪廓建立；相同正規化輪廓 signature 僅在所有來源讀音一致時啟用。,執行期 exact normalized outline signature only；不使用中文字、詞義、句境或字典預期音；signature 衝突即不納入。
e82dfb81ded1aaa15c330432032b0847d96cce17,ㄑㄧˊ,6,DFPYuanW5-ZhuIn-BFW@xref1349#14990; DFPYuanW5-ZhuIn-BFW@xref3546#14990; DFPYuanW5-ZhuIn-BFW@xref372#14990; DFPYuanW5-ZhuIn-BFW@xref4603#14990; DFPYuanW5-ZhuIn-BFW@xref5159#14990; DFPYuanW5-ZhuIn-BFW@xref952#14990,v3.7：由 v3.6 已解碼 TTF 注音元件的實際 glyf 輪廓建立；相同正規化輪廓 signature 僅在所有來源讀音一致時啟用。,執行期 exact normalized outline signature only；不使用中文字、詞義、句境或字典預期音；signature 衝突即不納入。
0c19ed3295b55c622774da2ab6d2abe1f509cd33,ㄑㄧˋ,6,DFPBiaoKai-W5-ZhuIn-BFW@xref1731#14990; DFPBiaoKai-W5-ZhuIn-BFW@xref2206#14990; DFPBiaoKai-W5-ZhuIn-BFW@xref308#14990; DFPBiaoKai-W5-ZhuIn-BFW@xref3276#14990; DFPBiaoKai-W5-ZhuIn-BFW@xref5643#14990; DFPBiaoKai-W5-ZhuIn-BFW@xref846#14990,v3.7：由 v3.6 已解碼 TTF 注音元件的實際 glyf 輪廓建立；相同正規化輪廓 signature 僅在所有來源讀音一致時啟用。,執行期 exact normalized outline signature only；不使用中文字、詞義、句境或字典預期音；signature 衝突即不納入。
6e2c2ce79bb62c248412c5756a38af6a863f8e2a,ㄑㄧˋ,4,DFPYuanW5-ZhuIn-BFW@xref1349#14991; DFPYuanW5-ZhuIn-BFW@xref5159#14991; DFPYuanW5-ZhuIn-BFW@xref5574#14991; DFPYuanW5-ZhuIn-BFW@xref952#14991,v3.7：由 v3.6 已解碼 TTF 注音元件的實際 glyf 輪廓建立；相同正規化輪廓 signature 僅在所有來源讀音一致時啟用。,執行期 exact normalized outline signature only；不使用中文字、詞義、句境或字典預期音；signature 衝突即不納入。
1272199efa80a3eadbaeb4b1891cef9e841f3e15,ㄑㄧㄚˋ,1,DFPBiaoKai-W5-ZhuIn-BFW@xref846#14994,v3.7：由 v3.6 已解碼 TTF 注音元件的實際 glyf 輪廓建立；相同正規化輪廓 signature 僅在所有來源讀音一致時啟用。,執行期 exact normalized outline signature only；不使用中文字、詞義、句境或字典預期音；signature 衝突即不納入。
24ebe9fdecbfd1f3626cab2066af32fc6d382c4f,ㄑㄧㄝˇ,2,DFPBiaoKai-W5-ZhuIn-BFW@xref2206#14999; DFPBiaoKai-W5-ZhuIn-BFW@xref846#14999,v3.7：由 v3.6 已解碼 TTF 注音元件的實際 glyf 輪廓建立；相同正規化輪廓 signature 僅在所有來源讀音一致時啟用。,執行期 exact normalized outline signature only；不使用中文字、詞義、句境或字典預期音；signature 衝突即不納入。
1bfa8284eef30dcfe9590cdec88da4d13c0a6981,ㄑㄧㄝˊ,1,DFPYuanW5-ZhuIn-BFW@xref1770#14998,v3.7：由 v3.6 已解碼 TTF 注音元件的實際 glyf 輪廓建立；相同正規化輪廓 signature 僅在所有來源讀音一致時啟用。,執行期 exact normalized outline signature only；不使用中文字、詞義、句境或字典預期音；signature 衝突即不納入。
ecd24dcabc3d7ed573a17522f740e6a77419cb3c,ㄑㄧㄠˇ,1,DFPBiaoKai-W5-ZhuIn-BFW@xref4404#15003,v3.7：由 v3.6 已解碼 TTF 注音元件的實際 glyf 輪廓建立；相同正規化輪廓 signature 僅在所有來源讀音一致時啟用。,執行期 exact normalized outline signature only；不使用中文字、詞義、句境或字典預期音；signature 衝突即不納入。
83d15eae764ab354bd438b8efd3e9713b9894588,ㄑㄧㄠˋ,1,DFPYuanW5-PoIn1-BFW@xref2452#15003,v3.7：由 v3.6 已解碼 TTF 注音元件的實際 glyf 輪廓建立；相同正規化輪廓 signature 僅在所有來源讀音一致時啟用。,執行期 exact normalized outline signature only；不使用中文字、詞義、句境或字典預期音；signature 衝突即不納入。
ace59a903efc92c9878cce87100a5f07046db61a,ㄑㄧㄠˋ,1,DFPBiaoKai-W5-ZhuIn-BFW@xref2206#15002,v3.7：由 v3.6 已解碼 TTF 注音元件的實際 glyf 輪廓建立；相同正規化輪廓 signature 僅在所有來源讀音一致時啟用。,執行期 exact normalized outline signature only；不使用中文字、詞義、句境或字典預期音；signature 衝突即不納入。
238c23accf36e112f391e8803f55441bb31c42af,ㄑㄧㄡ,1,DFPBiaoKai-W5-ZhuIn-BFW@xref1279#15004,v3.7：由 v3.6 已解碼 TTF 注音元件的實際 glyf 輪廓建立；相同正規化輪廓 signature 僅在所有來源讀音一致時啟用。,執行期 exact normalized outline signature only；不使用中文字、詞義、句境或字典預期音；signature 衝突即不納入。
9e93e3590c0ad34be133e4e578739e19f0b3f68b,ㄑㄧㄡˊ,5,DFPYuanW5-ZhuIn-BFW@xref2450#15006; DFPYuanW5-ZhuIn-BFW@xref3391#15006; DFPYuanW5-ZhuIn-BFW@xref3546#15006; DFPYuanW5-ZhuIn-BFW@xref4603#15006; DFPYuanW5-ZhuIn-BFW@xref5574#15006,v3.7：由 v3.6 已解碼 TTF 注音元件的實際 glyf 輪廓建立；相同正規化輪廓 signature 僅在所有來源讀音一致時啟用。,執行期 exact normalized outline signature only；不使用中文字、詞義、句境或字典預期音；signature 衝突即不納入。
e912995045e80cd3845d62c186cd45c9c0b247d7,ㄑㄧㄡˊ,6,DFPBiaoKai-W5-ZhuIn-BFW@xref1731#15005; DFPBiaoKai-W5-ZhuIn-BFW@xref2206#15005; DFPBiaoKai-W5-ZhuIn-BFW@xref308#15005; DFPBiaoKai-W5-ZhuIn-BFW@xref3276#15005; DFPBiaoKai-W5-ZhuIn-BFW@xref4404#15005; DFPBiaoKai-W5-ZhuIn-BFW@xref846#15005,v3.7：由 v3.6 已解碼 TTF 注音元件的實際 glyf 輪廓建立；相同正規化輪廓 signature 僅在所有來源讀音一致時啟用。,執行期 exact normalized outline signature only；不使用中文字、詞義、句境或字典預期音；signature 衝突即不納入。
5793bc61a0dfc7c307358c2d1770ff8a12a34a17,ㄑㄧㄢ,1,DFPYuanW5-ZhuIn-BFW@xref372#15008,v3.7：由 v3.6 已解碼 TTF 注音元件的實際 glyf 輪廓建立；相同正規化輪廓 signature 僅在所有來源讀音一致時啟用。,執行期 exact normalized outline signature only；不使用中文字、詞義、句境或字典預期音；signature 衝突即不納入。
584182a42ff78ee4e0af9baa07ed163b872990df,ㄑㄧㄢ,2,DFPBiaoKai-W5-ZhuIn-BFW@xref1064#15007; DFPBiaoKai-W5-ZhuIn-BFW@xref308#15007,v3.7：由 v3.6 已解碼 TTF 注音元件的實際 glyf 輪廓建立；相同正規化輪廓 signature 僅在所有來源讀音一致時啟用。,執行期 exact normalized outline signature only；不使用中文字、詞義、句境或字典預期音；signature 衝突即不納入。
0e5d818536fcf6168bef3148f8f1400c1df48319,ㄑㄧㄢˊ,1,DFHeiPoIn1-Bd-BPMW-BF@xref5411#15051,v3.7：由 v3.6 已解碼 TTF 注音元件的實際 glyf 輪廓建立；相同正規化輪廓 signature 僅在所有來源讀音一致時啟用。,執行期 exact normalized outline signature only；不使用中文字、詞義、句境或字典預期音；signature 衝突即不納入。
a2ee2fbedd6a98efcb3143326bc3e871c3e84274,ㄑㄧㄢˊ,9,DFPYuanW5-PoIn1-BFW@xref5202#15009; DFPYuanW5-ZhuIn-BFW@xref1349#15009; DFPYuanW5-ZhuIn-BFW@xref2450#15009; DFPYuanW5-ZhuIn-BFW@xref2835#15009; DFPYuanW5-ZhuIn-BFW@xref3391#15009; DFPYuanW5-ZhuIn-BFW@xref3546#15009; DFPYuanW5-ZhuIn-BFW@xref372#15009; DFPYuanW5-ZhuIn-BFW@xref4603#15009; DFPYuanW5-ZhuIn-BFW@xref5159#15009,v3.7：由 v3.6 已解碼 TTF 注音元件的實際 glyf 輪廓建立；相同正規化輪廓 signature 僅在所有來源讀音一致時啟用。,執行期 exact normalized outline signature only；不使用中文字、詞義、句境或字典預期音；signature 衝突即不納入。
e8f8bcf1980bb1ee20b05d27d22ad6782a8d9405,ㄑㄧㄢˊ,8,DFPBiaoKai-W5-ZhuIn-BFW@xref1279#15008; DFPBiaoKai-W5-ZhuIn-BFW@xref2206#15008; DFPBiaoKai-W5-ZhuIn-BFW@xref2802#15008; DFPBiaoKai-W5-ZhuIn-BFW@xref308#15008; DFPBiaoKai-W5-ZhuIn-BFW@xref3276#15008; DFPBiaoKai-W5-ZhuIn-BFW@xref3372#15008; DFPBiaoKai-W5-ZhuIn-BFW@xref4404#15008; DFPBiaoKai-W5-ZhuIn-BFW@xref5004#15008,v3.7：由 v3.6 已解碼 TTF 注音元件的實際 glyf 輪廓建立；相同正規化輪廓 signature 僅在所有來源讀音一致時啟用。,執行期 exact normalized outline signature only；不使用中文字、詞義、句境或字典預期音；signature 衝突即不納入。
5fe05bb013e1925a0ccb9ea352a86f9f7dfdca76,ㄑㄧㄢˋ,1,DFPYuanW5-ZhuIn-BFW@xref952#15010,v3.7：由 v3.6 已解碼 TTF 注音元件的實際 glyf 輪廓建立；相同正規化輪廓 signature 僅在所有來源讀音一致時啟用。,執行期 exact normalized outline signature only；不使用中文字、詞義、句境或字典預期音；signature 衝突即不納入。
bd714d3ff0a4a89537a6e5c35f3a59c4e7221039,ㄑㄧㄢˋ,1,DFPBiaoKai-W5-ZhuIn-BFW@xref846#15009,v3.7：由 v3.6 已解碼 TTF 注音元件的實際 glyf 輪廓建立；相同正規化輪廓 signature 僅在所有來源讀音一致時啟用。,執行期 exact normalized outline signature only；不使用中文字、詞義、句境或字典預期音；signature 衝突即不納入。
80ef258d930ab95127132ec2f357759b0e2be928,ㄑㄧㄣ,2,DFPBiaoKai-W5-ZhuIn-BFW@xref1279#15011; DFPBiaoKai-W5-ZhuIn-BFW@xref308#15011,v3.7：由 v3.6 已解碼 TTF 注音元件的實際 glyf 輪廓建立；相同正規化輪廓 signature 僅在所有來源讀音一致時啟用。,執行期 exact normalized outline signature only；不使用中文字、詞義、句境或字典預期音；signature 衝突即不納入。
4b6df12300d3b3cb75b383f84c6d90c39da42562,ㄑㄧㄣˊ,2,DFPBiaoKai-W5-ZhuIn-BFW@xref1279#15012; DFPBiaoKai-W5-ZhuIn-BFW@xref5643#15012,v3.7：由 v3.6 已解碼 TTF 注音元件的實際 glyf 輪廓建立；相同正規化輪廓 signature 僅在所有來源讀音一致時啟用。,執行期 exact normalized outline signature only；不使用中文字、詞義、句境或字典預期音；signature 衝突即不納入。
93a2fc8cdadbf1c588b23ec7a08347955983f6f8,ㄑㄧㄤ,1,DFPYuanW5-ZhuIn-BFW@xref2450#15016,v3.7：由 v3.6 已解碼 TTF 注音元件的實際 glyf 輪廓建立；相同正規化輪廓 signature 僅在所有來源讀音一致時啟用。,執行期 exact normalized outline signature only；不使用中文字、詞義、句境或字典預期音；signature 衝突即不納入。
52b513e6d1fe3e4086092d17bb407438057778af,ㄑㄧㄤˇ,1,DFPYuanW5-ZhuIn-BFW@xref952#15019,v3.7：由 v3.6 已解碼 TTF 注音元件的實際 glyf 輪廓建立；相同正規化輪廓 signature 僅在所有來源讀音一致時啟用。,執行期 exact normalized outline signature only；不使用中文字、詞義、句境或字典預期音；signature 衝突即不納入。
8806095c77c50e88e695d17972399102f279e53b,ㄑㄧㄤˇ,1,DFPBiaoKai-W5-ZhuIn-BFW@xref4404#15018,v3.7：由 v3.6 已解碼 TTF 注音元件的實際 glyf 輪廓建立；相同正規化輪廓 signature 僅在所有來源讀音一致時啟用。,執行期 exact normalized outline signature only；不使用中文字、詞義、句境或字典預期音；signature 衝突即不納入。
eca56b5e8315c8af21efdcd7d54963e355bd2976,ㄑㄧㄤˊ,1,DFPYuanW5-ZhuIn-BFW@xref1349#15017,v3.7：由 v3.6 已解碼 TTF 注音元件的實際 glyf 輪廓建立；相同正規化輪廓 signature 僅在所有來源讀音一致時啟用。,執行期 exact normalized outline signature only；不使用中文字、詞義、句境或字典預期音；signature 衝突即不納入。
efc78b119e0021029e1baee53bf3991ed2e13443,ㄑㄧㄤˊ,3,DFPBiaoKai-W5-ZhuIn-BFW@xref2206#15016; DFPBiaoKai-W5-ZhuIn-BFW@xref308#15016; DFPBiaoKai-W5-ZhuIn-BFW@xref5004#15016,v3.7：由 v3.6 已解碼 TTF 注音元件的實際 glyf 輪廓建立；相同正規化輪廓 signature 僅在所有來源讀音一致時啟用。,執行期 exact normalized outline signature only；不使用中文字、詞義、句境或字典預期音；signature 衝突即不納入。
4d4c6cf57931d11862cc952dd64f5184a0b21202,ㄑㄧㄥ,2,DFPYuanW5-ZhuIn-BFW@xref1349#15020; DFPYuanW5-ZhuIn-BFW@xref2835#15020,v3.7：由 v3.6 已解碼 TTF 注音元件的實際 glyf 輪廓建立；相同正規化輪廓 signature 僅在所有來源讀音一致時啟用。,執行期 exact normalized outline signature only；不使用中文字、詞義、句境或字典預期音；signature 衝突即不納入。
784f3a2f65581a97ea6c0587c36834c9b8717350,ㄑㄧㄥ,4,DFPBiaoKai-W5-ZhuIn-BFW@xref1064#15019; DFPBiaoKai-W5-ZhuIn-BFW@xref1279#15019; DFPBiaoKai-W5-ZhuIn-BFW@xref308#15019; DFPBiaoKai-W5-ZhuIn-BFW@xref5004#15019,v3.7：由 v3.6 已解碼 TTF 注音元件的實際 glyf 輪廓建立；相同正規化輪廓 signature 僅在所有來源讀音一致時啟用。,執行期 exact normalized outline signature only；不使用中文字、詞義、句境或字典預期音；signature 衝突即不納入。
06429a61b0c41e2ca0313f2feea7efde08d49339,ㄑㄧㄥˇ,6,DFPYuanW5-ZhuIn-BFW@xref1349#15023; DFPYuanW5-ZhuIn-BFW@xref1770#15023; DFPYuanW5-ZhuIn-BFW@xref2450#15023; DFPYuanW5-ZhuIn-BFW@xref2835#15023; DFPYuanW5-ZhuIn-BFW@xref372#15023; DFPYuanW5-ZhuIn-BFW@xref952#15023,v3.7：由 v3.6 已解碼 TTF 注音元件的實際 glyf 輪廓建立；相同正規化輪廓 signature 僅在所有來源讀音一致時啟用。,執行期 exact normalized outline signature only；不使用中文字、詞義、句境或字典預期音；signature 衝突即不納入。
eac63c149eac63d87f0485fbef162a13741275c0,ㄑㄧㄥˇ,9,DFPBiaoKai-W5-ZhuIn-BFW@xref1064#15022; DFPBiaoKai-W5-ZhuIn-BFW@xref1279#15022; DFPBiaoKai-W5-ZhuIn-BFW@xref2206#15022; DFPBiaoKai-W5-ZhuIn-BFW@xref2802#15022; DFPBiaoKai-W5-ZhuIn-BFW@xref308#15022; DFPBiaoKai-W5-ZhuIn-BFW@xref4404#15022; DFPBiaoKai-W5-ZhuIn-BFW@xref5004#15022; DFPBiaoKai-W5-ZhuIn-BFW@xref5643#15022; DFPBiaoKai-W5-ZhuIn-BFW@xref846#15022,v3.7：由 v3.6 已解碼 TTF 注音元件的實際 glyf 輪廓建立；相同正規化輪廓 signature 僅在所有來源讀音一致時啟用。,執行期 exact normalized outline signature only；不使用中文字、詞義、句境或字典預期音；signature 衝突即不納入。
01787174ae91936270eb546f7365f3b08c01fa77,ㄑㄧㄥˊ,6,DFPBiaoKai-W5-ZhuIn-BFW@xref1064#15020; DFPBiaoKai-W5-ZhuIn-BFW@xref1279#15020; DFPBiaoKai-W5-ZhuIn-BFW@xref2206#15020; DFPBiaoKai-W5-ZhuIn-BFW@xref308#15020; DFPBiaoKai-W5-ZhuIn-BFW@xref3276#15020; DFPBiaoKai-W5-ZhuIn-BFW@xref846#15020,v3.7：由 v3.6 已解碼 TTF 注音元件的實際 glyf 輪廓建立；相同正規化輪廓 signature 僅在所有來源讀音一致時啟用。,執行期 exact normalized outline signature only；不使用中文字、詞義、句境或字典預期音；signature 衝突即不納入。
bf88849e91ec2d17d6eeb5bdb2a2ace90853d813,ㄑㄧㄥˊ,1,DFPYuanW5-ZhuIn-BFW@xref952#15021,v3.7：由 v3.6 已解碼 TTF 注音元件的實際 glyf 輪廓建立；相同正規化輪廓 signature 僅在所有來源讀音一致時啟用。,執行期 exact normalized outline signature only；不使用中文字、詞義、句境或字典預期音；signature 衝突即不納入。
a928d51a34ad39584554a786dcd942a36b926d75,ㄑㄩ,5,DFPBiaoKai-W5-ZhuIn-BFW@xref1279#15023; DFPBiaoKai-W5-ZhuIn-BFW@xref2206#15023; DFPBiaoKai-W5-ZhuIn-BFW@xref2802#15023; DFPBiaoKai-W5-ZhuIn-BFW@xref3276#15023; DFPBiaoKai-W5-ZhuIn-BFW@xref4404#15023,v3.7：由 v3.6 已解碼 TTF 注音元件的實際 glyf 輪廓建立；相同正規化輪廓 signature 僅在所有來源讀音一致時啟用。,執行期 exact normalized outline signature only；不使用中文字、詞義、句境或字典預期音；signature 衝突即不納入。
b8d63069c9a6743ee4842d5b4e18cf53ffd1ac8a,ㄑㄩ,4,DFPYuanW5-ZhuIn-BFW@xref1770#15024; DFPYuanW5-ZhuIn-BFW@xref2835#15024; DFPYuanW5-ZhuIn-BFW@xref3546#15024; DFPYuanW5-ZhuIn-BFW@xref4603#15024,v3.7：由 v3.6 已解碼 TTF 注音元件的實際 glyf 輪廓建立；相同正規化輪廓 signature 僅在所有來源讀音一致時啟用。,執行期 exact normalized outline signature only；不使用中文字、詞義、句境或字典預期音；signature 衝突即不納入。
918a0484c2dbb0a502ed2aabf95e099fab735017,ㄑㄩˇ,1,DFPBiaoKai-W5-ZhuIn-BFW@xref1279#15026,v3.7：由 v3.6 已解碼 TTF 注音元件的實際 glyf 輪廓建立；相同正規化輪廓 signature 僅在所有來源讀音一致時啟用。,執行期 exact normalized outline signature only；不使用中文字、詞義、句境或字典預期音；signature 衝突即不納入。
972136fde5c0643e6123261f0eda6da3f0f71be5,ㄑㄩˇ,1,DFPYuanW5-ZhuIn-BFW@xref3546#15027,v3.7：由 v3.6 已解碼 TTF 注音元件的實際 glyf 輪廓建立；相同正規化輪廓 signature 僅在所有來源讀音一致時啟用。,執行期 exact normalized outline signature only；不使用中文字、詞義、句境或字典預期音；signature 衝突即不納入。
137d3ffee7ed096b91a18b30d3404c06f1def672,ㄑㄩˋ,2,DFPYuanW5-ZhuIn-BFW@xref3546#15026; DFPYuanW5-ZhuIn-BFW@xref952#15026,v3.7：由 v3.6 已解碼 TTF 注音元件的實際 glyf 輪廓建立；相同正規化輪廓 signature 僅在所有來源讀音一致時啟用。,執行期 exact normalized outline signature only；不使用中文字、詞義、句境或字典預期音；signature 衝突即不納入。
201fc934eb09cc595d46487d31c3dd747d8de548,ㄑㄩˋ,6,DFPBiaoKai-W5-ZhuIn-BFW@xref1279#15025; DFPBiaoKai-W5-ZhuIn-BFW@xref2206#15025; DFPBiaoKai-W5-ZhuIn-BFW@xref308#15025; DFPBiaoKai-W5-ZhuIn-BFW@xref3276#15025; DFPBiaoKai-W5-ZhuIn-BFW@xref4404#15025; DFPBiaoKai-W5-ZhuIn-BFW@xref846#15025,v3.7：由 v3.6 已解碼 TTF 注音元件的實際 glyf 輪廓建立；相同正規化輪廓 signature 僅在所有來源讀音一致時啟用。,執行期 exact normalized outline signature only；不使用中文字、詞義、句境或字典預期音；signature 衝突即不納入。
76e0a234a9cd731802c24f186931d8beb5ce9e6c,ㄑㄩㄝˋ,5,DFPBiaoKai-W5-ZhuIn-BFW@xref2206#15029; DFPBiaoKai-W5-ZhuIn-BFW@xref308#15029; DFPBiaoKai-W5-ZhuIn-BFW@xref3276#15029; DFPBiaoKai-W5-ZhuIn-BFW@xref4404#15029; DFPBiaoKai-W5-ZhuIn-BFW@xref846#15029,v3.7：由 v3.6 已解碼 TTF 注音元件的實際 glyf 輪廓建立；相同正規化輪廓 signature 僅在所有來源讀音一致時啟用。,執行期 exact normalized outline signature only；不使用中文字、詞義、句境或字典預期音；signature 衝突即不納入。
8f8814474ffb138f24162b3275ac7ea278b85102,ㄑㄩㄝˋ,1,DFPYuanW5-ZhuIn-BFW@xref2835#15030,v3.7：由 v3.6 已解碼 TTF 注音元件的實際 glyf 輪廓建立；相同正規化輪廓 signature 僅在所有來源讀音一致時啟用。,執行期 exact normalized outline signature only；不使用中文字、詞義、句境或字典預期音；signature 衝突即不納入。
c2a3899d7a3ba26d47f47d554b6d0f5b278571d3,ㄑㄩㄢ,2,DFPYuanW5-ZhuIn-BFW@xref2450#15031; DFPYuanW5-ZhuIn-BFW@xref5574#15031,v3.7：由 v3.6 已解碼 TTF 注音元件的實際 glyf 輪廓建立；相同正規化輪廓 signature 僅在所有來源讀音一致時啟用。,執行期 exact normalized outline signature only；不使用中文字、詞義、句境或字典預期音；signature 衝突即不納入。
d378ff77536e31dce2a3bcb6cfb128cf64d9e6b3,ㄑㄩㄢ,1,DFPBiaoKai-W5-ZhuIn-BFW@xref5004#15030,v3.7：由 v3.6 已解碼 TTF 注音元件的實際 glyf 輪廓建立；相同正規化輪廓 signature 僅在所有來源讀音一致時啟用。,執行期 exact normalized outline signature only；不使用中文字、詞義、句境或字典預期音；signature 衝突即不納入。
110f7f66da77013b3df4e283c5d35da393480a5e,ㄑㄩㄢˊ,7,DFPBiaoKai-W5-ZhuIn-BFW@xref1279#15031; DFPBiaoKai-W5-ZhuIn-BFW@xref1731#15031; DFPBiaoKai-W5-ZhuIn-BFW@xref2038#15031; DFPBiaoKai-W5-ZhuIn-BFW@xref2206#15031; DFPBiaoKai-W5-ZhuIn-BFW@xref308#15031; DFPBiaoKai-W5-ZhuIn-BFW@xref4404#15031; DFPBiaoKai-W5-ZhuIn-BFW@xref5643#15031,v3.7：由 v3.6 已解碼 TTF 注音元件的實際 glyf 輪廓建立；相同正規化輪廓 signature 僅在所有來源讀音一致時啟用。,執行期 exact normalized outline signature only；不使用中文字、詞義、句境或字典預期音；signature 衝突即不納入。
c01127ca771f06a567d36467a56e841aada365c4,ㄑㄩㄢˊ,7,DFPYuanW5-ZhuIn-BFW@xref1770#15032; DFPYuanW5-ZhuIn-BFW@xref2040#15032; DFPYuanW5-ZhuIn-BFW@xref2835#15032; DFPYuanW5-ZhuIn-BFW@xref3391#15032; DFPYuanW5-ZhuIn-BFW@xref4603#15032; DFPYuanW5-ZhuIn-BFW@xref5159#15032; DFPYuanW5-ZhuIn-BFW@xref5574#15032,v3.7：由 v3.6 已解碼 TTF 注音元件的實際 glyf 輪廓建立；相同正規化輪廓 signature 僅在所有來源讀音一致時啟用。,執行期 exact normalized outline signature only；不使用中文字、詞義、句境或字典預期音；signature 衝突即不納入。
05164bedeb324bd69106d451d751fb169c5d9013,ㄑㄩㄣˊ,2,DFPYuanW5-ZhuIn-BFW@xref1349#15036; DFPYuanW5-ZhuIn-BFW@xref2835#15036,v3.7：由 v3.6 已解碼 TTF 注音元件的實際 glyf 輪廓建立；相同正規化輪廓 signature 僅在所有來源讀音一致時啟用。,執行期 exact normalized outline signature only；不使用中文字、詞義、句境或字典預期音；signature 衝突即不納入。
460ad233976722b080322a4e9254c11c47bca9e9,ㄒㄧ,3,DFPBiaoKai-W5-ZhuIn-BFW@xref1064#15038; DFPBiaoKai-W5-ZhuIn-BFW@xref308#15038; DFPBiaoKai-W5-ZhuIn-BFW@xref846#15038,v3.7：由 v3.6 已解碼 TTF 注音元件的實際 glyf 輪廓建立；相同正規化輪廓 signature 僅在所有來源讀音一致時啟用。,執行期 exact normalized outline signature only；不使用中文字、詞義、句境或字典預期音；signature 衝突即不納入。
f79d8f5380999b1b142df385eb596881e79fd108,ㄒㄧ,2,DFPYuanW5-ZhuIn-BFW@xref1770#15039; DFPYuanW5-ZhuIn-BFW@xref2450#15039,v3.7：由 v3.6 已解碼 TTF 注音元件的實際 glyf 輪廓建立；相同正規化輪廓 signature 僅在所有來源讀音一致時啟用。,執行期 exact normalized outline signature only；不使用中文字、詞義、句境或字典預期音；signature 衝突即不納入。
ab7665b91cd1657df9c6a09a6129120e170b9ba6,ㄒㄧˇ,2,DFPYuanW5-ZhuIn-BFW@xref1349#15042; DFPYuanW5-ZhuIn-BFW@xref372#15042,v3.7：由 v3.6 已解碼 TTF 注音元件的實際 glyf 輪廓建立；相同正規化輪廓 signature 僅在所有來源讀音一致時啟用。,執行期 exact normalized outline signature only；不使用中文字、詞義、句境或字典預期音；signature 衝突即不納入。
bca57b76fd1144c4536facf1fdc35c94c49438bf,ㄒㄧˇ,4,DFPBiaoKai-W5-ZhuIn-BFW@xref1279#15041; DFPBiaoKai-W5-ZhuIn-BFW@xref1731#15041; DFPBiaoKai-W5-ZhuIn-BFW@xref5004#15041; DFPBiaoKai-W5-ZhuIn-BFW@xref846#15041,v3.7：由 v3.6 已解碼 TTF 注音元件的實際 glyf 輪廓建立；相同正規化輪廓 signature 僅在所有來源讀音一致時啟用。,執行期 exact normalized outline signature only；不使用中文字、詞義、句境或字典預期音；signature 衝突即不納入。
bfd0f0610da1f9b7bf01118c649c731b7e7e2940,ㄒㄧˊ,7,DFPYuanW5-ZhuIn-BFW@xref1349#15040; DFPYuanW5-ZhuIn-BFW@xref2450#15040; DFPYuanW5-ZhuIn-BFW@xref2835#15040; DFPYuanW5-ZhuIn-BFW@xref3391#15040; DFPYuanW5-ZhuIn-BFW@xref3546#15040; DFPYuanW5-ZhuIn-BFW@xref372#15040; DFPYuanW5-ZhuIn-BFW@xref952#15040,v3.7：由 v3.6 已解碼 TTF 注音元件的實際 glyf 輪廓建立；相同正規化輪廓 signature 僅在所有來源讀音一致時啟用。,執行期 exact normalized outline signature only；不使用中文字、詞義、句境或字典預期音；signature 衝突即不納入。
df17105159f34ba9fdca51f207ab51f4b7380ee1,ㄒㄧˊ,11,DFPBiaoKai-W5-ZhuIn-BFW@xref1064#15039; DFPBiaoKai-W5-ZhuIn-BFW@xref1279#15039; DFPBiaoKai-W5-ZhuIn-BFW@xref1731#15039; DFPBiaoKai-W5-ZhuIn-BFW@xref2206#15039; DFPBiaoKai-W5-ZhuIn-BFW@xref2802#15039; DFPBiaoKai-W5-ZhuIn-BFW@xref308#15039; DFPBiaoKai-W5-ZhuIn-BFW@xref3276#15039; DFPBiaoKai-W5-ZhuIn-BFW@xref3372#15039; DFPBiaoKai-W5-ZhuIn-BFW@xref4404#15039; DFPBiaoKai-W5-ZhuIn-BFW@xref5643#15039; DFPBiaoKai-W5-ZhuIn-BFW@xref846#15039,v3.7：由 v3.6 已解碼 TTF 注音元件的實際 glyf 輪廓建立；相同正規化輪廓 signature 僅在所有來源讀音一致時啟用。,執行期 exact normalized outline signature only；不使用中文字、詞義、句境或字典預期音；signature 衝突即不納入。
4b24f6688036b33d45cbdfce5b2ebb2282b00b51,ㄒㄧˋ,6,DFPBiaoKai-W5-ZhuIn-BFW@xref1064#15040; DFPBiaoKai-W5-ZhuIn-BFW@xref1279#15040; DFPBiaoKai-W5-ZhuIn-BFW@xref1731#15040; DFPBiaoKai-W5-ZhuIn-BFW@xref2802#15040; DFPBiaoKai-W5-ZhuIn-BFW@xref5004#15040; DFPBiaoKai-W5-ZhuIn-BFW@xref846#15040,v3.7：由 v3.6 已解碼 TTF 注音元件的實際 glyf 輪廓建立；相同正規化輪廓 signature 僅在所有來源讀音一致時啟用。,執行期 exact normalized outline signature only；不使用中文字、詞義、句境或字典預期音；signature 衝突即不納入。
5ed9fcfac6b53ff9c509d1353564112ab3af519f,ㄒㄧˋ,4,DFPYuanW5-ZhuIn-BFW@xref1349#15041; DFPYuanW5-ZhuIn-BFW@xref3546#15041; DFPYuanW5-ZhuIn-BFW@xref5574#15041; DFPYuanW5-ZhuIn-BFW@xref952#15041,v3.7：由 v3.6 已解碼 TTF 注音元件的實際 glyf 輪廓建立；相同正規化輪廓 signature 僅在所有來源讀音一致時啟用。,執行期 exact normalized outline signature only；不使用中文字、詞義、句境或字典預期音；signature 衝突即不納入。
58b007b0614f76dd3527099f13f7e3228a762d80,ㄒㄧㄚˋ,11,DFPBiaoKai-W5-ZhuIn-BFW@xref1064#15044; DFPBiaoKai-W5-ZhuIn-BFW@xref1279#15044; DFPBiaoKai-W5-ZhuIn-BFW@xref1731#15044; DFPBiaoKai-W5-ZhuIn-BFW@xref2206#15044; DFPBiaoKai-W5-ZhuIn-BFW@xref2802#15044; DFPBiaoKai-W5-ZhuIn-BFW@xref308#15044; DFPBiaoKai-W5-ZhuIn-BFW@xref3276#15044; DFPBiaoKai-W5-ZhuIn-BFW@xref4404#15044; DFPBiaoKai-W5-ZhuIn-BFW@xref5004#15044; DFPBiaoKai-W5-ZhuIn-BFW@xref5643#15044; DFPBiaoKai-W5-ZhuIn-BFW@xref846#15044,v3.7：由 v3.6 已解碼 TTF 注音元件的實際 glyf 輪廓建立；相同正規化輪廓 signature 僅在所有來源讀音一致時啟用。,執行期 exact normalized outline signature only；不使用中文字、詞義、句境或字典預期音；signature 衝突即不納入。
99fa029ddfade4436166f2948635548d3ddc9d67,ㄒㄧㄚˋ,5,DFPYuanW5-ZhuIn-BFW@xref3391#15045; DFPYuanW5-ZhuIn-BFW@xref3546#15045; DFPYuanW5-ZhuIn-BFW@xref372#15045; DFPYuanW5-ZhuIn-BFW@xref4603#15045; DFPYuanW5-ZhuIn-BFW@xref5159#15045,v3.7：由 v3.6 已解碼 TTF 注音元件的實際 glyf 輪廓建立；相同正規化輪廓 signature 僅在所有來源讀音一致時啟用。,執行期 exact normalized outline signature only；不使用中文字、詞義、句境或字典預期音；signature 衝突即不納入。
3401d55a2a67d4272c8b0b3686e199f6b0bb368d,ㄒㄧㄝ,8,DFPBiaoKai-W5-ZhuIn-BFW@xref1279#15046; DFPBiaoKai-W5-ZhuIn-BFW@xref1731#15046; DFPBiaoKai-W5-ZhuIn-BFW@xref2206#15046; DFPBiaoKai-W5-ZhuIn-BFW@xref2802#15046; DFPBiaoKai-W5-ZhuIn-BFW@xref308#15046; DFPBiaoKai-W5-ZhuIn-BFW@xref4404#15046; DFPBiaoKai-W5-ZhuIn-BFW@xref5004#15046; DFPBiaoKai-W5-ZhuIn-BFW@xref846#15046,v3.7：由 v3.6 已解碼 TTF 注音元件的實際 glyf 輪廓建立；相同正規化輪廓 signature 僅在所有來源讀音一致時啟用。,執行期 exact normalized outline signature only；不使用中文字、詞義、句境或字典預期音；signature 衝突即不納入。
94eff190f2dca455cc2637b918a0db1fa78a691f,ㄒㄧㄝ,7,DFPYuanW5-ZhuIn-BFW@xref1349#15047; DFPYuanW5-ZhuIn-BFW@xref1770#15047; DFPYuanW5-ZhuIn-BFW@xref2450#15047; DFPYuanW5-ZhuIn-BFW@xref2835#15047; DFPYuanW5-ZhuIn-BFW@xref3546#15047; DFPYuanW5-ZhuIn-BFW@xref5574#15047; DFPYuanW5-ZhuIn-BFW@xref952#15047,v3.7：由 v3.6 已解碼 TTF 注音元件的實際 glyf 輪廓建立；相同正規化輪廓 signature 僅在所有來源讀音一致時啟用。,執行期 exact normalized outline signature only；不使用中文字、詞義、句境或字典預期音；signature 衝突即不納入。
7108130b22696935b38ada04a168391ccbf05a0f,ㄒㄧㄝˇ,4,DFPBiaoKai-W5-ZhuIn-BFW@xref1279#15049; DFPBiaoKai-W5-ZhuIn-BFW@xref308#15049; DFPBiaoKai-W5-ZhuIn-BFW@xref5004#15049; DFPBiaoKai-W5-ZhuIn-BFW@xref846#15049,v3.7：由 v3.6 已解碼 TTF 注音元件的實際 glyf 輪廓建立；相同正規化輪廓 signature 僅在所有來源讀音一致時啟用。,執行期 exact normalized outline signature only；不使用中文字、詞義、句境或字典預期音；signature 衝突即不納入。
c3f706d7ef0fee3300038cd1d5a5dcd1e52f1738,ㄒㄧㄝˇ,1,DFPYuanW5-ZhuIn-BFW@xref372#15050,v3.7：由 v3.6 已解碼 TTF 注音元件的實際 glyf 輪廓建立；相同正規化輪廓 signature 僅在所有來源讀音一致時啟用。,執行期 exact normalized outline signature only；不使用中文字、詞義、句境或字典預期音；signature 衝突即不納入。
8f849c9a87584ffa2d3b8d6dbf83d711f501f68f,ㄒㄧㄝˊ,2,DFPBiaoKai-W5-ZhuIn-BFW@xref2206#15047; DFPBiaoKai-W5-ZhuIn-BFW@xref308#15047,v3.7：由 v3.6 已解碼 TTF 注音元件的實際 glyf 輪廓建立；相同正規化輪廓 signature 僅在所有來源讀音一致時啟用。,執行期 exact normalized outline signature only；不使用中文字、詞義、句境或字典預期音；signature 衝突即不納入。
938a6b6ae497f845a569e91ce3ed8d24d5c3967e,ㄒㄧㄝˊ,2,DFPYuanW5-ZhuIn-BFW@xref2450#15048; DFPYuanW5-ZhuIn-BFW@xref4603#15048,v3.7：由 v3.6 已解碼 TTF 注音元件的實際 glyf 輪廓建立；相同正規化輪廓 signature 僅在所有來源讀音一致時啟用。,執行期 exact normalized outline signature only；不使用中文字、詞義、句境或字典預期音；signature 衝突即不納入。
2766342570885596fc7ce3800b389c1960c42aa5,ㄒㄧㄝˋ,4,DFPYuanW5-ZhuIn-BFW@xref1349#15049; DFPYuanW5-ZhuIn-BFW@xref1422#15049; DFPYuanW5-ZhuIn-BFW@xref1770#15049; DFPYuanW5-ZhuIn-BFW@xref2450#15049,v3.7：由 v3.6 已解碼 TTF 注音元件的實際 glyf 輪廓建立；相同正規化輪廓 signature 僅在所有來源讀音一致時啟用。,執行期 exact normalized outline signature only；不使用中文字、詞義、句境或字典預期音；signature 衝突即不納入。
6d0c19c8779a29a49133d4cadcebee5a5db8408f,ㄒㄧㄝˋ,2,DFPBiaoKai-W5-ZhuIn-BFW@xref1279#15048; DFPBiaoKai-W5-ZhuIn-BFW@xref1731#15048,v3.7：由 v3.6 已解碼 TTF 注音元件的實際 glyf 輪廓建立；相同正規化輪廓 signature 僅在所有來源讀音一致時啟用。,執行期 exact normalized outline signature only；不使用中文字、詞義、句境或字典預期音；signature 衝突即不納入。
0187d873f1ae21db5cbf1c762e9484412b7c17c4,ㄒㄧㄠ,3,DFPBiaoKai-W5-ZhuIn-BFW@xref1279#15050; DFPBiaoKai-W5-ZhuIn-BFW@xref1731#15050; DFPBiaoKai-W5-ZhuIn-BFW@xref3276#15050,v3.7：由 v3.6 已解碼 TTF 注音元件的實際 glyf 輪廓建立；相同正規化輪廓 signature 僅在所有來源讀音一致時啟用。,執行期 exact normalized outline signature only；不使用中文字、詞義、句境或字典預期音；signature 衝突即不納入。
d230472e8617f15fd2b174358bcea73bcb9c358c,ㄒㄧㄠ,3,DFPYuanW5-ZhuIn-BFW@xref1349#15051; DFPYuanW5-ZhuIn-BFW@xref1770#15051; DFPYuanW5-ZhuIn-BFW@xref3546#15051,v3.7：由 v3.6 已解碼 TTF 注音元件的實際 glyf 輪廓建立；相同正規化輪廓 signature 僅在所有來源讀音一致時啟用。,執行期 exact normalized outline signature only；不使用中文字、詞義、句境或字典預期音；signature 衝突即不納入。
0ffea34c12fb6ab0764fcc6b901eb5d117c5963e,ㄒㄧㄠˇ,9,DFPYuanW5-ZhuIn-BFW@xref113#15054; DFPYuanW5-ZhuIn-BFW@xref1770#15054; DFPYuanW5-ZhuIn-BFW@xref2450#15054; DFPYuanW5-ZhuIn-BFW@xref2835#15054; DFPYuanW5-ZhuIn-BFW@xref3391#15054; DFPYuanW5-ZhuIn-BFW@xref3546#15054; DFPYuanW5-ZhuIn-BFW@xref372#15054; DFPYuanW5-ZhuIn-BFW@xref5159#15054; DFPYuanW5-ZhuIn-BFW@xref952#15054,v3.7：由 v3.6 已解碼 TTF 注音元件的實際 glyf 輪廓建立；相同正規化輪廓 signature 僅在所有來源讀音一致時啟用。,執行期 exact normalized outline signature only；不使用中文字、詞義、句境或字典預期音；signature 衝突即不納入。
3ca71d93b71ef3ce07ea3fa4a121177402a33581,ㄒㄧㄠˇ,9,DFPBiaoKai-W5-ZhuIn-BFW@xref1279#15053; DFPBiaoKai-W5-ZhuIn-BFW@xref1731#15053; DFPBiaoKai-W5-ZhuIn-BFW@xref2038#15053; DFPBiaoKai-W5-ZhuIn-BFW@xref2206#15053; DFPBiaoKai-W5-ZhuIn-BFW@xref2802#15053; DFPBiaoKai-W5-ZhuIn-BFW@xref308#15053; DFPBiaoKai-W5-ZhuIn-BFW@xref3276#15053; DFPBiaoKai-W5-ZhuIn-BFW@xref5004#15053; DFPBiaoKai-W5-ZhuIn-BFW@xref846#15053,v3.7：由 v3.6 已解碼 TTF 注音元件的實際 glyf 輪廓建立；相同正規化輪廓 signature 僅在所有來源讀音一致時啟用。,執行期 exact normalized outline signature only；不使用中文字、詞義、句境或字典預期音；signature 衝突即不納入。
88d0208a6e378a15ff6b7a658c8ec49b88c07667,ㄒㄧㄠˋ,1,DFPYuanW5-ZhuIn-BFW@xref952#15053,v3.7：由 v3.6 已解碼 TTF 注音元件的實際 glyf 輪廓建立；相同正規化輪廓 signature 僅在所有來源讀音一致時啟用。,執行期 exact normalized outline signature only；不使用中文字、詞義、句境或字典預期音；signature 衝突即不納入。
99f727ab3f9bb0e5890ebb86ab4944207bbdcc1d,ㄒㄧㄠˋ,3,DFPBiaoKai-W5-ZhuIn-BFW@xref1279#15052; DFPBiaoKai-W5-ZhuIn-BFW@xref4404#15052; DFPBiaoKai-W5-ZhuIn-BFW@xref846#15052,v3.7：由 v3.6 已解碼 TTF 注音元件的實際 glyf 輪廓建立；相同正規化輪廓 signature 僅在所有來源讀音一致時啟用。,執行期 exact normalized outline signature only；不使用中文字、詞義、句境或字典預期音；signature 衝突即不納入。
28f715256d533bf8cc867c7df43275867bfc3641,ㄒㄧㄡ,1,DFPBiaoKai-W5-ZhuIn-BFW@xref1731#15054,v3.7：由 v3.6 已解碼 TTF 注音元件的實際 glyf 輪廓建立；相同正規化輪廓 signature 僅在所有來源讀音一致時啟用。,執行期 exact normalized outline signature only；不使用中文字、詞義、句境或字典預期音；signature 衝突即不納入。
7f53cfcc1a7eef3dfe360b6732bc6aea04f1ec85,ㄒㄧㄡ,3,DFPYuanW5-ZhuIn-BFW@xref1349#15055; DFPYuanW5-ZhuIn-BFW@xref2835#15055; DFPYuanW5-ZhuIn-BFW@xref372#15055,v3.7：由 v3.6 已解碼 TTF 注音元件的實際 glyf 輪廓建立；相同正規化輪廓 signature 僅在所有來源讀音一致時啟用。,執行期 exact normalized outline signature only；不使用中文字、詞義、句境或字典預期音；signature 衝突即不納入。
2e6b2832d3d180d444efe1a05a2128f280477812,ㄒㄧㄢ,8,DFPBiaoKai-W5-ZhuIn-BFW@xref1064#15057; DFPBiaoKai-W5-ZhuIn-BFW@xref1731#15057; DFPBiaoKai-W5-ZhuIn-BFW@xref2206#15057; DFPBiaoKai-W5-ZhuIn-BFW@xref308#15057; DFPBiaoKai-W5-ZhuIn-BFW@xref3372#15057; DFPBiaoKai-W5-ZhuIn-BFW@xref5004#15057; DFPBiaoKai-W5-ZhuIn-BFW@xref5643#15057; DFPBiaoKai-W5-ZhuIn-BFW@xref846#15057,v3.7：由 v3.6 已解碼 TTF 注音元件的實際 glyf 輪廓建立；相同正規化輪廓 signature 僅在所有來源讀音一致時啟用。,執行期 exact normalized outline signature only；不使用中文字、詞義、句境或字典預期音；signature 衝突即不納入。
50e6804c8109c005d116254dff3868a72c656cef,ㄒㄧㄢ,6,DFPYuanW5-ZhuIn-BFW@xref1770#15058; DFPYuanW5-ZhuIn-BFW@xref3391#15058; DFPYuanW5-ZhuIn-BFW@xref3546#15058; DFPYuanW5-ZhuIn-BFW@xref372#15058; DFPYuanW5-ZhuIn-BFW@xref4603#15058; DFPYuanW5-ZhuIn-BFW@xref952#15058,v3.7：由 v3.6 已解碼 TTF 注音元件的實際 glyf 輪廓建立；相同正規化輪廓 signature 僅在所有來源讀音一致時啟用。,執行期 exact normalized outline signature only；不使用中文字、詞義、句境或字典預期音；signature 衝突即不納入。
eec112e703d32747f6cfda1066764f1970b5fd94,ㄒㄧㄢˇ,2,DFPBiaoKai-W5-ZhuIn-BFW@xref1279#15060; DFPBiaoKai-W5-ZhuIn-BFW@xref3276#15060,v3.7：由 v3.6 已解碼 TTF 注音元件的實際 glyf 輪廓建立；相同正規化輪廓 signature 僅在所有來源讀音一致時啟用。,執行期 exact normalized outline signature only；不使用中文字、詞義、句境或字典預期音；signature 衝突即不納入。
4f78113937b98ad511ac7b446e06280fd6462c3e,ㄒㄧㄢˋ,5,DFPYuanW5-ZhuIn-BFW@xref1770#15060; DFPYuanW5-ZhuIn-BFW@xref3391#15060; DFPYuanW5-ZhuIn-BFW@xref3546#15060; DFPYuanW5-ZhuIn-BFW@xref4603#15060; DFPYuanW5-ZhuIn-BFW@xref952#15060,v3.7：由 v3.6 已解碼 TTF 注音元件的實際 glyf 輪廓建立；相同正規化輪廓 signature 僅在所有來源讀音一致時啟用。,執行期 exact normalized outline signature only；不使用中文字、詞義、句境或字典預期音；signature 衝突即不納入。
68a589b8e4983838593b8f1d47463ddb00859105,ㄒㄧㄢˋ,9,DFPBiaoKai-W5-ZhuIn-BFW@xref1064#15059; DFPBiaoKai-W5-ZhuIn-BFW@xref1279#15059; DFPBiaoKai-W5-ZhuIn-BFW@xref2206#15059; DFPBiaoKai-W5-ZhuIn-BFW@xref308#15059; DFPBiaoKai-W5-ZhuIn-BFW@xref3276#15059; DFPBiaoKai-W5-ZhuIn-BFW@xref4404#15059; DFPBiaoKai-W5-ZhuIn-BFW@xref5004#15059; DFPBiaoKai-W5-ZhuIn-BFW@xref5643#15059; DFPBiaoKai-W5-ZhuIn-BFW@xref846#15059,v3.7：由 v3.6 已解碼 TTF 注音元件的實際 glyf 輪廓建立；相同正規化輪廓 signature 僅在所有來源讀音一致時啟用。,執行期 exact normalized outline signature only；不使用中文字、詞義、句境或字典預期音；signature 衝突即不納入。
12d94f73e254ef2a98da9a2966fb3817a9b03ee9,ㄒㄧㄣ,7,DFPBiaoKai-W5-ZhuIn-BFW@xref1731#15061; DFPBiaoKai-W5-ZhuIn-BFW@xref2206#15061; DFPBiaoKai-W5-ZhuIn-BFW@xref308#15061; DFPBiaoKai-W5-ZhuIn-BFW@xref4404#15061; DFPBiaoKai-W5-ZhuIn-BFW@xref5004#15061; DFPBiaoKai-W5-ZhuIn-BFW@xref5643#15061; DFPBiaoKai-W5-ZhuIn-BFW@xref846#15061,v3.7：由 v3.6 已解碼 TTF 注音元件的實際 glyf 輪廓建立；相同正規化輪廓 signature 僅在所有來源讀音一致時啟用。,執行期 exact normalized outline signature only；不使用中文字、詞義、句境或字典預期音；signature 衝突即不納入。
2b03b6638469cd7b9b475c7ea905188328fa9c65,ㄒㄧㄣ,7,DFPYuanW5-ZhuIn-BFW@xref1349#15062; DFPYuanW5-ZhuIn-BFW@xref1770#15062; DFPYuanW5-ZhuIn-BFW@xref2040#15062; DFPYuanW5-ZhuIn-BFW@xref2835#15062; DFPYuanW5-ZhuIn-BFW@xref372#15062; DFPYuanW5-ZhuIn-BFW@xref4603#15062; DFPYuanW5-ZhuIn-BFW@xref952#15062,v3.7：由 v3.6 已解碼 TTF 注音元件的實際 glyf 輪廓建立；相同正規化輪廓 signature 僅在所有來源讀音一致時啟用。,執行期 exact normalized outline signature only；不使用中文字、詞義、句境或字典預期音；signature 衝突即不納入。
6fa4b285e281ca45e6f0ae0705c4702022330c3c,ㄒㄧㄣˋ,1,DFPBiaoKai-W5-ZhuIn-BFW@xref846#15063,v3.7：由 v3.6 已解碼 TTF 注音元件的實際 glyf 輪廓建立；相同正規化輪廓 signature 僅在所有來源讀音一致時啟用。,執行期 exact normalized outline signature only；不使用中文字、詞義、句境或字典預期音；signature 衝突即不納入。
7d66ac4377e06403fab5f209b95b0a9d6aa858b6,ㄒㄧㄤ,3,DFPYuanW5-ZhuIn-BFW@xref1770#15066; DFPYuanW5-ZhuIn-BFW@xref3546#15066; DFPYuanW5-ZhuIn-BFW@xref5159#15066,v3.7：由 v3.6 已解碼 TTF 注音元件的實際 glyf 輪廓建立；相同正規化輪廓 signature 僅在所有來源讀音一致時啟用。,執行期 exact normalized outline signature only；不使用中文字、詞義、句境或字典預期音；signature 衝突即不納入。
b36b14e25e1acb3f9bbd1934e4e9af7075602599,ㄒㄧㄤ,4,DFPBiaoKai-W5-ZhuIn-BFW@xref1279#15065; DFPBiaoKai-W5-ZhuIn-BFW@xref2206#15065; DFPBiaoKai-W5-ZhuIn-BFW@xref308#15065; DFPBiaoKai-W5-ZhuIn-BFW@xref4404#15065,v3.7：由 v3.6 已解碼 TTF 注音元件的實際 glyf 輪廓建立；相同正規化輪廓 signature 僅在所有來源讀音一致時啟用。,執行期 exact normalized outline signature only；不使用中文字、詞義、句境或字典預期音；signature 衝突即不納入。
f930a49f8f9b154f59bebccaec2efb0a5d70f9ef,ㄒㄧㄤ,1,DFPWaWa-W5-ZhuIn-BFW@xref49#15065,v3.7：由 v3.6 已解碼 TTF 注音元件的實際 glyf 輪廓建立；相同正規化輪廓 signature 僅在所有來源讀音一致時啟用。,執行期 exact normalized outline signature only；不使用中文字、詞義、句境或字典預期音；signature 衝突即不納入。
4bf860664df94b02f3e270f8fb19b05e3f95c762,ㄒㄧㄤˇ,9,DFPYuanW5-ZhuIn-BFW@xref1422#15069; DFPYuanW5-ZhuIn-BFW@xref2450#15069; DFPYuanW5-ZhuIn-BFW@xref2835#15069; DFPYuanW5-ZhuIn-BFW@xref3391#15069; DFPYuanW5-ZhuIn-BFW@xref3546#15069; DFPYuanW5-ZhuIn-BFW@xref372#15069; DFPYuanW5-ZhuIn-BFW@xref4603#15069; DFPYuanW5-ZhuIn-BFW@xref5574#15069; DFPYuanW5-ZhuIn-BFW@xref952#15069,v3.7：由 v3.6 已解碼 TTF 注音元件的實際 glyf 輪廓建立；相同正規化輪廓 signature 僅在所有來源讀音一致時啟用。,執行期 exact normalized outline signature only；不使用中文字、詞義、句境或字典預期音；signature 衝突即不納入。
73d4910842a73600d80099ea784794e36b6ed97c,ㄒㄧㄤˇ,9,DFPBiaoKai-W5-ZhuIn-BFW@xref1279#15068; DFPBiaoKai-W5-ZhuIn-BFW@xref1731#15068; DFPBiaoKai-W5-ZhuIn-BFW@xref2206#15068; DFPBiaoKai-W5-ZhuIn-BFW@xref2802#15068; DFPBiaoKai-W5-ZhuIn-BFW@xref308#15068; DFPBiaoKai-W5-ZhuIn-BFW@xref3276#15068; DFPBiaoKai-W5-ZhuIn-BFW@xref4404#15068; DFPBiaoKai-W5-ZhuIn-BFW@xref5004#15068; DFPBiaoKai-W5-ZhuIn-BFW@xref846#15068,v3.7：由 v3.6 已解碼 TTF 注音元件的實際 glyf 輪廓建立；相同正規化輪廓 signature 僅在所有來源讀音一致時啟用。,執行期 exact normalized outline signature only；不使用中文字、詞義、句境或字典預期音；signature 衝突即不納入。
312d3ac9807c607dec7ea550b9358d2b89330903,ㄒㄧㄤˋ,5,DFPYuanW5-ZhuIn-BFW@xref2450#15068; DFPYuanW5-ZhuIn-BFW@xref3546#15068; DFPYuanW5-ZhuIn-BFW@xref372#15068; DFPYuanW5-ZhuIn-BFW@xref4603#15068; DFPYuanW5-ZhuIn-BFW@xref5159#15068,v3.7：由 v3.6 已解碼 TTF 注音元件的實際 glyf 輪廓建立；相同正規化輪廓 signature 僅在所有來源讀音一致時啟用。,執行期 exact normalized outline signature only；不使用中文字、詞義、句境或字典預期音；signature 衝突即不納入。
9f6e57b7db978a181ca1b3248e5e23a1a9aed4b2,ㄒㄧㄤˋ,7,DFPBiaoKai-W5-ZhuIn-BFW@xref1731#15067; DFPBiaoKai-W5-ZhuIn-BFW@xref2206#15067; DFPBiaoKai-W5-ZhuIn-BFW@xref2802#15067; DFPBiaoKai-W5-ZhuIn-BFW@xref308#15067; DFPBiaoKai-W5-ZhuIn-BFW@xref3372#15067; DFPBiaoKai-W5-ZhuIn-BFW@xref5004#15067; DFPBiaoKai-W5-ZhuIn-BFW@xref846#15067,v3.7：由 v3.6 已解碼 TTF 注音元件的實際 glyf 輪廓建立；相同正規化輪廓 signature 僅在所有來源讀音一致時啟用。,執行期 exact normalized outline signature only；不使用中文字、詞義、句境或字典預期音；signature 衝突即不納入。
ed4bdf7ed2c11447f206f9647d20ef71bcdcc7cd,ㄒㄧㄥ,2,DFPYuanW5-ZhuIn-BFW@xref372#15070; DFPYuanW5-ZhuIn-BFW@xref5159#15070,v3.7：由 v3.6 已解碼 TTF 注音元件的實際 glyf 輪廓建立；相同正規化輪廓 signature 僅在所有來源讀音一致時啟用。,執行期 exact normalized outline signature only；不使用中文字、詞義、句境或字典預期音；signature 衝突即不納入。
f5e8b09bf64edd928e5e629d70ac70bd158dced2,ㄒㄧㄥ,1,DFPBiaoKai-W5-ZhuIn-BFW@xref5004#15069,v3.7：由 v3.6 已解碼 TTF 注音元件的實際 glyf 輪廓建立；相同正規化輪廓 signature 僅在所有來源讀音一致時啟用。,執行期 exact normalized outline signature only；不使用中文字、詞義、句境或字典預期音；signature 衝突即不納入。
b0bfdb6178c340cca3ac0fd16885632a2b4da993,ㄒㄧㄥˇ,2,DFPYuanW5-ZhuIn-BFW@xref1770#15073; DFPYuanW5-ZhuIn-BFW@xref952#15073,v3.7：由 v3.6 已解碼 TTF 注音元件的實際 glyf 輪廓建立；相同正規化輪廓 signature 僅在所有來源讀音一致時啟用。,執行期 exact normalized outline signature only；不使用中文字、詞義、句境或字典預期音；signature 衝突即不納入。
90673c04e3c6a8eed8e4e0b56b97b4a2ae0e4b04,ㄒㄧㄥˊ,5,DFPYuanW5-ZhuIn-BFW@xref1349#15071; DFPYuanW5-ZhuIn-BFW@xref2450#15071; DFPYuanW5-ZhuIn-BFW@xref3546#15071; DFPYuanW5-ZhuIn-BFW@xref4603#15071; DFPYuanW5-ZhuIn-BFW@xref5574#15071,v3.7：由 v3.6 已解碼 TTF 注音元件的實際 glyf 輪廓建立；相同正規化輪廓 signature 僅在所有來源讀音一致時啟用。,執行期 exact normalized outline signature only；不使用中文字、詞義、句境或字典預期音；signature 衝突即不納入。
b7f08b6c64408efd0696bf1dae9922f37d69e6d8,ㄒㄧㄥˊ,9,DFPBiaoKai-W5-ZhuIn-BFW@xref1279#15070; DFPBiaoKai-W5-ZhuIn-BFW@xref1731#15070; DFPBiaoKai-W5-ZhuIn-BFW@xref2206#15070; DFPBiaoKai-W5-ZhuIn-BFW@xref308#15070; DFPBiaoKai-W5-ZhuIn-BFW@xref3276#15070; DFPBiaoKai-W5-ZhuIn-BFW@xref4404#15070; DFPBiaoKai-W5-ZhuIn-BFW@xref5004#15070; DFPBiaoKai-W5-ZhuIn-BFW@xref5643#15070; DFPBiaoKai-W5-ZhuIn-BFW@xref846#15070,v3.7：由 v3.6 已解碼 TTF 注音元件的實際 glyf 輪廓建立；相同正規化輪廓 signature 僅在所有來源讀音一致時啟用。,執行期 exact normalized outline signature only；不使用中文字、詞義、句境或字典預期音；signature 衝突即不納入。
5c65578a238d5ff0e8212b0f51abca430ce094e8,ㄒㄧㄥˋ,2,DFPBiaoKai-W5-ZhuIn-BFW@xref1279#15071; DFPBiaoKai-W5-ZhuIn-BFW@xref2802#15071,v3.7：由 v3.6 已解碼 TTF 注音元件的實際 glyf 輪廓建立；相同正規化輪廓 signature 僅在所有來源讀音一致時啟用。,執行期 exact normalized outline signature only；不使用中文字、詞義、句境或字典預期音；signature 衝突即不納入。
93599c6b063094ed26c19a1eb01c9d1a037f4a18,ㄒㄧㄥˋ,1,DFPYuanW5-ZhuIn-BFW@xref1349#15072,v3.7：由 v3.6 已解碼 TTF 注音元件的實際 glyf 輪廓建立；相同正規化輪廓 signature 僅在所有來源讀音一致時啟用。,執行期 exact normalized outline signature only；不使用中文字、詞義、句境或字典預期音；signature 衝突即不納入。
566766e76ec8cfc5849cd728d803879b26b7fa18,ㄒㄩ,4,DFPBiaoKai-W5-ZhuIn-BFW@xref1731#15073; DFPBiaoKai-W5-ZhuIn-BFW@xref2802#15073; DFPBiaoKai-W5-ZhuIn-BFW@xref4404#15073; DFPBiaoKai-W5-ZhuIn-BFW@xref846#15073,v3.7：由 v3.6 已解碼 TTF 注音元件的實際 glyf 輪廓建立；相同正規化輪廓 signature 僅在所有來源讀音一致時啟用。,執行期 exact normalized outline signature only；不使用中文字、詞義、句境或字典預期音；signature 衝突即不納入。
8c782636e54032859b75e1544b5d926903f3d732,ㄒㄩ,1,DFPYuanW5-ZhuIn-BFW@xref3546#15074,v3.7：由 v3.6 已解碼 TTF 注音元件的實際 glyf 輪廓建立；相同正規化輪廓 signature 僅在所有來源讀音一致時啟用。,執行期 exact normalized outline signature only；不使用中文字、詞義、句境或字典預期音；signature 衝突即不納入。
3526cba917d7536c047f901b881eaa24e6f67f9b,ㄒㄩˇ,3,DFPBiaoKai-W5-ZhuIn-BFW@xref1279#15076; DFPBiaoKai-W5-ZhuIn-BFW@xref2802#15076; DFPBiaoKai-W5-ZhuIn-BFW@xref308#15076,v3.7：由 v3.6 已解碼 TTF 注音元件的實際 glyf 輪廓建立；相同正規化輪廓 signature 僅在所有來源讀音一致時啟用。,執行期 exact normalized outline signature only；不使用中文字、詞義、句境或字典預期音；signature 衝突即不納入。
2c919b313a1441aece50d5e810d7ea772cd00d8c,ㄒㄩˋ,2,DFPYuanW5-ZhuIn-BFW@xref4603#15076; DFPYuanW5-ZhuIn-BFW@xref5574#15076,v3.7：由 v3.6 已解碼 TTF 注音元件的實際 glyf 輪廓建立；相同正規化輪廓 signature 僅在所有來源讀音一致時啟用。,執行期 exact normalized outline signature only；不使用中文字、詞義、句境或字典預期音；signature 衝突即不納入。
89fdaeff38e34271f282c4b5e9a088cae2dc2375,ㄒㄩˋ,8,DFPBiaoKai-W5-ZhuIn-BFW@xref1064#15075; DFPBiaoKai-W5-ZhuIn-BFW@xref2038#15075; DFPBiaoKai-W5-ZhuIn-BFW@xref2206#15075; DFPBiaoKai-W5-ZhuIn-BFW@xref2802#15075; DFPBiaoKai-W5-ZhuIn-BFW@xref308#15075; DFPBiaoKai-W5-ZhuIn-BFW@xref5004#15075; DFPBiaoKai-W5-ZhuIn-BFW@xref5643#15075; DFPBiaoKai-W5-ZhuIn-BFW@xref846#15075,v3.7：由 v3.6 已解碼 TTF 注音元件的實際 glyf 輪廓建立；相同正規化輪廓 signature 僅在所有來源讀音一致時啟用。,執行期 exact normalized outline signature only；不使用中文字、詞義、句境或字典預期音；signature 衝突即不納入。
3f6fc7a81f273876be28d416d95eeb9aa75a26cc,ㄒㄩㄝˊ,5,DFPYuanW5-ZhuIn-BFW@xref2835#15079; DFPYuanW5-ZhuIn-BFW@xref3546#15079; DFPYuanW5-ZhuIn-BFW@xref372#15079; DFPYuanW5-ZhuIn-BFW@xref5574#15079; DFPYuanW5-ZhuIn-BFW@xref952#15079,v3.7：由 v3.6 已解碼 TTF 注音元件的實際 glyf 輪廓建立；相同正規化輪廓 signature 僅在所有來源讀音一致時啟用。,執行期 exact normalized outline signature only；不使用中文字、詞義、句境或字典預期音；signature 衝突即不納入。
f2f338843502b8caab64d6d61cb7ce8900a78539,ㄒㄩㄝˊ,11,DFPBiaoKai-W5-ZhuIn-BFW@xref1064#15078; DFPBiaoKai-W5-ZhuIn-BFW@xref1279#15078; DFPBiaoKai-W5-ZhuIn-BFW@xref1731#15078; DFPBiaoKai-W5-ZhuIn-BFW@xref2206#15078; DFPBiaoKai-W5-ZhuIn-BFW@xref2802#15078; DFPBiaoKai-W5-ZhuIn-BFW@xref308#15078; DFPBiaoKai-W5-ZhuIn-BFW@xref3276#15078; DFPBiaoKai-W5-ZhuIn-BFW@xref4404#15078; DFPBiaoKai-W5-ZhuIn-BFW@xref5004#15078; DFPBiaoKai-W5-ZhuIn-BFW@xref5643#15078; DFPBiaoKai-W5-ZhuIn-BFW@xref846#15078,v3.7：由 v3.6 已解碼 TTF 注音元件的實際 glyf 輪廓建立；相同正規化輪廓 signature 僅在所有來源讀音一致時啟用。,執行期 exact normalized outline signature only；不使用中文字、詞義、句境或字典預期音；signature 衝突即不納入。
aee6862f1942df82f3779a7286cee8224400bf03,ㄒㄩㄢˇ,7,DFPBiaoKai-W5-ZhuIn-BFW@xref1731#15084; DFPBiaoKai-W5-ZhuIn-BFW@xref2038#15084; DFPBiaoKai-W5-ZhuIn-BFW@xref2206#15084; DFPBiaoKai-W5-ZhuIn-BFW@xref2802#15084; DFPBiaoKai-W5-ZhuIn-BFW@xref308#15084; DFPBiaoKai-W5-ZhuIn-BFW@xref4404#15084; DFPBiaoKai-W5-ZhuIn-BFW@xref846#15084,v3.7：由 v3.6 已解碼 TTF 注音元件的實際 glyf 輪廓建立；相同正規化輪廓 signature 僅在所有來源讀音一致時啟用。,執行期 exact normalized outline signature only；不使用中文字、詞義、句境或字典預期音；signature 衝突即不納入。
ed7d3633f74055f331dd3cb0f9e295872cc9d8f2,ㄒㄩㄢˇ,2,DFPYuanW5-ZhuIn-BFW@xref1770#15085; DFPYuanW5-ZhuIn-BFW@xref952#15085,v3.7：由 v3.6 已解碼 TTF 注音元件的實際 glyf 輪廓建立；相同正規化輪廓 signature 僅在所有來源讀音一致時啟用。,執行期 exact normalized outline signature only；不使用中文字、詞義、句境或字典預期音；signature 衝突即不納入。
abe000e82c9dd50b9d541eeb25b71f5790cecfcf,ㄒㄩㄢˊ,1,DFPBiaoKai-W5-ZhuIn-BFW@xref5004#15082,v3.7：由 v3.6 已解碼 TTF 注音元件的實際 glyf 輪廓建立；相同正規化輪廓 signature 僅在所有來源讀音一致時啟用。,執行期 exact normalized outline signature only；不使用中文字、詞義、句境或字典預期音；signature 衝突即不納入。
00c27b7d69401349204f6e52f73090c09cf9a888,ㄒㄩㄣˊ,2,DFPYuanW5-ZhuIn-BFW@xref1770#15087; DFPYuanW5-ZhuIn-BFW@xref952#15087,v3.7：由 v3.6 已解碼 TTF 注音元件的實際 glyf 輪廓建立；相同正規化輪廓 signature 僅在所有來源讀音一致時啟用。,執行期 exact normalized outline signature only；不使用中文字、詞義、句境或字典預期音；signature 衝突即不納入。
aa960cafd7555f52f5046c8290dd53b1fc92fad3,ㄒㄩㄣˊ,4,DFPBiaoKai-W5-ZhuIn-BFW@xref1279#15086; DFPBiaoKai-W5-ZhuIn-BFW@xref1731#15086; DFPBiaoKai-W5-ZhuIn-BFW@xref308#15086; DFPBiaoKai-W5-ZhuIn-BFW@xref3276#15086,v3.7：由 v3.6 已解碼 TTF 注音元件的實際 glyf 輪廓建立；相同正規化輪廓 signature 僅在所有來源讀音一致時啟用。,執行期 exact normalized outline signature only；不使用中文字、詞義、句境或字典預期音；signature 衝突即不納入。
a18ceb36ec7e682eefe78d17484dd97f2c82cb3a,ㄒㄩㄣˋ,2,DFPYuanW5-ZhuIn-BFW@xref3546#15088; DFPYuanW5-ZhuIn-BFW@xref952#15088,v3.7：由 v3.6 已解碼 TTF 注音元件的實際 glyf 輪廓建立；相同正規化輪廓 signature 僅在所有來源讀音一致時啟用。,執行期 exact normalized outline signature only；不使用中文字、詞義、句境或字典預期音；signature 衝突即不納入。
dd1d8588af816f2e3ebe2b041279747de85637fb,ㄒㄩㄣˋ,1,DFPBiaoKai-W5-ZhuIn-BFW@xref846#15087,v3.7：由 v3.6 已解碼 TTF 注音元件的實際 glyf 輪廓建立；相同正規化輪廓 signature 僅在所有來源讀音一致時啟用。,執行期 exact normalized outline signature only；不使用中文字、詞義、句境或字典預期音；signature 衝突即不納入。
35b00404f1aeeddd4d901cffa5f12049e4b73512,ㄒㄩㄥ,4,DFPBiaoKai-W5-ZhuIn-BFW@xref1731#15088; DFPBiaoKai-W5-ZhuIn-BFW@xref308#15088; DFPBiaoKai-W5-ZhuIn-BFW@xref3276#15088; DFPBiaoKai-W5-ZhuIn-BFW@xref4404#15088,v3.7：由 v3.6 已解碼 TTF 注音元件的實際 glyf 輪廓建立；相同正規化輪廓 signature 僅在所有來源讀音一致時啟用。,執行期 exact normalized outline signature only；不使用中文字、詞義、句境或字典預期音；signature 衝突即不納入。
d5f9e9af596c57317d605e61bb3edb0b19d4280c,ㄒㄩㄥ,1,DFPYuanW5-ZhuIn-BFW@xref4603#15089,v3.7：由 v3.6 已解碼 TTF 注音元件的實際 glyf 輪廓建立；相同正規化輪廓 signature 僅在所有來源讀音一致時啟用。,執行期 exact normalized outline signature only；不使用中文字、詞義、句境或字典預期音；signature 衝突即不納入。
e6927180cdd38429037c5677d16104d2a8c43ce5,ㄓ,5,DFPBiaoKai-W5-ZhuIn-BFW@xref1279#15092; DFPBiaoKai-W5-ZhuIn-BFW@xref1731#15092; DFPBiaoKai-W5-ZhuIn-BFW@xref2802#15092; DFPBiaoKai-W5-ZhuIn-BFW@xref308#15092; DFPBiaoKai-W5-ZhuIn-BFW@xref3372#15092,v3.7：由 v3.6 已解碼 TTF 注音元件的實際 glyf 輪廓建立；相同正規化輪廓 signature 僅在所有來源讀音一致時啟用。,執行期 exact normalized outline signature only；不使用中文字、詞義、句境或字典預期音；signature 衝突即不納入。
f099c79f2008ccb61448cc68129fae2f8ff4f426,ㄓ,6,DFPYuanW5-ZhuIn-BFW@xref1422#15093; DFPYuanW5-ZhuIn-BFW@xref1770#15093; DFPYuanW5-ZhuIn-BFW@xref1929#15093; DFPYuanW5-ZhuIn-BFW@xref2040#15093; DFPYuanW5-ZhuIn-BFW@xref2450#15093; DFPYuanW5-ZhuIn-BFW@xref952#15093,v3.7：由 v3.6 已解碼 TTF 注音元件的實際 glyf 輪廓建立；相同正規化輪廓 signature 僅在所有來源讀音一致時啟用。,執行期 exact normalized outline signature only；不使用中文字、詞義、句境或字典預期音；signature 衝突即不納入。
5966f1a8168d1ea8ff3f408d823671a0911d3c1d,ㄓˇ,7,DFPBiaoKai-W5-ZhuIn-BFW@xref2038#15095; DFPBiaoKai-W5-ZhuIn-BFW@xref308#15095; DFPBiaoKai-W5-ZhuIn-BFW@xref3276#15095; DFPBiaoKai-W5-ZhuIn-BFW@xref4404#15095; DFPBiaoKai-W5-ZhuIn-BFW@xref5004#15095; DFPBiaoKai-W5-ZhuIn-BFW@xref5643#15095; DFPBiaoKai-W5-ZhuIn-BFW@xref846#15095,v3.7：由 v3.6 已解碼 TTF 注音元件的實際 glyf 輪廓建立；相同正規化輪廓 signature 僅在所有來源讀音一致時啟用。,執行期 exact normalized outline signature only；不使用中文字、詞義、句境或字典預期音；signature 衝突即不納入。
6fc546ea80f3b4ae9609833cc2bbdce42d6cd32f,ㄓˇ,2,DFPYuanW5-ZhuIn-BFW@xref1349#15096; DFPYuanW5-ZhuIn-BFW@xref1422#15096,v3.7：由 v3.6 已解碼 TTF 注音元件的實際 glyf 輪廓建立；相同正規化輪廓 signature 僅在所有來源讀音一致時啟用。,執行期 exact normalized outline signature only；不使用中文字、詞義、句境或字典預期音；signature 衝突即不納入。
7b93fb117071f1f8944a7cdc670491d1b86b550b,ㄓˊ,5,DFPYuanW5-ZhuIn-BFW@xref1770#15094; DFPYuanW5-ZhuIn-BFW@xref1929#15094; DFPYuanW5-ZhuIn-BFW@xref2450#15094; DFPYuanW5-ZhuIn-BFW@xref3391#15094; DFPYuanW5-ZhuIn-BFW@xref3546#15094,v3.7：由 v3.6 已解碼 TTF 注音元件的實際 glyf 輪廓建立；相同正規化輪廓 signature 僅在所有來源讀音一致時啟用。,執行期 exact normalized outline signature only；不使用中文字、詞義、句境或字典預期音；signature 衝突即不納入。
c2ccbd050aadbf007b2281bd919fb395ae630e99,ㄓˊ,7,DFPBiaoKai-W5-ZhuIn-BFW@xref1731#15093; DFPBiaoKai-W5-ZhuIn-BFW@xref2206#15093; DFPBiaoKai-W5-ZhuIn-BFW@xref308#15093; DFPBiaoKai-W5-ZhuIn-BFW@xref3276#15093; DFPBiaoKai-W5-ZhuIn-BFW@xref3372#15093; DFPBiaoKai-W5-ZhuIn-BFW@xref5004#15093; DFPBiaoKai-W5-ZhuIn-BFW@xref846#15093,v3.7：由 v3.6 已解碼 TTF 注音元件的實際 glyf 輪廓建立；相同正規化輪廓 signature 僅在所有來源讀音一致時啟用。,執行期 exact normalized outline signature only；不使用中文字、詞義、句境或字典預期音；signature 衝突即不納入。
6b3abe04171f9ab9f9b3b93694b3df4a1620bfae,ㄓˋ,7,DFPBiaoKai-W5-ZhuIn-BFW@xref1279#15094; DFPBiaoKai-W5-ZhuIn-BFW@xref2038#15094; DFPBiaoKai-W5-ZhuIn-BFW@xref2802#15094; DFPBiaoKai-W5-ZhuIn-BFW@xref308#15094; DFPBiaoKai-W5-ZhuIn-BFW@xref3276#15094; DFPBiaoKai-W5-ZhuIn-BFW@xref4404#15094; DFPBiaoKai-W5-ZhuIn-BFW@xref5004#15094,v3.7：由 v3.6 已解碼 TTF 注音元件的實際 glyf 輪廓建立；相同正規化輪廓 signature 僅在所有來源讀音一致時啟用。,執行期 exact normalized outline signature only；不使用中文字、詞義、句境或字典預期音；signature 衝突即不納入。
96ac88304c5fc341d31fd7a5f3f86d878887fdd7,ㄓˋ,6,DFPYuanW5-ZhuIn-BFW@xref1349#15095; DFPYuanW5-ZhuIn-BFW@xref1770#15095; DFPYuanW5-ZhuIn-BFW@xref3546#15095; DFPYuanW5-ZhuIn-BFW@xref372#15095; DFPYuanW5-ZhuIn-BFW@xref4603#15095; DFPYuanW5-ZhuIn-BFW@xref5574#15095,v3.7：由 v3.6 已解碼 TTF 注音元件的實際 glyf 輪廓建立；相同正規化輪廓 signature 僅在所有來源讀音一致時啟用。,執行期 exact normalized outline signature only；不使用中文字、詞義、句境或字典預期音；signature 衝突即不納入。
89dc67523c9b4407822fa1116a40241862db7168,ㄓㄚˊ,1,DFHeiPoIn1-Bd-BPMW-BF@xref1331#15140,v3.7：由 v3.6 已解碼 TTF 注音元件的實際 glyf 輪廓建立；相同正規化輪廓 signature 僅在所有來源讀音一致時啟用。,執行期 exact normalized outline signature only；不使用中文字、詞義、句境或字典預期音；signature 衝突即不納入。
abe539779ab401edf56fe1c1e54cab2a377e259c,ㄓㄜˇ,3,DFPBiaoKai-W5-ZhuIn-BFW@xref2802#15104; DFPBiaoKai-W5-ZhuIn-BFW@xref3276#15104; DFPBiaoKai-W5-ZhuIn-BFW@xref4404#15104,v3.7：由 v3.6 已解碼 TTF 注音元件的實際 glyf 輪廓建立；相同正規化輪廓 signature 僅在所有來源讀音一致時啟用。,執行期 exact normalized outline signature only；不使用中文字、詞義、句境或字典預期音；signature 衝突即不納入。
bae8cd94d91d5b8c44107fb2f2a88aa7e0fd4ec5,ㄓㄜˇ,3,DFPYuanW5-ZhuIn-BFW@xref1349#15105; DFPYuanW5-ZhuIn-BFW@xref2835#15105; DFPYuanW5-ZhuIn-BFW@xref4603#15105,v3.7：由 v3.6 已解碼 TTF 注音元件的實際 glyf 輪廓建立；相同正規化輪廓 signature 僅在所有來源讀音一致時啟用。,執行期 exact normalized outline signature only；不使用中文字、詞義、句境或字典預期音；signature 衝突即不納入。
111590d997bdc8bcd1606703ee8ec0e57b7ad791,ㄓㄜˊ,1,DFPBiaoKai-W5-ZhuIn-BFW@xref1279#15102,v3.7：由 v3.6 已解碼 TTF 注音元件的實際 glyf 輪廓建立；相同正規化輪廓 signature 僅在所有來源讀音一致時啟用。,執行期 exact normalized outline signature only；不使用中文字、詞義、句境或字典預期音；signature 衝突即不納入。
f3121e43d1dc2f0668765b3194c358cf00da33c4,ㄓㄜˊ,2,DFPYuanW5-ZhuIn-BFW@xref1349#15103; DFPYuanW5-ZhuIn-BFW@xref4603#15103,v3.7：由 v3.6 已解碼 TTF 注音元件的實際 glyf 輪廓建立；相同正規化輪廓 signature 僅在所有來源讀音一致時啟用。,執行期 exact normalized outline signature only；不使用中文字、詞義、句境或字典預期音；signature 衝突即不納入。
880399a6996c454ba627ac4f217c89e6e73d726f,ㄓㄜˋ,4,DFPYuanW5-ZhuIn-BFW@xref1349#15104; DFPYuanW5-ZhuIn-BFW@xref1770#15104; DFPYuanW5-ZhuIn-BFW@xref3546#15104; DFPYuanW5-ZhuIn-BFW@xref372#15104,v3.7：由 v3.6 已解碼 TTF 注音元件的實際 glyf 輪廓建立；相同正規化輪廓 signature 僅在所有來源讀音一致時啟用。,執行期 exact normalized outline signature only；不使用中文字、詞義、句境或字典預期音；signature 衝突即不納入。
dc8bf5ddbe69ef7b0cdcad2183ec8e2602f427ac,ㄓㄜˋ,8,DFPBiaoKai-W5-ZhuIn-BFW@xref1064#15103; DFPBiaoKai-W5-ZhuIn-BFW@xref1279#15103; DFPBiaoKai-W5-ZhuIn-BFW@xref1731#15103; DFPBiaoKai-W5-ZhuIn-BFW@xref308#15103; DFPBiaoKai-W5-ZhuIn-BFW@xref3276#15103; DFPBiaoKai-W5-ZhuIn-BFW@xref4404#15103; DFPBiaoKai-W5-ZhuIn-BFW@xref5004#15103; DFPBiaoKai-W5-ZhuIn-BFW@xref846#15103,v3.7：由 v3.6 已解碼 TTF 注音元件的實際 glyf 輪廓建立；相同正規化輪廓 signature 僅在所有來源讀音一致時啟用。,執行期 exact normalized outline signature only；不使用中文字、詞義、句境或字典預期音；signature 衝突即不納入。
29e30746b134623cab71067defae5f97e718b633,ㄓㄞˇ,1,DFPYuanW5-ZhuIn-BFW@xref372#15109,v3.7：由 v3.6 已解碼 TTF 注音元件的實際 glyf 輪廓建立；相同正規化輪廓 signature 僅在所有來源讀音一致時啟用。,執行期 exact normalized outline signature only；不使用中文字、詞義、句境或字典預期音；signature 衝突即不納入。
9d0e9c54d9e4cb4e3eed0b6ab5362a961f746649,ㄓㄠ,2,DFPBiaoKai-W5-ZhuIn-BFW@xref2206#15109; DFPBiaoKai-W5-ZhuIn-BFW@xref308#15109,v3.7：由 v3.6 已解碼 TTF 注音元件的實際 glyf 輪廓建立；相同正規化輪廓 signature 僅在所有來源讀音一致時啟用。,執行期 exact normalized outline signature only；不使用中文字、詞義、句境或字典預期音；signature 衝突即不納入。
dc4d2d7f035968ff234cf2948e7673d58ab227b3,ㄓㄠ,3,DFPYuanW5-PoIn4-BFW@xref3069#15110; DFPYuanW5-ZhuIn-BFW@xref2450#15110; DFPYuanW5-ZhuIn-BFW@xref5574#15110,v3.7：由 v3.6 已解碼 TTF 注音元件的實際 glyf 輪廓建立；相同正規化輪廓 signature 僅在所有來源讀音一致時啟用。,執行期 exact normalized outline signature only；不使用中文字、詞義、句境或字典預期音；signature 衝突即不納入。
07a9c97a345acc15bcc77437665088248798356f,ㄓㄠˇ,5,DFPBiaoKai-W5-ZhuIn-BFW@xref1279#15112; DFPBiaoKai-W5-ZhuIn-BFW@xref1731#15112; DFPBiaoKai-W5-ZhuIn-BFW@xref308#15112; DFPBiaoKai-W5-ZhuIn-BFW@xref3276#15112; DFPBiaoKai-W5-ZhuIn-BFW@xref3372#15112,v3.7：由 v3.6 已解碼 TTF 注音元件的實際 glyf 輪廓建立；相同正規化輪廓 signature 僅在所有來源讀音一致時啟用。,執行期 exact normalized outline signature only；不使用中文字、詞義、句境或字典預期音；signature 衝突即不納入。
d8f6963970b01bff1bbc82bec8052aac11916b6c,ㄓㄠˇ,3,DFPYuanW5-ZhuIn-BFW@xref1349#15113; DFPYuanW5-ZhuIn-BFW@xref3391#15113; DFPYuanW5-ZhuIn-BFW@xref952#15113,v3.7：由 v3.6 已解碼 TTF 注音元件的實際 glyf 輪廓建立；相同正規化輪廓 signature 僅在所有來源讀音一致時啟用。,執行期 exact normalized outline signature only；不使用中文字、詞義、句境或字典預期音；signature 衝突即不納入。
cff80f99b3ca33198a91e04b8b62e8e094ee2fa5,ㄓㄠˊ,1,DFPBiaoKai-W5-PoIn1-BFW@xref322#15110,v3.7：由 v3.6 已解碼 TTF 注音元件的實際 glyf 輪廓建立；相同正規化輪廓 signature 僅在所有來源讀音一致時啟用。,執行期 exact normalized outline signature only；不使用中文字、詞義、句境或字典預期音；signature 衝突即不納入。
3884ed49ea9e6cf01da07daf925f17d2fc367b4b,ㄓㄠˋ,1,DFPYuanW5-ZhuIn-BFW@xref1349#15112,v3.7：由 v3.6 已解碼 TTF 注音元件的實際 glyf 輪廓建立；相同正規化輪廓 signature 僅在所有來源讀音一致時啟用。,執行期 exact normalized outline signature only；不使用中文字、詞義、句境或字典預期音；signature 衝突即不納入。
a44302942533b250a4cce78d991ce058bded679a,ㄓㄠˋ,2,DFPBiaoKai-W5-ZhuIn-BFW@xref1279#15111; DFPBiaoKai-W5-ZhuIn-BFW@xref308#15111,v3.7：由 v3.6 已解碼 TTF 注音元件的實際 glyf 輪廓建立；相同正規化輪廓 signature 僅在所有來源讀音一致時啟用。,執行期 exact normalized outline signature only；不使用中文字、詞義、句境或字典預期音；signature 衝突即不納入。
1c7815c7d9d0258c951cd5de05eddde0b310e8a3,ㄓㄡ,1,DFPYuanW5-ZhuIn-BFW@xref1349#15114,v3.7：由 v3.6 已解碼 TTF 注音元件的實際 glyf 輪廓建立；相同正規化輪廓 signature 僅在所有來源讀音一致時啟用。,執行期 exact normalized outline signature only；不使用中文字、詞義、句境或字典預期音；signature 衝突即不納入。
dfd7def4c3df6df8c7ab317fd5aed5561c567d3f,ㄓㄡ,4,DFPBiaoKai-W5-ZhuIn-BFW@xref2802#15113; DFPBiaoKai-W5-ZhuIn-BFW@xref308#15113; DFPBiaoKai-W5-ZhuIn-BFW@xref4404#15113; DFPBiaoKai-W5-ZhuIn-BFW@xref5643#15113,v3.7：由 v3.6 已解碼 TTF 注音元件的實際 glyf 輪廓建立；相同正規化輪廓 signature 僅在所有來源讀音一致時啟用。,執行期 exact normalized outline signature only；不使用中文字、詞義、句境或字典預期音；signature 衝突即不納入。
162a9d5924215f09956faf99e3b5f9d5b3422e55,ㄓㄢˇ,2,DFPYuanW5-ZhuIn-BFW@xref3391#15120; DFPYuanW5-ZhuIn-BFW@xref5159#15120,v3.7：由 v3.6 已解碼 TTF 注音元件的實際 glyf 輪廓建立；相同正規化輪廓 signature 僅在所有來源讀音一致時啟用。,執行期 exact normalized outline signature only；不使用中文字、詞義、句境或字典預期音；signature 衝突即不納入。
9dffad2020039b66eeac855e826beec6257ee7f2,ㄓㄢˇ,3,DFPBiaoKai-W5-ZhuIn-BFW@xref2206#15119; DFPBiaoKai-W5-ZhuIn-BFW@xref5004#15119; DFPBiaoKai-W5-ZhuIn-BFW@xref846#15119,v3.7：由 v3.6 已解碼 TTF 注音元件的實際 glyf 輪廓建立；相同正規化輪廓 signature 僅在所有來源讀音一致時啟用。,執行期 exact normalized outline signature only；不使用中文字、詞義、句境或字典預期音；signature 衝突即不納入。
1903273e0ee8f205e9f132527b8e78e5f7aa8167,ㄓㄢˋ,8,DFPBiaoKai-W5-ZhuIn-BFW@xref1731#15118; DFPBiaoKai-W5-ZhuIn-BFW@xref2206#15118; DFPBiaoKai-W5-ZhuIn-BFW@xref2802#15118; DFPBiaoKai-W5-ZhuIn-BFW@xref308#15118; DFPBiaoKai-W5-ZhuIn-BFW@xref3276#15118; DFPBiaoKai-W5-ZhuIn-BFW@xref4404#15118; DFPBiaoKai-W5-ZhuIn-BFW@xref5643#15118; DFPBiaoKai-W5-ZhuIn-BFW@xref846#15118,v3.7：由 v3.6 已解碼 TTF 注音元件的實際 glyf 輪廓建立；相同正規化輪廓 signature 僅在所有來源讀音一致時啟用。,執行期 exact normalized outline signature only；不使用中文字、詞義、句境或字典預期音；signature 衝突即不納入。
a89e4f495627d5297971d7c48433a99325761bbe,ㄓㄢˋ,3,DFPYuanW5-ZhuIn-BFW@xref1349#15119; DFPYuanW5-ZhuIn-BFW@xref4603#15119; DFPYuanW5-ZhuIn-BFW@xref5159#15119,v3.7：由 v3.6 已解碼 TTF 注音元件的實際 glyf 輪廓建立；相同正規化輪廓 signature 僅在所有來源讀音一致時啟用。,執行期 exact normalized outline signature only；不使用中文字、詞義、句境或字典預期音；signature 衝突即不納入。
ad0b6d9971a33fd2ac7d37637911aa4f1346a849,ㄓㄣ,1,DFPYuanW5-ZhuIn-BFW@xref2450#15121,v3.7：由 v3.6 已解碼 TTF 注音元件的實際 glyf 輪廓建立；相同正規化輪廓 signature 僅在所有來源讀音一致時啟用。,執行期 exact normalized outline signature only；不使用中文字、詞義、句境或字典預期音；signature 衝突即不納入。
e204daf78fabca9327ae6fc8cf4a6d6b0c3bef2a,ㄓㄣ,4,DFPBiaoKai-W5-ZhuIn-BFW@xref2206#15120; DFPBiaoKai-W5-ZhuIn-BFW@xref308#15120; DFPBiaoKai-W5-ZhuIn-BFW@xref3276#15120; DFPBiaoKai-W5-ZhuIn-BFW@xref5004#15120,v3.7：由 v3.6 已解碼 TTF 注音元件的實際 glyf 輪廓建立；相同正規化輪廓 signature 僅在所有來源讀音一致時啟用。,執行期 exact normalized outline signature only；不使用中文字、詞義、句境或字典預期音；signature 衝突即不納入。
ab31a5e1a0ecb2b16ad312659bf8ac823ce5e9de,ㄓㄣˇ,1,DFPBiaoKai-W5-ZhuIn-BFW@xref1279#15122,v3.7：由 v3.6 已解碼 TTF 注音元件的實際 glyf 輪廓建立；相同正規化輪廓 signature 僅在所有來源讀音一致時啟用。,執行期 exact normalized outline signature only；不使用中文字、詞義、句境或字典預期音；signature 衝突即不納入。
ef9ff0db4e5f1612de483e27de0fddf29580e0c4,ㄓㄣˋ,1,DFPYuanW5-ZhuIn-BFW@xref4603#15122,v3.7：由 v3.6 已解碼 TTF 注音元件的實際 glyf 輪廓建立；相同正規化輪廓 signature 僅在所有來源讀音一致時啟用。,執行期 exact normalized outline signature only；不使用中文字、詞義、句境或字典預期音；signature 衝突即不納入。
f4567f08389151207e35c22b6b38af5b252bfb51,ㄓㄣˋ,1,DFPBiaoKai-W5-ZhuIn-BFW@xref4404#15121,v3.7：由 v3.6 已解碼 TTF 注音元件的實際 glyf 輪廓建立；相同正規化輪廓 signature 僅在所有來源讀音一致時啟用。,執行期 exact normalized outline signature only；不使用中文字、詞義、句境或字典預期音；signature 衝突即不納入。
28ef155acec652740a4265fc292fc0ccfda12c7f,ㄓㄤ,1,DFPBiaoKai-W5-ZhuIn-BFW@xref4404#15123,v3.7：由 v3.6 已解碼 TTF 注音元件的實際 glyf 輪廓建立；相同正規化輪廓 signature 僅在所有來源讀音一致時啟用。,執行期 exact normalized outline signature only；不使用中文字、詞義、句境或字典預期音；signature 衝突即不納入。
82887d29fb77d552eef24ed99549e3c2b9251a91,ㄓㄤˇ,4,DFPYuanW5-PoIn1-BFW@xref386#15126; DFPYuanW5-ZhuIn-BFW@xref1770#15126; DFPYuanW5-ZhuIn-BFW@xref2040#15126; DFPYuanW5-ZhuIn-BFW@xref2835#15126,v3.7：由 v3.6 已解碼 TTF 注音元件的實際 glyf 輪廓建立；相同正規化輪廓 signature 僅在所有來源讀音一致時啟用。,執行期 exact normalized outline signature only；不使用中文字、詞義、句境或字典預期音；signature 衝突即不納入。
e150c3f5ab9f012f091ac9022f84acaf5e295c2e,ㄓㄤˇ,1,DFYuanPoIn1-Bd-BPMW-BF@xref603#15168,v3.7：由 v3.6 已解碼 TTF 注音元件的實際 glyf 輪廓建立；相同正規化輪廓 signature 僅在所有來源讀音一致時啟用。,執行期 exact normalized outline signature only；不使用中文字、詞義、句境或字典預期音；signature 衝突即不納入。
e922ed949e86be0c3851a840fa0994a8a77397b5,ㄓㄤˇ,3,DFPBiaoKai-W5-PoIn1-BFW@xref322#15125; DFPBiaoKai-W5-ZhuIn-BFW@xref5004#15125; DFPBiaoKai-W5-ZhuIn-BFW@xref5643#15125,v3.7：由 v3.6 已解碼 TTF 注音元件的實際 glyf 輪廓建立；相同正規化輪廓 signature 僅在所有來源讀音一致時啟用。,執行期 exact normalized outline signature only；不使用中文字、詞義、句境或字典預期音；signature 衝突即不納入。
223ceb71e11a03c908efc3300ad42b4d5cd1132b,ㄓㄤˋ,1,DFPBiaoKai-W5-ZhuIn-BFW@xref1279#15124,v3.7：由 v3.6 已解碼 TTF 注音元件的實際 glyf 輪廓建立；相同正規化輪廓 signature 僅在所有來源讀音一致時啟用。,執行期 exact normalized outline signature only；不使用中文字、詞義、句境或字典預期音；signature 衝突即不納入。
6b4e1e1a3a657e02f62da8272aaae1c1ecf87eda,ㄓㄥ,1,DFPBiaoKai-W5-ZhuIn-BFW@xref846#15126,v3.7：由 v3.6 已解碼 TTF 注音元件的實際 glyf 輪廓建立；相同正規化輪廓 signature 僅在所有來源讀音一致時啟用。,執行期 exact normalized outline signature only；不使用中文字、詞義、句境或字典預期音；signature 衝突即不納入。
abeb877c8f4cf2ae40e4536c6ace9d904cf7b89a,ㄓㄥ,1,DFPYuanW5-ZhuIn-BFW@xref3546#15127,v3.7：由 v3.6 已解碼 TTF 注音元件的實際 glyf 輪廓建立；相同正規化輪廓 signature 僅在所有來源讀音一致時啟用。,執行期 exact normalized outline signature only；不使用中文字、詞義、句境或字典預期音；signature 衝突即不納入。
fc0f9a478743ca3210757568c4996d826253b174,ㄓㄥ,1,DFPWaWa-W5-ZhuIn-BFW@xref49#15126,v3.7：由 v3.6 已解碼 TTF 注音元件的實際 glyf 輪廓建立；相同正規化輪廓 signature 僅在所有來源讀音一致時啟用。,執行期 exact normalized outline signature only；不使用中文字、詞義、句境或字典預期音；signature 衝突即不納入。
8c38b4558bc8fdba82cbbf7911c3d3cd48c722a6,ㄓㄥˇ,1,DFPYuanW5-ZhuIn-BFW@xref372#15129,v3.7：由 v3.6 已解碼 TTF 注音元件的實際 glyf 輪廓建立；相同正規化輪廓 signature 僅在所有來源讀音一致時啟用。,執行期 exact normalized outline signature only；不使用中文字、詞義、句境或字典預期音；signature 衝突即不納入。
ee14e12ccdd4975b20b444167ea047a6658a25d5,ㄓㄥˇ,2,DFPBiaoKai-W5-ZhuIn-BFW@xref1279#15128; DFPBiaoKai-W5-ZhuIn-BFW@xref308#15128,v3.7：由 v3.6 已解碼 TTF 注音元件的實際 glyf 輪廓建立；相同正規化輪廓 signature 僅在所有來源讀音一致時啟用。,執行期 exact normalized outline signature only；不使用中文字、詞義、句境或字典預期音；signature 衝突即不納入。
80d02df2380cf099981e40bb1063685a61a28200,ㄓㄥˋ,6,DFPBiaoKai-W5-ZhuIn-BFW@xref1279#15127; DFPBiaoKai-W5-ZhuIn-BFW@xref2206#15127; DFPBiaoKai-W5-ZhuIn-BFW@xref308#15127; DFPBiaoKai-W5-ZhuIn-BFW@xref3276#15127; DFPBiaoKai-W5-ZhuIn-BFW@xref4404#15127; DFPBiaoKai-W5-ZhuIn-BFW@xref5643#15127,v3.7：由 v3.6 已解碼 TTF 注音元件的實際 glyf 輪廓建立；相同正規化輪廓 signature 僅在所有來源讀音一致時啟用。,執行期 exact normalized outline signature only；不使用中文字、詞義、句境或字典預期音；signature 衝突即不納入。
ef0e59e5cf0ffd4b115bb4d0e56cfa82e36a100a,ㄓㄥˋ,3,DFPYuanW5-ZhuIn-BFW@xref1349#15128; DFPYuanW5-ZhuIn-BFW@xref1770#15128; DFPYuanW5-ZhuIn-BFW@xref2835#15128,v3.7：由 v3.6 已解碼 TTF 注音元件的實際 glyf 輪廓建立；相同正規化輪廓 signature 僅在所有來源讀音一致時啟用。,執行期 exact normalized outline signature only；不使用中文字、詞義、句境或字典預期音；signature 衝突即不納入。
6cf1986d3c293da3e38587e4b8adc3d3a00d6d7b,ㄓㄨˇ,2,DFPYuanW5-ZhuIn-BFW@xref1349#15133; DFPYuanW5-ZhuIn-BFW@xref1422#15133,v3.7：由 v3.6 已解碼 TTF 注音元件的實際 glyf 輪廓建立；相同正規化輪廓 signature 僅在所有來源讀音一致時啟用。,執行期 exact normalized outline signature only；不使用中文字、詞義、句境或字典預期音；signature 衝突即不納入。
bf389d8bda381098b3126937b0219d5e30da1cd2,ㄓㄨˇ,4,DFPBiaoKai-W5-ZhuIn-BFW@xref1731#15132; DFPBiaoKai-W5-ZhuIn-BFW@xref2038#15132; DFPBiaoKai-W5-ZhuIn-BFW@xref308#15132; DFPBiaoKai-W5-ZhuIn-BFW@xref4404#15132,v3.7：由 v3.6 已解碼 TTF 注音元件的實際 glyf 輪廓建立；相同正規化輪廓 signature 僅在所有來源讀音一致時啟用。,執行期 exact normalized outline signature only；不使用中文字、詞義、句境或字典預期音；signature 衝突即不納入。
3f552d9648bcaafc26a6f9088154b0ad78612ada,ㄓㄨˋ,6,DFPYuanW5-ZhuIn-BFW@xref1349#15132; DFPYuanW5-ZhuIn-BFW@xref1770#15132; DFPYuanW5-ZhuIn-BFW@xref2450#15132; DFPYuanW5-ZhuIn-BFW@xref2835#15132; DFPYuanW5-ZhuIn-BFW@xref3546#15132; DFPYuanW5-ZhuIn-BFW@xref5159#15132,v3.7：由 v3.6 已解碼 TTF 注音元件的實際 glyf 輪廓建立；相同正規化輪廓 signature 僅在所有來源讀音一致時啟用。,執行期 exact normalized outline signature only；不使用中文字、詞義、句境或字典預期音；signature 衝突即不納入。
476668e3a69af0e3e631aef709e613882df93534,ㄓㄨˋ,8,DFPBiaoKai-W5-ZhuIn-BFW@xref1279#15131; DFPBiaoKai-W5-ZhuIn-BFW@xref1731#15131; DFPBiaoKai-W5-ZhuIn-BFW@xref2206#15131; DFPBiaoKai-W5-ZhuIn-BFW@xref2802#15131; DFPBiaoKai-W5-ZhuIn-BFW@xref308#15131; DFPBiaoKai-W5-ZhuIn-BFW@xref3276#15131; DFPBiaoKai-W5-ZhuIn-BFW@xref5004#15131; DFPBiaoKai-W5-ZhuIn-BFW@xref5643#15131,v3.7：由 v3.6 已解碼 TTF 注音元件的實際 glyf 輪廓建立；相同正規化輪廓 signature 僅在所有來源讀音一致時啟用。,執行期 exact normalized outline signature only；不使用中文字、詞義、句境或字典預期音；signature 衝突即不納入。
836316f81dde0a94bf4d00f1e9e71ee87310e4c7,ㄓㄨㄛˊ,1,DFPBiaoKai-W5-PoIn2-BFW@xref343#15136,v3.7：由 v3.6 已解碼 TTF 注音元件的實際 glyf 輪廓建立；相同正規化輪廓 signature 僅在所有來源讀音一致時啟用。,執行期 exact normalized outline signature only；不使用中文字、詞義、句境或字典預期音；signature 衝突即不納入。
8e99c488a166c71e4a806d512575856da7b58c25,ㄓㄨㄛˊ,1,DFHeiPoIn2-Bd-BPMW-BF@xref2911#15179,v3.7：由 v3.6 已解碼 TTF 注音元件的實際 glyf 輪廓建立；相同正規化輪廓 signature 僅在所有來源讀音一致時啟用。,執行期 exact normalized outline signature only；不使用中文字、詞義、句境或字典預期音；signature 衝突即不納入。
35f6e364033089f822abdca79b096f727d209cbc,ㄓㄨㄟ,4,DFPBiaoKai-W5-ZhuIn-BFW@xref1279#15140; DFPBiaoKai-W5-ZhuIn-BFW@xref2802#15140; DFPBiaoKai-W5-ZhuIn-BFW@xref3372#15140; DFPBiaoKai-W5-ZhuIn-BFW@xref4404#15140,v3.7：由 v3.6 已解碼 TTF 注音元件的實際 glyf 輪廓建立；相同正規化輪廓 signature 僅在所有來源讀音一致時啟用。,執行期 exact normalized outline signature only；不使用中文字、詞義、句境或字典預期音；signature 衝突即不納入。
54fe0bcfe6b697efdb8007a90f0ec7a60968f1a3,ㄓㄨㄟ,1,DFPYuanW5-ZhuIn-BFW@xref2835#15141,v3.7：由 v3.6 已解碼 TTF 注音元件的實際 glyf 輪廓建立；相同正規化輪廓 signature 僅在所有來源讀音一致時啟用。,執行期 exact normalized outline signature only；不使用中文字、詞義、句境或字典預期音；signature 衝突即不納入。
793cef26145519d86046f952c3f4949f34edef9a,ㄓㄨㄢ,1,DFPBiaoKai-W5-ZhuIn-BFW@xref5643#15143,v3.7：由 v3.6 已解碼 TTF 注音元件的實際 glyf 輪廓建立；相同正規化輪廓 signature 僅在所有來源讀音一致時啟用。,執行期 exact normalized outline signature only；不使用中文字、詞義、句境或字典預期音；signature 衝突即不納入。
28b7dd4fce73fda7dc8b295c3356637252f6ed65,ㄓㄨㄢˇ,2,DFPYuanW5-ZhuIn-BFW@xref3546#15146; DFPYuanW5-ZhuIn-BFW@xref5159#15146,v3.7：由 v3.6 已解碼 TTF 注音元件的實際 glyf 輪廓建立；相同正規化輪廓 signature 僅在所有來源讀音一致時啟用。,執行期 exact normalized outline signature only；不使用中文字、詞義、句境或字典預期音；signature 衝突即不納入。
654af64f2617415a41232be46e6859aad27203ed,ㄓㄨㄢˇ,4,DFPBiaoKai-W5-ZhuIn-BFW@xref1279#15145; DFPBiaoKai-W5-ZhuIn-BFW@xref2206#15145; DFPBiaoKai-W5-ZhuIn-BFW@xref3276#15145; DFPBiaoKai-W5-ZhuIn-BFW@xref5004#15145,v3.7：由 v3.6 已解碼 TTF 注音元件的實際 glyf 輪廓建立；相同正規化輪廓 signature 僅在所有來源讀音一致時啟用。,執行期 exact normalized outline signature only；不使用中文字、詞義、句境或字典預期音；signature 衝突即不納入。
05515698ca89b35a526e5f9451ad7d0e5849df2e,ㄓㄨㄢˋ,1,DFPYuanW5-PoIn1-BFW@xref2452#15145,v3.7：由 v3.6 已解碼 TTF 注音元件的實際 glyf 輪廓建立；相同正規化輪廓 signature 僅在所有來源讀音一致時啟用。,執行期 exact normalized outline signature only；不使用中文字、詞義、句境或字典預期音；signature 衝突即不納入。
34339984cbcbeed2332ff368e92a536c9c8a4d02,ㄓㄨㄣˇ,7,DFPBiaoKai-W5-ZhuIn-BFW@xref1731#15148; DFPBiaoKai-W5-ZhuIn-BFW@xref2802#15148; DFPBiaoKai-W5-ZhuIn-BFW@xref308#15148; DFPBiaoKai-W5-ZhuIn-BFW@xref3276#15148; DFPBiaoKai-W5-ZhuIn-BFW@xref3372#15148; DFPBiaoKai-W5-ZhuIn-BFW@xref5004#15148; DFPBiaoKai-W5-ZhuIn-BFW@xref5643#15148,v3.7：由 v3.6 已解碼 TTF 注音元件的實際 glyf 輪廓建立；相同正規化輪廓 signature 僅在所有來源讀音一致時啟用。,執行期 exact normalized outline signature only；不使用中文字、詞義、句境或字典預期音；signature 衝突即不納入。
496fca8c15ecbe998558d7756d3894f9416d19cf,ㄓㄨㄣˇ,4,DFPYuanW5-ZhuIn-BFW@xref1349#15149; DFPYuanW5-ZhuIn-BFW@xref2450#15149; DFPYuanW5-ZhuIn-BFW@xref3391#15149; DFPYuanW5-ZhuIn-BFW@xref3546#15149,v3.7：由 v3.6 已解碼 TTF 注音元件的實際 glyf 輪廓建立；相同正規化輪廓 signature 僅在所有來源讀音一致時啟用。,執行期 exact normalized outline signature only；不使用中文字、詞義、句境或字典預期音；signature 衝突即不納入。
723f975858de324476fa4c8ce469d656d93365b1,ㄓㄨㄤ,1,DFPBiaoKai-W5-ZhuIn-BFW@xref1731#15149,v3.7：由 v3.6 已解碼 TTF 注音元件的實際 glyf 輪廓建立；相同正規化輪廓 signature 僅在所有來源讀音一致時啟用。,執行期 exact normalized outline signature only；不使用中文字、詞義、句境或字典預期音；signature 衝突即不納入。
cabcd7b8a943278e098f8f6539e36a75d0997c56,ㄓㄨㄤˋ,2,DFPYuanW5-ZhuIn-BFW@xref1349#15151; DFPYuanW5-ZhuIn-BFW@xref952#15151,v3.7：由 v3.6 已解碼 TTF 注音元件的實際 glyf 輪廓建立；相同正規化輪廓 signature 僅在所有來源讀音一致時啟用。,執行期 exact normalized outline signature only；不使用中文字、詞義、句境或字典預期音；signature 衝突即不納入。
fc3c105761946d0ddf2d7d4d802562f46f30b4b5,ㄓㄨㄤˋ,6,DFPBiaoKai-W5-ZhuIn-BFW@xref1279#15150; DFPBiaoKai-W5-ZhuIn-BFW@xref2206#15150; DFPBiaoKai-W5-ZhuIn-BFW@xref308#15150; DFPBiaoKai-W5-ZhuIn-BFW@xref3276#15150; DFPBiaoKai-W5-ZhuIn-BFW@xref5643#15150; DFPBiaoKai-W5-ZhuIn-BFW@xref846#15150,v3.7：由 v3.6 已解碼 TTF 注音元件的實際 glyf 輪廓建立；相同正規化輪廓 signature 僅在所有來源讀音一致時啟用。,執行期 exact normalized outline signature only；不使用中文字、詞義、句境或字典預期音；signature 衝突即不納入。
18ac0a4f1987251c43eb850628944da2d36c074f,ㄓㄨㄥ,8,DFPYuanW5-ZhuIn-BFW@xref1349#15153; DFPYuanW5-ZhuIn-BFW@xref1770#15153; DFPYuanW5-ZhuIn-BFW@xref2835#15153; DFPYuanW5-ZhuIn-BFW@xref3391#15153; DFPYuanW5-ZhuIn-BFW@xref3546#15153; DFPYuanW5-ZhuIn-BFW@xref372#15153; DFPYuanW5-ZhuIn-BFW@xref4603#15153; DFPYuanW5-ZhuIn-BFW@xref952#15153,v3.7：由 v3.6 已解碼 TTF 注音元件的實際 glyf 輪廓建立；相同正規化輪廓 signature 僅在所有來源讀音一致時啟用。,執行期 exact normalized outline signature only；不使用中文字、詞義、句境或字典預期音；signature 衝突即不納入。
8601449ce2d18e64814cd085f3cd1961b19bd7a1,ㄓㄨㄥ,8,DFPBiaoKai-W5-ZhuIn-BFW@xref1279#15152; DFPBiaoKai-W5-ZhuIn-BFW@xref1731#15152; DFPBiaoKai-W5-ZhuIn-BFW@xref2802#15152; DFPBiaoKai-W5-ZhuIn-BFW@xref3372#15152; DFPBiaoKai-W5-ZhuIn-BFW@xref4404#15152; DFPBiaoKai-W5-ZhuIn-BFW@xref5004#15152; DFPBiaoKai-W5-ZhuIn-BFW@xref5643#15152; DFPBiaoKai-W5-ZhuIn-BFW@xref846#15152,v3.7：由 v3.6 已解碼 TTF 注音元件的實際 glyf 輪廓建立；相同正規化輪廓 signature 僅在所有來源讀音一致時啟用。,執行期 exact normalized outline signature only；不使用中文字、詞義、句境或字典預期音；signature 衝突即不納入。
1790d7c2e00dba757750e28d7c9d5210b877b8aa,ㄓㄨㄥˇ,3,DFPYuanW5-ZhuIn-BFW@xref1770#15155; DFPYuanW5-ZhuIn-BFW@xref2040#15155; DFPYuanW5-ZhuIn-BFW@xref372#15155,v3.7：由 v3.6 已解碼 TTF 注音元件的實際 glyf 輪廓建立；相同正規化輪廓 signature 僅在所有來源讀音一致時啟用。,執行期 exact normalized outline signature only；不使用中文字、詞義、句境或字典預期音；signature 衝突即不納入。
4312dbc19ba0bc1677c0b7a7700a00445ab2a67f,ㄓㄨㄥˇ,5,DFPBiaoKai-W5-ZhuIn-BFW@xref1064#15154; DFPBiaoKai-W5-ZhuIn-BFW@xref1731#15154; DFPBiaoKai-W5-ZhuIn-BFW@xref2038#15154; DFPBiaoKai-W5-ZhuIn-BFW@xref308#15154; DFPBiaoKai-W5-ZhuIn-BFW@xref846#15154,v3.7：由 v3.6 已解碼 TTF 注音元件的實際 glyf 輪廓建立；相同正規化輪廓 signature 僅在所有來源讀音一致時啟用。,執行期 exact normalized outline signature only；不使用中文字、詞義、句境或字典預期音；signature 衝突即不納入。
2273e5d09a76635b05d76316b0b73966b35af860,ㄓㄨㄥˋ,7,DFPBiaoKai-W5-ZhuIn-BFW@xref1279#15153; DFPBiaoKai-W5-ZhuIn-BFW@xref1731#15153; DFPBiaoKai-W5-ZhuIn-BFW@xref2206#15153; DFPBiaoKai-W5-ZhuIn-BFW@xref2802#15153; DFPBiaoKai-W5-ZhuIn-BFW@xref308#15153; DFPBiaoKai-W5-ZhuIn-BFW@xref4404#15153; DFPBiaoKai-W5-ZhuIn-BFW@xref846#15153,v3.7：由 v3.6 已解碼 TTF 注音元件的實際 glyf 輪廓建立；相同正規化輪廓 signature 僅在所有來源讀音一致時啟用。,執行期 exact normalized outline signature only；不使用中文字、詞義、句境或字典預期音；signature 衝突即不納入。
639d8e827ae1a3d91f628e3318f02707857093b7,ㄓㄨㄥˋ,5,DFPYuanW5-PoIn1-BFW@xref3398#15154; DFPYuanW5-PoIn1-BFW@xref3558#15154; DFPYuanW5-ZhuIn-BFW@xref3391#15154; DFPYuanW5-ZhuIn-BFW@xref372#15154; DFPYuanW5-ZhuIn-BFW@xref4603#15154,v3.7：由 v3.6 已解碼 TTF 注音元件的實際 glyf 輪廓建立；相同正規化輪廓 signature 僅在所有來源讀音一致時啟用。,執行期 exact normalized outline signature only；不使用中文字、詞義、句境或字典預期音；signature 衝突即不納入。
bd2dbc7cac3b255d9b66de76301b5a8b004786d2,ㄓㄨㄥˋ,1,DFHeiPoIn1-Bd-BPMW-BF@xref3900#15196,v3.7：由 v3.6 已解碼 TTF 注音元件的實際 glyf 輪廓建立；相同正規化輪廓 signature 僅在所有來源讀音一致時啟用。,執行期 exact normalized outline signature only；不使用中文字、詞義、句境或字典預期音；signature 衝突即不納入。
1c4e614031d00cc22806eac486fdef5ceea23fd5,ㄔ,5,DFPBiaoKai-W5-ZhuIn-BFW@xref1279#15155; DFPBiaoKai-W5-ZhuIn-BFW@xref1731#15155; DFPBiaoKai-W5-ZhuIn-BFW@xref2038#15155; DFPBiaoKai-W5-ZhuIn-BFW@xref308#15155; DFPBiaoKai-W5-ZhuIn-BFW@xref846#15155,v3.7：由 v3.6 已解碼 TTF 注音元件的實際 glyf 輪廓建立；相同正規化輪廓 signature 僅在所有來源讀音一致時啟用。,執行期 exact normalized outline signature only；不使用中文字、詞義、句境或字典預期音；signature 衝突即不納入。
a142140f4c8c9120b6e611eb34fb51e436153929,ㄔˇ,3,DFPBiaoKai-W5-ZhuIn-BFW@xref1731#15158; DFPBiaoKai-W5-ZhuIn-BFW@xref2802#15158; DFPBiaoKai-W5-ZhuIn-BFW@xref3276#15158,v3.7：由 v3.6 已解碼 TTF 注音元件的實際 glyf 輪廓建立；相同正規化輪廓 signature 僅在所有來源讀音一致時啟用。,執行期 exact normalized outline signature only；不使用中文字、詞義、句境或字典預期音；signature 衝突即不納入。
764dcce4850e0a8f71e8b1dff9fe110adb58af51,ㄔˊ,7,DFPYuanW5-ZhuIn-BFW@xref1770#15157; DFPYuanW5-ZhuIn-BFW@xref2040#15157; DFPYuanW5-ZhuIn-BFW@xref2450#15157; DFPYuanW5-ZhuIn-BFW@xref2835#15157; DFPYuanW5-ZhuIn-BFW@xref4603#15157; DFPYuanW5-ZhuIn-BFW@xref5574#15157; DFPYuanW5-ZhuIn-BFW@xref952#15157,v3.7：由 v3.6 已解碼 TTF 注音元件的實際 glyf 輪廓建立；相同正規化輪廓 signature 僅在所有來源讀音一致時啟用。,執行期 exact normalized outline signature only；不使用中文字、詞義、句境或字典預期音；signature 衝突即不納入。
c601f3d80887d9a3bebe1e862aa997cfd73942cc,ㄔˊ,6,DFPBiaoKai-W5-ZhuIn-BFW@xref1279#15156; DFPBiaoKai-W5-ZhuIn-BFW@xref1731#15156; DFPBiaoKai-W5-ZhuIn-BFW@xref2206#15156; DFPBiaoKai-W5-ZhuIn-BFW@xref2802#15156; DFPBiaoKai-W5-ZhuIn-BFW@xref5643#15156; DFPBiaoKai-W5-ZhuIn-BFW@xref846#15156,v3.7：由 v3.6 已解碼 TTF 注音元件的實際 glyf 輪廓建立；相同正規化輪廓 signature 僅在所有來源讀音一致時啟用。,執行期 exact normalized outline signature only；不使用中文字、詞義、句境或字典預期音；signature 衝突即不納入。
913ddbbb382212d98e35b869a634b013d2e51426,ㄔㄚ,1,DFPYuanW5-ZhuIn-BFW@xref952#15160,v3.7：由 v3.6 已解碼 TTF 注音元件的實際 glyf 輪廓建立；相同正規化輪廓 signature 僅在所有來源讀音一致時啟用。,執行期 exact normalized outline signature only；不使用中文字、詞義、句境或字典預期音；signature 衝突即不納入。
fb92aa14204ebac2dd5e5d45ba64024332a3bfa7,ㄔㄚ,2,DFPBiaoKai-W5-ZhuIn-BFW@xref308#15159; DFPBiaoKai-W5-ZhuIn-BFW@xref846#15159,v3.7：由 v3.6 已解碼 TTF 注音元件的實際 glyf 輪廓建立；相同正規化輪廓 signature 僅在所有來源讀音一致時啟用。,執行期 exact normalized outline signature only；不使用中文字、詞義、句境或字典預期音；signature 衝突即不納入。
8381276bd6da77975e561b8e4b4170230d348e06,ㄔㄚˊ,4,DFPBiaoKai-W5-ZhuIn-BFW@xref1279#15160; DFPBiaoKai-W5-ZhuIn-BFW@xref1731#15160; DFPBiaoKai-W5-ZhuIn-BFW@xref3276#15160; DFPBiaoKai-W5-ZhuIn-BFW@xref5004#15160,v3.7：由 v3.6 已解碼 TTF 注音元件的實際 glyf 輪廓建立；相同正規化輪廓 signature 僅在所有來源讀音一致時啟用。,執行期 exact normalized outline signature only；不使用中文字、詞義、句境或字典預期音；signature 衝突即不納入。
8be92ff49c4a9800c4971c228d8d08773bb7c1f6,ㄔㄚˊ,4,DFPYuanW5-ZhuIn-BFW@xref1770#15161; DFPYuanW5-ZhuIn-BFW@xref2040#15161; DFPYuanW5-ZhuIn-BFW@xref2835#15161; DFPYuanW5-ZhuIn-BFW@xref3546#15161,v3.7：由 v3.6 已解碼 TTF 注音元件的實際 glyf 輪廓建立；相同正規化輪廓 signature 僅在所有來源讀音一致時啟用。,執行期 exact normalized outline signature only；不使用中文字、詞義、句境或字典預期音；signature 衝突即不納入。
8f601121c84bb41fc2bc0616cdb148eb414a4efc,ㄔㄚˊ,1,DFPWaWa-W5-ZhuIn-BFW@xref49#15160,v3.7：由 v3.6 已解碼 TTF 注音元件的實際 glyf 輪廓建立；相同正規化輪廓 signature 僅在所有來源讀音一致時啟用。,執行期 exact normalized outline signature only；不使用中文字、詞義、句境或字典預期音；signature 衝突即不納入。
5a65f0975c8ead1bb9e6533f381235f8c6851fa9,ㄔㄜ,1,DFPYuanW5-ZhuIn-BFW@xref1770#15164,v3.7：由 v3.6 已解碼 TTF 注音元件的實際 glyf 輪廓建立；相同正規化輪廓 signature 僅在所有來源讀音一致時啟用。,執行期 exact normalized outline signature only；不使用中文字、詞義、句境或字典預期音；signature 衝突即不納入。
d049e75d2efb8d5c2bd733e32c52226642fe3e2b,ㄔㄜ,1,DFPBiaoKai-W5-ZhuIn-BFW@xref2206#15163,v3.7：由 v3.6 已解碼 TTF 注音元件的實際 glyf 輪廓建立；相同正規化輪廓 signature 僅在所有來源讀音一致時啟用。,執行期 exact normalized outline signature only；不使用中文字、詞義、句境或字典預期音；signature 衝突即不納入。
97818d24b6e5d49111aa930df1808012adbd1071,ㄔㄜˋ,1,DFPYuanW5-ZhuIn-BFW@xref1349#15165,v3.7：由 v3.6 已解碼 TTF 注音元件的實際 glyf 輪廓建立；相同正規化輪廓 signature 僅在所有來源讀音一致時啟用。,執行期 exact normalized outline signature only；不使用中文字、詞義、句境或字典預期音；signature 衝突即不納入。
9ce001a3302dc8fa3b56b3c68b7268742ac6b798,ㄔㄞ,1,DFPBiaoKai-W5-ZhuIn-BFW@xref5643#15166,v3.7：由 v3.6 已解碼 TTF 注音元件的實際 glyf 輪廓建立；相同正規化輪廓 signature 僅在所有來源讀音一致時啟用。,執行期 exact normalized outline signature only；不使用中文字、詞義、句境或字典預期音；signature 衝突即不納入。
741569db6a4dc724a05499ff716c239ef13298bc,ㄔㄠ,1,DFPBiaoKai-W5-ZhuIn-BFW@xref1731#15169,v3.7：由 v3.6 已解碼 TTF 注音元件的實際 glyf 輪廓建立；相同正規化輪廓 signature 僅在所有來源讀音一致時啟用。,執行期 exact normalized outline signature only；不使用中文字、詞義、句境或字典預期音；signature 衝突即不納入。
e80c4ce497a15283d31d2f927308b09d87ce9647,ㄔㄠ,1,DFPYuanW5-ZhuIn-BFW@xref2835#15170,v3.7：由 v3.6 已解碼 TTF 注音元件的實際 glyf 輪廓建立；相同正規化輪廓 signature 僅在所有來源讀音一致時啟用。,執行期 exact normalized outline signature only；不使用中文字、詞義、句境或字典預期音；signature 衝突即不納入。
2fa70f5e50e15b68ed152b0160dee06bb194bdce,ㄔㄠˊ,1,DFPBiaoKai-W5-ZhuIn-BFW@xref846#15170,v3.7：由 v3.6 已解碼 TTF 注音元件的實際 glyf 輪廓建立；相同正規化輪廓 signature 僅在所有來源讀音一致時啟用。,執行期 exact normalized outline signature only；不使用中文字、詞義、句境或字典預期音；signature 衝突即不納入。
f8b6d9021fc16c2d34113e8cab5ca75abb8cafa7,ㄔㄠˊ,2,DFPYuanW5-PoIn1-BFW@xref4610#15171; DFPYuanW5-ZhuIn-BFW@xref952#15171,v3.7：由 v3.6 已解碼 TTF 注音元件的實際 glyf 輪廓建立；相同正規化輪廓 signature 僅在所有來源讀音一致時啟用。,執行期 exact normalized outline signature only；不使用中文字、詞義、句境或字典預期音；signature 衝突即不納入。
045013224bf1248276f138f5d4b20292063ebd27,ㄔㄡ,1,DFPBiaoKai-W5-ZhuIn-BFW@xref308#15173,v3.7：由 v3.6 已解碼 TTF 注音元件的實際 glyf 輪廓建立；相同正規化輪廓 signature 僅在所有來源讀音一致時啟用。,執行期 exact normalized outline signature only；不使用中文字、詞義、句境或字典預期音；signature 衝突即不納入。
96fd6e6578c902f78e2fa964b587afe0978e2c02,ㄔㄢˇ,3,DFPYuanW5-ZhuIn-BFW@xref1349#15181; DFPYuanW5-ZhuIn-BFW@xref1770#15181; DFPYuanW5-ZhuIn-BFW@xref952#15181,v3.7：由 v3.6 已解碼 TTF 注音元件的實際 glyf 輪廓建立；相同正規化輪廓 signature 僅在所有來源讀音一致時啟用。,執行期 exact normalized outline signature only；不使用中文字、詞義、句境或字典預期音；signature 衝突即不納入。
c973e755bcc29eafafa467a960d2c7bb7a801a2b,ㄔㄢˇ,1,DFPBiaoKai-W5-ZhuIn-BFW@xref1731#15180,v3.7：由 v3.6 已解碼 TTF 注音元件的實際 glyf 輪廓建立；相同正規化輪廓 signature 僅在所有來源讀音一致時啟用。,執行期 exact normalized outline signature only；不使用中文字、詞義、句境或字典預期音；signature 衝突即不納入。
4195f9f7e8ad65cfb3ebf2a29a44dd8f7893e1f7,ㄔㄣˊ,1,DFPBiaoKai-W5-ZhuIn-BFW@xref3372#15182,v3.7：由 v3.6 已解碼 TTF 注音元件的實際 glyf 輪廓建立；相同正規化輪廓 signature 僅在所有來源讀音一致時啟用。,執行期 exact normalized outline signature only；不使用中文字、詞義、句境或字典預期音；signature 衝突即不納入。
5ba09d047c46a3409e6afd49eb4e0900cc2dad1d,ㄔㄤˇ,4,DFPBiaoKai-W5-ZhuIn-BFW@xref1731#15188; DFPBiaoKai-W5-ZhuIn-BFW@xref3276#15188; DFPBiaoKai-W5-ZhuIn-BFW@xref5004#15188; DFPBiaoKai-W5-ZhuIn-BFW@xref846#15188,v3.7：由 v3.6 已解碼 TTF 注音元件的實際 glyf 輪廓建立；相同正規化輪廓 signature 僅在所有來源讀音一致時啟用。,執行期 exact normalized outline signature only；不使用中文字、詞義、句境或字典預期音；signature 衝突即不納入。
08c888abc9e82a1d921a6b4cb433109799347ecb,ㄔㄤˊ,4,DFPYuanW5-ZhuIn-BFW@xref1349#15187; DFPYuanW5-ZhuIn-BFW@xref1422#15187; DFPYuanW5-ZhuIn-BFW@xref1770#15187; DFPYuanW5-ZhuIn-BFW@xref3546#15187,v3.7：由 v3.6 已解碼 TTF 注音元件的實際 glyf 輪廓建立；相同正規化輪廓 signature 僅在所有來源讀音一致時啟用。,執行期 exact normalized outline signature only；不使用中文字、詞義、句境或字典預期音；signature 衝突即不納入。
f508b551a849e8c540c0f1a226e09a12fb38ffa1,ㄔㄤˊ,6,DFPBiaoKai-W5-ZhuIn-BFW@xref1279#15186; DFPBiaoKai-W5-ZhuIn-BFW@xref2802#15186; DFPBiaoKai-W5-ZhuIn-BFW@xref308#15186; DFPBiaoKai-W5-ZhuIn-BFW@xref4404#15186; DFPBiaoKai-W5-ZhuIn-BFW@xref5004#15186; DFPBiaoKai-W5-ZhuIn-BFW@xref846#15186,v3.7：由 v3.6 已解碼 TTF 注音元件的實際 glyf 輪廓建立；相同正規化輪廓 signature 僅在所有來源讀音一致時啟用。,執行期 exact normalized outline signature only；不使用中文字、詞義、句境或字典預期音；signature 衝突即不納入。
d1fbe80f6b8f84e0012017ba0c66cc56d7497630,ㄔㄤˋ,2,DFPBiaoKai-W5-ZhuIn-BFW@xref1064#15187; DFPBiaoKai-W5-ZhuIn-BFW@xref4404#15187,v3.7：由 v3.6 已解碼 TTF 注音元件的實際 glyf 輪廓建立；相同正規化輪廓 signature 僅在所有來源讀音一致時啟用。,執行期 exact normalized outline signature only；不使用中文字、詞義、句境或字典預期音；signature 衝突即不納入。
717d00125eefb2201fceb5b725433a7460027207,ㄔㄥ,3,DFPBiaoKai-W5-ZhuIn-BFW@xref2206#15189; DFPBiaoKai-W5-ZhuIn-BFW@xref308#15189; DFPBiaoKai-W5-ZhuIn-BFW@xref5004#15189,v3.7：由 v3.6 已解碼 TTF 注音元件的實際 glyf 輪廓建立；相同正規化輪廓 signature 僅在所有來源讀音一致時啟用。,執行期 exact normalized outline signature only；不使用中文字、詞義、句境或字典預期音；signature 衝突即不納入。
c3fa8996210ff5ec363ec52b02d4e7b1bbd8f332,ㄔㄥ,1,DFPYuanW5-ZhuIn-BFW@xref2450#15190,v3.7：由 v3.6 已解碼 TTF 注音元件的實際 glyf 輪廓建立；相同正規化輪廓 signature 僅在所有來源讀音一致時啟用。,執行期 exact normalized outline signature only；不使用中文字、詞義、句境或字典預期音；signature 衝突即不納入。
82a59804cf2bd404f1bb20e2977ae6351e5a5931,ㄔㄥˊ,9,DFPBiaoKai-W5-ZhuIn-BFW@xref1279#15190; DFPBiaoKai-W5-ZhuIn-BFW@xref1731#15190; DFPBiaoKai-W5-ZhuIn-BFW@xref2206#15190; DFPBiaoKai-W5-ZhuIn-BFW@xref2802#15190; DFPBiaoKai-W5-ZhuIn-BFW@xref308#15190; DFPBiaoKai-W5-ZhuIn-BFW@xref3276#15190; DFPBiaoKai-W5-ZhuIn-BFW@xref4404#15190; DFPBiaoKai-W5-ZhuIn-BFW@xref5643#15190; DFPBiaoKai-W5-ZhuIn-BFW@xref846#15190,v3.7：由 v3.6 已解碼 TTF 注音元件的實際 glyf 輪廓建立；相同正規化輪廓 signature 僅在所有來源讀音一致時啟用。,執行期 exact normalized outline signature only；不使用中文字、詞義、句境或字典預期音；signature 衝突即不納入。
87da8f08e273d437378679ada27df4807181811b,ㄔㄥˊ,9,DFPYuanW5-ZhuIn-BFW@xref1349#15191; DFPYuanW5-ZhuIn-BFW@xref1770#15191; DFPYuanW5-ZhuIn-BFW@xref2450#15191; DFPYuanW5-ZhuIn-BFW@xref2835#15191; DFPYuanW5-ZhuIn-BFW@xref3546#15191; DFPYuanW5-ZhuIn-BFW@xref372#15191; DFPYuanW5-ZhuIn-BFW@xref4603#15191; DFPYuanW5-ZhuIn-BFW@xref5574#15191; DFPYuanW5-ZhuIn-BFW@xref952#15191,v3.7：由 v3.6 已解碼 TTF 注音元件的實際 glyf 輪廓建立；相同正規化輪廓 signature 僅在所有來源讀音一致時啟用。,執行期 exact normalized outline signature only；不使用中文字、詞義、句境或字典預期音；signature 衝突即不納入。
3b04bf61590f5eae514916a28de9880254d7be1f,ㄔㄨ,1,DFPWaWa-W5-ZhuIn-BFW@xref49#15193,v3.7：由 v3.6 已解碼 TTF 注音元件的實際 glyf 輪廓建立；相同正規化輪廓 signature 僅在所有來源讀音一致時啟用。,執行期 exact normalized outline signature only；不使用中文字、詞義、句境或字典預期音；signature 衝突即不納入。
842a2b147adba6d0f8c6f006523de1cf2d01c9da,ㄔㄨ,5,DFPYuanW5-ZhuIn-BFW@xref1349#15194; DFPYuanW5-ZhuIn-BFW@xref3391#15194; DFPYuanW5-ZhuIn-BFW@xref3546#15194; DFPYuanW5-ZhuIn-BFW@xref372#15194; DFPYuanW5-ZhuIn-BFW@xref4603#15194,v3.7：由 v3.6 已解碼 TTF 注音元件的實際 glyf 輪廓建立；相同正規化輪廓 signature 僅在所有來源讀音一致時啟用。,執行期 exact normalized outline signature only；不使用中文字、詞義、句境或字典預期音；signature 衝突即不納入。
ea9f0c1ac38b7f64f5cf15d0f4bfdbf647425985,ㄔㄨ,10,DFPBiaoKai-W5-ZhuIn-BFW@xref1064#15193; DFPBiaoKai-W5-ZhuIn-BFW@xref1279#15193; DFPBiaoKai-W5-ZhuIn-BFW@xref1731#15193; DFPBiaoKai-W5-ZhuIn-BFW@xref2206#15193; DFPBiaoKai-W5-ZhuIn-BFW@xref308#15193; DFPBiaoKai-W5-ZhuIn-BFW@xref3276#15193; DFPBiaoKai-W5-ZhuIn-BFW@xref4404#15193; DFPBiaoKai-W5-ZhuIn-BFW@xref5004#15193; DFPBiaoKai-W5-ZhuIn-BFW@xref5643#15193; DFPBiaoKai-W5-ZhuIn-BFW@xref846#15193,v3.7：由 v3.6 已解碼 TTF 注音元件的實際 glyf 輪廓建立；相同正規化輪廓 signature 僅在所有來源讀音一致時啟用。,執行期 exact normalized outline signature only；不使用中文字、詞義、句境或字典預期音；signature 衝突即不納入。
12996d83edb4ab9e312d86f509340ed1b9237f5c,ㄔㄨˇ,1,DFPYuanW5-PoIn1-BFW@xref1368#15197,v3.7：由 v3.6 已解碼 TTF 注音元件的實際 glyf 輪廓建立；相同正規化輪廓 signature 僅在所有來源讀音一致時啟用。,執行期 exact normalized outline signature only；不使用中文字、詞義、句境或字典預期音；signature 衝突即不納入。
cbd385d8eaa33802b2441a56a77134c7d55454ab,ㄔㄨˇ,5,DFPBiaoKai-W5-ZhuIn-BFW@xref1064#15196; DFPBiaoKai-W5-ZhuIn-BFW@xref1279#15196; DFPBiaoKai-W5-ZhuIn-BFW@xref308#15196; DFPBiaoKai-W5-ZhuIn-BFW@xref3276#15196; DFPBiaoKai-W5-ZhuIn-BFW@xref846#15196,v3.7：由 v3.6 已解碼 TTF 注音元件的實際 glyf 輪廓建立；相同正規化輪廓 signature 僅在所有來源讀音一致時啟用。,執行期 exact normalized outline signature only；不使用中文字、詞義、句境或字典預期音；signature 衝突即不納入。
82b8051c066481ae8d44092824bb7507cdb684bd,ㄔㄨˊ,1,DFPYuanW5-ZhuIn-BFW@xref2835#15195,v3.7：由 v3.6 已解碼 TTF 注音元件的實際 glyf 輪廓建立；相同正規化輪廓 signature 僅在所有來源讀音一致時啟用。,執行期 exact normalized outline signature only；不使用中文字、詞義、句境或字典預期音；signature 衝突即不納入。
c6f1e1cd12b01cbf3b1363ffd9318cdc90befcaa,ㄔㄨˊ,3,DFPBiaoKai-W5-ZhuIn-BFW@xref1731#15194; DFPBiaoKai-W5-ZhuIn-BFW@xref2802#15194; DFPBiaoKai-W5-ZhuIn-BFW@xref4404#15194,v3.7：由 v3.6 已解碼 TTF 注音元件的實際 glyf 輪廓建立；相同正規化輪廓 signature 僅在所有來源讀音一致時啟用。,執行期 exact normalized outline signature only；不使用中文字、詞義、句境或字典預期音；signature 衝突即不納入。
965294bcc14be21cee3a8738685966166cdaaeca,ㄔㄨˋ,2,DFPYuanW5-ZhuIn-BFW@xref1422#15196; DFPYuanW5-ZhuIn-BFW@xref1770#15196,v3.7：由 v3.6 已解碼 TTF 注音元件的實際 glyf 輪廓建立；相同正規化輪廓 signature 僅在所有來源讀音一致時啟用。,執行期 exact normalized outline signature only；不使用中文字、詞義、句境或字典預期音；signature 衝突即不納入。
cca4c998ed684e4465eb88fca1adbab434f8b072,ㄔㄨˋ,1,DFPBiaoKai-W5-ZhuIn-BFW@xref2206#15195,v3.7：由 v3.6 已解碼 TTF 注音元件的實際 glyf 輪廓建立；相同正規化輪廓 signature 僅在所有來源讀音一致時啟用。,執行期 exact normalized outline signature only；不使用中文字、詞義、句境或字典預期音；signature 衝突即不納入。
b1b90b7ed71ccc76e8f2c4810e8266dea84c55ea,ㄔㄨㄢ,1,DFPBiaoKai-W5-ZhuIn-BFW@xref308#15207,v3.7：由 v3.6 已解碼 TTF 注音元件的實際 glyf 輪廓建立；相同正規化輪廓 signature 僅在所有來源讀音一致時啟用。,執行期 exact normalized outline signature only；不使用中文字、詞義、句境或字典預期音；signature 衝突即不納入。
1ab604447b58bae4db7bfacbc73537903c4d41ab,ㄔㄨㄢˊ,5,DFPBiaoKai-W5-ZhuIn-BFW@xref1279#15208; DFPBiaoKai-W5-ZhuIn-BFW@xref3276#15208; DFPBiaoKai-W5-ZhuIn-BFW@xref3372#15208; DFPBiaoKai-W5-ZhuIn-BFW@xref4404#15208; DFPBiaoKai-W5-ZhuIn-BFW@xref5004#15208,v3.7：由 v3.6 已解碼 TTF 注音元件的實際 glyf 輪廓建立；相同正規化輪廓 signature 僅在所有來源讀音一致時啟用。,執行期 exact normalized outline signature only；不使用中文字、詞義、句境或字典預期音；signature 衝突即不納入。
522fc52f931547a4847660b386347b732ef07872,ㄔㄨㄢˊ,5,DFPYuanW5-ZhuIn-BFW@xref1349#15209; DFPYuanW5-ZhuIn-BFW@xref1770#15209; DFPYuanW5-ZhuIn-BFW@xref3391#15209; DFPYuanW5-ZhuIn-BFW@xref3546#15209; DFPYuanW5-ZhuIn-BFW@xref4603#15209,v3.7：由 v3.6 已解碼 TTF 注音元件的實際 glyf 輪廓建立；相同正規化輪廓 signature 僅在所有來源讀音一致時啟用。,執行期 exact normalized outline signature only；不使用中文字、詞義、句境或字典預期音；signature 衝突即不納入。
5d1ca526033d1c2c61ff7abe73b1ab8ce95b16d4,ㄔㄨㄢˋ,1,DFPBiaoKai-W5-ZhuIn-BFW@xref5004#15209,v3.7：由 v3.6 已解碼 TTF 注音元件的實際 glyf 輪廓建立；相同正規化輪廓 signature 僅在所有來源讀音一致時啟用。,執行期 exact normalized outline signature only；不使用中文字、詞義、句境或字典預期音；signature 衝突即不納入。
85c984b8775143d3bd9f2ce7658f45263bc6618d,ㄔㄨㄣ,1,DFPBiaoKai-W5-ZhuIn-BFW@xref1731#15211,v3.7：由 v3.6 已解碼 TTF 注音元件的實際 glyf 輪廓建立；相同正規化輪廓 signature 僅在所有來源讀音一致時啟用。,執行期 exact normalized outline signature only；不使用中文字、詞義、句境或字典預期音；signature 衝突即不納入。
f7a78de0ada6c516239885b2c1b8fdea0205ed40,ㄔㄨㄣˇ,1,DFPBiaoKai-W5-ZhuIn-BFW@xref1279#15213,v3.7：由 v3.6 已解碼 TTF 注音元件的實際 glyf 輪廓建立；相同正規化輪廓 signature 僅在所有來源讀音一致時啟用。,執行期 exact normalized outline signature only；不使用中文字、詞義、句境或字典預期音；signature 衝突即不納入。
5b501bf32b6526862dae79be6a40d9219f50a468,ㄔㄨㄤˇ,2,DFPBiaoKai-W5-ZhuIn-BFW@xref308#15217; DFPBiaoKai-W5-ZhuIn-BFW@xref3276#15217,v3.7：由 v3.6 已解碼 TTF 注音元件的實際 glyf 輪廓建立；相同正規化輪廓 signature 僅在所有來源讀音一致時啟用。,執行期 exact normalized outline signature only；不使用中文字、詞義、句境或字典預期音；signature 衝突即不納入。
51e08516fa6671fc88c50209faf08ad61481bf24,ㄔㄨㄤˋ,1,DFPBiaoKai-W5-ZhuIn-BFW@xref5004#15216,v3.7：由 v3.6 已解碼 TTF 注音元件的實際 glyf 輪廓建立；相同正規化輪廓 signature 僅在所有來源讀音一致時啟用。,執行期 exact normalized outline signature only；不使用中文字、詞義、句境或字典預期音；signature 衝突即不納入。
5704d00a2a7490b21a3f3a71a812b92b2da96633,ㄔㄨㄥ,4,DFPBiaoKai-W5-ZhuIn-BFW@xref1731#15218; DFPBiaoKai-W5-ZhuIn-BFW@xref2206#15218; DFPBiaoKai-W5-ZhuIn-BFW@xref308#15218; DFPBiaoKai-W5-ZhuIn-BFW@xref846#15218,v3.7：由 v3.6 已解碼 TTF 注音元件的實際 glyf 輪廓建立；相同正規化輪廓 signature 僅在所有來源讀音一致時啟用。,執行期 exact normalized outline signature only；不使用中文字、詞義、句境或字典預期音；signature 衝突即不納入。
c2bbb2d948295995030536104ba6d289b6a6a5e3,ㄔㄨㄥ,3,DFPYuanW5-ZhuIn-BFW@xref1349#15219; DFPYuanW5-ZhuIn-BFW@xref1770#15219; DFPYuanW5-ZhuIn-BFW@xref2835#15219,v3.7：由 v3.6 已解碼 TTF 注音元件的實際 glyf 輪廓建立；相同正規化輪廓 signature 僅在所有來源讀音一致時啟用。,執行期 exact normalized outline signature only；不使用中文字、詞義、句境或字典預期音；signature 衝突即不納入。
375df66810275decc68a9d116325ee38df447248,ㄔㄨㄥˊ,3,DFPYuanW5-PoIn1-BFW@xref4610#15220; DFPYuanW5-PoIn1-BFW@xref5581#15220; DFPYuanW5-ZhuIn-BFW@xref2450#15220,v3.7：由 v3.6 已解碼 TTF 注音元件的實際 glyf 輪廓建立；相同正規化輪廓 signature 僅在所有來源讀音一致時啟用。,執行期 exact normalized outline signature only；不使用中文字、詞義、句境或字典預期音；signature 衝突即不納入。
7289a71b88be2e1b50fd0d9beb2079916179af84,ㄔㄨㄥˊ,2,DFHeiPoIn1-Bd-BPMW-BF@xref4416#15262; DFHeiPoIn1-Bd-BPMW-BF@xref5411#15262,v3.7：由 v3.6 已解碼 TTF 注音元件的實際 glyf 輪廓建立；相同正規化輪廓 signature 僅在所有來源讀音一致時啟用。,執行期 exact normalized outline signature only；不使用中文字、詞義、句境或字典預期音；signature 衝突即不納入。
782befd4166f1ba6716ea6b735fd47f0f7ab5f34,ㄕ,7,DFPBiaoKai-W5-ZhuIn-BFW@xref1279#15222; DFPBiaoKai-W5-ZhuIn-BFW@xref2206#15222; DFPBiaoKai-W5-ZhuIn-BFW@xref2802#15222; DFPBiaoKai-W5-ZhuIn-BFW@xref308#15222; DFPBiaoKai-W5-ZhuIn-BFW@xref3276#15222; DFPBiaoKai-W5-ZhuIn-BFW@xref4404#15222; DFPBiaoKai-W5-ZhuIn-BFW@xref846#15222,v3.7：由 v3.6 已解碼 TTF 注音元件的實際 glyf 輪廓建立；相同正規化輪廓 signature 僅在所有來源讀音一致時啟用。,執行期 exact normalized outline signature only；不使用中文字、詞義、句境或字典預期音；signature 衝突即不納入。
f391ad8918d623a156db91f38261f050cc41228d,ㄕ,4,DFPYuanW5-ZhuIn-BFW@xref1422#15223; DFPYuanW5-ZhuIn-BFW@xref372#15223; DFPYuanW5-ZhuIn-BFW@xref4603#15223; DFPYuanW5-ZhuIn-BFW@xref5574#15223,v3.7：由 v3.6 已解碼 TTF 注音元件的實際 glyf 輪廓建立；相同正規化輪廓 signature 僅在所有來源讀音一致時啟用。,執行期 exact normalized outline signature only；不使用中文字、詞義、句境或字典預期音；signature 衝突即不納入。
68e624a471a188ea910a9686770e45b702618959,ㄕˇ,4,DFPBiaoKai-W5-ZhuIn-BFW@xref1279#15226; DFPBiaoKai-W5-ZhuIn-BFW@xref2802#15226; DFPBiaoKai-W5-ZhuIn-BFW@xref308#15226; DFPBiaoKai-W5-ZhuIn-BFW@xref846#15226,v3.7：由 v3.6 已解碼 TTF 注音元件的實際 glyf 輪廓建立；相同正規化輪廓 signature 僅在所有來源讀音一致時啟用。,執行期 exact normalized outline signature only；不使用中文字、詞義、句境或字典預期音；signature 衝突即不納入。
eebf34add100725415205b68a094b82880b58166,ㄕˇ,4,DFPYuanW5-ZhuIn-BFW@xref1349#15227; DFPYuanW5-ZhuIn-BFW@xref1770#15227; DFPYuanW5-ZhuIn-BFW@xref3546#15227; DFPYuanW5-ZhuIn-BFW@xref952#15227,v3.7：由 v3.6 已解碼 TTF 注音元件的實際 glyf 輪廓建立；相同正規化輪廓 signature 僅在所有來源讀音一致時啟用。,執行期 exact normalized outline signature only；不使用中文字、詞義、句境或字典預期音；signature 衝突即不納入。
2b072cdacabf2c23fe0dd42656b36d17fec6e601,ㄕˊ,13,DFPBiaoKai-W5-ZhuIn-BFW@xref1064#15224; DFPBiaoKai-W5-ZhuIn-BFW@xref1279#15224; DFPBiaoKai-W5-ZhuIn-BFW@xref1731#15224; DFPBiaoKai-W5-ZhuIn-BFW@xref2038#15224; DFPBiaoKai-W5-ZhuIn-BFW@xref2206#15224; DFPBiaoKai-W5-ZhuIn-BFW@xref2802#15224; DFPBiaoKai-W5-ZhuIn-BFW@xref308#15224; DFPBiaoKai-W5-ZhuIn-BFW@xref3276#15224; DFPBiaoKai-W5-ZhuIn-BFW@xref3372#15224; DFPBiaoKai-W5-ZhuIn-BFW@xref4404#15224; DFPBiaoKai-W5-ZhuIn-BFW@xref5004#15224; DFPBiaoKai-W5-ZhuIn-BFW@xref5643#15224; DFPBiaoKai-W5-ZhuIn-BFW@xref846#15224,v3.7：由 v3.6 已解碼 TTF 注音元件的實際 glyf 輪廓建立；相同正規化輪廓 signature 僅在所有來源讀音一致時啟用。,執行期 exact normalized outline signature only；不使用中文字、詞義、句境或字典預期音；signature 衝突即不納入。
4ba8dc481dd575660e5ec5a35adccd2ad900d7af,ㄕˊ,10,DFPYuanW5-ZhuIn-BFW@xref1349#15225; DFPYuanW5-ZhuIn-BFW@xref1422#15225; DFPYuanW5-ZhuIn-BFW@xref1770#15225; DFPYuanW5-ZhuIn-BFW@xref2835#15225; DFPYuanW5-ZhuIn-BFW@xref3546#15225; DFPYuanW5-ZhuIn-BFW@xref372#15225; DFPYuanW5-ZhuIn-BFW@xref4603#15225; DFPYuanW5-ZhuIn-BFW@xref5159#15225; DFPYuanW5-ZhuIn-BFW@xref5574#15225; DFPYuanW5-ZhuIn-BFW@xref952#15225,v3.7：由 v3.6 已解碼 TTF 注音元件的實際 glyf 輪廓建立；相同正規化輪廓 signature 僅在所有來源讀音一致時啟用。,執行期 exact normalized outline signature only；不使用中文字、詞義、句境或字典預期音；signature 衝突即不納入。
17e8dd8e10481274e684d57519a25629195b1b1d,ㄕˋ,12,DFPYuanW5-ZhuIn-BFW@xref1349#15226; DFPYuanW5-ZhuIn-BFW@xref1422#15226; DFPYuanW5-ZhuIn-BFW@xref1770#15226; DFPYuanW5-ZhuIn-BFW@xref2450#15226; DFPYuanW5-ZhuIn-BFW@xref2835#15226; DFPYuanW5-ZhuIn-BFW@xref3391#15226; DFPYuanW5-ZhuIn-BFW@xref3546#15226; DFPYuanW5-ZhuIn-BFW@xref372#15226; DFPYuanW5-ZhuIn-BFW@xref4603#15226; DFPYuanW5-ZhuIn-BFW@xref5159#15226; DFPYuanW5-ZhuIn-BFW@xref5574#15226; DFPYuanW5-ZhuIn-BFW@xref952#15226,v3.7：由 v3.6 已解碼 TTF 注音元件的實際 glyf 輪廓建立；相同正規化輪廓 signature 僅在所有來源讀音一致時啟用。,執行期 exact normalized outline signature only；不使用中文字、詞義、句境或字典預期音；signature 衝突即不納入。
a52fd38465e4a91c946b408d93f327f8ea72d760,ㄕˋ,11,DFPBiaoKai-W5-ZhuIn-BFW@xref1064#15225; DFPBiaoKai-W5-ZhuIn-BFW@xref1279#15225; DFPBiaoKai-W5-ZhuIn-BFW@xref1731#15225; DFPBiaoKai-W5-ZhuIn-BFW@xref2206#15225; DFPBiaoKai-W5-ZhuIn-BFW@xref2802#15225; DFPBiaoKai-W5-ZhuIn-BFW@xref308#15225; DFPBiaoKai-W5-ZhuIn-BFW@xref3276#15225; DFPBiaoKai-W5-ZhuIn-BFW@xref4404#15225; DFPBiaoKai-W5-ZhuIn-BFW@xref5004#15225; DFPBiaoKai-W5-ZhuIn-BFW@xref5643#15225; DFPBiaoKai-W5-ZhuIn-BFW@xref846#15225,v3.7：由 v3.6 已解碼 TTF 注音元件的實際 glyf 輪廓建立；相同正規化輪廓 signature 僅在所有來源讀音一致時啟用。,執行期 exact normalized outline signature only；不使用中文字、詞義、句境或字典預期音；signature 衝突即不納入。
281ace9f8d4d7f5bd22ec2254258bd72351da947,ㄕㄜˋ,5,DFPBiaoKai-W5-ZhuIn-BFW@xref1279#15233; DFPBiaoKai-W5-ZhuIn-BFW@xref308#15233; DFPBiaoKai-W5-ZhuIn-BFW@xref3276#15233; DFPBiaoKai-W5-ZhuIn-BFW@xref4404#15233; DFPBiaoKai-W5-ZhuIn-BFW@xref846#15233,v3.7：由 v3.6 已解碼 TTF 注音元件的實際 glyf 輪廓建立；相同正規化輪廓 signature 僅在所有來源讀音一致時啟用。,執行期 exact normalized outline signature only；不使用中文字、詞義、句境或字典預期音；signature 衝突即不納入。
257f00086704e05e57465130559e2a1969979f15,ㄕㄞˋ,1,DFPBiaoKai-W5-ZhuIn-BFW@xref308#15236,v3.7：由 v3.6 已解碼 TTF 注音元件的實際 glyf 輪廓建立；相同正規化輪廓 signature 僅在所有來源讀音一致時啟用。,執行期 exact normalized outline signature only；不使用中文字、詞義、句境或字典預期音；signature 衝突即不納入。
03efeff5c9cca2f6ed44f81984beeba64ef40c9d,ㄕㄟˊ,4,DFPYuanW5-ZhuIn-BFW@xref2450#15239; DFPYuanW5-ZhuIn-BFW@xref372#15239; DFPYuanW5-ZhuIn-BFW@xref4603#15239; DFPYuanW5-ZhuIn-BFW@xref5574#15239,v3.7：由 v3.6 已解碼 TTF 注音元件的實際 glyf 輪廓建立；相同正規化輪廓 signature 僅在所有來源讀音一致時啟用。,執行期 exact normalized outline signature only；不使用中文字、詞義、句境或字典預期音；signature 衝突即不納入。
a18a9f678f90eed85f6831cdb33c7b3e67883397,ㄕㄟˊ,3,DFPBiaoKai-W5-ZhuIn-BFW@xref308#15238; DFPBiaoKai-W5-ZhuIn-BFW@xref3372#15238; DFPBiaoKai-W5-ZhuIn-BFW@xref5643#15238,v3.7：由 v3.6 已解碼 TTF 注音元件的實際 glyf 輪廓建立；相同正規化輪廓 signature 僅在所有來源讀音一致時啟用。,執行期 exact normalized outline signature only；不使用中文字、詞義、句境或字典預期音；signature 衝突即不納入。
51b5d12ef0f2a075f39bfa4d87a11959f53ba9f9,ㄕㄠ,1,DFPYuanW5-ZhuIn-BFW@xref1349#15240,v3.7：由 v3.6 已解碼 TTF 注音元件的實際 glyf 輪廓建立；相同正規化輪廓 signature 僅在所有來源讀音一致時啟用。,執行期 exact normalized outline signature only；不使用中文字、詞義、句境或字典預期音；signature 衝突即不納入。
95b7d2e76afb31d4330415df5ef993c68f9bd101,ㄕㄠ,1,DFPBiaoKai-W5-ZhuIn-BFW@xref1279#15239,v3.7：由 v3.6 已解碼 TTF 注音元件的實際 glyf 輪廓建立；相同正規化輪廓 signature 僅在所有來源讀音一致時啟用。,執行期 exact normalized outline signature only；不使用中文字、詞義、句境或字典預期音；signature 衝突即不納入。
dab012be2674624ce9b3fa63df1f1c83311fd120,ㄕㄠˇ,4,DFPYuanW5-ZhuIn-BFW@xref1349#15243; DFPYuanW5-ZhuIn-BFW@xref1770#15243; DFPYuanW5-ZhuIn-BFW@xref372#15243; DFPYuanW5-ZhuIn-BFW@xref4603#15243,v3.7：由 v3.6 已解碼 TTF 注音元件的實際 glyf 輪廓建立；相同正規化輪廓 signature 僅在所有來源讀音一致時啟用。,執行期 exact normalized outline signature only；不使用中文字、詞義、句境或字典預期音；signature 衝突即不納入。
e49c3f1b1a0ce656ffd32ffc90929847cbc2784a,ㄕㄠˇ,4,DFPBiaoKai-W5-ZhuIn-BFW@xref1731#15242; DFPBiaoKai-W5-ZhuIn-BFW@xref308#15242; DFPBiaoKai-W5-ZhuIn-BFW@xref4404#15242; DFPBiaoKai-W5-ZhuIn-BFW@xref5004#15242,v3.7：由 v3.6 已解碼 TTF 注音元件的實際 glyf 輪廓建立；相同正規化輪廓 signature 僅在所有來源讀音一致時啟用。,執行期 exact normalized outline signature only；不使用中文字、詞義、句境或字典預期音；signature 衝突即不納入。
25493c7cb64ccbf7613178dfe578387934baf593,ㄕㄠˋ,1,DFPYuanW5-ZhuIn-BFW@xref2835#15242,v3.7：由 v3.6 已解碼 TTF 注音元件的實際 glyf 輪廓建立；相同正規化輪廓 signature 僅在所有來源讀音一致時啟用。,執行期 exact normalized outline signature only；不使用中文字、詞義、句境或字典預期音；signature 衝突即不納入。
93488fddaea00d5d52739f44f92c3968ed8827f8,ㄕㄠˋ,3,DFPBiaoKai-W5-ZhuIn-BFW@xref1279#15241; DFPBiaoKai-W5-ZhuIn-BFW@xref1731#15241; DFPBiaoKai-W5-ZhuIn-BFW@xref2802#15241,v3.7：由 v3.6 已解碼 TTF 注音元件的實際 glyf 輪廓建立；相同正規化輪廓 signature 僅在所有來源讀音一致時啟用。,執行期 exact normalized outline signature only；不使用中文字、詞義、句境或字典預期音；signature 衝突即不納入。
03b9787038448ba61bcf9fd92cd954f3d99e3ad2,ㄕㄡ,1,DFPBiaoKai-W5-ZhuIn-BFW@xref308#15243,v3.7：由 v3.6 已解碼 TTF 注音元件的實際 glyf 輪廓建立；相同正規化輪廓 signature 僅在所有來源讀音一致時啟用。,執行期 exact normalized outline signature only；不使用中文字、詞義、句境或字典預期音；signature 衝突即不納入。
05938269b86aa3290e8f324af4e661d00c2567bf,ㄕㄡ,1,DFPYuanW5-ZhuIn-BFW@xref1770#15244,v3.7：由 v3.6 已解碼 TTF 注音元件的實際 glyf 輪廓建立；相同正規化輪廓 signature 僅在所有來源讀音一致時啟用。,執行期 exact normalized outline signature only；不使用中文字、詞義、句境或字典預期音；signature 衝突即不納入。
212c22dd74ec2ce15d2e79ec731916bae02fa0dc,ㄕㄡˇ,11,DFPBiaoKai-W5-ZhuIn-BFW@xref1064#15246; DFPBiaoKai-W5-ZhuIn-BFW@xref1279#15246; DFPBiaoKai-W5-ZhuIn-BFW@xref2206#15246; DFPBiaoKai-W5-ZhuIn-BFW@xref2802#15246; DFPBiaoKai-W5-ZhuIn-BFW@xref308#15246; DFPBiaoKai-W5-ZhuIn-BFW@xref3276#15246; DFPBiaoKai-W5-ZhuIn-BFW@xref3372#15246; DFPBiaoKai-W5-ZhuIn-BFW@xref4404#15246; DFPBiaoKai-W5-ZhuIn-BFW@xref5004#15246; DFPBiaoKai-W5-ZhuIn-BFW@xref5643#15246; DFPBiaoKai-W5-ZhuIn-BFW@xref846#15246,v3.7：由 v3.6 已解碼 TTF 注音元件的實際 glyf 輪廓建立；相同正規化輪廓 signature 僅在所有來源讀音一致時啟用。,執行期 exact normalized outline signature only；不使用中文字、詞義、句境或字典預期音；signature 衝突即不納入。
3aceea7e5f9fa7298a1661707162b17732fa38cd,ㄕㄡˇ,9,DFPYuanW5-ZhuIn-BFW@xref1349#15247; DFPYuanW5-ZhuIn-BFW@xref1422#15247; DFPYuanW5-ZhuIn-BFW@xref2450#15247; DFPYuanW5-ZhuIn-BFW@xref3391#15247; DFPYuanW5-ZhuIn-BFW@xref3546#15247; DFPYuanW5-ZhuIn-BFW@xref4603#15247; DFPYuanW5-ZhuIn-BFW@xref5159#15247; DFPYuanW5-ZhuIn-BFW@xref5574#15247; DFPYuanW5-ZhuIn-BFW@xref952#15247,v3.7：由 v3.6 已解碼 TTF 注音元件的實際 glyf 輪廓建立；相同正規化輪廓 signature 僅在所有來源讀音一致時啟用。,執行期 exact normalized outline signature only；不使用中文字、詞義、句境或字典預期音；signature 衝突即不納入。
56ee4e503cc64fe60a009698fbee7513db699cf2,ㄕㄡˊ,2,DFPYuanW5-ZhuIn-BFW@xref1349#15245; DFPYuanW5-ZhuIn-BFW@xref1422#15245,v3.7：由 v3.6 已解碼 TTF 注音元件的實際 glyf 輪廓建立；相同正規化輪廓 signature 僅在所有來源讀音一致時啟用。,執行期 exact normalized outline signature only；不使用中文字、詞義、句境或字典預期音；signature 衝突即不納入。
67c277537b09664c9a6e78429fb5a211685bdd59,ㄕㄡˊ,1,DFPBiaoKai-W5-ZhuIn-BFW@xref1731#15284,v3.7：由 v3.6 已解碼 TTF 注音元件的實際 glyf 輪廓建立；相同正規化輪廓 signature 僅在所有來源讀音一致時啟用。,執行期 exact normalized outline signature only；不使用中文字、詞義、句境或字典預期音；signature 衝突即不納入。
be69affa0bb5e759f60a8f72d78b4411bf44e60d,ㄕㄡˊ,5,DFPBiaoKai-W5-ZhuIn-BFW@xref1279#15244; DFPBiaoKai-W5-ZhuIn-BFW@xref2206#15244; DFPBiaoKai-W5-ZhuIn-BFW@xref308#15244; DFPBiaoKai-W5-ZhuIn-BFW@xref4404#15244; DFPBiaoKai-W5-ZhuIn-BFW@xref5643#15244,v3.7：由 v3.6 已解碼 TTF 注音元件的實際 glyf 輪廓建立；相同正規化輪廓 signature 僅在所有來源讀音一致時啟用。,執行期 exact normalized outline signature only；不使用中文字、詞義、句境或字典預期音；signature 衝突即不納入。
832b9ba6b09b478b8e0e7d5503a55a6c6bc92348,ㄕㄡˋ,7,DFPBiaoKai-W5-ZhuIn-BFW@xref1064#15245; DFPBiaoKai-W5-ZhuIn-BFW@xref1731#15245; DFPBiaoKai-W5-ZhuIn-BFW@xref2206#15245; DFPBiaoKai-W5-ZhuIn-BFW@xref2802#15245; DFPBiaoKai-W5-ZhuIn-BFW@xref308#15245; DFPBiaoKai-W5-ZhuIn-BFW@xref3276#15245; DFPBiaoKai-W5-ZhuIn-BFW@xref846#15245,v3.7：由 v3.6 已解碼 TTF 注音元件的實際 glyf 輪廓建立；相同正規化輪廓 signature 僅在所有來源讀音一致時啟用。,執行期 exact normalized outline signature only；不使用中文字、詞義、句境或字典預期音；signature 衝突即不納入。
b8af12e8560346b8342d0bab09923929ebb9d0b8,ㄕㄡˋ,1,DFPYuanW5-ZhuIn-BFW@xref1770#15246,v3.7：由 v3.6 已解碼 TTF 注音元件的實際 glyf 輪廓建立；相同正規化輪廓 signature 僅在所有來源讀音一致時啟用。,執行期 exact normalized outline signature only；不使用中文字、詞義、句境或字典預期音；signature 衝突即不納入。
6568289d633a32fb83c698a5c89a1f237483085d,ㄕㄢ,1,DFPBiaoKai-W5-ZhuIn-BFW@xref1731#15247,v3.7：由 v3.6 已解碼 TTF 注音元件的實際 glyf 輪廓建立；相同正規化輪廓 signature 僅在所有來源讀音一致時啟用。,執行期 exact normalized outline signature only；不使用中文字、詞義、句境或字典預期音；signature 衝突即不納入。
0bf427f9edcee324f9e05e9dc50f0c5cdba4ad46,ㄕㄢˋ,2,DFPYuanW5-ZhuIn-BFW@xref1770#15249; DFPYuanW5-ZhuIn-BFW@xref952#15249,v3.7：由 v3.6 已解碼 TTF 注音元件的實際 glyf 輪廓建立；相同正規化輪廓 signature 僅在所有來源讀音一致時啟用。,執行期 exact normalized outline signature only；不使用中文字、詞義、句境或字典預期音；signature 衝突即不納入。
4aa3ea44ec9d2b460ae59312f9a5c3110873ef85,ㄕㄣ,8,DFPYuanW5-ZhuIn-BFW@xref1422#15251; DFPYuanW5-ZhuIn-BFW@xref1770#15251; DFPYuanW5-ZhuIn-BFW@xref2450#15251; DFPYuanW5-ZhuIn-BFW@xref2835#15251; DFPYuanW5-ZhuIn-BFW@xref3391#15251; DFPYuanW5-ZhuIn-BFW@xref3546#15251; DFPYuanW5-ZhuIn-BFW@xref372#15251; DFPYuanW5-ZhuIn-BFW@xref5159#15251,v3.7：由 v3.6 已解碼 TTF 注音元件的實際 glyf 輪廓建立；相同正規化輪廓 signature 僅在所有來源讀音一致時啟用。,執行期 exact normalized outline signature only；不使用中文字、詞義、句境或字典預期音；signature 衝突即不納入。
91dd7ddce628991f33d5255dc803d95c10237d26,ㄕㄣ,9,DFPBiaoKai-W5-ZhuIn-BFW@xref1279#15250; DFPBiaoKai-W5-ZhuIn-BFW@xref1731#15250; DFPBiaoKai-W5-ZhuIn-BFW@xref2206#15250; DFPBiaoKai-W5-ZhuIn-BFW@xref308#15250; DFPBiaoKai-W5-ZhuIn-BFW@xref3276#15250; DFPBiaoKai-W5-ZhuIn-BFW@xref4404#15250; DFPBiaoKai-W5-ZhuIn-BFW@xref5004#15250; DFPBiaoKai-W5-ZhuIn-BFW@xref5643#15250; DFPBiaoKai-W5-ZhuIn-BFW@xref846#15250,v3.7：由 v3.6 已解碼 TTF 注音元件的實際 glyf 輪廓建立；相同正規化輪廓 signature 僅在所有來源讀音一致時啟用。,執行期 exact normalized outline signature only；不使用中文字、詞義、句境或字典預期音；signature 衝突即不納入。
5c33fd06228d2a5e9000a81916fc8f37589e64dd,ㄕㄣˊ,4,DFPYuanW5-ZhuIn-BFW@xref1349#15252; DFPYuanW5-ZhuIn-BFW@xref2450#15252; DFPYuanW5-ZhuIn-BFW@xref3391#15252; DFPYuanW5-ZhuIn-BFW@xref952#15252,v3.7：由 v3.6 已解碼 TTF 注音元件的實際 glyf 輪廓建立；相同正規化輪廓 signature 僅在所有來源讀音一致時啟用。,執行期 exact normalized outline signature only；不使用中文字、詞義、句境或字典預期音；signature 衝突即不納入。
db472721dfa5bfb79c955846e8a9685ecec6ef41,ㄕㄣˊ,6,DFPBiaoKai-W5-PoIn3-BFW@xref469#15251; DFPBiaoKai-W5-ZhuIn-BFW@xref1731#15251; DFPBiaoKai-W5-ZhuIn-BFW@xref2206#15251; DFPBiaoKai-W5-ZhuIn-BFW@xref2802#15251; DFPBiaoKai-W5-ZhuIn-BFW@xref308#15251; DFPBiaoKai-W5-ZhuIn-BFW@xref5643#15251,v3.7：由 v3.6 已解碼 TTF 注音元件的實際 glyf 輪廓建立；相同正規化輪廓 signature 僅在所有來源讀音一致時啟用。,執行期 exact normalized outline signature only；不使用中文字、詞義、句境或字典預期音；signature 衝突即不納入。
5a00babf21cdd72a59097a413828964e4069c930,ㄕㄤ,1,DFPYuanW5-ZhuIn-BFW@xref2835#15255,v3.7：由 v3.6 已解碼 TTF 注音元件的實際 glyf 輪廓建立；相同正規化輪廓 signature 僅在所有來源讀音一致時啟用。,執行期 exact normalized outline signature only；不使用中文字、詞義、句境或字典預期音；signature 衝突即不納入。
b87d0b54b84770c3b4b672151e16c0491ea6d43e,ㄕㄤ,4,DFPBiaoKai-W5-ZhuIn-BFW@xref2206#15254; DFPBiaoKai-W5-ZhuIn-BFW@xref308#15254; DFPBiaoKai-W5-ZhuIn-BFW@xref5004#15254; DFPBiaoKai-W5-ZhuIn-BFW@xref846#15254,v3.7：由 v3.6 已解碼 TTF 注音元件的實際 glyf 輪廓建立；相同正規化輪廓 signature 僅在所有來源讀音一致時啟用。,執行期 exact normalized outline signature only；不使用中文字、詞義、句境或字典預期音；signature 衝突即不納入。
dc50fd6960346d3a8d35287ac77892a8b7c97ab4,ㄕㄤˇ,2,DFPBiaoKai-W5-ZhuIn-BFW@xref5004#15257; DFPBiaoKai-W5-ZhuIn-BFW@xref5643#15257,v3.7：由 v3.6 已解碼 TTF 注音元件的實際 glyf 輪廓建立；相同正規化輪廓 signature 僅在所有來源讀音一致時啟用。,執行期 exact normalized outline signature only；不使用中文字、詞義、句境或字典預期音；signature 衝突即不納入。
90b7e961c0f97f6952bf5bfcd6e11f1c48e4b2f1,ㄕㄤˋ,10,DFPBiaoKai-W5-ZhuIn-BFW@xref1279#15256; DFPBiaoKai-W5-ZhuIn-BFW@xref1731#15256; DFPBiaoKai-W5-ZhuIn-BFW@xref2038#15256; DFPBiaoKai-W5-ZhuIn-BFW@xref2206#15256; DFPBiaoKai-W5-ZhuIn-BFW@xref308#15256; DFPBiaoKai-W5-ZhuIn-BFW@xref3276#15256; DFPBiaoKai-W5-ZhuIn-BFW@xref4404#15256; DFPBiaoKai-W5-ZhuIn-BFW@xref5004#15256; DFPBiaoKai-W5-ZhuIn-BFW@xref5643#15256; DFPBiaoKai-W5-ZhuIn-BFW@xref846#15256,v3.7：由 v3.6 已解碼 TTF 注音元件的實際 glyf 輪廓建立；相同正規化輪廓 signature 僅在所有來源讀音一致時啟用。,執行期 exact normalized outline signature only；不使用中文字、詞義、句境或字典預期音；signature 衝突即不納入。
e1fd666e811a9ac50d6efa7de9be775062180176,ㄕㄤˋ,8,DFPYuanW5-ZhuIn-BFW@xref1349#15257; DFPYuanW5-ZhuIn-BFW@xref2450#15257; DFPYuanW5-ZhuIn-BFW@xref3391#15257; DFPYuanW5-ZhuIn-BFW@xref3546#15257; DFPYuanW5-ZhuIn-BFW@xref372#15257; DFPYuanW5-ZhuIn-BFW@xref4603#15257; DFPYuanW5-ZhuIn-BFW@xref5159#15257; DFPYuanW5-ZhuIn-BFW@xref5574#15257,v3.7：由 v3.6 已解碼 TTF 注音元件的實際 glyf 輪廓建立；相同正規化輪廓 signature 僅在所有來源讀音一致時啟用。,執行期 exact normalized outline signature only；不使用中文字、詞義、句境或字典預期音；signature 衝突即不納入。
0730dd63bb3b8f024e2a3b52ec3c61030c90a32c,ㄕㄥ,8,DFPBiaoKai-W5-ZhuIn-BFW@xref1279#15258; DFPBiaoKai-W5-ZhuIn-BFW@xref1731#15258; DFPBiaoKai-W5-ZhuIn-BFW@xref308#15258; DFPBiaoKai-W5-ZhuIn-BFW@xref3276#15258; DFPBiaoKai-W5-ZhuIn-BFW@xref4404#15258; DFPBiaoKai-W5-ZhuIn-BFW@xref5004#15258; DFPBiaoKai-W5-ZhuIn-BFW@xref5643#15258; DFPBiaoKai-W5-ZhuIn-BFW@xref846#15258,v3.7：由 v3.6 已解碼 TTF 注音元件的實際 glyf 輪廓建立；相同正規化輪廓 signature 僅在所有來源讀音一致時啟用。,執行期 exact normalized outline signature only；不使用中文字、詞義、句境或字典預期音；signature 衝突即不納入。
65aadd06548ea10295fc7eed60a8077d5e7907ab,ㄕㄥ,7,DFPYuanW5-ZhuIn-BFW@xref1349#15259; DFPYuanW5-ZhuIn-BFW@xref1422#15259; DFPYuanW5-ZhuIn-BFW@xref1770#15259; DFPYuanW5-ZhuIn-BFW@xref1929#15259; DFPYuanW5-ZhuIn-BFW@xref3391#15259; DFPYuanW5-ZhuIn-BFW@xref372#15259; DFPYuanW5-ZhuIn-BFW@xref952#15259,v3.7：由 v3.6 已解碼 TTF 注音元件的實際 glyf 輪廓建立；相同正規化輪廓 signature 僅在所有來源讀音一致時啟用。,執行期 exact normalized outline signature only；不使用中文字、詞義、句境或字典預期音；signature 衝突即不納入。
36288d445c201f6e0f7e3ba62e5aebf218ad5d09,ㄕㄥˊ,1,DFPBiaoKai-W5-ZhuIn-BFW@xref5643#15259,v3.7：由 v3.6 已解碼 TTF 注音元件的實際 glyf 輪廓建立；相同正規化輪廓 signature 僅在所有來源讀音一致時啟用。,執行期 exact normalized outline signature only；不使用中文字、詞義、句境或字典預期音；signature 衝突即不納入。
4f322665727c86eb8969129af823f1e308297d17,ㄕㄥˋ,2,DFPBiaoKai-W5-ZhuIn-BFW@xref1279#15260; DFPBiaoKai-W5-ZhuIn-BFW@xref4404#15260,v3.7：由 v3.6 已解碼 TTF 注音元件的實際 glyf 輪廓建立；相同正規化輪廓 signature 僅在所有來源讀音一致時啟用。,執行期 exact normalized outline signature only；不使用中文字、詞義、句境或字典預期音；signature 衝突即不納入。
9fbdd495fd2cf566b39477b8a1f049735bb690b4,ㄕㄥˋ,5,DFPYuanW5-ZhuIn-BFW@xref1770#15261; DFPYuanW5-ZhuIn-BFW@xref3391#15261; DFPYuanW5-ZhuIn-BFW@xref3546#15261; DFPYuanW5-ZhuIn-BFW@xref4603#15261; DFPYuanW5-ZhuIn-BFW@xref5574#15261,v3.7：由 v3.6 已解碼 TTF 注音元件的實際 glyf 輪廓建立；相同正規化輪廓 signature 僅在所有來源讀音一致時啟用。,執行期 exact normalized outline signature only；不使用中文字、詞義、句境或字典預期音；signature 衝突即不納入。
516cd40c63bfeeecb5ef89602bb438b1fcd78426,ㄕㄨ,5,DFPBiaoKai-W5-ZhuIn-BFW@xref1279#15262; DFPBiaoKai-W5-ZhuIn-BFW@xref1731#15262; DFPBiaoKai-W5-ZhuIn-BFW@xref308#15262; DFPBiaoKai-W5-ZhuIn-BFW@xref5004#15262; DFPBiaoKai-W5-ZhuIn-BFW@xref846#15262,v3.7：由 v3.6 已解碼 TTF 注音元件的實際 glyf 輪廓建立；相同正規化輪廓 signature 僅在所有來源讀音一致時啟用。,執行期 exact normalized outline signature only；不使用中文字、詞義、句境或字典預期音；signature 衝突即不納入。
f4d96be0635d8715608054fde4d9b8ef6e3f98e7,ㄕㄨ,4,DFPYuanW5-ZhuIn-BFW@xref1422#15263; DFPYuanW5-ZhuIn-BFW@xref1770#15263; DFPYuanW5-ZhuIn-BFW@xref2040#15263; DFPYuanW5-ZhuIn-BFW@xref372#15263,v3.7：由 v3.6 已解碼 TTF 注音元件的實際 glyf 輪廓建立；相同正規化輪廓 signature 僅在所有來源讀音一致時啟用。,執行期 exact normalized outline signature only；不使用中文字、詞義、句境或字典預期音；signature 衝突即不納入。
dbb57d434ddec2b6be967410a1a7abe589f2a155,ㄕㄨˇ,3,DFPBiaoKai-W5-ZhuIn-BFW@xref1279#15265; DFPBiaoKai-W5-ZhuIn-BFW@xref308#15265; DFPBiaoKai-W5-ZhuIn-BFW@xref5643#15265,v3.7：由 v3.6 已解碼 TTF 注音元件的實際 glyf 輪廓建立；相同正規化輪廓 signature 僅在所有來源讀音一致時啟用。,執行期 exact normalized outline signature only；不使用中文字、詞義、句境或字典預期音；signature 衝突即不納入。
ab14c79402e158b1e33f4abe817adc67000b0342,ㄕㄨˋ,1,DFPBiaoKai-W5-ZhuIn-BFW@xref3372#15264,v3.7：由 v3.6 已解碼 TTF 注音元件的實際 glyf 輪廓建立；相同正規化輪廓 signature 僅在所有來源讀音一致時啟用。,執行期 exact normalized outline signature only；不使用中文字、詞義、句境或字典預期音；signature 衝突即不納入。
c3d264d50154b37749d3137f5c904c5da875bfa0,ㄕㄨˋ,6,DFPYuanW5-ZhuIn-BFW@xref3391#15265; DFPYuanW5-ZhuIn-BFW@xref3546#15265; DFPYuanW5-ZhuIn-BFW@xref372#15265; DFPYuanW5-ZhuIn-BFW@xref4603#15265; DFPYuanW5-ZhuIn-BFW@xref5159#15265; DFPYuanW5-ZhuIn-BFW@xref5574#15265,v3.7：由 v3.6 已解碼 TTF 注音元件的實際 glyf 輪廓建立；相同正規化輪廓 signature 僅在所有來源讀音一致時啟用。,執行期 exact normalized outline signature only；不使用中文字、詞義、句境或字典預期音；signature 衝突即不納入。
22e374138fc7d1fbae0ee0f363109614046cb261,ㄕㄨㄛ,4,DFPBiaoKai-W5-ZhuIn-BFW@xref1064#15268; DFPBiaoKai-W5-ZhuIn-BFW@xref3276#15268; DFPBiaoKai-W5-ZhuIn-BFW@xref3372#15268; DFPBiaoKai-W5-ZhuIn-BFW@xref846#15268,v3.7：由 v3.6 已解碼 TTF 注音元件的實際 glyf 輪廓建立；相同正規化輪廓 signature 僅在所有來源讀音一致時啟用。,執行期 exact normalized outline signature only；不使用中文字、詞義、句境或字典預期音；signature 衝突即不納入。
3155501e36e368b26204543f68fb77cd945ada9e,ㄕㄨㄛ,2,DFPYuanW5-ZhuIn-BFW@xref3546#15269; DFPYuanW5-ZhuIn-BFW@xref952#15269,v3.7：由 v3.6 已解碼 TTF 注音元件的實際 glyf 輪廓建立；相同正規化輪廓 signature 僅在所有來源讀音一致時啟用。,執行期 exact normalized outline signature only；不使用中文字、詞義、句境或字典預期音；signature 衝突即不納入。
3eb60fabb1412a438b801c1c81bbd1637537654e,ㄕㄨㄞ,1,DFPBiaoKai-W5-ZhuIn-BFW@xref2206#15270,v3.7：由 v3.6 已解碼 TTF 注音元件的實際 glyf 輪廓建立；相同正規化輪廓 signature 僅在所有來源讀音一致時啟用。,執行期 exact normalized outline signature only；不使用中文字、詞義、句境或字典預期音；signature 衝突即不納入。
f3043496fd74892fa0dc047e19569b1bdbe205bd,ㄕㄨㄞˋ,1,DFPBiaoKai-W5-ZhuIn-BFW@xref5004#15271,v3.7：由 v3.6 已解碼 TTF 注音元件的實際 glyf 輪廓建立；相同正規化輪廓 signature 僅在所有來源讀音一致時啟用。,執行期 exact normalized outline signature only；不使用中文字、詞義、句境或字典預期音；signature 衝突即不納入。
29b27e737b6246bc2d52dee9868f8e793a055eda,ㄕㄨㄟˇ,5,DFPYuanW5-ZhuIn-BFW@xref1349#15276; DFPYuanW5-ZhuIn-BFW@xref1422#15276; DFPYuanW5-ZhuIn-BFW@xref1770#15276; DFPYuanW5-ZhuIn-BFW@xref1929#15276; DFPYuanW5-ZhuIn-BFW@xref2835#15276,v3.7：由 v3.6 已解碼 TTF 注音元件的實際 glyf 輪廓建立；相同正規化輪廓 signature 僅在所有來源讀音一致時啟用。,執行期 exact normalized outline signature only；不使用中文字、詞義、句境或字典預期音；signature 衝突即不納入。
b0cc7781718721bfb1b5a558480a28462750f583,ㄕㄨㄟˇ,3,DFPBiaoKai-W5-ZhuIn-BFW@xref1279#15275; DFPBiaoKai-W5-ZhuIn-BFW@xref1731#15275; DFPBiaoKai-W5-ZhuIn-BFW@xref2802#15275,v3.7：由 v3.6 已解碼 TTF 注音元件的實際 glyf 輪廓建立；相同正規化輪廓 signature 僅在所有來源讀音一致時啟用。,執行期 exact normalized outline signature only；不使用中文字、詞義、句境或字典預期音；signature 衝突即不納入。
2d6241da1772f738352dcc2846147eb1adafb6cc,ㄕㄨㄟˋ,1,DFPYuanW5-ZhuIn-BFW@xref372#15275,v3.7：由 v3.6 已解碼 TTF 注音元件的實際 glyf 輪廓建立；相同正規化輪廓 signature 僅在所有來源讀音一致時啟用。,執行期 exact normalized outline signature only；不使用中文字、詞義、句境或字典預期音；signature 衝突即不納入。
e402c741859c3b89af220e1aeb6d32f694a82391,ㄕㄨㄟˋ,1,DFPBiaoKai-W5-ZhuIn-BFW@xref308#15274,v3.7：由 v3.6 已解碼 TTF 注音元件的實際 glyf 輪廓建立；相同正規化輪廓 signature 僅在所有來源讀音一致時啟用。,執行期 exact normalized outline signature only；不使用中文字、詞義、句境或字典預期音；signature 衝突即不納入。
d6a064dc81e2675d5658b2412a9f50cd298cec5c,ㄕㄨㄣˋ,2,DFPYuanW5-ZhuIn-BFW@xref3546#15279; DFPYuanW5-ZhuIn-BFW@xref5574#15279,v3.7：由 v3.6 已解碼 TTF 注音元件的實際 glyf 輪廓建立；相同正規化輪廓 signature 僅在所有來源讀音一致時啟用。,執行期 exact normalized outline signature only；不使用中文字、詞義、句境或字典預期音；signature 衝突即不納入。
ea83d815e1f156e52cc0ddc4092012fa57f1c760,ㄕㄨㄣˋ,7,DFPBiaoKai-W5-ZhuIn-BFW@xref1064#15278; DFPBiaoKai-W5-ZhuIn-BFW@xref1731#15278; DFPBiaoKai-W5-ZhuIn-BFW@xref2038#15278; DFPBiaoKai-W5-ZhuIn-BFW@xref2206#15278; DFPBiaoKai-W5-ZhuIn-BFW@xref3276#15278; DFPBiaoKai-W5-ZhuIn-BFW@xref4404#15278; DFPBiaoKai-W5-ZhuIn-BFW@xref5004#15278,v3.7：由 v3.6 已解碼 TTF 注音元件的實際 glyf 輪廓建立；相同正規化輪廓 signature 僅在所有來源讀音一致時啟用。,執行期 exact normalized outline signature only；不使用中文字、詞義、句境或字典預期音；signature 衝突即不納入。
24e4c08d103a6cf6a7fcd4589010caa196d24445,ㄕㄨㄤ,5,DFPBiaoKai-W5-ZhuIn-BFW@xref2206#15280; DFPBiaoKai-W5-ZhuIn-BFW@xref308#15280; DFPBiaoKai-W5-ZhuIn-BFW@xref4404#15280; DFPBiaoKai-W5-ZhuIn-BFW@xref5004#15280; DFPBiaoKai-W5-ZhuIn-BFW@xref5643#15280,v3.7：由 v3.6 已解碼 TTF 注音元件的實際 glyf 輪廓建立；相同正規化輪廓 signature 僅在所有來源讀音一致時啟用。,執行期 exact normalized outline signature only；不使用中文字、詞義、句境或字典預期音；signature 衝突即不納入。
52f2b6f96fd65550d5e43862f5b2a41d2854531a,ㄕㄨㄤ,4,DFPYuanW5-ZhuIn-BFW@xref2450#15281; DFPYuanW5-ZhuIn-BFW@xref3546#15281; DFPYuanW5-ZhuIn-BFW@xref4603#15281; DFPYuanW5-ZhuIn-BFW@xref5159#15281,v3.7：由 v3.6 已解碼 TTF 注音元件的實際 glyf 輪廓建立；相同正規化輪廓 signature 僅在所有來源讀音一致時啟用。,執行期 exact normalized outline signature only；不使用中文字、詞義、句境或字典預期音；signature 衝突即不納入。
dab8d4fdee7ea22c1de1c1ee74cd13d43d0d5df5,ㄕㄨㄤˇ,1,DFPYuanW5-ZhuIn-BFW@xref2835#15283,v3.7：由 v3.6 已解碼 TTF 注音元件的實際 glyf 輪廓建立；相同正規化輪廓 signature 僅在所有來源讀音一致時啟用。,執行期 exact normalized outline signature only；不使用中文字、詞義、句境或字典預期音；signature 衝突即不納入。
233453666f9f02ea856b38675b5bb093cd2e5ad0,ㄖˋ,3,DFPYuanW5-ZhuIn-BFW@xref1349#15284; DFPYuanW5-ZhuIn-BFW@xref372#15284; DFPYuanW5-ZhuIn-BFW@xref4603#15284,v3.7：由 v3.6 已解碼 TTF 注音元件的實際 glyf 輪廓建立；相同正規化輪廓 signature 僅在所有來源讀音一致時啟用。,執行期 exact normalized outline signature only；不使用中文字、詞義、句境或字典預期音；signature 衝突即不納入。
946822860609837891caeac34bc690cbef76d919,ㄖˋ,5,DFPBiaoKai-W5-ZhuIn-BFW@xref1279#15283; DFPBiaoKai-W5-ZhuIn-BFW@xref1731#15283; DFPBiaoKai-W5-ZhuIn-BFW@xref308#15283; DFPBiaoKai-W5-ZhuIn-BFW@xref4404#15283; DFPBiaoKai-W5-ZhuIn-BFW@xref5643#15283,v3.7：由 v3.6 已解碼 TTF 注音元件的實際 glyf 輪廓建立；相同正規化輪廓 signature 僅在所有來源讀音一致時啟用。,執行期 exact normalized outline signature only；不使用中文字、詞義、句境或字典預期音；signature 衝突即不納入。
50f13f7840215400b9f2e12500f108c5b12d2d7f,ㄖㄠˇ,1,DFPBiaoKai-W5-ZhuIn-BFW@xref308#15288,v3.7：由 v3.6 已解碼 TTF 注音元件的實際 glyf 輪廓建立；相同正規化輪廓 signature 僅在所有來源讀音一致時啟用。,執行期 exact normalized outline signature only；不使用中文字、詞義、句境或字典預期音；signature 衝突即不納入。
3d01e20730d4d01f43c947e907a84e122ce3bf8e,ㄖㄡˊ,2,DFPBiaoKai-W5-ZhuIn-BFW@xref2206#15289; DFPBiaoKai-W5-ZhuIn-BFW@xref5004#15289,v3.7：由 v3.6 已解碼 TTF 注音元件的實際 glyf 輪廓建立；相同正規化輪廓 signature 僅在所有來源讀音一致時啟用。,執行期 exact normalized outline signature only；不使用中文字、詞義、句境或字典預期音；signature 衝突即不納入。
507066b97782970063176129001d471a61d01753,ㄖㄡˋ,5,DFPBiaoKai-W5-ZhuIn-BFW@xref1279#15290; DFPBiaoKai-W5-ZhuIn-BFW@xref1731#15290; DFPBiaoKai-W5-ZhuIn-BFW@xref2038#15290; DFPBiaoKai-W5-ZhuIn-BFW@xref308#15290; DFPBiaoKai-W5-ZhuIn-BFW@xref5004#15290,v3.7：由 v3.6 已解碼 TTF 注音元件的實際 glyf 輪廓建立；相同正規化輪廓 signature 僅在所有來源讀音一致時啟用。,執行期 exact normalized outline signature only；不使用中文字、詞義、句境或字典預期音；signature 衝突即不納入。
a1d5e4ad0a6109e70bcb24821cd2ccb9c92d9311,ㄖㄡˋ,2,DFPYuanW5-ZhuIn-BFW@xref1770#15291; DFPYuanW5-ZhuIn-BFW@xref2040#15291,v3.7：由 v3.6 已解碼 TTF 注音元件的實際 glyf 輪廓建立；相同正規化輪廓 signature 僅在所有來源讀音一致時啟用。,執行期 exact normalized outline signature only；不使用中文字、詞義、句境或字典預期音；signature 衝突即不納入。
9c67deca5e9d797292b92ca510b1f2051418d9a3,ㄖㄢˇ,2,DFPYuanW5-ZhuIn-BFW@xref1349#15294; DFPYuanW5-ZhuIn-BFW@xref1422#15294,v3.7：由 v3.6 已解碼 TTF 注音元件的實際 glyf 輪廓建立；相同正規化輪廓 signature 僅在所有來源讀音一致時啟用。,執行期 exact normalized outline signature only；不使用中文字、詞義、句境或字典預期音；signature 衝突即不納入。
f58ac114ea81c0c723291dd99fdd09b5359494e1,ㄖㄢˇ,1,DFPBiaoKai-W5-ZhuIn-BFW@xref1279#15293,v3.7：由 v3.6 已解碼 TTF 注音元件的實際 glyf 輪廓建立；相同正規化輪廓 signature 僅在所有來源讀音一致時啟用。,執行期 exact normalized outline signature only；不使用中文字、詞義、句境或字典預期音；signature 衝突即不納入。
7fc1ed812bf0fab0654b54e440cf57cf6f7c79e3,ㄖㄢˊ,3,DFPBiaoKai-W5-ZhuIn-BFW@xref2802#15292; DFPBiaoKai-W5-ZhuIn-BFW@xref308#15292; DFPBiaoKai-W5-ZhuIn-BFW@xref3276#15292,v3.7：由 v3.6 已解碼 TTF 注音元件的實際 glyf 輪廓建立；相同正規化輪廓 signature 僅在所有來源讀音一致時啟用。,執行期 exact normalized outline signature only；不使用中文字、詞義、句境或字典預期音；signature 衝突即不納入。
fa164320ad04df2b3c76606ce2302e2bfd6fe325,ㄖㄢˊ,1,DFPYuanW5-ZhuIn-BFW@xref4603#15293,v3.7：由 v3.6 已解碼 TTF 注音元件的實際 glyf 輪廓建立；相同正規化輪廓 signature 僅在所有來源讀音一致時啟用。,執行期 exact normalized outline signature only；不使用中文字、詞義、句境或字典預期音；signature 衝突即不納入。
c84a494e4c392bf129ab461a3f476bd97af71f80,ㄖㄣˊ,9,DFPYuanW5-ZhuIn-BFW@xref1349#15295; DFPYuanW5-ZhuIn-BFW@xref1422#15295; DFPYuanW5-ZhuIn-BFW@xref1770#15295; DFPYuanW5-ZhuIn-BFW@xref2835#15295; DFPYuanW5-ZhuIn-BFW@xref3546#15295; DFPYuanW5-ZhuIn-BFW@xref4603#15295; DFPYuanW5-ZhuIn-BFW@xref5159#15295; DFPYuanW5-ZhuIn-BFW@xref5574#15295; DFPYuanW5-ZhuIn-BFW@xref952#15295,v3.7：由 v3.6 已解碼 TTF 注音元件的實際 glyf 輪廓建立；相同正規化輪廓 signature 僅在所有來源讀音一致時啟用。,執行期 exact normalized outline signature only；不使用中文字、詞義、句境或字典預期音；signature 衝突即不納入。
cf3a4fd6ef94f3cca96c769d1c68751fde379b20,ㄖㄣˊ,11,DFPBiaoKai-W5-ZhuIn-BFW@xref1279#15294; DFPBiaoKai-W5-ZhuIn-BFW@xref1731#15294; DFPBiaoKai-W5-ZhuIn-BFW@xref2206#15294; DFPBiaoKai-W5-ZhuIn-BFW@xref2802#15294; DFPBiaoKai-W5-ZhuIn-BFW@xref308#15294; DFPBiaoKai-W5-ZhuIn-BFW@xref3276#15294; DFPBiaoKai-W5-ZhuIn-BFW@xref3372#15294; DFPBiaoKai-W5-ZhuIn-BFW@xref4404#15294; DFPBiaoKai-W5-ZhuIn-BFW@xref5004#15294; DFPBiaoKai-W5-ZhuIn-BFW@xref5643#15294; DFPBiaoKai-W5-ZhuIn-BFW@xref846#15294,v3.7：由 v3.6 已解碼 TTF 注音元件的實際 glyf 輪廓建立；相同正規化輪廓 signature 僅在所有來源讀音一致時啟用。,執行期 exact normalized outline signature only；不使用中文字、詞義、句境或字典預期音；signature 衝突即不納入。
6ee7a22a2ee2024a19153ed8b49871c5e4b57a13,ㄖㄣˋ,7,DFPBiaoKai-W5-ZhuIn-BFW@xref1731#15295; DFPBiaoKai-W5-ZhuIn-BFW@xref2206#15295; DFPBiaoKai-W5-ZhuIn-BFW@xref2802#15295; DFPBiaoKai-W5-ZhuIn-BFW@xref308#15295; DFPBiaoKai-W5-ZhuIn-BFW@xref3276#15295; DFPBiaoKai-W5-ZhuIn-BFW@xref5004#15295; DFPBiaoKai-W5-ZhuIn-BFW@xref5643#15295,v3.7：由 v3.6 已解碼 TTF 注音元件的實際 glyf 輪廓建立；相同正規化輪廓 signature 僅在所有來源讀音一致時啟用。,執行期 exact normalized outline signature only；不使用中文字、詞義、句境或字典預期音；signature 衝突即不納入。
709561a74ed57cd154a19796cf999efcab5b7459,ㄖㄣˋ,1,DFPYuanW5-ZhuIn-BFW@xref372#15296,v3.7：由 v3.6 已解碼 TTF 注音元件的實際 glyf 輪廓建立；相同正規化輪廓 signature 僅在所有來源讀音一致時啟用。,執行期 exact normalized outline signature only；不使用中文字、詞義、句境或字典預期音；signature 衝突即不納入。
0fabe4752be3b3de51c0cc9fbe9dc2a52b6af45a,ㄖㄤˋ,7,DFPBiaoKai-W5-ZhuIn-BFW@xref1064#15298; DFPBiaoKai-W5-ZhuIn-BFW@xref1279#15298; DFPBiaoKai-W5-ZhuIn-BFW@xref1731#15298; DFPBiaoKai-W5-ZhuIn-BFW@xref308#15298; DFPBiaoKai-W5-ZhuIn-BFW@xref3276#15298; DFPBiaoKai-W5-ZhuIn-BFW@xref5643#15298; DFPBiaoKai-W5-ZhuIn-BFW@xref846#15298,v3.7：由 v3.6 已解碼 TTF 注音元件的實際 glyf 輪廓建立；相同正規化輪廓 signature 僅在所有來源讀音一致時啟用。,執行期 exact normalized outline signature only；不使用中文字、詞義、句境或字典預期音；signature 衝突即不納入。
1cf866f4f2056a1a5b36b69e4de253dd32d31b1e,ㄖㄤˋ,3,DFPYuanW5-ZhuIn-BFW@xref1349#15299; DFPYuanW5-ZhuIn-BFW@xref1422#15299; DFPYuanW5-ZhuIn-BFW@xref3391#15299,v3.7：由 v3.6 已解碼 TTF 注音元件的實際 glyf 輪廓建立；相同正規化輪廓 signature 僅在所有來源讀音一致時啟用。,執行期 exact normalized outline signature only；不使用中文字、詞義、句境或字典預期音；signature 衝突即不納入。
6ed216456531caa6a5cc86da2de1384267aac828,ㄖㄨˇ,1,DFPYuanW5-ZhuIn-BFW@xref1770#15306,v3.7：由 v3.6 已解碼 TTF 注音元件的實際 glyf 輪廓建立；相同正規化輪廓 signature 僅在所有來源讀音一致時啟用。,執行期 exact normalized outline signature only；不使用中文字、詞義、句境或字典預期音；signature 衝突即不納入。
c90d58a48a25c203c30270d6fe827ee50c8d1ecf,ㄖㄨˊ,5,DFPYuanW5-ZhuIn-BFW@xref1349#15304; DFPYuanW5-ZhuIn-BFW@xref1770#15304; DFPYuanW5-ZhuIn-BFW@xref3391#15304; DFPYuanW5-ZhuIn-BFW@xref3546#15304; DFPYuanW5-ZhuIn-BFW@xref952#15304,v3.7：由 v3.6 已解碼 TTF 注音元件的實際 glyf 輪廓建立；相同正規化輪廓 signature 僅在所有來源讀音一致時啟用。,執行期 exact normalized outline signature only；不使用中文字、詞義、句境或字典預期音；signature 衝突即不納入。
e46cb9aad6209356289bc51fe816c5ded7df30ed,ㄖㄨˊ,8,DFPBiaoKai-W5-ZhuIn-BFW@xref1279#15303; DFPBiaoKai-W5-ZhuIn-BFW@xref1731#15303; DFPBiaoKai-W5-ZhuIn-BFW@xref2038#15303; DFPBiaoKai-W5-ZhuIn-BFW@xref2802#15303; DFPBiaoKai-W5-ZhuIn-BFW@xref308#15303; DFPBiaoKai-W5-ZhuIn-BFW@xref4404#15303; DFPBiaoKai-W5-ZhuIn-BFW@xref5004#15303; DFPBiaoKai-W5-ZhuIn-BFW@xref846#15303,v3.7：由 v3.6 已解碼 TTF 注音元件的實際 glyf 輪廓建立；相同正規化輪廓 signature 僅在所有來源讀音一致時啟用。,執行期 exact normalized outline signature only；不使用中文字、詞義、句境或字典預期音；signature 衝突即不納入。
f33210d4b12cf736821f5fbd7a28cebd4c48d162,ㄖㄨˊ,1,DFPWaWa-W5-ZhuIn-BFW@xref49#15303,v3.7：由 v3.6 已解碼 TTF 注音元件的實際 glyf 輪廓建立；相同正規化輪廓 signature 僅在所有來源讀音一致時啟用。,執行期 exact normalized outline signature only；不使用中文字、詞義、句境或字典預期音；signature 衝突即不納入。
635a36d5a5049a47bb99659a72884c7761fff3a7,ㄖㄨˋ,4,DFPBiaoKai-W5-ZhuIn-BFW@xref1279#15304; DFPBiaoKai-W5-ZhuIn-BFW@xref308#15304; DFPBiaoKai-W5-ZhuIn-BFW@xref3372#15304; DFPBiaoKai-W5-ZhuIn-BFW@xref4404#15304,v3.7：由 v3.6 已解碼 TTF 注音元件的實際 glyf 輪廓建立；相同正規化輪廓 signature 僅在所有來源讀音一致時啟用。,執行期 exact normalized outline signature only；不使用中文字、詞義、句境或字典預期音；signature 衝突即不納入。
cc2ceecb18eeffd9578287e3176129f194f41f91,ㄖㄨˋ,4,DFPYuanW5-ZhuIn-BFW@xref1770#15305; DFPYuanW5-ZhuIn-BFW@xref3391#15305; DFPYuanW5-ZhuIn-BFW@xref3546#15305; DFPYuanW5-ZhuIn-BFW@xref5574#15305,v3.7：由 v3.6 已解碼 TTF 注音元件的實際 glyf 輪廓建立；相同正規化輪廓 signature 僅在所有來源讀音一致時啟用。,執行期 exact normalized outline signature only；不使用中文字、詞義、句境或字典預期音；signature 衝突即不納入。
59e78d5b99158763ea211ba1469d510695a5397c,ㄖㄨㄛˋ,2,DFPYuanW5-ZhuIn-BFW@xref4603#15308; DFPYuanW5-ZhuIn-BFW@xref5574#15308,v3.7：由 v3.6 已解碼 TTF 注音元件的實際 glyf 輪廓建立；相同正規化輪廓 signature 僅在所有來源讀音一致時啟用。,執行期 exact normalized outline signature only；不使用中文字、詞義、句境或字典預期音；signature 衝突即不納入。
c26b50d483107235daf8a87fa72beb9e6d9cebb4,ㄖㄨㄛˋ,2,DFPBiaoKai-W5-ZhuIn-BFW@xref3276#15307; DFPBiaoKai-W5-ZhuIn-BFW@xref4404#15307,v3.7：由 v3.6 已解碼 TTF 注音元件的實際 glyf 輪廓建立；相同正規化輪廓 signature 僅在所有來源讀音一致時啟用。,執行期 exact normalized outline signature only；不使用中文字、詞義、句境或字典預期音；signature 衝突即不納入。
94d38cfa7db770b1ec02d8b490dcff7dddf86c39,ㄖㄨㄢˇ,1,DFPWaWa-W5-ZhuIn-BFW@xref49#15312,v3.7：由 v3.6 已解碼 TTF 注音元件的實際 glyf 輪廓建立；相同正規化輪廓 signature 僅在所有來源讀音一致時啟用。,執行期 exact normalized outline signature only；不使用中文字、詞義、句境或字典預期音；signature 衝突即不納入。
f9a6559b1b0fc259ea63ddfe8086709210d1db23,ㄖㄨㄢˇ,3,DFPBiaoKai-W5-ZhuIn-BFW@xref2206#15312; DFPBiaoKai-W5-ZhuIn-BFW@xref308#15312; DFPBiaoKai-W5-ZhuIn-BFW@xref5004#15312,v3.7：由 v3.6 已解碼 TTF 注音元件的實際 glyf 輪廓建立；相同正規化輪廓 signature 僅在所有來源讀音一致時啟用。,執行期 exact normalized outline signature only；不使用中文字、詞義、句境或字典預期音；signature 衝突即不納入。
fac1eb979d0512664c423c844d4c61172646f08c,ㄖㄨㄢˇ,1,DFPYuanW5-ZhuIn-BFW@xref2450#15313,v3.7：由 v3.6 已解碼 TTF 注音元件的實際 glyf 輪廓建立；相同正規化輪廓 signature 僅在所有來源讀音一致時啟用。,執行期 exact normalized outline signature only；不使用中文字、詞義、句境或字典預期音；signature 衝突即不納入。
5b58fc3e3240ddace0ae561f6c9f50881c9e21b1,ㄖㄨㄥˊ,6,DFPBiaoKai-W5-ZhuIn-BFW@xref1731#15315; DFPBiaoKai-W5-ZhuIn-BFW@xref2206#15315; DFPBiaoKai-W5-ZhuIn-BFW@xref308#15315; DFPBiaoKai-W5-ZhuIn-BFW@xref3276#15315; DFPBiaoKai-W5-ZhuIn-BFW@xref4404#15315; DFPBiaoKai-W5-ZhuIn-BFW@xref846#15315,v3.7：由 v3.6 已解碼 TTF 注音元件的實際 glyf 輪廓建立；相同正規化輪廓 signature 僅在所有來源讀音一致時啟用。,執行期 exact normalized outline signature only；不使用中文字、詞義、句境或字典預期音；signature 衝突即不納入。
6dfd2c0ff454d24a98d3631772116fbd1d205e56,ㄖㄨㄥˊ,1,DFPYuanW5-ZhuIn-BFW@xref1349#15316,v3.7：由 v3.6 已解碼 TTF 注音元件的實際 glyf 輪廓建立；相同正規化輪廓 signature 僅在所有來源讀音一致時啟用。,執行期 exact normalized outline signature only；不使用中文字、詞義、句境或字典預期音；signature 衝突即不納入。
744b9945ebba7f37c763cd0e9f83ab5dd9df0dd2,ㄗ,4,DFPBiaoKai-W5-ZhuIn-BFW@xref1279#15317; DFPBiaoKai-W5-ZhuIn-BFW@xref1731#15317; DFPBiaoKai-W5-ZhuIn-BFW@xref2206#15317; DFPBiaoKai-W5-ZhuIn-BFW@xref2802#15317,v3.7：由 v3.6 已解碼 TTF 注音元件的實際 glyf 輪廓建立；相同正規化輪廓 signature 僅在所有來源讀音一致時啟用。,執行期 exact normalized outline signature only；不使用中文字、詞義、句境或字典預期音；signature 衝突即不納入。
c3512248881b387c4e0540fabdeff46862eed773,ㄗ,2,DFPYuanW5-ZhuIn-BFW@xref1770#15318; DFPYuanW5-ZhuIn-BFW@xref2450#15318,v3.7：由 v3.6 已解碼 TTF 注音元件的實際 glyf 輪廓建立；相同正規化輪廓 signature 僅在所有來源讀音一致時啟用。,執行期 exact normalized outline signature only；不使用中文字、詞義、句境或字典預期音；signature 衝突即不納入。
806d775ce94718b8e8aefd7a89c9268b95c7b160,ㄗˇ,3,DFPYuanW5-ZhuIn-BFW@xref1770#15321; DFPYuanW5-ZhuIn-BFW@xref2040#15321; DFPYuanW5-ZhuIn-BFW@xref3546#15321,v3.7：由 v3.6 已解碼 TTF 注音元件的實際 glyf 輪廓建立；相同正規化輪廓 signature 僅在所有來源讀音一致時啟用。,執行期 exact normalized outline signature only；不使用中文字、詞義、句境或字典預期音；signature 衝突即不納入。
d628a8756a8b3489850f812705c335a61862f34d,ㄗˋ,11,DFPBiaoKai-W5-ZhuIn-BFW@xref1064#15319; DFPBiaoKai-W5-ZhuIn-BFW@xref1279#15319; DFPBiaoKai-W5-ZhuIn-BFW@xref1731#15319; DFPBiaoKai-W5-ZhuIn-BFW@xref2206#15319; DFPBiaoKai-W5-ZhuIn-BFW@xref2802#15319; DFPBiaoKai-W5-ZhuIn-BFW@xref308#15319; DFPBiaoKai-W5-ZhuIn-BFW@xref3276#15319; DFPBiaoKai-W5-ZhuIn-BFW@xref4404#15319; DFPBiaoKai-W5-ZhuIn-BFW@xref5004#15319; DFPBiaoKai-W5-ZhuIn-BFW@xref5643#15319; DFPBiaoKai-W5-ZhuIn-BFW@xref846#15319,v3.7：由 v3.6 已解碼 TTF 注音元件的實際 glyf 輪廓建立；相同正規化輪廓 signature 僅在所有來源讀音一致時啟用。,執行期 exact normalized outline signature only；不使用中文字、詞義、句境或字典預期音；signature 衝突即不納入。
e01235980e48b9edab9d8be8388dc95202ee86a9,ㄗˋ,6,DFPYuanW5-ZhuIn-BFW@xref1422#15320; DFPYuanW5-ZhuIn-BFW@xref2450#15320; DFPYuanW5-ZhuIn-BFW@xref3546#15320; DFPYuanW5-ZhuIn-BFW@xref372#15320; DFPYuanW5-ZhuIn-BFW@xref4603#15320; DFPYuanW5-ZhuIn-BFW@xref952#15320,v3.7：由 v3.6 已解碼 TTF 注音元件的實際 glyf 輪廓建立；相同正規化輪廓 signature 僅在所有來源讀音一致時啟用。,執行期 exact normalized outline signature only；不使用中文字、詞義、句境或字典預期音；signature 衝突即不納入。
01c88fd5d22d37ad9ff16f6f3425b7f763d1db16,ㄗㄚˊ,2,DFPBiaoKai-W5-ZhuIn-BFW@xref1731#15322; DFPBiaoKai-W5-ZhuIn-BFW@xref2038#15322,v3.7：由 v3.6 已解碼 TTF 注音元件的實際 glyf 輪廓建立；相同正規化輪廓 signature 僅在所有來源讀音一致時啟用。,執行期 exact normalized outline signature only；不使用中文字、詞義、句境或字典預期音；signature 衝突即不納入。
d301dd50be7d3578f38337cb9a505107ff5780a3,ㄗㄚˊ,1,DFPYuanW5-ZhuIn-BFW@xref2040#15323,v3.7：由 v3.6 已解碼 TTF 注音元件的實際 glyf 輪廓建立；相同正規化輪廓 signature 僅在所有來源讀音一致時啟用。,執行期 exact normalized outline signature only；不使用中文字、詞義、句境或字典預期音；signature 衝突即不納入。
c7e44e33cd44f30ad2469f3597aaada5f904d889,ㄗㄜˊ,5,DFPYuanW5-ZhuIn-BFW@xref1770#15324; DFPYuanW5-ZhuIn-BFW@xref3391#15324; DFPYuanW5-ZhuIn-BFW@xref3546#15324; DFPYuanW5-ZhuIn-BFW@xref4603#15324; DFPYuanW5-ZhuIn-BFW@xref952#15324,v3.7：由 v3.6 已解碼 TTF 注音元件的實際 glyf 輪廓建立；相同正規化輪廓 signature 僅在所有來源讀音一致時啟用。,執行期 exact normalized outline signature only；不使用中文字、詞義、句境或字典預期音；signature 衝突即不納入。
fb8687b55db106c9e86378b8e6982d8c95acdfe7,ㄗㄜˊ,7,DFPBiaoKai-W5-ZhuIn-BFW@xref1064#15323; DFPBiaoKai-W5-ZhuIn-BFW@xref1279#15323; DFPBiaoKai-W5-ZhuIn-BFW@xref1731#15323; DFPBiaoKai-W5-ZhuIn-BFW@xref2038#15323; DFPBiaoKai-W5-ZhuIn-BFW@xref308#15323; DFPBiaoKai-W5-ZhuIn-BFW@xref3276#15323; DFPBiaoKai-W5-ZhuIn-BFW@xref846#15323,v3.7：由 v3.6 已解碼 TTF 注音元件的實際 glyf 輪廓建立；相同正規化輪廓 signature 僅在所有來源讀音一致時啟用。,執行期 exact normalized outline signature only；不使用中文字、詞義、句境或字典預期音；signature 衝突即不納入。
5b7e4c5cea99f23b4334200c75efb89254e0a32d,ㄗㄞˇ,1,DFPBiaoKai-W5-PoIn1-BFW@xref1400#15328,v3.7：由 v3.6 已解碼 TTF 注音元件的實際 glyf 輪廓建立；相同正規化輪廓 signature 僅在所有來源讀音一致時啟用。,執行期 exact normalized outline signature only；不使用中文字、詞義、句境或字典預期音；signature 衝突即不納入。
2e302f74779b393d09b57992d6fb82b52f7d0382,ㄗㄞˋ,13,DFPBiaoKai-W5-ZhuIn-BFW@xref1064#15327; DFPBiaoKai-W5-ZhuIn-BFW@xref1279#15327; DFPBiaoKai-W5-ZhuIn-BFW@xref1731#15327; DFPBiaoKai-W5-ZhuIn-BFW@xref2038#15327; DFPBiaoKai-W5-ZhuIn-BFW@xref2206#15327; DFPBiaoKai-W5-ZhuIn-BFW@xref2802#15327; DFPBiaoKai-W5-ZhuIn-BFW@xref308#15327; DFPBiaoKai-W5-ZhuIn-BFW@xref3276#15327; DFPBiaoKai-W5-ZhuIn-BFW@xref3372#15327; DFPBiaoKai-W5-ZhuIn-BFW@xref4404#15327; DFPBiaoKai-W5-ZhuIn-BFW@xref5004#15327; DFPBiaoKai-W5-ZhuIn-BFW@xref5643#15327; DFPBiaoKai-W5-ZhuIn-BFW@xref846#15327,v3.7：由 v3.6 已解碼 TTF 注音元件的實際 glyf 輪廓建立；相同正規化輪廓 signature 僅在所有來源讀音一致時啟用。,執行期 exact normalized outline signature only；不使用中文字、詞義、句境或字典預期音；signature 衝突即不納入。
fa59396754c83a97df1886c857d0ede1968d4716,ㄗㄞˋ,11,DFPYuanW5-ZhuIn-BFW@xref1349#15328; DFPYuanW5-ZhuIn-BFW@xref1422#15328; DFPYuanW5-ZhuIn-BFW@xref1770#15328; DFPYuanW5-ZhuIn-BFW@xref2450#15328; DFPYuanW5-ZhuIn-BFW@xref2835#15328; DFPYuanW5-ZhuIn-BFW@xref3391#15328; DFPYuanW5-ZhuIn-BFW@xref3546#15328; DFPYuanW5-ZhuIn-BFW@xref4603#15328; DFPYuanW5-ZhuIn-BFW@xref5159#15328; DFPYuanW5-ZhuIn-BFW@xref5574#15328; DFPYuanW5-ZhuIn-BFW@xref952#15328,v3.7：由 v3.6 已解碼 TTF 注音元件的實際 glyf 輪廓建立；相同正規化輪廓 signature 僅在所有來源讀音一致時啟用。,執行期 exact normalized outline signature only；不使用中文字、詞義、句境或字典預期音；signature 衝突即不納入。
4d732709976125ef9425513f768b9a57236a2fbf,ㄗㄠ,1,DFPYuanW5-ZhuIn-BFW@xref1349#15331,v3.7：由 v3.6 已解碼 TTF 注音元件的實際 glyf 輪廓建立；相同正規化輪廓 signature 僅在所有來源讀音一致時啟用。,執行期 exact normalized outline signature only；不使用中文字、詞義、句境或字典預期音；signature 衝突即不納入。
3cdbf1f9f1061b63b3878aec1f3847357798cbfa,ㄗㄠˇ,2,DFPBiaoKai-W5-ZhuIn-BFW@xref1731#15333; DFPBiaoKai-W5-ZhuIn-BFW@xref308#15333,v3.7：由 v3.6 已解碼 TTF 注音元件的實際 glyf 輪廓建立；相同正規化輪廓 signature 僅在所有來源讀音一致時啟用。,執行期 exact normalized outline signature only；不使用中文字、詞義、句境或字典預期音；signature 衝突即不納入。
f148436fec28ba6382bddd02fa5342f3f9bda8c3,ㄗㄠˇ,1,DFPYuanW5-ZhuIn-BFW@xref1770#15334,v3.7：由 v3.6 已解碼 TTF 注音元件的實際 glyf 輪廓建立；相同正規化輪廓 signature 僅在所有來源讀音一致時啟用。,執行期 exact normalized outline signature only；不使用中文字、詞義、句境或字典預期音；signature 衝突即不納入。
c9b82c1a041fae86cc9a42e7b15ac3b901c059db,ㄗㄠˋ,2,DFPYuanW5-ZhuIn-BFW@xref1349#15333; DFPYuanW5-ZhuIn-BFW@xref2835#15333,v3.7：由 v3.6 已解碼 TTF 注音元件的實際 glyf 輪廓建立；相同正規化輪廓 signature 僅在所有來源讀音一致時啟用。,執行期 exact normalized outline signature only；不使用中文字、詞義、句境或字典預期音；signature 衝突即不納入。
fe1285cb12a95f9c090866c49e097a552d661b40,ㄗㄠˋ,4,DFPBiaoKai-W5-ZhuIn-BFW@xref1279#15332; DFPBiaoKai-W5-ZhuIn-BFW@xref1731#15332; DFPBiaoKai-W5-ZhuIn-BFW@xref308#15332; DFPBiaoKai-W5-ZhuIn-BFW@xref846#15332,v3.7：由 v3.6 已解碼 TTF 注音元件的實際 glyf 輪廓建立；相同正規化輪廓 signature 僅在所有來源讀音一致時啟用。,執行期 exact normalized outline signature only；不使用中文字、詞義、句境或字典預期音；signature 衝突即不納入。
0d4a19d30281a01b6216c7c769e081f749a16b73,ㄗㄡˇ,2,DFPBiaoKai-W5-ZhuIn-BFW@xref308#15336; DFPBiaoKai-W5-ZhuIn-BFW@xref3276#15336,v3.7：由 v3.6 已解碼 TTF 注音元件的實際 glyf 輪廓建立；相同正規化輪廓 signature 僅在所有來源讀音一致時啟用。,執行期 exact normalized outline signature only；不使用中文字、詞義、句境或字典預期音；signature 衝突即不納入。
7e9b8e094be9d9dedb186cdffc85d2aeb5b7af5a,ㄗㄡˇ,3,DFPYuanW5-ZhuIn-BFW@xref2450#15337; DFPYuanW5-ZhuIn-BFW@xref3391#15337; DFPYuanW5-ZhuIn-BFW@xref952#15337,v3.7：由 v3.6 已解碼 TTF 注音元件的實際 glyf 輪廓建立；相同正規化輪廓 signature 僅在所有來源讀音一致時啟用。,執行期 exact normalized outline signature only；不使用中文字、詞義、句境或字典預期音；signature 衝突即不納入。
909ee49e015c1f1dea351a04a55a8e810235832b,ㄗㄡˋ,1,DFPBiaoKai-W5-ZhuIn-BFW@xref4404#15335,v3.7：由 v3.6 已解碼 TTF 注音元件的實際 glyf 輪廓建立；相同正規化輪廓 signature 僅在所有來源讀音一致時啟用。,執行期 exact normalized outline signature only；不使用中文字、詞義、句境或字典預期音；signature 衝突即不納入。
3d83cdf483b2f109ef38eb826d2b7917aa6432e2,ㄗㄢˋ,2,DFPBiaoKai-W5-ZhuIn-BFW@xref308#15339; DFPBiaoKai-W5-ZhuIn-BFW@xref5643#15339,v3.7：由 v3.6 已解碼 TTF 注音元件的實際 glyf 輪廓建立；相同正規化輪廓 signature 僅在所有來源讀音一致時啟用。,執行期 exact normalized outline signature only；不使用中文字、詞義、句境或字典預期音；signature 衝突即不納入。
9ff8581c30cc77258f2df782fe1f564d882cacbe,ㄗㄣˇ,3,DFPYuanW5-ZhuIn-BFW@xref3391#15344; DFPYuanW5-ZhuIn-BFW@xref372#15344; DFPYuanW5-ZhuIn-BFW@xref952#15344,v3.7：由 v3.6 已解碼 TTF 注音元件的實際 glyf 輪廓建立；相同正規化輪廓 signature 僅在所有來源讀音一致時啟用。,執行期 exact normalized outline signature only；不使用中文字、詞義、句境或字典預期音；signature 衝突即不納入。
f4d12bfa8cfb7f33d074bf490389d790a19e2d40,ㄗㄣˇ,6,DFPBiaoKai-W5-ZhuIn-BFW@xref1064#15343; DFPBiaoKai-W5-ZhuIn-BFW@xref1731#15343; DFPBiaoKai-W5-ZhuIn-BFW@xref308#15343; DFPBiaoKai-W5-ZhuIn-BFW@xref3276#15343; DFPBiaoKai-W5-ZhuIn-BFW@xref4404#15343; DFPBiaoKai-W5-ZhuIn-BFW@xref846#15343,v3.7：由 v3.6 已解碼 TTF 注音元件的實際 glyf 輪廓建立；相同正規化輪廓 signature 僅在所有來源讀音一致時啟用。,執行期 exact normalized outline signature only；不使用中文字、詞義、句境或字典預期音；signature 衝突即不納入。
7849d4395c4dcfc2610bd4409d91eca5ace9ae85,ㄗㄥ,2,DFPBiaoKai-W5-ZhuIn-BFW@xref2206#15347; DFPBiaoKai-W5-ZhuIn-BFW@xref5004#15347,v3.7：由 v3.6 已解碼 TTF 注音元件的實際 glyf 輪廓建立；相同正規化輪廓 signature 僅在所有來源讀音一致時啟用。,執行期 exact normalized outline signature only；不使用中文字、詞義、句境或字典預期音；signature 衝突即不納入。
cda783e036ef7516b56e1506b17f4734327c9052,ㄗㄥ,1,DFPYuanW5-ZhuIn-BFW@xref1770#15348,v3.7：由 v3.6 已解碼 TTF 注音元件的實際 glyf 輪廓建立；相同正規化輪廓 signature 僅在所有來源讀音一致時啟用。,執行期 exact normalized outline signature only；不使用中文字、詞義、句境或字典預期音；signature 衝突即不納入。
dc24352fa4a0ed2d413b1a9e9fdf4afd59525da5,ㄗㄨˇ,5,DFPBiaoKai-W5-ZhuIn-BFW@xref1731#15352; DFPBiaoKai-W5-ZhuIn-BFW@xref3372#15352; DFPBiaoKai-W5-ZhuIn-BFW@xref4404#15352; DFPBiaoKai-W5-ZhuIn-BFW@xref5004#15352; DFPBiaoKai-W5-ZhuIn-BFW@xref846#15352,v3.7：由 v3.6 已解碼 TTF 注音元件的實際 glyf 輪廓建立；相同正規化輪廓 signature 僅在所有來源讀音一致時啟用。,執行期 exact normalized outline signature only；不使用中文字、詞義、句境或字典預期音；signature 衝突即不納入。
e08b0fb6e3d48023196699670b4758050a7d77cb,ㄗㄨˇ,6,DFPYuanW5-ZhuIn-BFW@xref2835#15353; DFPYuanW5-ZhuIn-BFW@xref3391#15353; DFPYuanW5-ZhuIn-BFW@xref3546#15353; DFPYuanW5-ZhuIn-BFW@xref4603#15353; DFPYuanW5-ZhuIn-BFW@xref5159#15353; DFPYuanW5-ZhuIn-BFW@xref5574#15353,v3.7：由 v3.6 已解碼 TTF 注音元件的實際 glyf 輪廓建立；相同正規化輪廓 signature 僅在所有來源讀音一致時啟用。,執行期 exact normalized outline signature only；不使用中文字、詞義、句境或字典預期音；signature 衝突即不納入。
0a34df814af70283f0c460335f42bed6bd0aeaf8,ㄗㄨˊ,2,DFPBiaoKai-W5-ZhuIn-BFW@xref3276#15350; DFPBiaoKai-W5-ZhuIn-BFW@xref5643#15350,v3.7：由 v3.6 已解碼 TTF 注音元件的實際 glyf 輪廓建立；相同正規化輪廓 signature 僅在所有來源讀音一致時啟用。,執行期 exact normalized outline signature only；不使用中文字、詞義、句境或字典預期音；signature 衝突即不納入。
1a5836632e111f2d377ef79ad6f953b405d93c55,ㄗㄨˊ,3,DFPYuanW5-ZhuIn-BFW@xref1770#15351; DFPYuanW5-ZhuIn-BFW@xref5159#15351; DFPYuanW5-ZhuIn-BFW@xref5574#15351,v3.7：由 v3.6 已解碼 TTF 注音元件的實際 glyf 輪廓建立；相同正規化輪廓 signature 僅在所有來源讀音一致時啟用。,執行期 exact normalized outline signature only；不使用中文字、詞義、句境或字典預期音；signature 衝突即不納入。
61db17611907c3a34540117ee6f76757ada59f7b,ㄗㄨㄛˇ,4,DFPBiaoKai-W5-ZhuIn-BFW@xref2206#15356; DFPBiaoKai-W5-ZhuIn-BFW@xref308#15356; DFPBiaoKai-W5-ZhuIn-BFW@xref4404#15356; DFPBiaoKai-W5-ZhuIn-BFW@xref5004#15356,v3.7：由 v3.6 已解碼 TTF 注音元件的實際 glyf 輪廓建立；相同正規化輪廓 signature 僅在所有來源讀音一致時啟用。,執行期 exact normalized outline signature only；不使用中文字、詞義、句境或字典預期音；signature 衝突即不納入。
7abf1ca8a30510570edce15e41c6a4fd73cf0b0a,ㄗㄨㄛˇ,3,DFPYuanW5-ZhuIn-BFW@xref2450#15357; DFPYuanW5-ZhuIn-BFW@xref4603#15357; DFPYuanW5-ZhuIn-BFW@xref5159#15357,v3.7：由 v3.6 已解碼 TTF 注音元件的實際 glyf 輪廓建立；相同正規化輪廓 signature 僅在所有來源讀音一致時啟用。,執行期 exact normalized outline signature only；不使用中文字、詞義、句境或字典預期音；signature 衝突即不納入。
ddc93633e977b3341596d0b2aa33fcd2d4db0195,ㄗㄨㄛˊ,1,DFPBiaoKai-W5-ZhuIn-BFW@xref1279#15354,v3.7：由 v3.6 已解碼 TTF 注音元件的實際 glyf 輪廓建立；相同正規化輪廓 signature 僅在所有來源讀音一致時啟用。,執行期 exact normalized outline signature only；不使用中文字、詞義、句境或字典預期音；signature 衝突即不納入。
7108ac9eaa49952617c9cbbbe80983d2c9176302,ㄗㄨㄛˋ,8,DFPYuanW5-ZhuIn-BFW@xref2450#15356; DFPYuanW5-ZhuIn-BFW@xref2835#15356; DFPYuanW5-ZhuIn-BFW@xref3391#15356; DFPYuanW5-ZhuIn-BFW@xref3546#15356; DFPYuanW5-ZhuIn-BFW@xref4603#15356; DFPYuanW5-ZhuIn-BFW@xref5159#15356; DFPYuanW5-ZhuIn-BFW@xref5574#15356; DFPYuanW5-ZhuIn-BFW@xref952#15356,v3.7：由 v3.6 已解碼 TTF 注音元件的實際 glyf 輪廓建立；相同正規化輪廓 signature 僅在所有來源讀音一致時啟用。,執行期 exact normalized outline signature only；不使用中文字、詞義、句境或字典預期音；signature 衝突即不納入。
b4631c545405b1bb1fc0d7877817ef990674b753,ㄗㄨㄛˋ,10,DFPBiaoKai-W5-ZhuIn-BFW@xref1279#15355; DFPBiaoKai-W5-ZhuIn-BFW@xref1731#15355; DFPBiaoKai-W5-ZhuIn-BFW@xref2206#15355; DFPBiaoKai-W5-ZhuIn-BFW@xref2802#15355; DFPBiaoKai-W5-ZhuIn-BFW@xref308#15355; DFPBiaoKai-W5-ZhuIn-BFW@xref3276#15355; DFPBiaoKai-W5-ZhuIn-BFW@xref4404#15355; DFPBiaoKai-W5-ZhuIn-BFW@xref5004#15355; DFPBiaoKai-W5-ZhuIn-BFW@xref5643#15355; DFPBiaoKai-W5-ZhuIn-BFW@xref846#15355,v3.7：由 v3.6 已解碼 TTF 注音元件的實際 glyf 輪廓建立；相同正規化輪廓 signature 僅在所有來源讀音一致時啟用。,執行期 exact normalized outline signature only；不使用中文字、詞義、句境或字典預期音；signature 衝突即不納入。
e10195687cab600a4b8004101318c369789db42d,ㄗㄨㄛˋ,1,DFPWaWa-W5-ZhuIn-BFW@xref49#15355,v3.7：由 v3.6 已解碼 TTF 注音元件的實際 glyf 輪廓建立；相同正規化輪廓 signature 僅在所有來源讀音一致時啟用。,執行期 exact normalized outline signature only；不使用中文字、詞義、句境或字典預期音；signature 衝突即不納入。
47148573c973a43acdc368d9414a117ce44446ab,ㄗㄨㄟˇ,1,DFPYuanW5-ZhuIn-BFW@xref1422#15360,v3.7：由 v3.6 已解碼 TTF 注音元件的實際 glyf 輪廓建立；相同正規化輪廓 signature 僅在所有來源讀音一致時啟用。,執行期 exact normalized outline signature only；不使用中文字、詞義、句境或字典預期音；signature 衝突即不納入。
0a1b57dbe7a3c473155890f3e70d26a5b4e1ad5d,ㄗㄨㄟˋ,4,DFPYuanW5-ZhuIn-BFW@xref3391#15359; DFPYuanW5-ZhuIn-BFW@xref4603#15359; DFPYuanW5-ZhuIn-BFW@xref5574#15359; DFPYuanW5-ZhuIn-BFW@xref952#15359,v3.7：由 v3.6 已解碼 TTF 注音元件的實際 glyf 輪廓建立；相同正規化輪廓 signature 僅在所有來源讀音一致時啟用。,執行期 exact normalized outline signature only；不使用中文字、詞義、句境或字典預期音；signature 衝突即不納入。
0dec641bcbfa57dde63bb63dc76e66c09826133f,ㄗㄨㄟˋ,5,DFPBiaoKai-W5-ZhuIn-BFW@xref1731#15358; DFPBiaoKai-W5-ZhuIn-BFW@xref3372#15358; DFPBiaoKai-W5-ZhuIn-BFW@xref4404#15358; DFPBiaoKai-W5-ZhuIn-BFW@xref5004#15358; DFPBiaoKai-W5-ZhuIn-BFW@xref5643#15358,v3.7：由 v3.6 已解碼 TTF 注音元件的實際 glyf 輪廓建立；相同正規化輪廓 signature 僅在所有來源讀音一致時啟用。,執行期 exact normalized outline signature only；不使用中文字、詞義、句境或字典預期音；signature 衝突即不納入。
346976d0b68495cdf0cbb2bdf0ff503d82b51de4,ㄗㄨㄣ,2,DFPYuanW5-ZhuIn-BFW@xref1422#15364; DFPYuanW5-ZhuIn-BFW@xref952#15364,v3.7：由 v3.6 已解碼 TTF 注音元件的實際 glyf 輪廓建立；相同正規化輪廓 signature 僅在所有來源讀音一致時啟用。,執行期 exact normalized outline signature only；不使用中文字、詞義、句境或字典預期音；signature 衝突即不納入。
dfe59abfae465efd63bcdb71fe81c2f486d4efa6,ㄗㄨㄣ,2,DFPBiaoKai-W5-ZhuIn-BFW@xref1064#15363; DFPBiaoKai-W5-ZhuIn-BFW@xref846#15363,v3.7：由 v3.6 已解碼 TTF 注音元件的實際 glyf 輪廓建立；相同正規化輪廓 signature 僅在所有來源讀音一致時啟用。,執行期 exact normalized outline signature only；不使用中文字、詞義、句境或字典預期音；signature 衝突即不納入。
f0e1040d963c11cbe85344177f190e188d8dfcfd,ㄗㄨㄥ,1,DFPBiaoKai-W5-ZhuIn-BFW@xref1279#15366,v3.7：由 v3.6 已解碼 TTF 注音元件的實際 glyf 輪廓建立；相同正規化輪廓 signature 僅在所有來源讀音一致時啟用。,執行期 exact normalized outline signature only；不使用中文字、詞義、句境或字典預期音；signature 衝突即不納入。
dda1cc119aacdfcbfd1b1c45706a049e47312be4,ㄗㄨㄥˇ,1,DFPYuanW5-ZhuIn-BFW@xref5159#15369,v3.7：由 v3.6 已解碼 TTF 注音元件的實際 glyf 輪廓建立；相同正規化輪廓 signature 僅在所有來源讀音一致時啟用。,執行期 exact normalized outline signature only；不使用中文字、詞義、句境或字典預期音；signature 衝突即不納入。
6746c4de8a3485ccab2c211b41bddbf128b38d6a,ㄘˇ,1,DFPYuanW5-ZhuIn-BFW@xref4603#15373,v3.7：由 v3.6 已解碼 TTF 注音元件的實際 glyf 輪廓建立；相同正規化輪廓 signature 僅在所有來源讀音一致時啟用。,執行期 exact normalized outline signature only；不使用中文字、詞義、句境或字典預期音；signature 衝突即不納入。
af09bd7452f8888a9d2902d3c974ebfbeb04d7fa,ㄘˇ,1,DFPBiaoKai-W5-ZhuIn-BFW@xref846#15372,v3.7：由 v3.6 已解碼 TTF 注音元件的實際 glyf 輪廓建立；相同正規化輪廓 signature 僅在所有來源讀音一致時啟用。,執行期 exact normalized outline signature only；不使用中文字、詞義、句境或字典預期音；signature 衝突即不納入。
2ca3d7d5870f9888c13434991c700b52e59143d9,ㄘˋ,6,DFPYuanW5-ZhuIn-BFW@xref1349#15372; DFPYuanW5-ZhuIn-BFW@xref2835#15372; DFPYuanW5-ZhuIn-BFW@xref3391#15372; DFPYuanW5-ZhuIn-BFW@xref3546#15372; DFPYuanW5-ZhuIn-BFW@xref4603#15372; DFPYuanW5-ZhuIn-BFW@xref5574#15372,v3.7：由 v3.6 已解碼 TTF 注音元件的實際 glyf 輪廓建立；相同正規化輪廓 signature 僅在所有來源讀音一致時啟用。,執行期 exact normalized outline signature only；不使用中文字、詞義、句境或字典預期音；signature 衝突即不納入。
54a57b95e0e4c42b7fa790a3e985e3be2a0a1539,ㄘˋ,9,DFPBiaoKai-W5-ZhuIn-BFW@xref1279#15371; DFPBiaoKai-W5-ZhuIn-BFW@xref2206#15371; DFPBiaoKai-W5-ZhuIn-BFW@xref2802#15371; DFPBiaoKai-W5-ZhuIn-BFW@xref308#15371; DFPBiaoKai-W5-ZhuIn-BFW@xref3276#15371; DFPBiaoKai-W5-ZhuIn-BFW@xref4404#15371; DFPBiaoKai-W5-ZhuIn-BFW@xref5004#15371; DFPBiaoKai-W5-ZhuIn-BFW@xref5643#15371; DFPBiaoKai-W5-ZhuIn-BFW@xref846#15371,v3.7：由 v3.6 已解碼 TTF 注音元件的實際 glyf 輪廓建立；相同正規化輪廓 signature 僅在所有來源讀音一致時啟用。,執行期 exact normalized outline signature only；不使用中文字、詞義、句境或字典預期音；signature 衝突即不納入。
b60b1e050af48c9a3bac06a01276235683ee702f,ㄘㄚ,1,DFPBiaoKai-W5-ZhuIn-BFW@xref308#15373,v3.7：由 v3.6 已解碼 TTF 注音元件的實際 glyf 輪廓建立；相同正規化輪廓 signature 僅在所有來源讀音一致時啟用。,執行期 exact normalized outline signature only；不使用中文字、詞義、句境或字典預期音；signature 衝突即不納入。
bb958f627be7bc89e7fa5870c303670f57fe2fd2,ㄘㄚ,1,DFPYuanW5-ZhuIn-BFW@xref2835#15374,v3.7：由 v3.6 已解碼 TTF 注音元件的實際 glyf 輪廓建立；相同正規化輪廓 signature 僅在所有來源讀音一致時啟用。,執行期 exact normalized outline signature only；不使用中文字、詞義、句境或字典預期音；signature 衝突即不納入。
0226f81fadc846942b73deeba1a882ee9cd5c489,ㄘㄜˋ,7,DFPBiaoKai-W5-ZhuIn-BFW@xref2206#15376; DFPBiaoKai-W5-ZhuIn-BFW@xref2802#15376; DFPBiaoKai-W5-ZhuIn-BFW@xref308#15376; DFPBiaoKai-W5-ZhuIn-BFW@xref3276#15376; DFPBiaoKai-W5-ZhuIn-BFW@xref4404#15376; DFPBiaoKai-W5-ZhuIn-BFW@xref5004#15376; DFPBiaoKai-W5-ZhuIn-BFW@xref5643#15376,v3.7：由 v3.6 已解碼 TTF 注音元件的實際 glyf 輪廓建立；相同正規化輪廓 signature 僅在所有來源讀音一致時啟用。,執行期 exact normalized outline signature only；不使用中文字、詞義、句境或字典預期音；signature 衝突即不納入。
577301d512e1339133845d2a0ba5aac2243e9142,ㄘㄜˋ,3,DFPYuanW5-ZhuIn-BFW@xref1349#15377; DFPYuanW5-ZhuIn-BFW@xref2450#15377; DFPYuanW5-ZhuIn-BFW@xref4603#15377,v3.7：由 v3.6 已解碼 TTF 注音元件的實際 glyf 輪廓建立；相同正規化輪廓 signature 僅在所有來源讀音一致時啟用。,執行期 exact normalized outline signature only；不使用中文字、詞義、句境或字典預期音；signature 衝突即不納入。
7171c11dfa5aa7770b103ad7ebd47b714a82bb9a,ㄘㄞ,3,DFPBiaoKai-W5-ZhuIn-BFW@xref2206#15377; DFPBiaoKai-W5-ZhuIn-BFW@xref5643#15377; DFPBiaoKai-W5-ZhuIn-BFW@xref846#15377,v3.7：由 v3.6 已解碼 TTF 注音元件的實際 glyf 輪廓建立；相同正規化輪廓 signature 僅在所有來源讀音一致時啟用。,執行期 exact normalized outline signature only；不使用中文字、詞義、句境或字典預期音；signature 衝突即不納入。
9bf08973bdad9884cdd6de8d868388e8a237b0ad,ㄘㄞ,1,DFPYuanW5-ZhuIn-BFW@xref5574#15378,v3.7：由 v3.6 已解碼 TTF 注音元件的實際 glyf 輪廓建立；相同正規化輪廓 signature 僅在所有來源讀音一致時啟用。,執行期 exact normalized outline signature only；不使用中文字、詞義、句境或字典預期音；signature 衝突即不納入。
c212241d286b89cb1a51cde3dfe2c6496b4121c2,ㄘㄞˇ,3,DFPBiaoKai-W5-ZhuIn-BFW@xref1731#15380; DFPBiaoKai-W5-ZhuIn-BFW@xref2206#15380; DFPBiaoKai-W5-ZhuIn-BFW@xref2802#15380,v3.7：由 v3.6 已解碼 TTF 注音元件的實際 glyf 輪廓建立；相同正規化輪廓 signature 僅在所有來源讀音一致時啟用。,執行期 exact normalized outline signature only；不使用中文字、詞義、句境或字典預期音；signature 衝突即不納入。
d530dc6eea4fca821f03c11fe55158ce13a3c485,ㄘㄞˇ,1,DFPYuanW5-ZhuIn-BFW@xref2450#15381,v3.7：由 v3.6 已解碼 TTF 注音元件的實際 glyf 輪廓建立；相同正規化輪廓 signature 僅在所有來源讀音一致時啟用。,執行期 exact normalized outline signature only；不使用中文字、詞義、句境或字典預期音；signature 衝突即不納入。
369227280e4be93073c01a13ed4a7fe86d2258db,ㄘㄞˊ,3,DFPYuanW5-ZhuIn-BFW@xref1349#15379; DFPYuanW5-ZhuIn-BFW@xref2835#15379; DFPYuanW5-ZhuIn-BFW@xref952#15379,v3.7：由 v3.6 已解碼 TTF 注音元件的實際 glyf 輪廓建立；相同正規化輪廓 signature 僅在所有來源讀音一致時啟用。,執行期 exact normalized outline signature only；不使用中文字、詞義、句境或字典預期音；signature 衝突即不納入。
d6f944b7b21c931356d155ce57772051a8716f7c,ㄘㄞˊ,9,DFPBiaoKai-W5-ZhuIn-BFW@xref1279#15378; DFPBiaoKai-W5-ZhuIn-BFW@xref1731#15378; DFPBiaoKai-W5-ZhuIn-BFW@xref2206#15378; DFPBiaoKai-W5-ZhuIn-BFW@xref2802#15378; DFPBiaoKai-W5-ZhuIn-BFW@xref308#15378; DFPBiaoKai-W5-ZhuIn-BFW@xref3276#15378; DFPBiaoKai-W5-ZhuIn-BFW@xref3372#15378; DFPBiaoKai-W5-ZhuIn-BFW@xref4404#15378; DFPBiaoKai-W5-ZhuIn-BFW@xref846#15378,v3.7：由 v3.6 已解碼 TTF 注音元件的實際 glyf 輪廓建立；相同正規化輪廓 signature 僅在所有來源讀音一致時啟用。,執行期 exact normalized outline signature only；不使用中文字、詞義、句境或字典預期音；signature 衝突即不納入。
c9c46800158dab582f970c64472ea26a252885e5,ㄘㄞˋ,2,DFPBiaoKai-W5-ZhuIn-BFW@xref1731#15379; DFPBiaoKai-W5-ZhuIn-BFW@xref308#15379,v3.7：由 v3.6 已解碼 TTF 注音元件的實際 glyf 輪廓建立；相同正規化輪廓 signature 僅在所有來源讀音一致時啟用。,執行期 exact normalized outline signature only；不使用中文字、詞義、句境或字典預期音；signature 衝突即不納入。
ff79e2090393cbf7698410be9f47d357b78b3603,ㄘㄞˋ,2,DFPYuanW5-ZhuIn-BFW@xref1770#15380; DFPYuanW5-ZhuIn-BFW@xref2040#15380,v3.7：由 v3.6 已解碼 TTF 注音元件的實際 glyf 輪廓建立；相同正規化輪廓 signature 僅在所有來源讀音一致時啟用。,執行期 exact normalized outline signature only；不使用中文字、詞義、句境或字典預期音；signature 衝突即不納入。
d0945fd49ff35e9003b6442514d450a2c4dccd71,ㄘㄠ,2,DFPYuanW5-ZhuIn-BFW@xref2835#15382; DFPYuanW5-ZhuIn-BFW@xref3391#15382,v3.7：由 v3.6 已解碼 TTF 注音元件的實際 glyf 輪廓建立；相同正規化輪廓 signature 僅在所有來源讀音一致時啟用。,執行期 exact normalized outline signature only；不使用中文字、詞義、句境或字典預期音；signature 衝突即不納入。
e4a343a6e758448bc43317d9a78df40c23a43a1f,ㄘㄠ,1,DFPBiaoKai-W5-ZhuIn-BFW@xref4404#15381,v3.7：由 v3.6 已解碼 TTF 注音元件的實際 glyf 輪廓建立；相同正規化輪廓 signature 僅在所有來源讀音一致時啟用。,執行期 exact normalized outline signature only；不使用中文字、詞義、句境或字典預期音；signature 衝突即不納入。
9bb8ee6a6c08a9ea462e377a98b69b8529276429,ㄘㄠˇ,1,DFPYuanW5-ZhuIn-BFW@xref1770#15385,v3.7：由 v3.6 已解碼 TTF 注音元件的實際 glyf 輪廓建立；相同正規化輪廓 signature 僅在所有來源讀音一致時啟用。,執行期 exact normalized outline signature only；不使用中文字、詞義、句境或字典預期音；signature 衝突即不納入。
28385f4bcf12e99167e40935c5a9c36ea695ff63,ㄘㄢ,3,DFPYuanW5-ZhuIn-BFW@xref1349#15387; DFPYuanW5-ZhuIn-BFW@xref1422#15387; DFPYuanW5-ZhuIn-BFW@xref1770#15387,v3.7：由 v3.6 已解碼 TTF 注音元件的實際 glyf 輪廓建立；相同正規化輪廓 signature 僅在所有來源讀音一致時啟用。,執行期 exact normalized outline signature only；不使用中文字、詞義、句境或字典預期音；signature 衝突即不納入。
69cf32e51c3d68db7445d0bcb91a05fba4cff46f,ㄘㄢ,4,DFPBiaoKai-W5-ZhuIn-BFW@xref1731#15386; DFPBiaoKai-W5-ZhuIn-BFW@xref2038#15386; DFPBiaoKai-W5-ZhuIn-BFW@xref2802#15386; DFPBiaoKai-W5-ZhuIn-BFW@xref308#15386,v3.7：由 v3.6 已解碼 TTF 注音元件的實際 glyf 輪廓建立；相同正規化輪廓 signature 僅在所有來源讀音一致時啟用。,執行期 exact normalized outline signature only；不使用中文字、詞義、句境或字典預期音；signature 衝突即不納入。
00f72a951e4a39397eee5e1ca74a388f7deb4295,ㄘㄥˊ,1,DFPYuanW5-ZhuIn-BFW@xref952#15397,v3.7：由 v3.6 已解碼 TTF 注音元件的實際 glyf 輪廓建立；相同正規化輪廓 signature 僅在所有來源讀音一致時啟用。,執行期 exact normalized outline signature only；不使用中文字、詞義、句境或字典預期音；signature 衝突即不納入。
5a3fdf6ed550b8569197daf4e1327ef31e599351,ㄘㄨˋ,1,DFPYuanW5-ZhuIn-BFW@xref1770#15401,v3.7：由 v3.6 已解碼 TTF 注音元件的實際 glyf 輪廓建立；相同正規化輪廓 signature 僅在所有來源讀音一致時啟用。,執行期 exact normalized outline signature only；不使用中文字、詞義、句境或字典預期音；signature 衝突即不納入。
0afaf6b516c8e8642163f248df41fdc1e37b2ba0,ㄘㄨㄛˋ,1,DFPYuanW5-ZhuIn-BFW@xref952#15404,v3.7：由 v3.6 已解碼 TTF 注音元件的實際 glyf 輪廓建立；相同正規化輪廓 signature 僅在所有來源讀音一致時啟用。,執行期 exact normalized outline signature only；不使用中文字、詞義、句境或字典預期音；signature 衝突即不納入。
597e3650febb78f8765ee6a029e8139fe44cb34b,ㄘㄨㄛˋ,1,DFPBiaoKai-W5-ZhuIn-BFW@xref1064#15403,v3.7：由 v3.6 已解碼 TTF 注音元件的實際 glyf 輪廓建立；相同正規化輪廓 signature 僅在所有來源讀音一致時啟用。,執行期 exact normalized outline signature only；不使用中文字、詞義、句境或字典預期音；signature 衝突即不納入。
170af051796c8a4239430fb977cef2115c52ec37,ㄘㄨㄣ,1,DFPBiaoKai-W5-ZhuIn-BFW@xref308#15412,v3.7：由 v3.6 已解碼 TTF 注音元件的實際 glyf 輪廓建立；相同正規化輪廓 signature 僅在所有來源讀音一致時啟用。,執行期 exact normalized outline signature only；不使用中文字、詞義、句境或字典預期音；signature 衝突即不納入。
0d4a7d5dbab49beb6b364e4a621861dd80a1859c,ㄘㄨㄣˊ,2,DFPBiaoKai-W5-ZhuIn-BFW@xref1279#15413; DFPBiaoKai-W5-ZhuIn-BFW@xref1731#15413,v3.7：由 v3.6 已解碼 TTF 注音元件的實際 glyf 輪廓建立；相同正規化輪廓 signature 僅在所有來源讀音一致時啟用。,執行期 exact normalized outline signature only；不使用中文字、詞義、句境或字典預期音；signature 衝突即不納入。
8b3f457dc9b224de2021fb553854330b31bcec45,ㄘㄨㄣˊ,1,DFPYuanW5-ZhuIn-BFW@xref1349#15414,v3.7：由 v3.6 已解碼 TTF 注音元件的實際 glyf 輪廓建立；相同正規化輪廓 signature 僅在所有來源讀音一致時啟用。,執行期 exact normalized outline signature only；不使用中文字、詞義、句境或字典預期音；signature 衝突即不納入。
0b9efebb7dcadc9b106e322e61204703e44771ae,ㄘㄨㄥˊ,3,DFPBiaoKai-W5-ZhuIn-BFW@xref1279#15417; DFPBiaoKai-W5-ZhuIn-BFW@xref1731#15417; DFPBiaoKai-W5-ZhuIn-BFW@xref308#15417,v3.7：由 v3.6 已解碼 TTF 注音元件的實際 glyf 輪廓建立；相同正規化輪廓 signature 僅在所有來源讀音一致時啟用。,執行期 exact normalized outline signature only；不使用中文字、詞義、句境或字典預期音；signature 衝突即不納入。
aea011d153693b351df4fdd6918f855693272859,ㄘㄨㄥˊ,1,DFPYuanW5-ZhuIn-BFW@xref952#15418,v3.7：由 v3.6 已解碼 TTF 注音元件的實際 glyf 輪廓建立；相同正規化輪廓 signature 僅在所有來源讀音一致時啟用。,執行期 exact normalized outline signature only；不使用中文字、詞義、句境或字典預期音；signature 衝突即不納入。
6e8726910115628c97a4d57a6bdba4cab719396b,ㄙ,1,DFPYuanW5-ZhuIn-BFW@xref3391#15420,v3.7：由 v3.6 已解碼 TTF 注音元件的實際 glyf 輪廓建立；相同正規化輪廓 signature 僅在所有來源讀音一致時啟用。,執行期 exact normalized outline signature only；不使用中文字、詞義、句境或字典預期音；signature 衝突即不納入。
7bc7ad4bb24476659b60257aafe1335b4ec9dc5c,ㄙˋ,4,DFPYuanW5-ZhuIn-BFW@xref1349#15422; DFPYuanW5-ZhuIn-BFW@xref2450#15422; DFPYuanW5-ZhuIn-BFW@xref372#15422; DFPYuanW5-ZhuIn-BFW@xref4603#15422,v3.7：由 v3.6 已解碼 TTF 注音元件的實際 glyf 輪廓建立；相同正規化輪廓 signature 僅在所有來源讀音一致時啟用。,執行期 exact normalized outline signature only；不使用中文字、詞義、句境或字典預期音；signature 衝突即不納入。
ab65817898f72e3332175afd47948b36bcfa3816,ㄙˋ,1,DFPBiaoKai-W5-ZhuIn-BFW@xref1731#15421,v3.7：由 v3.6 已解碼 TTF 注音元件的實際 glyf 輪廓建立；相同正規化輪廓 signature 僅在所有來源讀音一致時啟用。,執行期 exact normalized outline signature only；不使用中文字、詞義、句境或字典預期音；signature 衝突即不納入。
57ac95e8af2be131cfc175183cd6e6135233deb4,ㄙㄜˋ,4,DFPBiaoKai-W5-ZhuIn-BFW@xref1731#15426; DFPBiaoKai-W5-ZhuIn-BFW@xref2802#15426; DFPBiaoKai-W5-ZhuIn-BFW@xref308#15426; DFPBiaoKai-W5-ZhuIn-BFW@xref5004#15426,v3.7：由 v3.6 已解碼 TTF 注音元件的實際 glyf 輪廓建立；相同正規化輪廓 signature 僅在所有來源讀音一致時啟用。,執行期 exact normalized outline signature only；不使用中文字、詞義、句境或字典預期音；signature 衝突即不納入。
76e67348aea3ab989b216b8568ba38f8a7527e93,ㄙㄜˋ,1,DFPYuanW5-ZhuIn-BFW@xref952#15427,v3.7：由 v3.6 已解碼 TTF 注音元件的實際 glyf 輪廓建立；相同正規化輪廓 signature 僅在所有來源讀音一致時啟用。,執行期 exact normalized outline signature only；不使用中文字、詞義、句境或字典預期音；signature 衝突即不納入。
1575e569bde2dd772be44eb90231c25a784416e5,ㄙㄞˋ,3,DFPBiaoKai-W5-ZhuIn-BFW@xref2802#15428; DFPBiaoKai-W5-ZhuIn-BFW@xref4404#15428; DFPBiaoKai-W5-ZhuIn-BFW@xref5004#15428,v3.7：由 v3.6 已解碼 TTF 注音元件的實際 glyf 輪廓建立；相同正規化輪廓 signature 僅在所有來源讀音一致時啟用。,執行期 exact normalized outline signature only；不使用中文字、詞義、句境或字典預期音；signature 衝突即不納入。
5b897f57d9803e924ad492149f1443cc8a2c9f19,ㄙㄞˋ,3,DFPYuanW5-ZhuIn-BFW@xref3391#15429; DFPYuanW5-ZhuIn-BFW@xref3546#15429; DFPYuanW5-ZhuIn-BFW@xref5574#15429,v3.7：由 v3.6 已解碼 TTF 注音元件的實際 glyf 輪廓建立；相同正規化輪廓 signature 僅在所有來源讀音一致時啟用。,執行期 exact normalized outline signature only；不使用中文字、詞義、句境或字典預期音；signature 衝突即不納入。
0de8ad9ac36469ab7f56e9db4eb3cac4aa742792,ㄙㄡ,1,DFPBiaoKai-W5-ZhuIn-BFW@xref1279#15432,v3.7：由 v3.6 已解碼 TTF 注音元件的實際 glyf 輪廓建立；相同正規化輪廓 signature 僅在所有來源讀音一致時啟用。,執行期 exact normalized outline signature only；不使用中文字、詞義、句境或字典預期音；signature 衝突即不納入。
413dff16d8a9456c2ef4ea19adcf353a4cde2724,ㄙㄢ,3,DFPBiaoKai-W5-ZhuIn-BFW@xref1731#15435; DFPBiaoKai-W5-ZhuIn-BFW@xref308#15435; DFPBiaoKai-W5-ZhuIn-BFW@xref5004#15435,v3.7：由 v3.6 已解碼 TTF 注音元件的實際 glyf 輪廓建立；相同正規化輪廓 signature 僅在所有來源讀音一致時啟用。,執行期 exact normalized outline signature only；不使用中文字、詞義、句境或字典預期音；signature 衝突即不納入。
a5b4a06daf73b60b4d3c536a321f107ee3eaac1e,ㄙㄢ,3,DFPYuanW5-ZhuIn-BFW@xref372#15436; DFPYuanW5-ZhuIn-BFW@xref4603#15436; DFPYuanW5-ZhuIn-BFW@xref952#15436,v3.7：由 v3.6 已解碼 TTF 注音元件的實際 glyf 輪廓建立；相同正規化輪廓 signature 僅在所有來源讀音一致時啟用。,執行期 exact normalized outline signature only；不使用中文字、詞義、句境或字典預期音；signature 衝突即不納入。
01634d17fb0a0a59dd3a48583ebe78ecb5034919,ㄙㄨˋ,5,DFPBiaoKai-W5-ZhuIn-BFW@xref1731#15445; DFPBiaoKai-W5-ZhuIn-BFW@xref2802#15445; DFPBiaoKai-W5-ZhuIn-BFW@xref308#15445; DFPBiaoKai-W5-ZhuIn-BFW@xref3276#15445; DFPBiaoKai-W5-ZhuIn-BFW@xref4404#15445,v3.7：由 v3.6 已解碼 TTF 注音元件的實際 glyf 輪廓建立；相同正規化輪廓 signature 僅在所有來源讀音一致時啟用。,執行期 exact normalized outline signature only；不使用中文字、詞義、句境或字典預期音；signature 衝突即不納入。
1fe579064604fd020183500a63f7fac6a17f61b0,ㄙㄨˋ,5,DFPYuanW5-ZhuIn-BFW@xref1770#15446; DFPYuanW5-ZhuIn-BFW@xref1929#15446; DFPYuanW5-ZhuIn-BFW@xref2835#15446; DFPYuanW5-ZhuIn-BFW@xref3546#15446; DFPYuanW5-ZhuIn-BFW@xref4603#15446,v3.7：由 v3.6 已解碼 TTF 注音元件的實際 glyf 輪廓建立；相同正規化輪廓 signature 僅在所有來源讀音一致時啟用。,執行期 exact normalized outline signature only；不使用中文字、詞義、句境或字典預期音；signature 衝突即不納入。
96ee7b562ac3aa85b6c7e807e96ae64dd76688b9,ㄙㄨㄛ,1,DFPBiaoKai-W5-ZhuIn-BFW@xref2206#15446,v3.7：由 v3.6 已解碼 TTF 注音元件的實際 glyf 輪廓建立；相同正規化輪廓 signature 僅在所有來源讀音一致時啟用。,執行期 exact normalized outline signature only；不使用中文字、詞義、句境或字典預期音；signature 衝突即不納入。
2546a8226182848fad854103bdde97382af11f25,ㄙㄨㄛˇ,2,DFPYuanW5-ZhuIn-BFW@xref1349#15450; DFPYuanW5-ZhuIn-BFW@xref4603#15450,v3.7：由 v3.6 已解碼 TTF 注音元件的實際 glyf 輪廓建立；相同正規化輪廓 signature 僅在所有來源讀音一致時啟用。,執行期 exact normalized outline signature only；不使用中文字、詞義、句境或字典預期音；signature 衝突即不納入。
f9dc5b53390af56dd0e2f1d2e7015c830c5aaf19,ㄙㄨㄛˇ,2,DFPBiaoKai-W5-ZhuIn-BFW@xref1279#15449; DFPBiaoKai-W5-ZhuIn-BFW@xref1731#15449,v3.7：由 v3.6 已解碼 TTF 注音元件的實際 glyf 輪廓建立；相同正規化輪廓 signature 僅在所有來源讀音一致時啟用。,執行期 exact normalized outline signature only；不使用中文字、詞義、句境或字典預期音；signature 衝突即不納入。
7d0105dadd627e94171e870f116a88332e0cb42e,ㄙㄨㄟˊ,2,DFPBiaoKai-W5-ZhuIn-BFW@xref3276#15451; DFPBiaoKai-W5-ZhuIn-BFW@xref5004#15451,v3.7：由 v3.6 已解碼 TTF 注音元件的實際 glyf 輪廓建立；相同正規化輪廓 signature 僅在所有來源讀音一致時啟用。,執行期 exact normalized outline signature only；不使用中文字、詞義、句境或字典預期音；signature 衝突即不納入。
1addba2b2baba34117e76364ac9ed44bdf53c305,ㄙㄨㄢ,1,DFPBiaoKai-W5-ZhuIn-BFW@xref308#15454,v3.7：由 v3.6 已解碼 TTF 注音元件的實際 glyf 輪廓建立；相同正規化輪廓 signature 僅在所有來源讀音一致時啟用。,執行期 exact normalized outline signature only；不使用中文字、詞義、句境或字典預期音；signature 衝突即不納入。
5937ae4f71aec98a9e9f4ba43ffedf0167d73207,ㄙㄨㄢ,1,DFPYuanW5-ZhuIn-BFW@xref1770#15455,v3.7：由 v3.6 已解碼 TTF 注音元件的實際 glyf 輪廓建立；相同正規化輪廓 signature 僅在所有來源讀音一致時啟用。,執行期 exact normalized outline signature only；不使用中文字、詞義、句境或字典預期音；signature 衝突即不納入。
27b32128180b88f3b55c83be876542601bc58bf7,ㄙㄨㄢˋ,1,DFPYuanW5-ZhuIn-BFW@xref5574#15456,v3.7：由 v3.6 已解碼 TTF 注音元件的實際 glyf 輪廓建立；相同正規化輪廓 signature 僅在所有來源讀音一致時啟用。,執行期 exact normalized outline signature only；不使用中文字、詞義、句境或字典預期音；signature 衝突即不納入。
becff2e33e4a0feae9c51daaf9f1aef5433782c2,ㄙㄨㄢˋ,1,DFPBiaoKai-W5-ZhuIn-BFW@xref4404#15455,v3.7：由 v3.6 已解碼 TTF 注音元件的實際 glyf 輪廓建立；相同正規化輪廓 signature 僅在所有來源讀音一致時啟用。,執行期 exact normalized outline signature only；不使用中文字、詞義、句境或字典預期音；signature 衝突即不納入。
e288af843490cec979c855ff119757787008acc5,ㄙㄨㄥ,2,DFPBiaoKai-W5-ZhuIn-BFW@xref2206#15460; DFPBiaoKai-W5-ZhuIn-BFW@xref308#15460,v3.7：由 v3.6 已解碼 TTF 注音元件的實際 glyf 輪廓建立；相同正規化輪廓 signature 僅在所有來源讀音一致時啟用。,執行期 exact normalized outline signature only；不使用中文字、詞義、句境或字典預期音；signature 衝突即不納入。
1434574b672f8972fb1f10b64787174ec681c85b,ㄙㄨㄥˋ,1,DFPBiaoKai-W5-ZhuIn-BFW@xref1731#15461,v3.7：由 v3.6 已解碼 TTF 注音元件的實際 glyf 輪廓建立；相同正規化輪廓 signature 僅在所有來源讀音一致時啟用。,執行期 exact normalized outline signature only；不使用中文字、詞義、句境或字典預期音；signature 衝突即不納入。
e39d72455b96a452c7ee8a194d638ccbe6b8258e,ㄙㄨㄥˋ,1,DFPYuanW5-ZhuIn-BFW@xref1770#15462,v3.7：由 v3.6 已解碼 TTF 注音元件的實際 glyf 輪廓建立；相同正規化輪廓 signature 僅在所有來源讀音一致時啟用。,執行期 exact normalized outline signature only；不使用中文字、詞義、句境或字典預期音；signature 衝突即不納入。
909bbb78fe66c0103ee10d910e55cb447234d424,ㄚ,3,DFPBiaoKai-W5-ZhuIn-BFW@xref1279#14124; DFPBiaoKai-W5-ZhuIn-BFW@xref1731#14124; DFPBiaoKai-W5-ZhuIn-BFW@xref3276#14124,v3.7：由 v3.6 已解碼 TTF 注音元件的實際 glyf 輪廓建立；相同正規化輪廓 signature 僅在所有來源讀音一致時啟用。,執行期 exact normalized outline signature only；不使用中文字、詞義、句境或字典預期音；signature 衝突即不納入。
a4e4db82ef611dc42e86b3389d3e651134cd4ee1,ㄚ,3,DFPYuanW5-ZhuIn-BFW@xref113#14125; DFPYuanW5-ZhuIn-BFW@xref1422#14125; DFPYuanW5-ZhuIn-BFW@xref952#14125,v3.7：由 v3.6 已解碼 TTF 注音元件的實際 glyf 輪廓建立；相同正規化輪廓 signature 僅在所有來源讀音一致時啟用。,執行期 exact normalized outline signature only；不使用中文字、詞義、句境或字典預期音；signature 衝突即不納入。
06ba3e33b68d516488c95f50ee45d839fd4e96b4,ㄛ,3,DFHeiPoIn1-Bd-BPMW-BF@xref4416#14171; DFHeiPoIn1-Bd-BPMW-BF@xref4742#14171; DFHeiPoIn1-Bd-BPMW-BF@xref5623#14171,v3.7：由 v3.6 已解碼 TTF 注音元件的實際 glyf 輪廓建立；相同正規化輪廓 signature 僅在所有來源讀音一致時啟用。,執行期 exact normalized outline signature only；不使用中文字、詞義、句境或字典預期音；signature 衝突即不納入。
27fc853f44142b115d0ba7cd8b037b3d24e95541,ㄛ,1,DFPBiaoKai-W5-PoIn1-BFW@xref3290#14128,v3.7：由 v3.6 已解碼 TTF 注音元件的實際 glyf 輪廓建立；相同正規化輪廓 signature 僅在所有來源讀音一致時啟用。,執行期 exact normalized outline signature only；不使用中文字、詞義、句境或字典預期音；signature 衝突即不納入。
c88e1ea730b16066b67cad48647bba03752cf6b9,ㄜˇ,1,DFPYuanW5-ZhuIn-BFW@xref1349#14135,v3.7：由 v3.6 已解碼 TTF 注音元件的實際 glyf 輪廓建立；相同正規化輪廓 signature 僅在所有來源讀音一致時啟用。,執行期 exact normalized outline signature only；不使用中文字、詞義、句境或字典預期音；signature 衝突即不納入。
8e14ac4e1586a1722d8f75416536bcdac7b2c0d5,ㄞˋ,2,DFPBiaoKai-W5-ZhuIn-BFW@xref1731#14138; DFPBiaoKai-W5-ZhuIn-BFW@xref308#14138,v3.7：由 v3.6 已解碼 TTF 注音元件的實際 glyf 輪廓建立；相同正規化輪廓 signature 僅在所有來源讀音一致時啟用。,執行期 exact normalized outline signature only；不使用中文字、詞義、句境或字典預期音；signature 衝突即不納入。
f94f31ff57fe82643831201edeaf5c8b759d8543,ㄞˋ,1,DFPYuanW5-ZhuIn-BFW@xref952#14139,v3.7：由 v3.6 已解碼 TTF 注音元件的實際 glyf 輪廓建立；相同正規化輪廓 signature 僅在所有來源讀音一致時啟用。,執行期 exact normalized outline signature only；不使用中文字、詞義、句境或字典預期音；signature 衝突即不納入。
267acd990990cbdfbd0909cd4ecb9d1f3fd0650e,ㄠˋ,1,DFPBiaoKai-W5-ZhuIn-BFW@xref2802#14143,v3.7：由 v3.6 已解碼 TTF 注音元件的實際 glyf 輪廓建立；相同正規化輪廓 signature 僅在所有來源讀音一致時啟用。,執行期 exact normalized outline signature only；不使用中文字、詞義、句境或字典預期音；signature 衝突即不納入。
34d72429a59ed3013a67f2277af8d0ca354c6ec8,ㄡˇ,2,DFPYuanW5-ZhuIn-BFW@xref1349#14149; DFPYuanW5-ZhuIn-BFW@xref1422#14149,v3.7：由 v3.6 已解碼 TTF 注音元件的實際 glyf 輪廓建立；相同正規化輪廓 signature 僅在所有來源讀音一致時啟用。,執行期 exact normalized outline signature only；不使用中文字、詞義、句境或字典預期音；signature 衝突即不納入。
49a84e5cc56d7fcd4286f1bbbb116c0f72b523de,ㄡˇ,1,DFPBiaoKai-W5-ZhuIn-BFW@xref1279#14148,v3.7：由 v3.6 已解碼 TTF 注音元件的實際 glyf 輪廓建立；相同正規化輪廓 signature 僅在所有來源讀音一致時啟用。,執行期 exact normalized outline signature only；不使用中文字、詞義、句境或字典預期音；signature 衝突即不納入。
1e964434486c7bf37a8a6d0ea3aae785a6fd3e27,ㄢ,1,DFPBiaoKai-W5-ZhuIn-BFW@xref2206#14149,v3.7：由 v3.6 已解碼 TTF 注音元件的實際 glyf 輪廓建立；相同正規化輪廓 signature 僅在所有來源讀音一致時啟用。,執行期 exact normalized outline signature only；不使用中文字、詞義、句境或字典預期音；signature 衝突即不納入。
7d85827adb2e83e5e710ca3435415ca31dc19422,ㄢ,2,DFPYuanW5-ZhuIn-BFW@xref5159#14150; DFPYuanW5-ZhuIn-BFW@xref952#14150,v3.7：由 v3.6 已解碼 TTF 注音元件的實際 glyf 輪廓建立；相同正規化輪廓 signature 僅在所有來源讀音一致時啟用。,執行期 exact normalized outline signature only；不使用中文字、詞義、句境或字典預期音；signature 衝突即不納入。
0ef3d607852a59e8bae4ed1c1a625401ac660fea,ㄢˋ,3,DFPBiaoKai-W5-ZhuIn-BFW@xref1279#14151; DFPBiaoKai-W5-ZhuIn-BFW@xref2802#14151; DFPBiaoKai-W5-ZhuIn-BFW@xref308#14151,v3.7：由 v3.6 已解碼 TTF 注音元件的實際 glyf 輪廓建立；相同正規化輪廓 signature 僅在所有來源讀音一致時啟用。,執行期 exact normalized outline signature only；不使用中文字、詞義、句境或字典預期音；signature 衝突即不納入。
9c4172f84be098e8526a2acaad3664d833dfc7cc,ㄢˋ,1,DFPYuanW5-ZhuIn-BFW@xref1770#14152,v3.7：由 v3.6 已解碼 TTF 注音元件的實際 glyf 輪廓建立；相同正規化輪廓 signature 僅在所有來源讀音一致時啟用。,執行期 exact normalized outline signature only；不使用中文字、詞義、句境或字典預期音；signature 衝突即不納入。
11fc4a823ba3792a912addb946cb81456e7b199d,ㄣ,1,DFPBiaoKai-W5-ZhuIn-BFW@xref2206#14153,v3.7：由 v3.6 已解碼 TTF 注音元件的實際 glyf 輪廓建立；相同正規化輪廓 signature 僅在所有來源讀音一致時啟用。,執行期 exact normalized outline signature only；不使用中文字、詞義、句境或字典預期音；signature 衝突即不納入。
49c6e464514e1d8071026d0578db7dc81a705d80,ㄦˇ,1,DFPBiaoKai-W5-ZhuIn-BFW@xref1279#14164,v3.7：由 v3.6 已解碼 TTF 注音元件的實際 glyf 輪廓建立；相同正規化輪廓 signature 僅在所有來源讀音一致時啟用。,執行期 exact normalized outline signature only；不使用中文字、詞義、句境或字典預期音；signature 衝突即不納入。
6c570192663b977a251d64a360b884d7ca41685b,ㄦˇ,1,DFPYuanW5-ZhuIn-BFW@xref4603#14165,v3.7：由 v3.6 已解碼 TTF 注音元件的實際 glyf 輪廓建立；相同正規化輪廓 signature 僅在所有來源讀音一致時啟用。,執行期 exact normalized outline signature only；不使用中文字、詞義、句境或字典預期音；signature 衝突即不納入。
3d270e41b3e153987d01d2f42702a73dacb51861,ㄦˊ,4,DFPBiaoKai-W5-ZhuIn-BFW@xref2206#14162; DFPBiaoKai-W5-ZhuIn-BFW@xref308#14162; DFPBiaoKai-W5-ZhuIn-BFW@xref3276#14162; DFPBiaoKai-W5-ZhuIn-BFW@xref846#14162,v3.7：由 v3.6 已解碼 TTF 注音元件的實際 glyf 輪廓建立；相同正規化輪廓 signature 僅在所有來源讀音一致時啟用。,執行期 exact normalized outline signature only；不使用中文字、詞義、句境或字典預期音；signature 衝突即不納入。
c70717535f94f1db0ffb7c5ed07a5a5584471661,ㄦˊ,2,DFPYuanW5-ZhuIn-BFW@xref1770#14163; DFPYuanW5-ZhuIn-BFW@xref952#14163,v3.7：由 v3.6 已解碼 TTF 注音元件的實際 glyf 輪廓建立；相同正規化輪廓 signature 僅在所有來源讀音一致時啟用。,執行期 exact normalized outline signature only；不使用中文字、詞義、句境或字典預期音；signature 衝突即不納入。
3eb7c86a7d4f22a130f483241ab2e1caa1f28016,ㄦˋ,2,DFPYuanW5-ZhuIn-BFW@xref3391#14164; DFPYuanW5-ZhuIn-BFW@xref372#14164,v3.7：由 v3.6 已解碼 TTF 注音元件的實際 glyf 輪廓建立；相同正規化輪廓 signature 僅在所有來源讀音一致時啟用。,執行期 exact normalized outline signature only；不使用中文字、詞義、句境或字典預期音；signature 衝突即不納入。
d8af9f17eb969840af96400fc8c0743eb8b27c24,ㄦˋ,3,DFPBiaoKai-W5-ZhuIn-BFW@xref1731#14163; DFPBiaoKai-W5-ZhuIn-BFW@xref308#14163; DFPBiaoKai-W5-ZhuIn-BFW@xref5643#14163,v3.7：由 v3.6 已解碼 TTF 注音元件的實際 glyf 輪廓建立；相同正規化輪廓 signature 僅在所有來源讀音一致時啟用。,執行期 exact normalized outline signature only；不使用中文字、詞義、句境或字典預期音；signature 衝突即不納入。
0aee3cde522545971266442a891638c9ff1c1ede,ㄧ,7,DFPYuanW5-PoIn2-BFW@xref2657#14166; DFPYuanW5-PoIn2-BFW@xref648#14166; DFPYuanW5-ZhuIn-BFW@xref1349#14166; DFPYuanW5-ZhuIn-BFW@xref1422#14166; DFPYuanW5-ZhuIn-BFW@xref2835#14166; DFPYuanW5-ZhuIn-BFW@xref372#14166; DFPYuanW5-ZhuIn-BFW@xref4603#14166,v3.7：由 v3.6 已解碼 TTF 注音元件的實際 glyf 輪廓建立；相同正規化輪廓 signature 僅在所有來源讀音一致時啟用。,執行期 exact normalized outline signature only；不使用中文字、詞義、句境或字典預期音；signature 衝突即不納入。
2941433bc0e2dc7377f1d4c1bcfa40249161d171,ㄧ,7,DFPBiaoKai-W5-ZhuIn-BFW@xref1279#14165; DFPBiaoKai-W5-ZhuIn-BFW@xref1731#14165; DFPBiaoKai-W5-ZhuIn-BFW@xref2038#14165; DFPBiaoKai-W5-ZhuIn-BFW@xref2802#14165; DFPBiaoKai-W5-ZhuIn-BFW@xref308#14165; DFPBiaoKai-W5-ZhuIn-BFW@xref3276#14165; DFPBiaoKai-W5-ZhuIn-BFW@xref846#14165,v3.7：由 v3.6 已解碼 TTF 注音元件的實際 glyf 輪廓建立；相同正規化輪廓 signature 僅在所有來源讀音一致時啟用。,執行期 exact normalized outline signature only；不使用中文字、詞義、句境或字典預期音；signature 衝突即不納入。
19e335987c6816d816db50fee40f22a82598dc10,ㄧˇ,11,DFPBiaoKai-W5-ZhuIn-BFW@xref1279#14168; DFPBiaoKai-W5-ZhuIn-BFW@xref1731#14168; DFPBiaoKai-W5-ZhuIn-BFW@xref2038#14168; DFPBiaoKai-W5-ZhuIn-BFW@xref2206#14168; DFPBiaoKai-W5-ZhuIn-BFW@xref2802#14168; DFPBiaoKai-W5-ZhuIn-BFW@xref308#14168; DFPBiaoKai-W5-ZhuIn-BFW@xref3276#14168; DFPBiaoKai-W5-ZhuIn-BFW@xref4404#14168; DFPBiaoKai-W5-ZhuIn-BFW@xref5004#14168; DFPBiaoKai-W5-ZhuIn-BFW@xref5643#14168; DFPBiaoKai-W5-ZhuIn-BFW@xref846#14168,v3.7：由 v3.6 已解碼 TTF 注音元件的實際 glyf 輪廓建立；相同正規化輪廓 signature 僅在所有來源讀音一致時啟用。,執行期 exact normalized outline signature only；不使用中文字、詞義、句境或字典預期音；signature 衝突即不納入。
9030c8c742110c68c7c0b24feb61f7d557052cc2,ㄧˇ,5,DFPYuanW5-ZhuIn-BFW@xref1349#14169; DFPYuanW5-ZhuIn-BFW@xref2835#14169; DFPYuanW5-ZhuIn-BFW@xref3546#14169; DFPYuanW5-ZhuIn-BFW@xref372#14169; DFPYuanW5-ZhuIn-BFW@xref952#14169,v3.7：由 v3.6 已解碼 TTF 注音元件的實際 glyf 輪廓建立；相同正規化輪廓 signature 僅在所有來源讀音一致時啟用。,執行期 exact normalized outline signature only；不使用中文字、詞義、句境或字典預期音；signature 衝突即不納入。
052f8ed8ac5b7e1767fe749e67ab3439296c7ad4,ㄧˊ,5,DFHeiPoIn1-Bd-BPMW-BF@xref14#14209; DFHeiPoIn1-Bd-BPMW-BF@xref365#14209; DFHeiPoIn1-Bd-BPMW-BF@xref4416#14209; DFHeiPoIn1-Bd-BPMW-BF@xref5411#14209; DFHeiPoIn1-Bd-BPMW-BF@xref5623#14209,v3.7：由 v3.6 已解碼 TTF 注音元件的實際 glyf 輪廓建立；相同正規化輪廓 signature 僅在所有來源讀音一致時啟用。,執行期 exact normalized outline signature only；不使用中文字、詞義、句境或字典預期音；signature 衝突即不納入。
3cf2b8f3d6dd3c807f0523650a47a9f643cf51c0,ㄧˊ,7,DFPBiaoKai-W5-PoIn1-BFW@xref2080#14166; DFPBiaoKai-W5-PoIn1-BFW@xref839#14166; DFPBiaoKai-W5-ZhuIn-BFW@xref1731#14166; DFPBiaoKai-W5-ZhuIn-BFW@xref2206#14166; DFPBiaoKai-W5-ZhuIn-BFW@xref3276#14166; DFPBiaoKai-W5-ZhuIn-BFW@xref3372#14166; DFPBiaoKai-W5-ZhuIn-BFW@xref4404#14166,v3.7：由 v3.6 已解碼 TTF 注音元件的實際 glyf 輪廓建立；相同正規化輪廓 signature 僅在所有來源讀音一致時啟用。,執行期 exact normalized outline signature only；不使用中文字、詞義、句境或字典預期音；signature 衝突即不納入。
a447cb4cfdd747c91e81357abd085f59adede29b,ㄧˊ,13,DFPYuanW5-PoIn3-BFW@xref2577#14167; DFPYuanW5-PoIn3-BFW@xref3027#14167; DFPYuanW5-PoIn3-BFW@xref3412#14167; DFPYuanW5-PoIn3-BFW@xref3553#14167; DFPYuanW5-PoIn3-BFW@xref4767#14167; DFPYuanW5-PoIn3-BFW@xref5588#14167; DFPYuanW5-ZhuIn-BFW@xref1349#14167; DFPYuanW5-ZhuIn-BFW@xref1770#14167; DFPYuanW5-ZhuIn-BFW@xref2040#14167; DFPYuanW5-ZhuIn-BFW@xref2450#14167; DFPYuanW5-ZhuIn-BFW@xref3546#14167; DFPYuanW5-ZhuIn-BFW@xref4603#14167; DFPYuanW5-ZhuIn-BFW@xref952#14167,v3.7：由 v3.6 已解碼 TTF 注音元件的實際 glyf 輪廓建立；相同正規化輪廓 signature 僅在所有來源讀音一致時啟用。,執行期 exact normalized outline signature only；不使用中文字、詞義、句境或字典預期音；signature 衝突即不納入。
1a0843d828ed1f4830db96a9502fe1a5707555d2,ㄧˋ,6,DFHeiPoIn2-Bd-BPMW-BF@xref1338#14210; DFHeiPoIn2-Bd-BPMW-BF@xref21#14210; DFHeiPoIn2-Bd-BPMW-BF@xref2584#14210; DFHeiPoIn2-Bd-BPMW-BF@xref3472#14210; DFHeiPoIn2-Bd-BPMW-BF@xref4423#14210; DFHeiPoIn2-Bd-BPMW-BF@xref5457#14210,v3.7：由 v3.6 已解碼 TTF 注音元件的實際 glyf 輪廓建立；相同正規化輪廓 signature 僅在所有來源讀音一致時啟用。,執行期 exact normalized outline signature only；不使用中文字、詞義、句境或字典預期音；signature 衝突即不納入。
21804097fa590fbd0de01283cc00e8ac446b969e,ㄧˋ,10,DFPBiaoKai-W5-PoIn1-BFW@xref839#14167; DFPBiaoKai-W5-PoIn2-BFW@xref1005#14167; DFPBiaoKai-W5-PoIn2-BFW@xref1991#14167; DFPBiaoKai-W5-PoIn2-BFW@xref343#14167; DFPBiaoKai-W5-ZhuIn-BFW@xref1279#14167; DFPBiaoKai-W5-ZhuIn-BFW@xref2206#14167; DFPBiaoKai-W5-ZhuIn-BFW@xref308#14167; DFPBiaoKai-W5-ZhuIn-BFW@xref3276#14167; DFPBiaoKai-W5-ZhuIn-BFW@xref4404#14167; DFPBiaoKai-W5-ZhuIn-BFW@xref5004#14167,v3.7：由 v3.6 已解碼 TTF 注音元件的實際 glyf 輪廓建立；相同正規化輪廓 signature 僅在所有來源讀音一致時啟用。,執行期 exact normalized outline signature only；不使用中文字、詞義、句境或字典預期音；signature 衝突即不納入。
4556b0328ff7fff102813192ca754a50a980e79b,ㄧˋ,1,DFYuanPoIn2-Bd-BPMW-BF@xref598#14210,v3.7：由 v3.6 已解碼 TTF 注音元件的實際 glyf 輪廓建立；相同正規化輪廓 signature 僅在所有來源讀音一致時啟用。,執行期 exact normalized outline signature only；不使用中文字、詞義、句境或字典預期音；signature 衝突即不納入。
79f74e8b1186fe4200b5972923c839569a538c11,ㄧˋ,15,DFPYuanW5-PoIn1-BFW@xref1424#14168; DFPYuanW5-PoIn1-BFW@xref1777#14168; DFPYuanW5-PoIn1-BFW@xref2049#14168; DFPYuanW5-PoIn1-BFW@xref2452#14168; DFPYuanW5-PoIn1-BFW@xref3020#14168; DFPYuanW5-PoIn1-BFW@xref3398#14168; DFPYuanW5-PoIn1-BFW@xref3558#14168; DFPYuanW5-PoIn1-BFW@xref4610#14168; DFPYuanW5-PoIn1-BFW@xref5581#14168; DFPYuanW5-PoIn1-BFW@xref959#14168; DFPYuanW5-ZhuIn-BFW@xref1349#14168; DFPYuanW5-ZhuIn-BFW@xref2835#14168; DFPYuanW5-ZhuIn-BFW@xref3546#14168; DFPYuanW5-ZhuIn-BFW@xref5159#14168; DFPYuanW5-ZhuIn-BFW@xref952#14168,v3.7：由 v3.6 已解碼 TTF 注音元件的實際 glyf 輪廓建立；相同正規化輪廓 signature 僅在所有來源讀音一致時啟用。,執行期 exact normalized outline signature only；不使用中文字、詞義、句境或字典預期音；signature 衝突即不納入。
1f046a54c7044b93c49a386aa6b45baba320b624,ㄧㄚ,1,DFPBiaoKai-W5-ZhuIn-BFW@xref1279#14169,v3.7：由 v3.6 已解碼 TTF 注音元件的實際 glyf 輪廓建立；相同正規化輪廓 signature 僅在所有來源讀音一致時啟用。,執行期 exact normalized outline signature only；不使用中文字、詞義、句境或字典預期音；signature 衝突即不納入。
2000ca96be81b8d7da3fa5cdbf4effcf85251b1e,ㄧㄚˊ,1,DFPBiaoKai-W5-ZhuIn-BFW@xref1731#14170,v3.7：由 v3.6 已解碼 TTF 注音元件的實際 glyf 輪廓建立；相同正規化輪廓 signature 僅在所有來源讀音一致時啟用。,執行期 exact normalized outline signature only；不使用中文字、詞義、句境或字典預期音；signature 衝突即不納入。
4f6300d5fd0bc9225cf3410b2c0a10005a9043ae,ㄧㄛ,2,DFPBiaoKai-W5-ZhuIn-BFW@xref1279#14173; DFPBiaoKai-W5-ZhuIn-BFW@xref3276#14173,v3.7：由 v3.6 已解碼 TTF 注音元件的實際 glyf 輪廓建立；相同正規化輪廓 signature 僅在所有來源讀音一致時啟用。,執行期 exact normalized outline signature only；不使用中文字、詞義、句境或字典預期音；signature 衝突即不納入。
708dc8de8e06358fbce4c6b68f95057e911dea06,ㄧㄝˇ,8,DFPBiaoKai-W5-ZhuIn-BFW@xref1064#14177; DFPBiaoKai-W5-ZhuIn-BFW@xref1279#14177; DFPBiaoKai-W5-ZhuIn-BFW@xref1731#14177; DFPBiaoKai-W5-ZhuIn-BFW@xref2802#14177; DFPBiaoKai-W5-ZhuIn-BFW@xref308#14177; DFPBiaoKai-W5-ZhuIn-BFW@xref4404#14177; DFPBiaoKai-W5-ZhuIn-BFW@xref5004#14177; DFPBiaoKai-W5-ZhuIn-BFW@xref846#14177,v3.7：由 v3.6 已解碼 TTF 注音元件的實際 glyf 輪廓建立；相同正規化輪廓 signature 僅在所有來源讀音一致時啟用。,執行期 exact normalized outline signature only；不使用中文字、詞義、句境或字典預期音；signature 衝突即不納入。
a742cc41bc1f2e273e33dda8214036c86129f938,ㄧㄝˇ,2,DFPYuanW5-ZhuIn-BFW@xref3391#14178; DFPYuanW5-ZhuIn-BFW@xref952#14178,v3.7：由 v3.6 已解碼 TTF 注音元件的實際 glyf 輪廓建立；相同正規化輪廓 signature 僅在所有來源讀音一致時啟用。,執行期 exact normalized outline signature only；不使用中文字、詞義、句境或字典預期音；signature 衝突即不納入。
f0f5bd5ceaa76ae4608dc60c3f3390637913683c,ㄧㄝˋ,1,DFPYuanW5-ZhuIn-BFW@xref1770#14177,v3.7：由 v3.6 已解碼 TTF 注音元件的實際 glyf 輪廓建立；相同正規化輪廓 signature 僅在所有來源讀音一致時啟用。,執行期 exact normalized outline signature only；不使用中文字、詞義、句境或字典預期音；signature 衝突即不納入。
ff2a53b3277d83616b65297d3170bbe3fe653150,ㄧㄝˋ,1,DFHeiPoIn1-Bd-BPMW-BF@xref14#14219,v3.7：由 v3.6 已解碼 TTF 注音元件的實際 glyf 輪廓建立；相同正規化輪廓 signature 僅在所有來源讀音一致時啟用。,執行期 exact normalized outline signature only；不使用中文字、詞義、句境或字典預期音；signature 衝突即不納入。
6272a66fcc194ca540475f59cc11bc1a1413399d,ㄧㄠ,2,DFPBiaoKai-W5-ZhuIn-BFW@xref2206#14179; DFPBiaoKai-W5-ZhuIn-BFW@xref308#14179,v3.7：由 v3.6 已解碼 TTF 注音元件的實際 glyf 輪廓建立；相同正規化輪廓 signature 僅在所有來源讀音一致時啟用。,執行期 exact normalized outline signature only；不使用中文字、詞義、句境或字典預期音；signature 衝突即不納入。
99d5e22f38a344ac3a74dbe9f690e4e913c6bccd,ㄧㄠ,1,DFPYuanW5-ZhuIn-BFW@xref4603#14180,v3.7：由 v3.6 已解碼 TTF 注音元件的實際 glyf 輪廓建立；相同正規化輪廓 signature 僅在所有來源讀音一致時啟用。,執行期 exact normalized outline signature only；不使用中文字、詞義、句境或字典預期音；signature 衝突即不納入。
9a071c27a701289db66bfaa98de65863d69019f4,ㄧㄠˊ,1,DFPYuanW5-ZhuIn-BFW@xref2450#14181,v3.7：由 v3.6 已解碼 TTF 注音元件的實際 glyf 輪廓建立；相同正規化輪廓 signature 僅在所有來源讀音一致時啟用。,執行期 exact normalized outline signature only；不使用中文字、詞義、句境或字典預期音；signature 衝突即不納入。
3186aa59873db6e7ff932fca002bb5012c3267d1,ㄧㄠˋ,7,DFPYuanW5-ZhuIn-BFW@xref1349#14182; DFPYuanW5-ZhuIn-BFW@xref1770#14182; DFPYuanW5-ZhuIn-BFW@xref2835#14182; DFPYuanW5-ZhuIn-BFW@xref3546#14182; DFPYuanW5-ZhuIn-BFW@xref372#14182; DFPYuanW5-ZhuIn-BFW@xref5159#14182; DFPYuanW5-ZhuIn-BFW@xref952#14182,v3.7：由 v3.6 已解碼 TTF 注音元件的實際 glyf 輪廓建立；相同正規化輪廓 signature 僅在所有來源讀音一致時啟用。,執行期 exact normalized outline signature only；不使用中文字、詞義、句境或字典預期音；signature 衝突即不納入。
4984744da1cd9d49e651e56b514027907bc71257,ㄧㄠˋ,12,DFPBiaoKai-W5-ZhuIn-BFW@xref1064#14181; DFPBiaoKai-W5-ZhuIn-BFW@xref1279#14181; DFPBiaoKai-W5-ZhuIn-BFW@xref1731#14181; DFPBiaoKai-W5-ZhuIn-BFW@xref2206#14181; DFPBiaoKai-W5-ZhuIn-BFW@xref2802#14181; DFPBiaoKai-W5-ZhuIn-BFW@xref308#14181; DFPBiaoKai-W5-ZhuIn-BFW@xref3276#14181; DFPBiaoKai-W5-ZhuIn-BFW@xref3372#14181; DFPBiaoKai-W5-ZhuIn-BFW@xref4404#14181; DFPBiaoKai-W5-ZhuIn-BFW@xref5004#14181; DFPBiaoKai-W5-ZhuIn-BFW@xref5643#14181; DFPBiaoKai-W5-ZhuIn-BFW@xref846#14181,v3.7：由 v3.6 已解碼 TTF 注音元件的實際 glyf 輪廓建立；相同正規化輪廓 signature 僅在所有來源讀音一致時啟用。,執行期 exact normalized outline signature only；不使用中文字、詞義、句境或字典預期音；signature 衝突即不納入。
828aeafff39c4e78da814ecd712856da1944789e,ㄧㄡ,1,DFPBiaoKai-W5-ZhuIn-BFW@xref4404#14183,v3.7：由 v3.6 已解碼 TTF 注音元件的實際 glyf 輪廓建立；相同正規化輪廓 signature 僅在所有來源讀音一致時啟用。,執行期 exact normalized outline signature only；不使用中文字、詞義、句境或字典預期音；signature 衝突即不納入。
6fd93d3e76fe94a99c4195c1edaa93c2c5dcb649,ㄧㄡˇ,9,DFPYuanW5-ZhuIn-BFW@xref1349#14187; DFPYuanW5-ZhuIn-BFW@xref1770#14187; DFPYuanW5-ZhuIn-BFW@xref3391#14187; DFPYuanW5-ZhuIn-BFW@xref3546#14187; DFPYuanW5-ZhuIn-BFW@xref372#14187; DFPYuanW5-ZhuIn-BFW@xref4603#14187; DFPYuanW5-ZhuIn-BFW@xref5159#14187; DFPYuanW5-ZhuIn-BFW@xref5574#14187; DFPYuanW5-ZhuIn-BFW@xref952#14187,v3.7：由 v3.6 已解碼 TTF 注音元件的實際 glyf 輪廓建立；相同正規化輪廓 signature 僅在所有來源讀音一致時啟用。,執行期 exact normalized outline signature only；不使用中文字、詞義、句境或字典預期音；signature 衝突即不納入。
8578a83a862d3b8c72c40cad683c7d8b1dd9dcf9,ㄧㄡˇ,11,DFPBiaoKai-W5-ZhuIn-BFW@xref1064#14186; DFPBiaoKai-W5-ZhuIn-BFW@xref1279#14186; DFPBiaoKai-W5-ZhuIn-BFW@xref1731#14186; DFPBiaoKai-W5-ZhuIn-BFW@xref2038#14186; DFPBiaoKai-W5-ZhuIn-BFW@xref2206#14186; DFPBiaoKai-W5-ZhuIn-BFW@xref2802#14186; DFPBiaoKai-W5-ZhuIn-BFW@xref308#14186; DFPBiaoKai-W5-ZhuIn-BFW@xref3276#14186; DFPBiaoKai-W5-ZhuIn-BFW@xref4404#14186; DFPBiaoKai-W5-ZhuIn-BFW@xref5004#14186; DFPBiaoKai-W5-ZhuIn-BFW@xref846#14186,v3.7：由 v3.6 已解碼 TTF 注音元件的實際 glyf 輪廓建立；相同正規化輪廓 signature 僅在所有來源讀音一致時啟用。,執行期 exact normalized outline signature only；不使用中文字、詞義、句境或字典預期音；signature 衝突即不納入。
2b735e9e0e0025ebe4ac12e8829c549bacfd0fca,ㄧㄡˊ,7,DFPBiaoKai-W5-ZhuIn-BFW@xref1064#14184; DFPBiaoKai-W5-ZhuIn-BFW@xref1731#14184; DFPBiaoKai-W5-ZhuIn-BFW@xref2802#14184; DFPBiaoKai-W5-ZhuIn-BFW@xref3276#14184; DFPBiaoKai-W5-ZhuIn-BFW@xref3372#14184; DFPBiaoKai-W5-ZhuIn-BFW@xref5004#14184; DFPBiaoKai-W5-ZhuIn-BFW@xref846#14184,v3.7：由 v3.6 已解碼 TTF 注音元件的實際 glyf 輪廓建立；相同正規化輪廓 signature 僅在所有來源讀音一致時啟用。,執行期 exact normalized outline signature only；不使用中文字、詞義、句境或字典預期音；signature 衝突即不納入。
4ea6a7cef40c432639f8197cdea6463c5bd437e3,ㄧㄡˊ,5,DFPYuanW5-ZhuIn-BFW@xref2040#14185; DFPYuanW5-ZhuIn-BFW@xref3546#14185; DFPYuanW5-ZhuIn-BFW@xref4603#14185; DFPYuanW5-ZhuIn-BFW@xref5574#14185; DFPYuanW5-ZhuIn-BFW@xref952#14185,v3.7：由 v3.6 已解碼 TTF 注音元件的實際 glyf 輪廓建立；相同正規化輪廓 signature 僅在所有來源讀音一致時啟用。,執行期 exact normalized outline signature only；不使用中文字、詞義、句境或字典預期音；signature 衝突即不納入。
4eccd9410a45c9a37cb1e412a3d97ec5bd97ebd8,ㄧㄡˋ,7,DFPBiaoKai-W5-ZhuIn-BFW@xref1731#14185; DFPBiaoKai-W5-ZhuIn-BFW@xref2206#14185; DFPBiaoKai-W5-ZhuIn-BFW@xref2802#14185; DFPBiaoKai-W5-ZhuIn-BFW@xref308#14185; DFPBiaoKai-W5-ZhuIn-BFW@xref3276#14185; DFPBiaoKai-W5-ZhuIn-BFW@xref4404#14185; DFPBiaoKai-W5-ZhuIn-BFW@xref5004#14185,v3.7：由 v3.6 已解碼 TTF 注音元件的實際 glyf 輪廓建立；相同正規化輪廓 signature 僅在所有來源讀音一致時啟用。,執行期 exact normalized outline signature only；不使用中文字、詞義、句境或字典預期音；signature 衝突即不納入。
c3feef882d1991d6b70e7b08a7d4fb71c5c8ffa0,ㄧㄡˋ,4,DFPYuanW5-ZhuIn-BFW@xref1770#14186; DFPYuanW5-ZhuIn-BFW@xref2450#14186; DFPYuanW5-ZhuIn-BFW@xref4603#14186; DFPYuanW5-ZhuIn-BFW@xref5159#14186,v3.7：由 v3.6 已解碼 TTF 注音元件的實際 glyf 輪廓建立；相同正規化輪廓 signature 僅在所有來源讀音一致時啟用。,執行期 exact normalized outline signature only；不使用中文字、詞義、句境或字典預期音；signature 衝突即不納入。
bff07d3de2c066bf85a788ce5a871e8c76a51e27,ㄧㄢˇ,3,DFPYuanW5-ZhuIn-BFW@xref1422#14191; DFPYuanW5-ZhuIn-BFW@xref2835#14191; DFPYuanW5-ZhuIn-BFW@xref952#14191,v3.7：由 v3.6 已解碼 TTF 注音元件的實際 glyf 輪廓建立；相同正規化輪廓 signature 僅在所有來源讀音一致時啟用。,執行期 exact normalized outline signature only；不使用中文字、詞義、句境或字典預期音；signature 衝突即不納入。
e7a8b3d123ad7bcda50af657aa8d221dabca5563,ㄧㄢˇ,7,DFPBiaoKai-W5-ZhuIn-BFW@xref1064#14190; DFPBiaoKai-W5-ZhuIn-BFW@xref2206#14190; DFPBiaoKai-W5-ZhuIn-BFW@xref2802#14190; DFPBiaoKai-W5-ZhuIn-BFW@xref3276#14190; DFPBiaoKai-W5-ZhuIn-BFW@xref3372#14190; DFPBiaoKai-W5-ZhuIn-BFW@xref5004#14190; DFPBiaoKai-W5-ZhuIn-BFW@xref846#14190,v3.7：由 v3.6 已解碼 TTF 注音元件的實際 glyf 輪廓建立；相同正規化輪廓 signature 僅在所有來源讀音一致時啟用。,執行期 exact normalized outline signature only；不使用中文字、詞義、句境或字典預期音；signature 衝突即不納入。
17b6a55591b5ff54bd6b44d99dc3bf0a4daaf5db,ㄧㄢˊ,3,DFPBiaoKai-W5-ZhuIn-BFW@xref1279#14188; DFPBiaoKai-W5-ZhuIn-BFW@xref1731#14188; DFPBiaoKai-W5-ZhuIn-BFW@xref5004#14188,v3.7：由 v3.6 已解碼 TTF 注音元件的實際 glyf 輪廓建立；相同正規化輪廓 signature 僅在所有來源讀音一致時啟用。,執行期 exact normalized outline signature only；不使用中文字、詞義、句境或字典預期音；signature 衝突即不納入。
65cc474a995f17074dd3579543db1a8436feb8fe,ㄧㄢˊ,2,DFPYuanW5-ZhuIn-BFW@xref1349#14189; DFPYuanW5-ZhuIn-BFW@xref1422#14189,v3.7：由 v3.6 已解碼 TTF 注音元件的實際 glyf 輪廓建立；相同正規化輪廓 signature 僅在所有來源讀音一致時啟用。,執行期 exact normalized outline signature only；不使用中文字、詞義、句境或字典預期音；signature 衝突即不納入。
1e0d7e8fd09eb2ad589e7f76e85c243ce7fa8cfc,ㄧㄢˋ,4,DFPBiaoKai-W5-ZhuIn-BFW@xref2802#14189; DFPBiaoKai-W5-ZhuIn-BFW@xref308#14189; DFPBiaoKai-W5-ZhuIn-BFW@xref4404#14189; DFPBiaoKai-W5-ZhuIn-BFW@xref5643#14189,v3.7：由 v3.6 已解碼 TTF 注音元件的實際 glyf 輪廓建立；相同正規化輪廓 signature 僅在所有來源讀音一致時啟用。,執行期 exact normalized outline signature only；不使用中文字、詞義、句境或字典預期音；signature 衝突即不納入。
68ae94aead97aa0c909e3f9b26272d309a98a249,ㄧㄢˋ,4,DFPYuanW5-ZhuIn-BFW@xref2835#14190; DFPYuanW5-ZhuIn-BFW@xref3391#14190; DFPYuanW5-ZhuIn-BFW@xref372#14190; DFPYuanW5-ZhuIn-BFW@xref952#14190,v3.7：由 v3.6 已解碼 TTF 注音元件的實際 glyf 輪廓建立；相同正規化輪廓 signature 僅在所有來源讀音一致時啟用。,執行期 exact normalized outline signature only；不使用中文字、詞義、句境或字典預期音；signature 衝突即不納入。
0137fdc0f2b78107cadb12ebb72283f775b68847,ㄧㄣ,3,DFPYuanW5-ZhuIn-BFW@xref1422#14192; DFPYuanW5-ZhuIn-BFW@xref2835#14192; DFPYuanW5-ZhuIn-BFW@xref952#14192,v3.7：由 v3.6 已解碼 TTF 注音元件的實際 glyf 輪廓建立；相同正規化輪廓 signature 僅在所有來源讀音一致時啟用。,執行期 exact normalized outline signature only；不使用中文字、詞義、句境或字典預期音；signature 衝突即不納入。
b87d53ccd13cf142a47a29266a5776a86667061c,ㄧㄣ,5,DFPBiaoKai-W5-ZhuIn-BFW@xref1279#14191; DFPBiaoKai-W5-ZhuIn-BFW@xref2206#14191; DFPBiaoKai-W5-ZhuIn-BFW@xref308#14191; DFPBiaoKai-W5-ZhuIn-BFW@xref3276#14191; DFPBiaoKai-W5-ZhuIn-BFW@xref846#14191,v3.7：由 v3.6 已解碼 TTF 注音元件的實際 glyf 輪廓建立；相同正規化輪廓 signature 僅在所有來源讀音一致時啟用。,執行期 exact normalized outline signature only；不使用中文字、詞義、句境或字典預期音；signature 衝突即不納入。
26f4cf1c737356473cc3f5849aafa71317e82668,ㄧㄣˇ,2,DFPYuanW5-ZhuIn-BFW@xref1349#14195; DFPYuanW5-ZhuIn-BFW@xref1422#14195,v3.7：由 v3.6 已解碼 TTF 注音元件的實際 glyf 輪廓建立；相同正規化輪廓 signature 僅在所有來源讀音一致時啟用。,執行期 exact normalized outline signature only；不使用中文字、詞義、句境或字典預期音；signature 衝突即不納入。
88d9960583c310bb173ff63ec803593bcbdcefa1,ㄧㄣˇ,2,DFPBiaoKai-W5-ZhuIn-BFW@xref1279#14194; DFPBiaoKai-W5-ZhuIn-BFW@xref1731#14194,v3.7：由 v3.6 已解碼 TTF 注音元件的實際 glyf 輪廓建立；相同正規化輪廓 signature 僅在所有來源讀音一致時啟用。,執行期 exact normalized outline signature only；不使用中文字、詞義、句境或字典預期音；signature 衝突即不納入。
699caf87adde3685a09d40ab7738ff57eb4bc8b2,ㄧㄤ,1,DFPYuanW5-ZhuIn-BFW@xref4603#14196,v3.7：由 v3.6 已解碼 TTF 注音元件的實際 glyf 輪廓建立；相同正規化輪廓 signature 僅在所有來源讀音一致時啟用。,執行期 exact normalized outline signature only；不使用中文字、詞義、句境或字典預期音；signature 衝突即不納入。
5289afe5017a1bd7ed8a768971a2a1c32638b988,ㄧㄤˇ,7,DFPBiaoKai-W5-ZhuIn-BFW@xref1279#14198; DFPBiaoKai-W5-ZhuIn-BFW@xref1731#14198; DFPBiaoKai-W5-ZhuIn-BFW@xref2206#14198; DFPBiaoKai-W5-ZhuIn-BFW@xref308#14198; DFPBiaoKai-W5-ZhuIn-BFW@xref3276#14198; DFPBiaoKai-W5-ZhuIn-BFW@xref4404#14198; DFPBiaoKai-W5-ZhuIn-BFW@xref846#14198,v3.7：由 v3.6 已解碼 TTF 注音元件的實際 glyf 輪廓建立；相同正規化輪廓 signature 僅在所有來源讀音一致時啟用。,執行期 exact normalized outline signature only；不使用中文字、詞義、句境或字典預期音；signature 衝突即不納入。
af5831dfebca56f866102d04bb5f0e021042d674,ㄧㄤˇ,3,DFPYuanW5-ZhuIn-BFW@xref1349#14199; DFPYuanW5-ZhuIn-BFW@xref1770#14199; DFPYuanW5-ZhuIn-BFW@xref372#14199,v3.7：由 v3.6 已解碼 TTF 注音元件的實際 glyf 輪廓建立；相同正規化輪廓 signature 僅在所有來源讀音一致時啟用。,執行期 exact normalized outline signature only；不使用中文字、詞義、句境或字典預期音；signature 衝突即不納入。
3966fcbc9bfd4d825fd7a63a4f43b5f24c32ae5f,ㄧㄤˊ,1,DFPBiaoKai-W5-ZhuIn-BFW@xref308#14196,v3.7：由 v3.6 已解碼 TTF 注音元件的實際 glyf 輪廓建立；相同正規化輪廓 signature 僅在所有來源讀音一致時啟用。,執行期 exact normalized outline signature only；不使用中文字、詞義、句境或字典預期音；signature 衝突即不納入。
0a9db8b55d141975eaeee4882d4dee0e3773a1a4,ㄧㄤˋ,7,DFPYuanW5-ZhuIn-BFW@xref1770#14198; DFPYuanW5-ZhuIn-BFW@xref2040#14198; DFPYuanW5-ZhuIn-BFW@xref2835#14198; DFPYuanW5-ZhuIn-BFW@xref3546#14198; DFPYuanW5-ZhuIn-BFW@xref372#14198; DFPYuanW5-ZhuIn-BFW@xref4603#14198; DFPYuanW5-ZhuIn-BFW@xref5574#14198,v3.7：由 v3.6 已解碼 TTF 注音元件的實際 glyf 輪廓建立；相同正規化輪廓 signature 僅在所有來源讀音一致時啟用。,執行期 exact normalized outline signature only；不使用中文字、詞義、句境或字典預期音；signature 衝突即不納入。
5a5a4fef14211bc218bfd756a30567dc1dc1e5d7,ㄧㄤˋ,8,DFPBiaoKai-W5-ZhuIn-BFW@xref1279#14197; DFPBiaoKai-W5-ZhuIn-BFW@xref1731#14197; DFPBiaoKai-W5-ZhuIn-BFW@xref2206#14197; DFPBiaoKai-W5-ZhuIn-BFW@xref3276#14197; DFPBiaoKai-W5-ZhuIn-BFW@xref4404#14197; DFPBiaoKai-W5-ZhuIn-BFW@xref5004#14197; DFPBiaoKai-W5-ZhuIn-BFW@xref5643#14197; DFPBiaoKai-W5-ZhuIn-BFW@xref846#14197,v3.7：由 v3.6 已解碼 TTF 注音元件的實際 glyf 輪廓建立；相同正規化輪廓 signature 僅在所有來源讀音一致時啟用。,執行期 exact normalized outline signature only；不使用中文字、詞義、句境或字典預期音；signature 衝突即不納入。
3869600f5364d3ee80b2ee5b45244a89efdd08cb,ㄧㄥ,1,DFPYuanW5-ZhuIn-BFW@xref1349#14200,v3.7：由 v3.6 已解碼 TTF 注音元件的實際 glyf 輪廓建立；相同正規化輪廓 signature 僅在所有來源讀音一致時啟用。,執行期 exact normalized outline signature only；不使用中文字、詞義、句境或字典預期音；signature 衝突即不納入。
d4275de35980ef98d7b1069ef0f636db7fe6f381,ㄧㄥ,1,DFPBiaoKai-W5-ZhuIn-BFW@xref846#14199,v3.7：由 v3.6 已解碼 TTF 注音元件的實際 glyf 輪廓建立；相同正規化輪廓 signature 僅在所有來源讀音一致時啟用。,執行期 exact normalized outline signature only；不使用中文字、詞義、句境或字典預期音；signature 衝突即不納入。
7b69fb1e73523ce28b092f5fd48880a34f3f9661,ㄧㄥˇ,1,DFPYuanW5-ZhuIn-BFW@xref372#14203,v3.7：由 v3.6 已解碼 TTF 注音元件的實際 glyf 輪廓建立；相同正規化輪廓 signature 僅在所有來源讀音一致時啟用。,執行期 exact normalized outline signature only；不使用中文字、詞義、句境或字典預期音；signature 衝突即不納入。
c525d41b5d9127b4768a0fe85679ca8036978fc6,ㄧㄥˇ,3,DFPBiaoKai-W5-ZhuIn-BFW@xref2206#14202; DFPBiaoKai-W5-ZhuIn-BFW@xref2802#14202; DFPBiaoKai-W5-ZhuIn-BFW@xref308#14202,v3.7：由 v3.6 已解碼 TTF 注音元件的實際 glyf 輪廓建立；相同正規化輪廓 signature 僅在所有來源讀音一致時啟用。,執行期 exact normalized outline signature only；不使用中文字、詞義、句境或字典預期音；signature 衝突即不納入。
7285e31ecb9f19f33287e9d035c0002b82b7e83b,ㄧㄥˊ,5,DFPBiaoKai-W5-ZhuIn-BFW@xref1731#14200; DFPBiaoKai-W5-ZhuIn-BFW@xref2206#14200; DFPBiaoKai-W5-ZhuIn-BFW@xref3372#14200; DFPBiaoKai-W5-ZhuIn-BFW@xref5643#14200; DFPBiaoKai-W5-ZhuIn-BFW@xref846#14200,v3.7：由 v3.6 已解碼 TTF 注音元件的實際 glyf 輪廓建立；相同正規化輪廓 signature 僅在所有來源讀音一致時啟用。,執行期 exact normalized outline signature only；不使用中文字、詞義、句境或字典預期音；signature 衝突即不納入。
e96f523010541409b67884dc25766ebebf6a343d,ㄧㄥˊ,2,DFPYuanW5-ZhuIn-BFW@xref1770#14201; DFPYuanW5-ZhuIn-BFW@xref2835#14201,v3.7：由 v3.6 已解碼 TTF 注音元件的實際 glyf 輪廓建立；相同正規化輪廓 signature 僅在所有來源讀音一致時啟用。,執行期 exact normalized outline signature only；不使用中文字、詞義、句境或字典預期音；signature 衝突即不納入。
9b24c12064a32da8db8fdda4401327c28a3d5857,ㄧㄥˋ,2,DFPBiaoKai-W5-PoIn1-BFW@xref839#14201; DFPBiaoKai-W5-ZhuIn-BFW@xref308#14201,v3.7：由 v3.6 已解碼 TTF 注音元件的實際 glyf 輪廓建立；相同正規化輪廓 signature 僅在所有來源讀音一致時啟用。,執行期 exact normalized outline signature only；不使用中文字、詞義、句境或字典預期音；signature 衝突即不納入。
e521db5f1c21bcdad6f4d978a90fcf9b1e61d81b,ㄧㄥˋ,2,DFPYuanW5-PoIn1-BFW@xref1368#14202; DFPYuanW5-PoIn1-BFW@xref386#14202,v3.7：由 v3.6 已解碼 TTF 注音元件的實際 glyf 輪廓建立；相同正規化輪廓 signature 僅在所有來源讀音一致時啟用。,執行期 exact normalized outline signature only；不使用中文字、詞義、句境或字典預期音；signature 衝突即不納入。
514809f2ed27b62ed74171162b46e29a5a2e5019,ㄨ,1,DFPYuanW5-ZhuIn-BFW@xref2450#14204,v3.7：由 v3.6 已解碼 TTF 注音元件的實際 glyf 輪廓建立；相同正規化輪廓 signature 僅在所有來源讀音一致時啟用。,執行期 exact normalized outline signature only；不使用中文字、詞義、句境或字典預期音；signature 衝突即不納入。
6e51f091caed915cfdee3c21b33069e9d89abf59,ㄨ,1,DFPBiaoKai-W5-ZhuIn-BFW@xref2206#14203,v3.7：由 v3.6 已解碼 TTF 注音元件的實際 glyf 輪廓建立；相同正規化輪廓 signature 僅在所有來源讀音一致時啟用。,執行期 exact normalized outline signature only；不使用中文字、詞義、句境或字典預期音；signature 衝突即不納入。
a908acc74aaec1d10cb2e35113f464eccde151f2,ㄨˇ,4,DFPYuanW5-ZhuIn-BFW@xref1770#14207; DFPYuanW5-ZhuIn-BFW@xref372#14207; DFPYuanW5-ZhuIn-BFW@xref4603#14207; DFPYuanW5-ZhuIn-BFW@xref5159#14207,v3.7：由 v3.6 已解碼 TTF 注音元件的實際 glyf 輪廓建立；相同正規化輪廓 signature 僅在所有來源讀音一致時啟用。,執行期 exact normalized outline signature only；不使用中文字、詞義、句境或字典預期音；signature 衝突即不納入。
c53a74f65ef4cac01a32bf4e106d466944044a15,ㄨˇ,3,DFPBiaoKai-W5-ZhuIn-BFW@xref2206#14206; DFPBiaoKai-W5-ZhuIn-BFW@xref308#14206; DFPBiaoKai-W5-ZhuIn-BFW@xref5004#14206,v3.7：由 v3.6 已解碼 TTF 注音元件的實際 glyf 輪廓建立；相同正規化輪廓 signature 僅在所有來源讀音一致時啟用。,執行期 exact normalized outline signature only；不使用中文字、詞義、句境或字典預期音；signature 衝突即不納入。
186311af922275c5d21a898293a6d137b60c41f0,ㄨˊ,3,DFPBiaoKai-W5-ZhuIn-BFW@xref2206#14204; DFPBiaoKai-W5-ZhuIn-BFW@xref308#14204; DFPBiaoKai-W5-ZhuIn-BFW@xref3276#14204,v3.7：由 v3.6 已解碼 TTF 注音元件的實際 glyf 輪廓建立；相同正規化輪廓 signature 僅在所有來源讀音一致時啟用。,執行期 exact normalized outline signature only；不使用中文字、詞義、句境或字典預期音；signature 衝突即不納入。
87a82830e37a646b8ff1c5c949bcae8f96e50907,ㄨˋ,6,DFPBiaoKai-W5-ZhuIn-BFW@xref1279#14205; DFPBiaoKai-W5-ZhuIn-BFW@xref1731#14205; DFPBiaoKai-W5-ZhuIn-BFW@xref308#14205; DFPBiaoKai-W5-ZhuIn-BFW@xref3276#14205; DFPBiaoKai-W5-ZhuIn-BFW@xref3372#14205; DFPBiaoKai-W5-ZhuIn-BFW@xref5004#14205,v3.7：由 v3.6 已解碼 TTF 注音元件的實際 glyf 輪廓建立；相同正規化輪廓 signature 僅在所有來源讀音一致時啟用。,執行期 exact normalized outline signature only；不使用中文字、詞義、句境或字典預期音；signature 衝突即不納入。
d8ce473c9d8be8af3b1267c2df6714c407dad77e,ㄨˋ,8,DFPYuanW5-ZhuIn-BFW@xref1349#14206; DFPYuanW5-ZhuIn-BFW@xref1422#14206; DFPYuanW5-ZhuIn-BFW@xref1770#14206; DFPYuanW5-ZhuIn-BFW@xref1929#14206; DFPYuanW5-ZhuIn-BFW@xref2450#14206; DFPYuanW5-ZhuIn-BFW@xref3391#14206; DFPYuanW5-ZhuIn-BFW@xref4603#14206; DFPYuanW5-ZhuIn-BFW@xref952#14206,v3.7：由 v3.6 已解碼 TTF 注音元件的實際 glyf 輪廓建立；相同正規化輪廓 signature 僅在所有來源讀音一致時啟用。,執行期 exact normalized outline signature only；不使用中文字、詞義、句境或字典預期音；signature 衝突即不納入。
1efcc5d1a47945f2a8ce190db021bb49edc6a144,ㄨㄚ,1,DFPBiaoKai-W5-ZhuIn-BFW@xref5643#14207,v3.7：由 v3.6 已解碼 TTF 注音元件的實際 glyf 輪廓建立；相同正規化輪廓 signature 僅在所有來源讀音一致時啟用。,執行期 exact normalized outline signature only；不使用中文字、詞義、句境或字典預期音；signature 衝突即不納入。
e09499cd4ab2058cab23671095570e850657ac28,ㄨㄛˇ,7,DFPYuanW5-ZhuIn-BFW@xref1422#14214; DFPYuanW5-ZhuIn-BFW@xref1770#14214; DFPYuanW5-ZhuIn-BFW@xref2450#14214; DFPYuanW5-ZhuIn-BFW@xref3546#14214; DFPYuanW5-ZhuIn-BFW@xref372#14214; DFPYuanW5-ZhuIn-BFW@xref5574#14214; DFPYuanW5-ZhuIn-BFW@xref952#14214,v3.7：由 v3.6 已解碼 TTF 注音元件的實際 glyf 輪廓建立；相同正規化輪廓 signature 僅在所有來源讀音一致時啟用。,執行期 exact normalized outline signature only；不使用中文字、詞義、句境或字典預期音；signature 衝突即不納入。
ee99e7639543d9b807e079ba355cdc717cbe5fe8,ㄨㄛˇ,12,DFPBiaoKai-W5-ZhuIn-BFW@xref1064#14213; DFPBiaoKai-W5-ZhuIn-BFW@xref1279#14213; DFPBiaoKai-W5-ZhuIn-BFW@xref1731#14213; DFPBiaoKai-W5-ZhuIn-BFW@xref2206#14213; DFPBiaoKai-W5-ZhuIn-BFW@xref2802#14213; DFPBiaoKai-W5-ZhuIn-BFW@xref308#14213; DFPBiaoKai-W5-ZhuIn-BFW@xref3276#14213; DFPBiaoKai-W5-ZhuIn-BFW@xref3372#14213; DFPBiaoKai-W5-ZhuIn-BFW@xref4404#14213; DFPBiaoKai-W5-ZhuIn-BFW@xref5004#14213; DFPBiaoKai-W5-ZhuIn-BFW@xref5643#14213; DFPBiaoKai-W5-ZhuIn-BFW@xref846#14213,v3.7：由 v3.6 已解碼 TTF 注音元件的實際 glyf 輪廓建立；相同正規化輪廓 signature 僅在所有來源讀音一致時啟用。,執行期 exact normalized outline signature only；不使用中文字、詞義、句境或字典預期音；signature 衝突即不納入。
c3fc0e1dc0daf7f3338467fa39e1517d3fc0b36f,ㄨㄛˋ,2,DFPBiaoKai-W5-ZhuIn-BFW@xref2206#14212; DFPBiaoKai-W5-ZhuIn-BFW@xref308#14212,v3.7：由 v3.6 已解碼 TTF 注音元件的實際 glyf 輪廓建立；相同正規化輪廓 signature 僅在所有來源讀音一致時啟用。,執行期 exact normalized outline signature only；不使用中文字、詞義、句境或字典預期音；signature 衝突即不納入。
a6c157a787dc21a9722e14c7387038de823651a2,ㄨㄞˋ,1,DFPYuanW5-ZhuIn-BFW@xref5574#14216,v3.7：由 v3.6 已解碼 TTF 注音元件的實際 glyf 輪廓建立；相同正規化輪廓 signature 僅在所有來源讀音一致時啟用。,執行期 exact normalized outline signature only；不使用中文字、詞義、句境或字典預期音；signature 衝突即不納入。
bb377a3b5213d21f067f03b20ee10883313db771,ㄨㄞˋ,5,DFPBiaoKai-W5-ZhuIn-BFW@xref1731#14215; DFPBiaoKai-W5-ZhuIn-BFW@xref2802#14215; DFPBiaoKai-W5-ZhuIn-BFW@xref308#14215; DFPBiaoKai-W5-ZhuIn-BFW@xref5643#14215; DFPBiaoKai-W5-ZhuIn-BFW@xref846#14215,v3.7：由 v3.6 已解碼 TTF 注音元件的實際 glyf 輪廓建立；相同正規化輪廓 signature 僅在所有來源讀音一致時啟用。,執行期 exact normalized outline signature only；不使用中文字、詞義、句境或字典預期音；signature 衝突即不納入。
5e5fc9b5e68972facccb5f8765c1a1c2d5e0fcd3,ㄨㄟˇ,1,DFPYuanW5-ZhuIn-BFW@xref952#14221,v3.7：由 v3.6 已解碼 TTF 注音元件的實際 glyf 輪廓建立；相同正規化輪廓 signature 僅在所有來源讀音一致時啟用。,執行期 exact normalized outline signature only；不使用中文字、詞義、句境或字典預期音；signature 衝突即不納入。
78970317a5b0dbe42ada7d33dc781f9b58787d0c,ㄨㄟˊ,2,DFPBiaoKai-W5-ZhuIn-BFW@xref2206#14598; DFPBiaoKai-W5-ZhuIn-BFW@xref5004#14598,v3.7：由 v3.6 已解碼 TTF 注音元件的實際 glyf 輪廓建立；相同正規化輪廓 signature 僅在所有來源讀音一致時啟用。,執行期 exact normalized outline signature only；不使用中文字、詞義、句境或字典預期音；signature 衝突即不納入。
d128a9fb36eb118000b40a2f4cf228735e42968e,ㄨㄟˊ,5,DFPYuanW5-ZhuIn-BFW@xref1349#14219; DFPYuanW5-ZhuIn-BFW@xref1770#14219; DFPYuanW5-ZhuIn-BFW@xref1929#14219; DFPYuanW5-ZhuIn-BFW@xref2835#14219; DFPYuanW5-ZhuIn-BFW@xref952#14219,v3.7：由 v3.6 已解碼 TTF 注音元件的實際 glyf 輪廓建立；相同正規化輪廓 signature 僅在所有來源讀音一致時啟用。,執行期 exact normalized outline signature only；不使用中文字、詞義、句境或字典預期音；signature 衝突即不納入。
d18c052b10cd1067ebc5df9b1da898cac2918482,ㄨㄟˊ,1,DFHeiPoIn1-Bd-BPMW-BF@xref1331#14261,v3.7：由 v3.6 已解碼 TTF 注音元件的實際 glyf 輪廓建立；相同正規化輪廓 signature 僅在所有來源讀音一致時啟用。,執行期 exact normalized outline signature only；不使用中文字、詞義、句境或字典預期音；signature 衝突即不納入。
eef7487c338f2924b18835832318fb533ce82221,ㄨㄟˊ,6,DFPBiaoKai-W5-PoIn1-BFW@xref2042#14218; DFPBiaoKai-W5-PoIn1-BFW@xref839#14218; DFPBiaoKai-W5-ZhuIn-BFW@xref1279#14218; DFPBiaoKai-W5-ZhuIn-BFW@xref1731#14218; DFPBiaoKai-W5-ZhuIn-BFW@xref2206#14218; DFPBiaoKai-W5-ZhuIn-BFW@xref846#14218,v3.7：由 v3.6 已解碼 TTF 注音元件的實際 glyf 輪廓建立；相同正規化輪廓 signature 僅在所有來源讀音一致時啟用。,執行期 exact normalized outline signature only；不使用中文字、詞義、句境或字典預期音；signature 衝突即不納入。
883bf7b625440e61d84d600d0bb072eac9d82b12,ㄨㄟˋ,10,DFPBiaoKai-W5-ZhuIn-BFW@xref1279#14219; DFPBiaoKai-W5-ZhuIn-BFW@xref2038#14219; DFPBiaoKai-W5-ZhuIn-BFW@xref2206#14219; DFPBiaoKai-W5-ZhuIn-BFW@xref2802#14219; DFPBiaoKai-W5-ZhuIn-BFW@xref308#14219; DFPBiaoKai-W5-ZhuIn-BFW@xref3276#14219; DFPBiaoKai-W5-ZhuIn-BFW@xref4404#14219; DFPBiaoKai-W5-ZhuIn-BFW@xref5004#14219; DFPBiaoKai-W5-ZhuIn-BFW@xref5643#14219; DFPBiaoKai-W5-ZhuIn-BFW@xref846#14219,v3.7：由 v3.6 已解碼 TTF 注音元件的實際 glyf 輪廓建立；相同正規化輪廓 signature 僅在所有來源讀音一致時啟用。,執行期 exact normalized outline signature only；不使用中文字、詞義、句境或字典預期音；signature 衝突即不納入。
a4ef6f1953822c8942e304a54f700f985c5f9bcd,ㄨㄟˋ,9,DFPYuanW5-PoIn1-BFW@xref1368#14220; DFPYuanW5-PoIn1-BFW@xref386#14220; DFPYuanW5-PoIn1-BFW@xref959#14220; DFPYuanW5-ZhuIn-BFW@xref1349#14220; DFPYuanW5-ZhuIn-BFW@xref1422#14220; DFPYuanW5-ZhuIn-BFW@xref2835#14220; DFPYuanW5-ZhuIn-BFW@xref3546#14220; DFPYuanW5-ZhuIn-BFW@xref4603#14220; DFPYuanW5-ZhuIn-BFW@xref952#14220,v3.7：由 v3.6 已解碼 TTF 注音元件的實際 glyf 輪廓建立；相同正規化輪廓 signature 僅在所有來源讀音一致時啟用。,執行期 exact normalized outline signature only；不使用中文字、詞義、句境或字典預期音；signature 衝突即不納入。
fea6e6ef7c877ff4f8921b345498fcc82e531bd0,ㄨㄢ,5,DFPBiaoKai-W5-ZhuIn-BFW@xref1731#14221; DFPBiaoKai-W5-ZhuIn-BFW@xref2206#14221; DFPBiaoKai-W5-ZhuIn-BFW@xref2802#14221; DFPBiaoKai-W5-ZhuIn-BFW@xref308#14221; DFPBiaoKai-W5-ZhuIn-BFW@xref5004#14221,v3.7：由 v3.6 已解碼 TTF 注音元件的實際 glyf 輪廓建立；相同正規化輪廓 signature 僅在所有來源讀音一致時啟用。,執行期 exact normalized outline signature only；不使用中文字、詞義、句境或字典預期音；signature 衝突即不納入。
3948a9b6431dc3577937f9c362d57f18f3a76782,ㄨㄢˇ,1,DFPBiaoKai-W5-ZhuIn-BFW@xref308#14224,v3.7：由 v3.6 已解碼 TTF 注音元件的實際 glyf 輪廓建立；相同正規化輪廓 signature 僅在所有來源讀音一致時啟用。,執行期 exact normalized outline signature only；不使用中文字、詞義、句境或字典預期音；signature 衝突即不納入。
c2268c622d8e61a9c38f8d1b39a68ff35cb94b6e,ㄨㄢˇ,1,DFPWaWa-W5-ZhuIn-BFW@xref49#14224,v3.7：由 v3.6 已解碼 TTF 注音元件的實際 glyf 輪廓建立；相同正規化輪廓 signature 僅在所有來源讀音一致時啟用。,執行期 exact normalized outline signature only；不使用中文字、詞義、句境或字典預期音；signature 衝突即不納入。
e97c38e0934574af76b43aca59b84b9d37f2440f,ㄨㄢˇ,2,DFPYuanW5-ZhuIn-BFW@xref1770#14225; DFPYuanW5-ZhuIn-BFW@xref952#14225,v3.7：由 v3.6 已解碼 TTF 注音元件的實際 glyf 輪廓建立；相同正規化輪廓 signature 僅在所有來源讀音一致時啟用。,執行期 exact normalized outline signature only；不使用中文字、詞義、句境或字典預期音；signature 衝突即不納入。
cb2680bee874027a7802f258aadd0e47e29bb936,ㄨㄢˊ,10,DFPBiaoKai-W5-ZhuIn-BFW@xref1279#14222; DFPBiaoKai-W5-ZhuIn-BFW@xref1731#14222; DFPBiaoKai-W5-ZhuIn-BFW@xref2206#14222; DFPBiaoKai-W5-ZhuIn-BFW@xref2802#14222; DFPBiaoKai-W5-ZhuIn-BFW@xref308#14222; DFPBiaoKai-W5-ZhuIn-BFW@xref3276#14222; DFPBiaoKai-W5-ZhuIn-BFW@xref4404#14222; DFPBiaoKai-W5-ZhuIn-BFW@xref5004#14222; DFPBiaoKai-W5-ZhuIn-BFW@xref5643#14222; DFPBiaoKai-W5-ZhuIn-BFW@xref846#14222,v3.7：由 v3.6 已解碼 TTF 注音元件的實際 glyf 輪廓建立；相同正規化輪廓 signature 僅在所有來源讀音一致時啟用。,執行期 exact normalized outline signature only；不使用中文字、詞義、句境或字典預期音；signature 衝突即不納入。
d66d62ef5f53b630a8149ec09ce41b8da07e767e,ㄨㄢˊ,6,DFPYuanW5-ZhuIn-BFW@xref1770#14223; DFPYuanW5-ZhuIn-BFW@xref2450#14223; DFPYuanW5-ZhuIn-BFW@xref3546#14223; DFPYuanW5-ZhuIn-BFW@xref372#14223; DFPYuanW5-ZhuIn-BFW@xref4603#14223; DFPYuanW5-ZhuIn-BFW@xref952#14223,v3.7：由 v3.6 已解碼 TTF 注音元件的實際 glyf 輪廓建立；相同正規化輪廓 signature 僅在所有來源讀音一致時啟用。,執行期 exact normalized outline signature only；不使用中文字、詞義、句境或字典預期音；signature 衝突即不納入。
da7305724803bea53fdd83c58a00378105992bf8,ㄨㄢˋ,1,DFPYuanW5-ZhuIn-BFW@xref4603#14224,v3.7：由 v3.6 已解碼 TTF 注音元件的實際 glyf 輪廓建立；相同正規化輪廓 signature 僅在所有來源讀音一致時啟用。,執行期 exact normalized outline signature only；不使用中文字、詞義、句境或字典預期音；signature 衝突即不納入。
ef3ed8e0c708b008c98492b8fa31e91826ac6a6a,ㄨㄢˋ,2,DFPBiaoKai-W5-ZhuIn-BFW@xref1279#14223; DFPBiaoKai-W5-ZhuIn-BFW@xref5004#14223,v3.7：由 v3.6 已解碼 TTF 注音元件的實際 glyf 輪廓建立；相同正規化輪廓 signature 僅在所有來源讀音一致時啟用。,執行期 exact normalized outline signature only；不使用中文字、詞義、句境或字典預期音；signature 衝突即不納入。
fd3dc877681960dadfac09c6220c0332d1d02b9e,ㄨㄣˇ,3,DFPBiaoKai-W5-ZhuIn-BFW@xref2802#14228; DFPBiaoKai-W5-ZhuIn-BFW@xref4404#14228; DFPBiaoKai-W5-ZhuIn-BFW@xref5643#14228,v3.7：由 v3.6 已解碼 TTF 注音元件的實際 glyf 輪廓建立；相同正規化輪廓 signature 僅在所有來源讀音一致時啟用。,執行期 exact normalized outline signature only；不使用中文字、詞義、句境或字典預期音；signature 衝突即不納入。
8228efe02cbc70bcf4991efb13ee953f900494e7,ㄨㄣˊ,1,DFPBiaoKai-W5-ZhuIn-BFW@xref2206#14226,v3.7：由 v3.6 已解碼 TTF 注音元件的實際 glyf 輪廓建立；相同正規化輪廓 signature 僅在所有來源讀音一致時啟用。,執行期 exact normalized outline signature only；不使用中文字、詞義、句境或字典預期音；signature 衝突即不納入。
33a904a84dac0964440c99f2f8f115a69c7615df,ㄨㄣˋ,2,DFPYuanW5-ZhuIn-BFW@xref1770#14228; DFPYuanW5-ZhuIn-BFW@xref952#14228,v3.7：由 v3.6 已解碼 TTF 注音元件的實際 glyf 輪廓建立；相同正規化輪廓 signature 僅在所有來源讀音一致時啟用。,執行期 exact normalized outline signature only；不使用中文字、詞義、句境或字典預期音；signature 衝突即不納入。
691f71ef259cbe4086c0745a2284bfa468e02613,ㄨㄣˋ,3,DFPBiaoKai-W5-ZhuIn-BFW@xref1731#14227; DFPBiaoKai-W5-ZhuIn-BFW@xref308#14227; DFPBiaoKai-W5-ZhuIn-BFW@xref4404#14227,v3.7：由 v3.6 已解碼 TTF 注音元件的實際 glyf 輪廓建立；相同正規化輪廓 signature 僅在所有來源讀音一致時啟用。,執行期 exact normalized outline signature only；不使用中文字、詞義、句境或字典預期音；signature 衝突即不納入。
489fb6931034c7e0f7fc51c6cca04a73e3c3e0c9,ㄨㄤˇ,4,DFPYuanW5-ZhuIn-BFW@xref1770#14233; DFPYuanW5-ZhuIn-BFW@xref3546#14233; DFPYuanW5-ZhuIn-BFW@xref4603#14233; DFPYuanW5-ZhuIn-BFW@xref5574#14233,v3.7：由 v3.6 已解碼 TTF 注音元件的實際 glyf 輪廓建立；相同正規化輪廓 signature 僅在所有來源讀音一致時啟用。,執行期 exact normalized outline signature only；不使用中文字、詞義、句境或字典預期音；signature 衝突即不納入。
f9bb4e4d3b5299b6ee5eeb731e70953f49d804f7,ㄨㄤˇ,6,DFPBiaoKai-W5-ZhuIn-BFW@xref2206#14232; DFPBiaoKai-W5-ZhuIn-BFW@xref308#14232; DFPBiaoKai-W5-ZhuIn-BFW@xref3276#14232; DFPBiaoKai-W5-ZhuIn-BFW@xref4404#14232; DFPBiaoKai-W5-ZhuIn-BFW@xref5004#14232; DFPBiaoKai-W5-ZhuIn-BFW@xref5643#14232,v3.7：由 v3.6 已解碼 TTF 注音元件的實際 glyf 輪廓建立；相同正規化輪廓 signature 僅在所有來源讀音一致時啟用。,執行期 exact normalized outline signature only；不使用中文字、詞義、句境或字典預期音；signature 衝突即不納入。
e1284795517a7a0543ad0ec80016009cf897edbc,ㄨㄤˊ,2,DFPBiaoKai-W5-ZhuIn-BFW@xref1731#14230; DFPBiaoKai-W5-ZhuIn-BFW@xref308#14230,v3.7：由 v3.6 已解碼 TTF 注音元件的實際 glyf 輪廓建立；相同正規化輪廓 signature 僅在所有來源讀音一致時啟用。,執行期 exact normalized outline signature only；不使用中文字、詞義、句境或字典預期音；signature 衝突即不納入。
20c5a95d88cc9f079c5b91b2574e58e2e101d14e,ㄨㄤˋ,2,DFPBiaoKai-W5-ZhuIn-BFW@xref1064#14231; DFPBiaoKai-W5-ZhuIn-BFW@xref846#14231,v3.7：由 v3.6 已解碼 TTF 注音元件的實際 glyf 輪廓建立；相同正規化輪廓 signature 僅在所有來源讀音一致時啟用。,執行期 exact normalized outline signature only；不使用中文字、詞義、句境或字典預期音；signature 衝突即不納入。
5a96a2f27d5e829b8339fdfcdb9a128f813fe204,ㄩˇ,4,DFPYuanW5-ZhuIn-BFW@xref1349#14241; DFPYuanW5-ZhuIn-BFW@xref1422#14241; DFPYuanW5-ZhuIn-BFW@xref2040#14241; DFPYuanW5-ZhuIn-BFW@xref4603#14241,v3.7：由 v3.6 已解碼 TTF 注音元件的實際 glyf 輪廓建立；相同正規化輪廓 signature 僅在所有來源讀音一致時啟用。,執行期 exact normalized outline signature only；不使用中文字、詞義、句境或字典預期音；signature 衝突即不納入。
b7c60006f811bbb8470c11e5ea01659df6658232,ㄩˇ,9,DFPBiaoKai-W5-ZhuIn-BFW@xref1279#14240; DFPBiaoKai-W5-ZhuIn-BFW@xref1731#14240; DFPBiaoKai-W5-ZhuIn-BFW@xref2206#14240; DFPBiaoKai-W5-ZhuIn-BFW@xref2802#14240; DFPBiaoKai-W5-ZhuIn-BFW@xref308#14240; DFPBiaoKai-W5-ZhuIn-BFW@xref3372#14240; DFPBiaoKai-W5-ZhuIn-BFW@xref4404#14240; DFPBiaoKai-W5-ZhuIn-BFW@xref5643#14240; DFPBiaoKai-W5-ZhuIn-BFW@xref846#14240,v3.7：由 v3.6 已解碼 TTF 注音元件的實際 glyf 輪廓建立；相同正規化輪廓 signature 僅在所有來源讀音一致時啟用。,執行期 exact normalized outline signature only；不使用中文字、詞義、句境或字典預期音；signature 衝突即不納入。
45772ec12ce10fab97fbfd23c49c09506399b72f,ㄩˊ,4,DFPYuanW5-ZhuIn-BFW@xref1770#14239; DFPYuanW5-ZhuIn-BFW@xref2040#14239; DFPYuanW5-ZhuIn-BFW@xref4603#14239; DFPYuanW5-ZhuIn-BFW@xref952#14239,v3.7：由 v3.6 已解碼 TTF 注音元件的實際 glyf 輪廓建立；相同正規化輪廓 signature 僅在所有來源讀音一致時啟用。,執行期 exact normalized outline signature only；不使用中文字、詞義、句境或字典預期音；signature 衝突即不納入。
6ecf7e0473b8fb24a9c0ebaa61c3a6bac154f15a,ㄩˊ,10,DFPBiaoKai-W5-ZhuIn-BFW@xref1731#14238; DFPBiaoKai-W5-ZhuIn-BFW@xref2038#14238; DFPBiaoKai-W5-ZhuIn-BFW@xref2802#14238; DFPBiaoKai-W5-ZhuIn-BFW@xref308#14238; DFPBiaoKai-W5-ZhuIn-BFW@xref3276#14238; DFPBiaoKai-W5-ZhuIn-BFW@xref3372#14238; DFPBiaoKai-W5-ZhuIn-BFW@xref4404#14238; DFPBiaoKai-W5-ZhuIn-BFW@xref5004#14238; DFPBiaoKai-W5-ZhuIn-BFW@xref5643#14238; DFPBiaoKai-W5-ZhuIn-BFW@xref846#14238,v3.7：由 v3.6 已解碼 TTF 注音元件的實際 glyf 輪廓建立；相同正規化輪廓 signature 僅在所有來源讀音一致時啟用。,執行期 exact normalized outline signature only；不使用中文字、詞義、句境或字典預期音；signature 衝突即不納入。
3788ed42c9d470ecffad04421f8d0fa244d02bb0,ㄩˋ,9,DFPBiaoKai-W5-ZhuIn-BFW@xref1064#14239; DFPBiaoKai-W5-ZhuIn-BFW@xref1279#14239; DFPBiaoKai-W5-ZhuIn-BFW@xref1731#14239; DFPBiaoKai-W5-ZhuIn-BFW@xref2206#14239; DFPBiaoKai-W5-ZhuIn-BFW@xref308#14239; DFPBiaoKai-W5-ZhuIn-BFW@xref3276#14239; DFPBiaoKai-W5-ZhuIn-BFW@xref3372#14239; DFPBiaoKai-W5-ZhuIn-BFW@xref4404#14239; DFPBiaoKai-W5-ZhuIn-BFW@xref846#14239,v3.7：由 v3.6 已解碼 TTF 注音元件的實際 glyf 輪廓建立；相同正規化輪廓 signature 僅在所有來源讀音一致時啟用。,執行期 exact normalized outline signature only；不使用中文字、詞義、句境或字典預期音；signature 衝突即不納入。
5aedfe02be7438f5cc55ea0753b49dd404ffabd4,ㄩˋ,3,DFPYuanW5-ZhuIn-BFW@xref1349#14240; DFPYuanW5-ZhuIn-BFW@xref1422#14240; DFPYuanW5-ZhuIn-BFW@xref2450#14240,v3.7：由 v3.6 已解碼 TTF 注音元件的實際 glyf 輪廓建立；相同正規化輪廓 signature 僅在所有來源讀音一致時啟用。,執行期 exact normalized outline signature only；不使用中文字、詞義、句境或字典預期音；signature 衝突即不納入。
3a97d24a6abf706df5b33343647cd5206fbe91a3,ㄩㄝ,1,DFPYuanW5-ZhuIn-BFW@xref4603#14242,v3.7：由 v3.6 已解碼 TTF 注音元件的實際 glyf 輪廓建立；相同正規化輪廓 signature 僅在所有來源讀音一致時啟用。,執行期 exact normalized outline signature only；不使用中文字、詞義、句境或字典預期音；signature 衝突即不納入。
e54156b402b82d34fbfcc5f5e5503f520e4de0b7,ㄩㄝ,4,DFPBiaoKai-W5-ZhuIn-BFW@xref1279#14241; DFPBiaoKai-W5-ZhuIn-BFW@xref1731#14241; DFPBiaoKai-W5-ZhuIn-BFW@xref2038#14241; DFPBiaoKai-W5-ZhuIn-BFW@xref846#14241,v3.7：由 v3.6 已解碼 TTF 注音元件的實際 glyf 輪廓建立；相同正規化輪廓 signature 僅在所有來源讀音一致時啟用。,執行期 exact normalized outline signature only；不使用中文字、詞義、句境或字典預期音；signature 衝突即不納入。
19a365778d40c72cc726ed51a6f9e898aef93fc2,ㄩㄝˋ,2,DFPBiaoKai-W5-ZhuIn-BFW@xref3276#14242; DFPBiaoKai-W5-ZhuIn-BFW@xref4404#14242,v3.7：由 v3.6 已解碼 TTF 注音元件的實際 glyf 輪廓建立；相同正規化輪廓 signature 僅在所有來源讀音一致時啟用。,執行期 exact normalized outline signature only；不使用中文字、詞義、句境或字典預期音；signature 衝突即不納入。
b7443ac0bcb11af8104f84321f8ebfbb15c82277,ㄩㄝˋ,3,DFPYuanW5-ZhuIn-BFW@xref1349#14243; DFPYuanW5-ZhuIn-BFW@xref2835#14243; DFPYuanW5-ZhuIn-BFW@xref3546#14243,v3.7：由 v3.6 已解碼 TTF 注音元件的實際 glyf 輪廓建立；相同正規化輪廓 signature 僅在所有來源讀音一致時啟用。,執行期 exact normalized outline signature only；不使用中文字、詞義、句境或字典預期音；signature 衝突即不納入。
a3b0d7900b3366d837be46f6b45fa47352a1299c,ㄩㄢˇ,2,DFPBiaoKai-W5-ZhuIn-BFW@xref3276#14246; DFPBiaoKai-W5-ZhuIn-BFW@xref4404#14246,v3.7：由 v3.6 已解碼 TTF 注音元件的實際 glyf 輪廓建立；相同正規化輪廓 signature 僅在所有來源讀音一致時啟用。,執行期 exact normalized outline signature only；不使用中文字、詞義、句境或字典預期音；signature 衝突即不納入。
21e6fb6ba188922ceb4150542113b153600b0ffa,ㄩㄢˊ,4,DFPYuanW5-ZhuIn-BFW@xref1422#14245; DFPYuanW5-ZhuIn-BFW@xref2835#14245; DFPYuanW5-ZhuIn-BFW@xref3391#14245; DFPYuanW5-ZhuIn-BFW@xref4603#14245,v3.7：由 v3.6 已解碼 TTF 注音元件的實際 glyf 輪廓建立；相同正規化輪廓 signature 僅在所有來源讀音一致時啟用。,執行期 exact normalized outline signature only；不使用中文字、詞義、句境或字典預期音；signature 衝突即不納入。
b2fb436223e718f87716f4cb6a8ffe92666fb5c7,ㄩㄢˊ,7,DFPBiaoKai-W5-ZhuIn-BFW@xref1279#14244; DFPBiaoKai-W5-ZhuIn-BFW@xref1731#14244; DFPBiaoKai-W5-ZhuIn-BFW@xref2206#14244; DFPBiaoKai-W5-ZhuIn-BFW@xref2802#14244; DFPBiaoKai-W5-ZhuIn-BFW@xref308#14244; DFPBiaoKai-W5-ZhuIn-BFW@xref4404#14244; DFPBiaoKai-W5-ZhuIn-BFW@xref5004#14244,v3.7：由 v3.6 已解碼 TTF 注音元件的實際 glyf 輪廓建立；相同正規化輪廓 signature 僅在所有來源讀音一致時啟用。,執行期 exact normalized outline signature only；不使用中文字、詞義、句境或字典預期音；signature 衝突即不納入。
007ba3d47cd87ce6af13475db82268a4c16136f4,ㄩㄢˋ,1,DFPYuanW5-ZhuIn-BFW@xref952#14246,v3.7：由 v3.6 已解碼 TTF 注音元件的實際 glyf 輪廓建立；相同正規化輪廓 signature 僅在所有來源讀音一致時啟用。,執行期 exact normalized outline signature only；不使用中文字、詞義、句境或字典預期音；signature 衝突即不納入。
01daa9fe17b4d5c9bf1ce56b67764ad58773672d,ㄩㄢˋ,2,DFPBiaoKai-W5-ZhuIn-BFW@xref1279#14245; DFPBiaoKai-W5-ZhuIn-BFW@xref5004#14245,v3.7：由 v3.6 已解碼 TTF 注音元件的實際 glyf 輪廓建立；相同正規化輪廓 signature 僅在所有來源讀音一致時啟用。,執行期 exact normalized outline signature only；不使用中文字、詞義、句境或字典預期音；signature 衝突即不納入。
0ebf9806300ca59ebc2845f779dd103d64136138,ㄩㄣˊ,1,DFPYuanW5-ZhuIn-BFW@xref1770#14249,v3.7：由 v3.6 已解碼 TTF 注音元件的實際 glyf 輪廓建立；相同正規化輪廓 signature 僅在所有來源讀音一致時啟用。,執行期 exact normalized outline signature only；不使用中文字、詞義、句境或字典預期音；signature 衝突即不納入。
10a3327d2fe2b935d30f82d4e177976b05a690cf,ㄩㄣˋ,7,DFPBiaoKai-W5-ZhuIn-BFW@xref1279#14249; DFPBiaoKai-W5-ZhuIn-BFW@xref1731#14249; DFPBiaoKai-W5-ZhuIn-BFW@xref2206#14249; DFPBiaoKai-W5-ZhuIn-BFW@xref2802#14249; DFPBiaoKai-W5-ZhuIn-BFW@xref308#14249; DFPBiaoKai-W5-ZhuIn-BFW@xref3276#14249; DFPBiaoKai-W5-ZhuIn-BFW@xref4404#14249,v3.7：由 v3.6 已解碼 TTF 注音元件的實際 glyf 輪廓建立；相同正規化輪廓 signature 僅在所有來源讀音一致時啟用。,執行期 exact normalized outline signature only；不使用中文字、詞義、句境或字典預期音；signature 衝突即不納入。
e4626b38ca8e09a386d6a9aee34c14cf8b045721,ㄩㄣˋ,4,DFPYuanW5-ZhuIn-BFW@xref1770#14250; DFPYuanW5-ZhuIn-BFW@xref372#14250; DFPYuanW5-ZhuIn-BFW@xref4603#14250; DFPYuanW5-ZhuIn-BFW@xref5574#14250,v3.7：由 v3.6 已解碼 TTF 注音元件的實際 glyf 輪廓建立；相同正規化輪廓 signature 僅在所有來源讀音一致時啟用。,執行期 exact normalized outline signature only；不使用中文字、詞義、句境或字典預期音；signature 衝突即不納入。
5b221cbeed658a5989c10d4b88dc7779207fa178,ㄩㄥˇ,2,DFPBiaoKai-W5-ZhuIn-BFW@xref1731#14255; DFPBiaoKai-W5-ZhuIn-BFW@xref5004#14255,v3.7：由 v3.6 已解碼 TTF 注音元件的實際 glyf 輪廓建立；相同正規化輪廓 signature 僅在所有來源讀音一致時啟用。,執行期 exact normalized outline signature only；不使用中文字、詞義、句境或字典預期音；signature 衝突即不納入。
22248ea1718eda157f3b179c019e39b5462aa0df,ㄩㄥˋ,11,DFPBiaoKai-W5-ZhuIn-BFW@xref1279#14254; DFPBiaoKai-W5-ZhuIn-BFW@xref1731#14254; DFPBiaoKai-W5-ZhuIn-BFW@xref2038#14254; DFPBiaoKai-W5-ZhuIn-BFW@xref2206#14254; DFPBiaoKai-W5-ZhuIn-BFW@xref2802#14254; DFPBiaoKai-W5-ZhuIn-BFW@xref308#14254; DFPBiaoKai-W5-ZhuIn-BFW@xref3276#14254; DFPBiaoKai-W5-ZhuIn-BFW@xref4404#14254; DFPBiaoKai-W5-ZhuIn-BFW@xref5004#14254; DFPBiaoKai-W5-ZhuIn-BFW@xref5643#14254; DFPBiaoKai-W5-ZhuIn-BFW@xref846#14254,v3.7：由 v3.6 已解碼 TTF 注音元件的實際 glyf 輪廓建立；相同正規化輪廓 signature 僅在所有來源讀音一致時啟用。,執行期 exact normalized outline signature only；不使用中文字、詞義、句境或字典預期音；signature 衝突即不納入。
f969651d130f06d7e94bf98b3802ea1e34352ee0,ㄩㄥˋ,8,DFPYuanW5-ZhuIn-BFW@xref1349#14255; DFPYuanW5-ZhuIn-BFW@xref1422#14255; DFPYuanW5-ZhuIn-BFW@xref1770#14255; DFPYuanW5-ZhuIn-BFW@xref2450#14255; DFPYuanW5-ZhuIn-BFW@xref3546#14255; DFPYuanW5-ZhuIn-BFW@xref4603#14255; DFPYuanW5-ZhuIn-BFW@xref5574#14255; DFPYuanW5-ZhuIn-BFW@xref952#14255,v3.7：由 v3.6 已解碼 TTF 注音元件的實際 glyf 輪廓建立；相同正規化輪廓 signature 僅在所有來源讀音一致時啟用。,執行期 exact normalized outline signature only；不使用中文字、詞義、句境或字典預期音；signature 衝突即不納入。
002a6fcceb1c7a96e04eac6dcbca616322abfd03,ㄋㄠˇ,1,DFPYuanW7-ZhuIn-BFW#14622@a62b1a89a2f4,"v4.4 TTF residual exact-outline convergence: conflict-free target full-outline signature; source keys=1 (direct isolated visual=0, same-family same-GID rank1 structural bridge=1); runtime exact normalized outline signature only","No Han text/context/dictionary used at runtime; offline bridge used only to establish frozen target truth, then exact outline signature gate."
00c6951ba109016624c234e86a8e68c53d55827a,ㄏㄨㄢ,1,DFPYuanW7-ZhuIn-BFW#14926@f29214c5139c,"v4.4 TTF residual exact-outline convergence: conflict-free target full-outline signature; source keys=1 (direct isolated visual=0, same-family same-GID rank1 structural bridge=1); runtime exact normalized outline signature only","No Han text/context/dictionary used at runtime; offline bridge used only to establish frozen target truth, then exact outline signature gate."
00c9ed5c827ef5f0461f681fe94ae73d455f3d54,ㄏㄠˇ,1,DFPYuanW7-ZhuIn-BFW#14888@c5d44d0ff5ad,"v4.4 TTF residual exact-outline convergence: conflict-free target full-outline signature; source keys=1 (direct isolated visual=0, same-family same-GID rank1 structural bridge=1); runtime exact normalized outline signature only","No Han text/context/dictionary used at runtime; offline bridge used only to establish frozen target truth, then exact outline signature gate."
02ff1e5005484a0beb41f427798240e47340604a,ㄉㄢ,1,DFPYuanW7-ZhuIn-BFW#14492@c057421bca30,"v4.4 TTF residual exact-outline convergence: conflict-free target full-outline signature; source keys=1 (direct isolated visual=0, same-family same-GID rank1 structural bridge=1); runtime exact normalized outline signature only","No Han text/context/dictionary used at runtime; offline bridge used only to establish frozen target truth, then exact outline signature gate."
03153b414da6452eee5e91309314333270a62681,ㄈㄨ,1,DFPYuanW7-ZhuIn-BFW#14469@78003c7489da,"v4.4 TTF residual exact-outline convergence: conflict-free target full-outline signature; source keys=1 (direct isolated visual=0, same-family same-GID rank1 structural bridge=1); runtime exact normalized outline signature only","No Han text/context/dictionary used at runtime; offline bridge used only to establish frozen target truth, then exact outline signature gate."
0364b02be87583b7a2d41bedc652495c759b9896,ㄅㄧㄥˋ,1,DFPYuanW7-ZhuIn-BFW#14307@fd28917a5391,"v4.4 TTF residual exact-outline convergence: conflict-free target full-outline signature; source keys=1 (direct isolated visual=0, same-family same-GID rank1 structural bridge=1); runtime exact normalized outline signature only","No Han text/context/dictionary used at runtime; offline bridge used only to establish frozen target truth, then exact outline signature gate."
04aa9655bc878020317d8a3f107bdc67535b807f,˙ㄒㄧㄝ,1,DFPYuanW3-PoIn1-BFW#15501@c0bdd22f46fe,"v4.4 TTF residual exact-outline convergence: conflict-free target full-outline signature; source keys=1 (direct isolated visual=1, same-family same-GID rank1 structural bridge=0); runtime exact normalized outline signature only","No Han text/context/dictionary used at runtime; offline bridge used only to establish frozen target truth, then exact outline signature gate."
05534ea516f8e3482aa81ad0797d36d345efbacc,ㄊㄠˇ,1,DFPYuanW7-ZhuIn-BFW#14548@a56c57277d3b,"v4.4 TTF residual exact-outline convergence: conflict-free target full-outline signature; source keys=1 (direct isolated visual=0, same-family same-GID rank1 structural bridge=1); runtime exact normalized outline signature only","No Han text/context/dictionary used at runtime; offline bridge used only to establish frozen target truth, then exact outline signature gate."
08245a724a2c3eaec3e649faee898626ab4bcb95,ㄇㄧㄠˋ,1,DFPYuanW7-ZhuIn-BFW#14423@d455cee63c57,"v4.4 TTF residual exact-outline convergence: conflict-free target full-outline signature; source keys=1 (direct isolated visual=0, same-family same-GID rank1 structural bridge=1); runtime exact normalized outline signature only","No Han text/context/dictionary used at runtime; offline bridge used only to establish frozen target truth, then exact outline signature gate."
08975041556caae910888f2f197d6940690b3794,ㄇㄢˇ,1,DFPYuanW7-ZhuIn-BFW#14403@65a0e5a8c095,"v4.4 TTF residual exact-outline convergence: conflict-free target full-outline signature; source keys=1 (direct isolated visual=0, same-family same-GID rank1 structural bridge=1); runtime exact normalized outline signature only","No Han text/context/dictionary used at runtime; offline bridge used only to establish frozen target truth, then exact outline signature gate."
089fb4c0b3869be6a7853bc0b7f7cb5ec78700bb,ㄒㄧ,1,DFPYuanW7-ZhuIn-BFW#15039@6b9614e914c3,"v4.4 TTF residual exact-outline convergence: conflict-free target full-outline signature; source keys=1 (direct isolated visual=0, same-family same-GID rank1 structural bridge=1); runtime exact normalized outline signature only","No Han text/context/dictionary used at runtime; offline bridge used only to establish frozen target truth, then exact outline signature gate."
094365c3c7b183f21fab6a35302482f4cf7669cd,ㄗㄨㄛˋ,1,DFPYuanW7-ZhuIn-BFW#15356@e87e4e997282,"v4.4 TTF residual exact-outline convergence: conflict-free target full-outline signature; source keys=1 (direct isolated visual=0, same-family same-GID rank1 structural bridge=1); runtime exact normalized outline signature only","No Han text/context/dictionary used at runtime; offline bridge used only to establish frozen target truth, then exact outline signature gate."
09a499c1c7d2751b3d023b73800a8cbf62ad496b,ㄗ,1,DFPYuanW7-ZhuIn-BFW#15318@83513c05e01b,"v4.4 TTF residual exact-outline convergence: conflict-free target full-outline signature; source keys=1 (direct isolated visual=0, same-family same-GID rank1 structural bridge=1); runtime exact normalized outline signature only","No Han text/context/dictionary used at runtime; offline bridge used only to establish frozen target truth, then exact outline signature gate."
0a04de99c80d7114631444687a0f2726c4ca0585,ㄇㄨˇ,1,DFPYuanW7-ZhuIn-BFW#14437@a3f870ba5a03,"v4.4 TTF residual exact-outline convergence: conflict-free target full-outline signature; source keys=1 (direct isolated visual=0, same-family same-GID rank1 structural bridge=1); runtime exact normalized outline signature only","No Han text/context/dictionary used at runtime; offline bridge used only to establish frozen target truth, then exact outline signature gate."
0b9e59b0a3091b925cf2bc4fc8a1fbe3de5fa580,ㄇㄟˊ,1,DFPYuanW7-ZhuIn-BFW#14391@20906ca1517c,"v4.4 TTF residual exact-outline convergence: conflict-free target full-outline signature; source keys=1 (direct isolated visual=0, same-family same-GID rank1 structural bridge=1); runtime exact normalized outline signature only","No Han text/context/dictionary used at runtime; offline bridge used only to establish frozen target truth, then exact outline signature gate."
0be33378b430c0d5d5ac9acca3921a50e97d25b5,ㄅㄧㄠ,1,DFPYuanW7-ZhuIn-BFW#14298@e9161b7353f0,"v4.4 TTF residual exact-outline convergence: conflict-free target full-outline signature; source keys=1 (direct isolated visual=0, same-family same-GID rank1 structural bridge=1); runtime exact normalized outline signature only","No Han text/context/dictionary used at runtime; offline bridge used only to establish frozen target truth, then exact outline signature gate."
0bf3a51ac73a9b2d45e8d8d49020bd2c73b05199,ㄗˋ,1,DFPYuanW7-ZhuIn-BFW#15320@aa509cf5a560,"v4.4 TTF residual exact-outline convergence: conflict-free target full-outline signature; source keys=1 (direct isolated visual=0, same-family same-GID rank1 structural bridge=1); runtime exact normalized outline signature only","No Han text/context/dictionary used at runtime; offline bridge used only to establish frozen target truth, then exact outline signature gate."
0bf9779e24c341f31e6ffa2256009d34959b5067,ㄌㄧㄥˊ,1,DFPYuanW7-ZhuIn-BFW#14729@14b71b0a294a,"v4.4 TTF residual exact-outline convergence: conflict-free target full-outline signature; source keys=1 (direct isolated visual=0, same-family same-GID rank1 structural bridge=1); runtime exact normalized outline signature only","No Han text/context/dictionary used at runtime; offline bridge used only to establish frozen target truth, then exact outline signature gate."
0e28f1ab5eb12992a9f7e48e42dde89824cea7eb,ㄑㄩㄝˋ,1,DFPYuanW7-ZhuIn-BFW#15030@bbfb547c4ed3,"v4.4 TTF residual exact-outline convergence: conflict-free target full-outline signature; source keys=1 (direct isolated visual=0, same-family same-GID rank1 structural bridge=1); runtime exact normalized outline signature only","No Han text/context/dictionary used at runtime; offline bridge used only to establish frozen target truth, then exact outline signature gate."
0e35c6dc7ccd79f5349d3edc1dc12b56568627aa,ㄓㄥˋ,1,DFPYuanW7-ZhuIn-BFW#15128@66a2ff20e494,"v4.4 TTF residual exact-outline convergence: conflict-free target full-outline signature; source keys=1 (direct isolated visual=0, same-family same-GID rank1 structural bridge=1); runtime exact normalized outline signature only","No Han text/context/dictionary used at runtime; offline bridge used only to establish frozen target truth, then exact outline signature gate."
0e36c102d649025cbbd4a958deff16737df4c20a,ㄓˊ,1,DFPYuanW7-ZhuIn-BFW#15094@c8062478a3fa,"v4.4 TTF residual exact-outline convergence: conflict-free target full-outline signature; source keys=1 (direct isolated visual=0, same-family same-GID rank1 structural bridge=1); runtime exact normalized outline signature only","No Han text/context/dictionary used at runtime; offline bridge used only to establish frozen target truth, then exact outline signature gate."
0f589f3556c28c5224b0b68cb07bed55d08762c2,ㄌㄧㄤˇ,1,DFPYuanW7-ZhuIn-BFW#14727@411b1fbadb4e,"v4.4 TTF residual exact-outline convergence: conflict-free target full-outline signature; source keys=1 (direct isolated visual=0, same-family same-GID rank1 structural bridge=1); runtime exact normalized outline signature only","No Han text/context/dictionary used at runtime; offline bridge used only to establish frozen target truth, then exact outline signature gate."
0fd1c088cc327372e0688809b979a0177137b80d,ㄘㄢ,1,DFPYuanW7-ZhuIn-BFW#15387@d2ab84c31d13,"v4.4 TTF residual exact-outline convergence: conflict-free target full-outline signature; source keys=1 (direct isolated visual=0, same-family same-GID rank1 structural bridge=1); runtime exact normalized outline signature only","No Han text/context/dictionary used at runtime; offline bridge used only to establish frozen target truth, then exact outline signature gate."
0fe62179034c52e3536d0efa9926cbc747789bfd,ㄅㄣˇ,1,DFPYuanW7-ZhuIn-BFW#14282@93500b189ecf,"v4.4 TTF residual exact-outline convergence: conflict-free target full-outline signature; source keys=1 (direct isolated visual=0, same-family same-GID rank1 structural bridge=1); runtime exact normalized outline signature only","No Han text/context/dictionary used at runtime; offline bridge used only to establish frozen target truth, then exact outline signature gate."
104a598f44fcf5ea7fcb61cc2b10d48c820b2ee9,ㄆㄧ,1,DFPYuanW7-ZhuIn-BFW#14351@1913d8cfc1a9,"v4.4 TTF residual exact-outline convergence: conflict-free target full-outline signature; source keys=1 (direct isolated visual=0, same-family same-GID rank1 structural bridge=1); runtime exact normalized outline signature only","No Han text/context/dictionary used at runtime; offline bridge used only to establish frozen target truth, then exact outline signature gate."
12defe710096446478ef9989016babb428a687cb,ㄐㄧㄝˇ,1,DFPYuanW7-ZhuIn-BFW#14953@a227e40a5a39,"v4.4 TTF residual exact-outline convergence: conflict-free target full-outline signature; source keys=1 (direct isolated visual=0, same-family same-GID rank1 structural bridge=1); runtime exact normalized outline signature only","No Han text/context/dictionary used at runtime; offline bridge used only to establish frozen target truth, then exact outline signature gate."
1326ae55b3e068f02860aef8f9593bfaf4a0dd1e,ㄅㄨˋ,1,DFPYuanW7-ZhuIn-BFW#14311@8adc96ad9ec8,"v4.4 TTF residual exact-outline convergence: conflict-free target full-outline signature; source keys=1 (direct isolated visual=0, same-family same-GID rank1 structural bridge=1); runtime exact normalized outline signature only","No Han text/context/dictionary used at runtime; offline bridge used only to establish frozen target truth, then exact outline signature gate."
132b08a3633a250486c68a9ae677e831f0fe954b,ㄒㄧㄠˇ,1,DFPYuanW7-ZhuIn-BFW#15054@fe97802dcc81,"v4.4 TTF residual exact-outline convergence: conflict-free target full-outline signature; source keys=1 (direct isolated visual=0, same-family same-GID rank1 structural bridge=1); runtime exact normalized outline signature only","No Han text/context/dictionary used at runtime; offline bridge used only to establish frozen target truth, then exact outline signature gate."
1348c6ce27155b5f31bc5d078c39f59dfd66e459,ㄏㄨㄞˊ,1,DFPYuanW7-ZhuIn-BFW#14920@a69c6cb4e7fd,"v4.4 TTF residual exact-outline convergence: conflict-free target full-outline signature; source keys=1 (direct isolated visual=0, same-family same-GID rank1 structural bridge=1); runtime exact normalized outline signature only","No Han text/context/dictionary used at runtime; offline bridge used only to establish frozen target truth, then exact outline signature gate."
151534c6b6868d5c2fa5eab2c3033d4922ba1cf6,ㄅㄧㄠˇ,1,DFPYuanW7-ZhuIn-BFW#14300@ececd5acd301,"v4.4 TTF residual exact-outline convergence: conflict-free target full-outline signature; source keys=1 (direct isolated visual=0, same-family same-GID rank1 structural bridge=1); runtime exact normalized outline signature only","No Han text/context/dictionary used at runtime; offline bridge used only to establish frozen target truth, then exact outline signature gate."
15c0a78aa69388b2eaeec3b74ec049abc478b55e,ㄉㄨㄟˋ,1,DFPYuanW7-ZhuIn-BFW#14527@51e89e4298fb,"v4.4 TTF residual exact-outline convergence: conflict-free target full-outline signature; source keys=1 (direct isolated visual=0, same-family same-GID rank1 structural bridge=1); runtime exact normalized outline signature only","No Han text/context/dictionary used at runtime; offline bridge used only to establish frozen target truth, then exact outline signature gate."
165b6b15018fd1fbc0ed39aa1d560fadb9eea90a,ㄙˋ,1,DFPYuanW7-ZhuIn-BFW#15422@1a8d8a49ed2c,"v4.4 TTF residual exact-outline convergence: conflict-free target full-outline signature; source keys=1 (direct isolated visual=0, same-family same-GID rank1 structural bridge=1); runtime exact normalized outline signature only","No Han text/context/dictionary used at runtime; offline bridge used only to establish frozen target truth, then exact outline signature gate."
166c16143a439e7166b002600da8adcfdfc6c337,ㄙㄞˋ,1,DFPYuanW7-ZhuIn-BFW#15429@574069c3e5bf,"v4.4 TTF residual exact-outline convergence: conflict-free target full-outline signature; source keys=1 (direct isolated visual=0, same-family same-GID rank1 structural bridge=1); runtime exact normalized outline signature only","No Han text/context/dictionary used at runtime; offline bridge used only to establish frozen target truth, then exact outline signature gate."
17d7cd11d0ce1465bae1eb83bfab820555882ed7,ㄋㄥˊ,1,DFPYuanW7-ZhuIn-BFW#14635@24dab6ed7ff4,"v4.4 TTF residual exact-outline convergence: conflict-free target full-outline signature; source keys=1 (direct isolated visual=0, same-family same-GID rank1 structural bridge=1); runtime exact normalized outline signature only","No Han text/context/dictionary used at runtime; offline bridge used only to establish frozen target truth, then exact outline signature gate."
18f723e722488d6043236c767a101870dd7ad38a,ㄏㄨㄟ,1,DFPYuanW7-ZhuIn-BFW#14922@bc5acdada05e,"v4.4 TTF residual exact-outline convergence: conflict-free target full-outline signature; source keys=1 (direct isolated visual=0, same-family same-GID rank1 structural bridge=1); runtime exact normalized outline signature only","No Han text/context/dictionary used at runtime; offline bridge used only to establish frozen target truth, then exact outline signature gate."
1aa8305465e1eafa4a115ed06439c606e4f48637,ㄔㄨㄤˋ,1,DFPYuanW3-ZhuIn-BFW#15217@db36ecb5ce37,"v4.4 TTF residual exact-outline convergence: conflict-free target full-outline signature; source keys=1 (direct isolated visual=1, same-family same-GID rank1 structural bridge=0); runtime exact normalized outline signature only","No Han text/context/dictionary used at runtime; offline bridge used only to establish frozen target truth, then exact outline signature gate."
1ac82709cd84aa4d4f39f6530d8ec1dff8c73983,ㄗㄨˇ,1,DFPYuanW7-ZhuIn-BFW#15353@046b7c6b6c8e,"v4.4 TTF residual exact-outline convergence: conflict-free target full-outline signature; source keys=1 (direct isolated visual=0, same-family same-GID rank1 structural bridge=1); runtime exact normalized outline signature only","No Han text/context/dictionary used at runtime; offline bridge used only to establish frozen target truth, then exact outline signature gate."
1afa60fd9818d4dea3e73390fec4ffae96cd6bfe,ㄧ,1,DFPHeiW5-PoIn2-BFW#14166@b9ec8f04b200,"v4.4 TTF residual exact-outline convergence: conflict-free target full-outline signature; source keys=1 (direct isolated visual=1, same-family same-GID rank1 structural bridge=0); runtime exact normalized outline signature only","No Han text/context/dictionary used at runtime; offline bridge used only to establish frozen target truth, then exact outline signature gate."
1b0d3425495c39915050e7d9f936701301232a6d,ㄏㄨㄟˊ,1,DFPYuanW7-ZhuIn-BFW#14923@7c1f33455f80,"v4.4 TTF residual exact-outline convergence: conflict-free target full-outline signature; source keys=1 (direct isolated visual=0, same-family same-GID rank1 structural bridge=1); runtime exact normalized outline signature only","No Han text/context/dictionary used at runtime; offline bridge used only to establish frozen target truth, then exact outline signature gate."
1b7659d6fe1d7e866638c491fd5cd02ddd2651d9,ㄧ,1,DFPYuanW7-ZhuIn-BFW#14166@59712e1ea4fa,"v4.4 TTF residual exact-outline convergence: conflict-free target full-outline signature; source keys=1 (direct isolated visual=0, same-family same-GID rank1 structural bridge=1); runtime exact normalized outline signature only","No Han text/context/dictionary used at runtime; offline bridge used only to establish frozen target truth, then exact outline signature gate."
1b87b953dd01b3122c392d68b001fabf9930a668,ㄏㄥˊ,1,DFPYuanW7-ZhuIn-BFW#14905@4324555d2889,"v4.4 TTF residual exact-outline convergence: conflict-free target full-outline signature; source keys=1 (direct isolated visual=0, same-family same-GID rank1 structural bridge=1); runtime exact normalized outline signature only","No Han text/context/dictionary used at runtime; offline bridge used only to establish frozen target truth, then exact outline signature gate."
1c7df1a7ba0de1e544436cb178117ea8b99b46d0,ㄎㄨㄤˊ,1,DFPYuanW7-ZhuIn-BFW#14867@e6e301a5d7f7,"v4.4 TTF residual exact-outline convergence: conflict-free target full-outline signature; source keys=1 (direct isolated visual=1, same-family same-GID rank1 structural bridge=0); runtime exact normalized outline signature only","No Han text/context/dictionary used at runtime; offline bridge used only to establish frozen target truth, then exact outline signature gate."
1d98849758b31e4bdb9821e59909c0a5c8426dff,ㄏㄨㄢˋ,1,DFPYuanW7-ZhuIn-BFW#14928@0ea166e3e920,"v4.4 TTF residual exact-outline convergence: conflict-free target full-outline signature; source keys=1 (direct isolated visual=0, same-family same-GID rank1 structural bridge=1); runtime exact normalized outline signature only","No Han text/context/dictionary used at runtime; offline bridge used only to establish frozen target truth, then exact outline signature gate."
1e5925b8782e76bde205cb84483d2a4f2350760d,ㄎㄠˇ,1,DFPYuanW7-ZhuIn-BFW#14831@212629ae7b4f,"v4.4 TTF residual exact-outline convergence: conflict-free target full-outline signature; source keys=1 (direct isolated visual=0, same-family same-GID rank1 structural bridge=1); runtime exact normalized outline signature only","No Han text/context/dictionary used at runtime; offline bridge used only to establish frozen target truth, then exact outline signature gate."
1f1164b5becb69d499e6d4cf0f02a3244a6e2774,ㄔㄨㄣˊ,1,DFPYuanW3-ZhuIn-BFW#15213@a20ca4a74638,"v4.4 TTF residual exact-outline convergence: conflict-free target full-outline signature; source keys=1 (direct isolated visual=1, same-family same-GID rank1 structural bridge=0); runtime exact normalized outline signature only","No Han text/context/dictionary used at runtime; offline bridge used only to establish frozen target truth, then exact outline signature gate."
1f37aec91478c808c6e8ae39a7ba4339f3409955,ㄆㄧㄥˊ,1,DFPYuanW7-ZhuIn-BFW#14370@3953676b5850,"v4.4 TTF residual exact-outline convergence: conflict-free target full-outline signature; source keys=1 (direct isolated visual=0, same-family same-GID rank1 structural bridge=1); runtime exact normalized outline signature only","No Han text/context/dictionary used at runtime; offline bridge used only to establish frozen target truth, then exact outline signature gate."
1faddf8e3a360d83bbeb19d9d8c4c1a251db534e,ㄉㄨㄛ,1,DFPYuanW7-ZhuIn-BFW#14522@0c2d2aff35c2,"v4.4 TTF residual exact-outline convergence: conflict-free target full-outline signature; source keys=1 (direct isolated visual=0, same-family same-GID rank1 structural bridge=1); runtime exact normalized outline signature only","No Han text/context/dictionary used at runtime; offline bridge used only to establish frozen target truth, then exact outline signature gate."
1fcc5fda71478344b086c4c694088aee25d19b4a,ㄎㄨㄥ,1,DFPYuanW7-ZhuIn-BFW#14870@5b55b2fd7d85,"v4.4 TTF residual exact-outline convergence: conflict-free target full-outline signature; source keys=1 (direct isolated visual=0, same-family same-GID rank1 structural bridge=1); runtime exact normalized outline signature only","No Han text/context/dictionary used at runtime; offline bridge used only to establish frozen target truth, then exact outline signature gate."
2066b1f441e4560bea16d2c1538e980e9475dbdf,ㄔˋ,1,DFPYuanW3-ZhuIn-BFW#15158@5666228d091b,"v4.4 TTF residual exact-outline convergence: conflict-free target full-outline signature; source keys=1 (direct isolated visual=1, same-family same-GID rank1 structural bridge=0); runtime exact normalized outline signature only","No Han text/context/dictionary used at runtime; offline bridge used only to establish frozen target truth, then exact outline signature gate."
21090c3b49e0b6c75a412b48d6b44f622f1acc5d,ㄔˇ,1,DFPYuanW3-ZhuIn-BFW#15159@8afcad813679,"v4.4 TTF residual exact-outline convergence: conflict-free target full-outline signature; source keys=1 (direct isolated visual=1, same-family same-GID rank1 structural bridge=0); runtime exact normalized outline signature only","No Han text/context/dictionary used at runtime; offline bridge used only to establish frozen target truth, then exact outline signature gate."
2243f3fe9e7e321a096fe93ef3f655dd92476cc6,ㄈㄚˇ,1,DFPYuanW7-ZhuIn-BFW#14441@68d80df5b57d,"v4.4 TTF residual exact-outline convergence: conflict-free target full-outline signature; source keys=1 (direct isolated visual=1, same-family same-GID rank1 structural bridge=0); runtime exact normalized outline signature only","No Han text/context/dictionary used at runtime; offline bridge used only to establish frozen target truth, then exact outline signature gate."
228eed7774b5da4dca07a58fe2830473f6d8b279,ㄧㄤˇ,1,DFPYuanW7-ZhuIn-BFW#14199@838b8851d16c,"v4.4 TTF residual exact-outline convergence: conflict-free target full-outline signature; source keys=1 (direct isolated visual=0, same-family same-GID rank1 structural bridge=1); runtime exact normalized outline signature only","No Han text/context/dictionary used at runtime; offline bridge used only to establish frozen target truth, then exact outline signature gate."
22e617a7e8d8b162e32a3dc98a7ef5062dabb033,ㄑㄧˋ,1,DFPYuanW7-ZhuIn-BFW#14991@120ca1693b04,"v4.4 TTF residual exact-outline convergence: conflict-free target full-outline signature; source keys=1 (direct isolated visual=0, same-family same-GID rank1 structural bridge=1); runtime exact normalized outline signature only","No Han text/context/dictionary used at runtime; offline bridge used only to establish frozen target truth, then exact outline signature gate."
22ed19f1c34df34be0cb5c62041b1fbfc2700a9f,ㄉㄧˋ,1,DFPYuanW7-ZhuIn-BFW#14503@bf7b8c701b2a,"v4.4 TTF residual exact-outline convergence: conflict-free target full-outline signature; source keys=1 (direct isolated visual=0, same-family same-GID rank1 structural bridge=1); runtime exact normalized outline signature only","No Han text/context/dictionary used at runtime; offline bridge used only to establish frozen target truth, then exact outline signature gate."
22ed1ab3407971530010bceac93d6d2be3fd308c,ㄉㄨ,1,DFPYuanW7-ZhuIn-BFW#14518@079d65c0c647,"v4.4 TTF residual exact-outline convergence: conflict-free target full-outline signature; source keys=1 (direct isolated visual=1, same-family same-GID rank1 structural bridge=0); runtime exact normalized outline signature only","No Han text/context/dictionary used at runtime; offline bridge used only to establish frozen target truth, then exact outline signature gate."
22f1da43b25e3387742466d258fc89780deb8dc1,ㄓㄣˋ,1,DFPYuanW7-ZhuIn-BFW#15122@153928f291b2,"v4.4 TTF residual exact-outline convergence: conflict-free target full-outline signature; source keys=1 (direct isolated visual=0, same-family same-GID rank1 structural bridge=1); runtime exact normalized outline signature only","No Han text/context/dictionary used at runtime; offline bridge used only to establish frozen target truth, then exact outline signature gate."
2367b4717e57cc292c3b7872572874bbfe5b0d82,ㄆㄧㄣˇ,1,DFPYuanW7-ZhuIn-BFW#14368@1b78cc3c7831,"v4.4 TTF residual exact-outline convergence: conflict-free target full-outline signature; source keys=1 (direct isolated visual=0, same-family same-GID rank1 structural bridge=1); runtime exact normalized outline signature only","No Han text/context/dictionary used at runtime; offline bridge used only to establish frozen target truth, then exact outline signature gate."
2378748cdcded3182eb8411f85047c5256c29259,ㄔㄨˇ,1,DFPYuanW7-PoIn1-BFW#15197@51ea4d6c9da4,"v4.4 TTF residual exact-outline convergence: conflict-free target full-outline signature; source keys=1 (direct isolated visual=0, same-family same-GID rank1 structural bridge=1); runtime exact normalized outline signature only","No Han text/context/dictionary used at runtime; offline bridge used only to establish frozen target truth, then exact outline signature gate."
23f06a2a8ea24eef7d5ecc38513d00b73d8f58ac,ㄕㄨㄤ,1,DFPYuanW7-ZhuIn-BFW#15281@ea212bf799f4,"v4.4 TTF residual exact-outline convergence: conflict-free target full-outline signature; source keys=1 (direct isolated visual=0, same-family same-GID rank1 structural bridge=1); runtime exact normalized outline signature only","No Han text/context/dictionary used at runtime; offline bridge used only to establish frozen target truth, then exact outline signature gate."
242e77c549787e52bd0568e6ea54bfd31eaf9095,ㄒㄧㄡ,1,DFPYuanW7-ZhuIn-BFW#15055@9fb05c33879c,"v4.4 TTF residual exact-outline convergence: conflict-free target full-outline signature; source keys=1 (direct isolated visual=0, same-family same-GID rank1 structural bridge=1); runtime exact normalized outline signature only","No Han text/context/dictionary used at runtime; offline bridge used only to establish frozen target truth, then exact outline signature gate."
24d2c2559ca67bcd2f208c5b97760722267db727,ㄧˊ,2,DFPYuanW7-PoIn3-BFW#14167@3f8288e3e770; DFPYuanW7-ZhuIn-BFW#14167@3f8288e3e770,"v4.4 TTF residual exact-outline convergence: conflict-free target full-outline signature; source keys=2 (direct isolated visual=0, same-family same-GID rank1 structural bridge=2); runtime exact normalized outline signature only","No Han text/context/dictionary used at runtime; offline bridge used only to establish frozen target truth, then exact outline signature gate."
24d44d8b3417b9b3b957535308874e03f59e9d9c,ㄏㄨㄛˊ,1,DFPYuanW7-ZhuIn-BFW#14917@c967495856c4,"v4.4 TTF residual exact-outline convergence: conflict-free target full-outline signature; source keys=1 (direct isolated visual=0, same-family same-GID rank1 structural bridge=1); runtime exact normalized outline signature only","No Han text/context/dictionary used at runtime; offline bridge used only to establish frozen target truth, then exact outline signature gate."
2613feedb0acbac956646a8880e14f3c0f6c33fc,ㄑㄧㄡˊ,1,DFPYuanW7-ZhuIn-BFW#15006@62c0336d2ef7,"v4.4 TTF residual exact-outline convergence: conflict-free target full-outline signature; source keys=1 (direct isolated visual=0, same-family same-GID rank1 structural bridge=1); runtime exact normalized outline signature only","No Han text/context/dictionary used at runtime; offline bridge used only to establish frozen target truth, then exact outline signature gate."
26e92932c62263800af1c046ddd53f3ff82b9171,ㄈㄟ,1,DFPYuanW7-ZhuIn-BFW#14444@19c7e2e4fd82,"v4.4 TTF residual exact-outline convergence: conflict-free target full-outline signature; source keys=1 (direct isolated visual=0, same-family same-GID rank1 structural bridge=1); runtime exact normalized outline signature only","No Han text/context/dictionary used at runtime; offline bridge used only to establish frozen target truth, then exact outline signature gate."
2703d543f3469fabec408841e0a96b1d28044df4,ㄎㄨㄤˋ,1,DFPYuanW7-ZhuIn-BFW#14868@b0a356d1a566,"v4.4 TTF residual exact-outline convergence: conflict-free target full-outline signature; source keys=1 (direct isolated visual=0, same-family same-GID rank1 structural bridge=1); runtime exact normalized outline signature only","No Han text/context/dictionary used at runtime; offline bridge used only to establish frozen target truth, then exact outline signature gate."
289ae56f9ffa6a3e27eb13cb7ecef3100b055643,ㄧㄡˋ,1,DFPYuanW7-ZhuIn-BFW#14186@9f2b5cdd3c13,"v4.4 TTF residual exact-outline convergence: conflict-free target full-outline signature; source keys=1 (direct isolated visual=0, same-family same-GID rank1 structural bridge=1); runtime exact normalized outline signature only","No Han text/context/dictionary used at runtime; offline bridge used only to establish frozen target truth, then exact outline signature gate."
28cb6a02a578b6ac4cda581cbd9c9b40b3645a83,ㄐㄧㄣˋ,1,DFPYuanW7-ZhuIn-BFW#14965@04370781dd67,"v4.4 TTF residual exact-outline convergence: conflict-free target full-outline signature; source keys=1 (direct isolated visual=0, same-family same-GID rank1 structural bridge=1); runtime exact normalized outline signature only","No Han text/context/dictionary used at runtime; offline bridge used only to establish frozen target truth, then exact outline signature gate."
28ff73a157cc47b7a7c2036441bcd84aa9375780,ㄊㄧㄠˇ,1,DFPYuanW7-PoIn1-BFW#14573@8a917a903cf9,"v4.4 TTF residual exact-outline convergence: conflict-free target full-outline signature; source keys=1 (direct isolated visual=0, same-family same-GID rank1 structural bridge=1); runtime exact normalized outline signature only","No Han text/context/dictionary used at runtime; offline bridge used only to establish frozen target truth, then exact outline signature gate."
292b975f6b87712a5c15e9e84ff7303308f7295a,ㄛ,1,DFPYuanW3-PoIn1-BFW#14129@6e5c8d269d64,"v4.4 TTF residual exact-outline convergence: conflict-free target full-outline signature; source keys=1 (direct isolated visual=1, same-family same-GID rank1 structural bridge=0); runtime exact normalized outline signature only","No Han text/context/dictionary used at runtime; offline bridge used only to establish frozen target truth, then exact outline signature gate."
2a2b0a342f90ebb6177b8163a32f9706765af6bc,ㄉㄨㄟ,1,DFPYuanW7-ZhuIn-BFW#14526@bce2f6dea915,"v4.4 TTF residual exact-outline convergence: conflict-free target full-outline signature; source keys=1 (direct isolated visual=0, same-family same-GID rank1 structural bridge=1); runtime exact normalized outline signature only","No Han text/context/dictionary used at runtime; offline bridge used only to establish frozen target truth, then exact outline signature gate."
2a534931a18adb7399b3a56540f1ccbd4da5edc4,ㄐㄩˊ,1,DFPYuanW7-ZhuIn-BFW#14974@7c6af12711b3,"v4.4 TTF residual exact-outline convergence: conflict-free target full-outline signature; source keys=1 (direct isolated visual=0, same-family same-GID rank1 structural bridge=1); runtime exact normalized outline signature only","No Han text/context/dictionary used at runtime; offline bridge used only to establish frozen target truth, then exact outline signature gate."
2b0840fe7427bffcb4f33efdbdc3a1e9735e8321,ㄦ,1,DFPYuanW7-PoIn2-BFW#14162@fc83f6f1abe4,"v4.4 TTF residual exact-outline convergence: conflict-free target full-outline signature; source keys=1 (direct isolated visual=0, same-family same-GID rank1 structural bridge=1); runtime exact normalized outline signature only","No Han text/context/dictionary used at runtime; offline bridge used only to establish frozen target truth, then exact outline signature gate."
2b34f36caae3d6b297da0b8ff59e63595fa6d00d,ㄔㄨㄣ,1,DFPYuanW3-ZhuIn-BFW#15212@a9b93165795d,"v4.4 TTF residual exact-outline convergence: conflict-free target full-outline signature; source keys=1 (direct isolated visual=1, same-family same-GID rank1 structural bridge=0); runtime exact normalized outline signature only","No Han text/context/dictionary used at runtime; offline bridge used only to establish frozen target truth, then exact outline signature gate."
2c8d8a8b8d819345f64ea07826084a93de5b8ad5,ㄌㄟˋ,1,DFPYuanW7-ZhuIn-BFW#14684@2b8ca8451318,"v4.4 TTF residual exact-outline convergence: conflict-free target full-outline signature; source keys=1 (direct isolated visual=0, same-family same-GID rank1 structural bridge=1); runtime exact normalized outline signature only","No Han text/context/dictionary used at runtime; offline bridge used only to establish frozen target truth, then exact outline signature gate."
2dc170b4eb1bb45ae0ab279335cb16e90bb2c812,ㄩˊ,1,DFPYuanW7-ZhuIn-BFW#14239@be262f44ae13,"v4.4 TTF residual exact-outline convergence: conflict-free target full-outline signature; source keys=1 (direct isolated visual=0, same-family same-GID rank1 structural bridge=1); runtime exact normalized outline signature only","No Han text/context/dictionary used at runtime; offline bridge used only to establish frozen target truth, then exact outline signature gate."
2dd318f6b79f69128f46d5407140f5dbd66e834e,ㄍㄢ,1,DFPYuanW7-ZhuIn-BFW#14776@3adc81d4898e,"v4.4 TTF residual exact-outline convergence: conflict-free target full-outline signature; source keys=1 (direct isolated visual=0, same-family same-GID rank1 structural bridge=1); runtime exact normalized outline signature only","No Han text/context/dictionary used at runtime; offline bridge used only to establish frozen target truth, then exact outline signature gate."
2ec9f06ebefb2f9c8f773d84d3350de86ed37d6c,ㄉㄚˋ,1,DFPYuanW7-ZhuIn-BFW#14477@312c0d834cb1,"v4.4 TTF residual exact-outline convergence: conflict-free target full-outline signature; source keys=1 (direct isolated visual=0, same-family same-GID rank1 structural bridge=1); runtime exact normalized outline signature only","No Han text/context/dictionary used at runtime; offline bridge used only to establish frozen target truth, then exact outline signature gate."
2efc3967999079a90cf6cd5e1d38bef88b113563,ㄒㄧㄢˋ,1,DFPYuanW7-ZhuIn-BFW#15060@4550706a0ddb,"v4.4 TTF residual exact-outline convergence: conflict-free target full-outline signature; source keys=1 (direct isolated visual=0, same-family same-GID rank1 structural bridge=1); runtime exact normalized outline signature only","No Han text/context/dictionary used at runtime; offline bridge used only to establish frozen target truth, then exact outline signature gate."
2f5f590e79c4fcd313cdc63b7316be71cf524355,ㄑㄧㄤˊ,1,DFPYuanW7-ZhuIn-BFW#15017@6967d73cd32e,"v4.4 TTF residual exact-outline convergence: conflict-free target full-outline signature; source keys=1 (direct isolated visual=0, same-family same-GID rank1 structural bridge=1); runtime exact normalized outline signature only","No Han text/context/dictionary used at runtime; offline bridge used only to establish frozen target truth, then exact outline signature gate."
2fb5472e8ba2c84e3859d2f8ef6d81c506b9f56f,ㄨㄛˇ,1,DFPYuanW7-ZhuIn-BFW#14214@3a9e58b2d6fe,"v4.4 TTF residual exact-outline convergence: conflict-free target full-outline signature; source keys=1 (direct isolated visual=0, same-family same-GID rank1 structural bridge=1); runtime exact normalized outline signature only","No Han text/context/dictionary used at runtime; offline bridge used only to establish frozen target truth, then exact outline signature gate."
3129af1b426381623a104870c5ec205d841c5610,ㄘˋ,1,DFPYuanW7-ZhuIn-BFW#15372@1e826424fc5c,"v4.4 TTF residual exact-outline convergence: conflict-free target full-outline signature; source keys=1 (direct isolated visual=0, same-family same-GID rank1 structural bridge=1); runtime exact normalized outline signature only","No Han text/context/dictionary used at runtime; offline bridge used only to establish frozen target truth, then exact outline signature gate."
317754cbd0757d0141d129ed98833f269b9d36e1,˙ㄐㄧㄡ,1,DFPYuanW3-PoIn1-BFW#15499@0223d2e1d493,"v4.4 TTF residual exact-outline convergence: conflict-free target full-outline signature; source keys=1 (direct isolated visual=1, same-family same-GID rank1 structural bridge=0); runtime exact normalized outline signature only","No Han text/context/dictionary used at runtime; offline bridge used only to establish frozen target truth, then exact outline signature gate."
32b2a38bc102bdcfb7f5c7668c888ddc711f979e,ㄔㄨㄤˇ,1,DFPYuanW7-ZhuIn-BFW#15218@614f93b1623c,"v4.4 TTF residual exact-outline convergence: conflict-free target full-outline signature; source keys=1 (direct isolated visual=1, same-family same-GID rank1 structural bridge=0); runtime exact normalized outline signature only","No Han text/context/dictionary used at runtime; offline bridge used only to establish frozen target truth, then exact outline signature gate."
32b667935533eb6c6ef5cdbc59f2de6c52c30f4f,ㄉㄧㄢˋ,1,DFPYuanW7-ZhuIn-BFW#14513@9303e8a4e546,"v4.4 TTF residual exact-outline convergence: conflict-free target full-outline signature; source keys=1 (direct isolated visual=0, same-family same-GID rank1 structural bridge=1); runtime exact normalized outline signature only","No Han text/context/dictionary used at runtime; offline bridge used only to establish frozen target truth, then exact outline signature gate."
331b0f41a08934c6a56c18371c13d02193f0e254,ㄗㄡˋ,1,DFPYuanW7-ZhuIn-BFW#15336@7e9daf0848de,"v4.4 TTF residual exact-outline convergence: conflict-free target full-outline signature; source keys=1 (direct isolated visual=0, same-family same-GID rank1 structural bridge=1); runtime exact normalized outline signature only","No Han text/context/dictionary used at runtime; offline bridge used only to establish frozen target truth, then exact outline signature gate."
34599ee7a75081f0ca38cda3e30c62e895a48e50,ㄧˋ,2,DFPYuanW7-PoIn1-BFW#14168@20155dce060e; DFPYuanW7-ZhuIn-BFW#14168@20155dce060e,"v4.4 TTF residual exact-outline convergence: conflict-free target full-outline signature; source keys=2 (direct isolated visual=0, same-family same-GID rank1 structural bridge=2); runtime exact normalized outline signature only","No Han text/context/dictionary used at runtime; offline bridge used only to establish frozen target truth, then exact outline signature gate."
34e977f7f307c683ce4b1870be1d3deb1ee003ad,ㄎㄤ,1,DFPYuanW7-ZhuIn-BFW#14840@f0001ac53960,"v4.4 TTF residual exact-outline convergence: conflict-free target full-outline signature; source keys=1 (direct isolated visual=0, same-family same-GID rank1 structural bridge=1); runtime exact normalized outline signature only","No Han text/context/dictionary used at runtime; offline bridge used only to establish frozen target truth, then exact outline signature gate."
35ea4bf5479dea04b0c8aac0d2367cf01b845b95,ㄕㄤˇ,1,DFPYuanW7-ZhuIn-BFW#15258@eb56f8fee102,"v4.4 TTF residual exact-outline convergence: conflict-free target full-outline signature; source keys=1 (direct isolated visual=0, same-family same-GID rank1 structural bridge=1); runtime exact normalized outline signature only","No Han text/context/dictionary used at runtime; offline bridge used only to establish frozen target truth, then exact outline signature gate."
367d0e1e504e5f20eeb9ba3b3b42fbaeae4f4765,ㄑㄩˋ,1,DFPYuanW7-ZhuIn-BFW#15026@3797809a2b65,"v4.4 TTF residual exact-outline convergence: conflict-free target full-outline signature; source keys=1 (direct isolated visual=0, same-family same-GID rank1 structural bridge=1); runtime exact normalized outline signature only","No Han text/context/dictionary used at runtime; offline bridge used only to establish frozen target truth, then exact outline signature gate."
377a2f9633ebbf4e701ad24d4def840ab4e41ea6,ㄈㄟˊ,1,DFPYuanW7-ZhuIn-BFW#14445@44cf5b8bdaee,"v4.4 TTF residual exact-outline convergence: conflict-free target full-outline signature; source keys=1 (direct isolated visual=0, same-family same-GID rank1 structural bridge=1); runtime exact normalized outline signature only","No Han text/context/dictionary used at runtime; offline bridge used only to establish frozen target truth, then exact outline signature gate."
39c37bde78fd7f4149afbf54a564211d7cd53b95,ㄓㄨㄥ,1,DFPYuanW7-ZhuIn-BFW#15153@01ceff7550b4,"v4.4 TTF residual exact-outline convergence: conflict-free target full-outline signature; source keys=1 (direct isolated visual=0, same-family same-GID rank1 structural bridge=1); runtime exact normalized outline signature only","No Han text/context/dictionary used at runtime; offline bridge used only to establish frozen target truth, then exact outline signature gate."
3a887c081ce8de92e8bc18252b9b98ebd7d0c9f3,ㄊㄨㄢˊ,1,DFPYuanW7-ZhuIn-BFW#14595@59dfbc180143,"v4.4 TTF residual exact-outline convergence: conflict-free target full-outline signature; source keys=1 (direct isolated visual=0, same-family same-GID rank1 structural bridge=1); runtime exact normalized outline signature only","No Han text/context/dictionary used at runtime; offline bridge used only to establish frozen target truth, then exact outline signature gate."
3a8ce19c72ec5801168d318a14a53282722cdb2d,ㄊㄨㄥˊ,1,DFPYuanW7-ZhuIn-BFW#14603@0c5cd4be1af0,"v4.4 TTF residual exact-outline convergence: conflict-free target full-outline signature; source keys=1 (direct isolated visual=0, same-family same-GID rank1 structural bridge=1); runtime exact normalized outline signature only","No Han text/context/dictionary used at runtime; offline bridge used only to establish frozen target truth, then exact outline signature gate."
3c161ba22a889cfc6bdc4327d758a5a1b4d34e5b,ㄌㄧˋ,1,DFPYuanW7-ZhuIn-BFW#14705@729dc7c05566,"v4.4 TTF residual exact-outline convergence: conflict-free target full-outline signature; source keys=1 (direct isolated visual=0, same-family same-GID rank1 structural bridge=1); runtime exact normalized outline signature only","No Han text/context/dictionary used at runtime; offline bridge used only to establish frozen target truth, then exact outline signature gate."
3c587cacd737c4d4d13a1bccef423e72e1296d20,ㄖㄢˇ,1,DFPYuanW7-ZhuIn-BFW#15294@e23b80fbbb58,"v4.4 TTF residual exact-outline convergence: conflict-free target full-outline signature; source keys=1 (direct isolated visual=0, same-family same-GID rank1 structural bridge=1); runtime exact normalized outline signature only","No Han text/context/dictionary used at runtime; offline bridge used only to establish frozen target truth, then exact outline signature gate."
3d0f8aec6096c74350180c99d2eb5607a8d220a7,ㄗㄥ,1,DFPYuanW7-ZhuIn-BFW#15348@5a6f6e7918bc,"v4.4 TTF residual exact-outline convergence: conflict-free target full-outline signature; source keys=1 (direct isolated visual=0, same-family same-GID rank1 structural bridge=1); runtime exact normalized outline signature only","No Han text/context/dictionary used at runtime; offline bridge used only to establish frozen target truth, then exact outline signature gate."
3d68251efdc46bfca1f9f0f726cc3d0290aa2b07,ㄔ,2,DFPYuanW3-ZhuIn-BFW#15156@f2149ce89402; DFPYuanW5-ZhuIn-BFW#15156@f2149ce89402,"v4.4 TTF residual exact-outline convergence: conflict-free target full-outline signature; source keys=2 (direct isolated visual=2, same-family same-GID rank1 structural bridge=0); runtime exact normalized outline signature only","No Han text/context/dictionary used at runtime; offline bridge used only to establish frozen target truth, then exact outline signature gate."
3e94db9d851858189ccefed7003cb2d6725c28e1,ㄓㄢˇ,1,DFPYuanW7-ZhuIn-BFW#15120@d5df9453abfc,"v4.4 TTF residual exact-outline convergence: conflict-free target full-outline signature; source keys=1 (direct isolated visual=0, same-family same-GID rank1 structural bridge=1); runtime exact normalized outline signature only","No Han text/context/dictionary used at runtime; offline bridge used only to establish frozen target truth, then exact outline signature gate."
3ee67708ffb825bf3765b937f89012da965d47ae,ㄍㄨㄛˇ,1,DFPYuanW7-ZhuIn-BFW#14801@d8bdf9e63921,"v4.4 TTF residual exact-outline convergence: conflict-free target full-outline signature; source keys=1 (direct isolated visual=0, same-family same-GID rank1 structural bridge=1); runtime exact normalized outline signature only","No Han text/context/dictionary used at runtime; offline bridge used only to establish frozen target truth, then exact outline signature gate."
40cb1b5b737b29bdfd7f561f86b4fe1ed2e6b584,ㄔㄥ,1,DFPYuanW7-ZhuIn-BFW#15190@e5b95fe512be,"v4.4 TTF residual exact-outline convergence: conflict-free target full-outline signature; source keys=1 (direct isolated visual=0, same-family same-GID rank1 structural bridge=1); runtime exact normalized outline signature only","No Han text/context/dictionary used at runtime; offline bridge used only to establish frozen target truth, then exact outline signature gate."
4175eb3bf88be1b5a478e26a174d4fe599b9dfc5,ㄕㄥ,1,DFPYuanW7-ZhuIn-BFW#15259@e9e0bc690071,"v4.4 TTF residual exact-outline convergence: conflict-free target full-outline signature; source keys=1 (direct isolated visual=0, same-family same-GID rank1 structural bridge=1); runtime exact normalized outline signature only","No Han text/context/dictionary used at runtime; offline bridge used only to establish frozen target truth, then exact outline signature gate."
41787e155c77e1ff5194788a0d9002f0f12d18ef,ㄇㄧˋ,1,DFPYuanW7-ZhuIn-BFW#14417@66740134ccca,"v4.4 TTF residual exact-outline convergence: conflict-free target full-outline signature; source keys=1 (direct isolated visual=0, same-family same-GID rank1 structural bridge=1); runtime exact normalized outline signature only","No Han text/context/dictionary used at runtime; offline bridge used only to establish frozen target truth, then exact outline signature gate."
417d987b2c0a0ea1ea0aa63f0377d3d609c2a028,ㄕㄜˋ,1,DFPYuanW7-ZhuIn-BFW#15234@f992934608ab,"v4.4 TTF residual exact-outline convergence: conflict-free target full-outline signature; source keys=1 (direct isolated visual=0, same-family same-GID rank1 structural bridge=1); runtime exact normalized outline signature only","No Han text/context/dictionary used at runtime; offline bridge used only to establish frozen target truth, then exact outline signature gate."
422c74181bdd64f10c2c805eeeffb897be08b811,ㄨㄢˇ,1,DFPYuanW7-ZhuIn-BFW#14225@be68a854c596,"v4.4 TTF residual exact-outline convergence: conflict-free target full-outline signature; source keys=1 (direct isolated visual=0, same-family same-GID rank1 structural bridge=1); runtime exact normalized outline signature only","No Han text/context/dictionary used at runtime; offline bridge used only to establish frozen target truth, then exact outline signature gate."
433119be3554865151cd19c9fa189111e4086191,ㄙㄜˋ,1,DFPYuanW7-ZhuIn-BFW#15427@fe6e2d720609,"v4.4 TTF residual exact-outline convergence: conflict-free target full-outline signature; source keys=1 (direct isolated visual=0, same-family same-GID rank1 structural bridge=1); runtime exact normalized outline signature only","No Han text/context/dictionary used at runtime; offline bridge used only to establish frozen target truth, then exact outline signature gate."
43eac0527aeb9fa1b7d26ad13783e6f65b849b69,ㄙㄢ,1,DFPHeiW5-ZhuIn-BFW#15436@ca1ab77a9809,"v4.4 TTF residual exact-outline convergence: conflict-free target full-outline signature; source keys=1 (direct isolated visual=1, same-family same-GID rank1 structural bridge=0); runtime exact normalized outline signature only","No Han text/context/dictionary used at runtime; offline bridge used only to establish frozen target truth, then exact outline signature gate."
44ede24f8dcd2eb979e5ddabcebc5a88f0833881,ㄌㄩˇ,1,DFPYuanW7-ZhuIn-BFW#14752@050fc0c8ad47,"v4.4 TTF residual exact-outline convergence: conflict-free target full-outline signature; source keys=1 (direct isolated visual=0, same-family same-GID rank1 structural bridge=1); runtime exact normalized outline signature only","No Han text/context/dictionary used at runtime; offline bridge used only to establish frozen target truth, then exact outline signature gate."
44f42293e2596a2d611d3b0e66486586a84d25af,ㄔㄨㄥ,1,DFPYuanW7-ZhuIn-BFW#15219@66730c69bd03,"v4.4 TTF residual exact-outline convergence: conflict-free target full-outline signature; source keys=1 (direct isolated visual=0, same-family same-GID rank1 structural bridge=1); runtime exact normalized outline signature only","No Han text/context/dictionary used at runtime; offline bridge used only to establish frozen target truth, then exact outline signature gate."
453b9369bf152a119bcb18f173b2445a4e7033c7,ㄕㄢˋ,1,DFPYuanW7-ZhuIn-BFW#15249@2298ce28d119,"v4.4 TTF residual exact-outline convergence: conflict-free target full-outline signature; source keys=1 (direct isolated visual=0, same-family same-GID rank1 structural bridge=1); runtime exact normalized outline signature only","No Han text/context/dictionary used at runtime; offline bridge used only to establish frozen target truth, then exact outline signature gate."
45610bf200c45640db30e26b00abacb8ce34eb91,ㄈㄣ,1,DFPYuanW7-ZhuIn-BFW#14456@e2dc3a8d4df0,"v4.4 TTF residual exact-outline convergence: conflict-free target full-outline signature; source keys=1 (direct isolated visual=0, same-family same-GID rank1 structural bridge=1); runtime exact normalized outline signature only","No Han text/context/dictionary used at runtime; offline bridge used only to establish frozen target truth, then exact outline signature gate."
473787cac54cb6585734abba9e08ff195e9dfd73,ㄉㄨㄢˋ,1,DFPYuanW7-ZhuIn-BFW#14529@347ebfee8bb9,"v4.4 TTF residual exact-outline convergence: conflict-free target full-outline signature; source keys=1 (direct isolated visual=0, same-family same-GID rank1 structural bridge=1); runtime exact normalized outline signature only","No Han text/context/dictionary used at runtime; offline bridge used only to establish frozen target truth, then exact outline signature gate."
47653d98963510450fbd58e6c3b13bba19dec3c9,ㄔㄤˋ,1,DFPYuanW3-ZhuIn-BFW#15188@dd582004e964,"v4.4 TTF residual exact-outline convergence: conflict-free target full-outline signature; source keys=1 (direct isolated visual=1, same-family same-GID rank1 structural bridge=0); runtime exact normalized outline signature only","No Han text/context/dictionary used at runtime; offline bridge used only to establish frozen target truth, then exact outline signature gate."
4788ea5207e2422aea768b5f5ec4a5cc40e49fd7,ㄈㄨˊ,1,DFPYuanW7-ZhuIn-BFW#14470@f0141f0b2e40,"v4.4 TTF residual exact-outline convergence: conflict-free target full-outline signature; source keys=1 (direct isolated visual=0, same-family same-GID rank1 structural bridge=1); runtime exact normalized outline signature only","No Han text/context/dictionary used at runtime; offline bridge used only to establish frozen target truth, then exact outline signature gate."
47a2140c3eaf4ab215df6ee089c84c91c1d1f7f6,ㄈㄨˇ,1,DFPYuanW7-ZhuIn-BFW#14472@e4da37a107bc,"v4.4 TTF residual exact-outline convergence: conflict-free target full-outline signature; source keys=1 (direct isolated visual=0, same-family same-GID rank1 structural bridge=1); runtime exact normalized outline signature only","No Han text/context/dictionary used at runtime; offline bridge used only to establish frozen target truth, then exact outline signature gate."
47b936be03880faaa6303c805b87257d01e54175,ㄒㄧˋ,1,DFPYuanW7-ZhuIn-BFW#15041@dd71aed99ab9,"v4.4 TTF residual exact-outline convergence: conflict-free target full-outline signature; source keys=1 (direct isolated visual=0, same-family same-GID rank1 structural bridge=1); runtime exact normalized outline signature only","No Han text/context/dictionary used at runtime; offline bridge used only to establish frozen target truth, then exact outline signature gate."
47f33d524577c398a0b371f2804d37aae879a798,ㄒㄧㄚˋ,1,DFPYuanW7-ZhuIn-BFW#15045@e8cd822c13fe,"v4.4 TTF residual exact-outline convergence: conflict-free target full-outline signature; source keys=1 (direct isolated visual=0, same-family same-GID rank1 structural bridge=1); runtime exact normalized outline signature only","No Han text/context/dictionary used at runtime; offline bridge used only to establish frozen target truth, then exact outline signature gate."
481797327c931ec2cb0e4feaaa2edf458200576b,ㄕˋ,1,DFPYuanW7-ZhuIn-BFW#15226@4a7372b4c9bf,"v4.4 TTF residual exact-outline convergence: conflict-free target full-outline signature; source keys=1 (direct isolated visual=0, same-family same-GID rank1 structural bridge=1); runtime exact normalized outline signature only","No Han text/context/dictionary used at runtime; offline bridge used only to establish frozen target truth, then exact outline signature gate."
493c4680a92dd0082c069641d544c5e1eded7ad3,ㄨㄞˋ,1,DFPYuanW7-ZhuIn-BFW#14216@e0200198d68d,"v4.4 TTF residual exact-outline convergence: conflict-free target full-outline signature; source keys=1 (direct isolated visual=0, same-family same-GID rank1 structural bridge=1); runtime exact normalized outline signature only","No Han text/context/dictionary used at runtime; offline bridge used only to establish frozen target truth, then exact outline signature gate."
49b5c7da7d3d5a0ff919b1fa965f55d06251d604,ㄩㄢˊ,1,DFPYuanW7-ZhuIn-BFW#14245@885d0b3452e5,"v4.4 TTF residual exact-outline convergence: conflict-free target full-outline signature; source keys=1 (direct isolated visual=0, same-family same-GID rank1 structural bridge=1); runtime exact normalized outline signature only","No Han text/context/dictionary used at runtime; offline bridge used only to establish frozen target truth, then exact outline signature gate."
4a011d834c1e22ae26f7ec1f34f8d0f2fb2b5c0d,ㄆㄧㄝˇ,1,DFPYuanW7-PoIn1-BFW#14356@01a0ef25c40e,"v4.4 TTF residual exact-outline convergence: conflict-free target full-outline signature; source keys=1 (direct isolated visual=1, same-family same-GID rank1 structural bridge=0); runtime exact normalized outline signature only","No Han text/context/dictionary used at runtime; offline bridge used only to establish frozen target truth, then exact outline signature gate."
4c06e1cc240fea4c934b3736e30c6c3bfbda376d,ㄖˋ,1,DFPHeiW5-ZhuIn-BFW#15284@c119822ada5d,"v4.4 TTF residual exact-outline convergence: conflict-free target full-outline signature; source keys=1 (direct isolated visual=1, same-family same-GID rank1 structural bridge=0); runtime exact normalized outline signature only","No Han text/context/dictionary used at runtime; offline bridge used only to establish frozen target truth, then exact outline signature gate."
4d12689b8e8ed742a497e941e86788f054f8a806,˙ㄕㄨ,1,DFPYuanW3-PoIn1-BFW#15504@efd9f79935da,"v4.4 TTF residual exact-outline convergence: conflict-free target full-outline signature; source keys=1 (direct isolated visual=1, same-family same-GID rank1 structural bridge=0); runtime exact normalized outline signature only","No Han text/context/dictionary used at runtime; offline bridge used only to establish frozen target truth, then exact outline signature gate."
4e2ebd519b14f97f29eab733504d5c28b0ec768b,ㄕˊ,1,DFPYuanW7-ZhuIn-BFW#15225@645797688e97,"v4.4 TTF residual exact-outline convergence: conflict-free target full-outline signature; source keys=1 (direct isolated visual=0, same-family same-GID rank1 structural bridge=1); runtime exact normalized outline signature only","No Han text/context/dictionary used at runtime; offline bridge used only to establish frozen target truth, then exact outline signature gate."
4e72266ee1653a1aa8fea6e1f48dd73e1fec8d0c,ㄏㄞˋ,1,DFPYuanW7-ZhuIn-BFW#14881@8e4f67d4baaa,"v4.4 TTF residual exact-outline convergence: conflict-free target full-outline signature; source keys=1 (direct isolated visual=0, same-family same-GID rank1 structural bridge=1); runtime exact normalized outline signature only","No Han text/context/dictionary used at runtime; offline bridge used only to establish frozen target truth, then exact outline signature gate."
4e8c368561e3e0514e68f43c4761355c43095fd7,ㄐㄧ,1,DFPYuanW7-ZhuIn-BFW#14942@9954aee4900c,"v4.4 TTF residual exact-outline convergence: conflict-free target full-outline signature; source keys=1 (direct isolated visual=0, same-family same-GID rank1 structural bridge=1); runtime exact normalized outline signature only","No Han text/context/dictionary used at runtime; offline bridge used only to establish frozen target truth, then exact outline signature gate."
4e8c81a48847bf07e697d4010c703bcd1db77559,ㄕㄣ,1,DFPYuanW7-ZhuIn-BFW#15251@12d4f1b6272f,"v4.4 TTF residual exact-outline convergence: conflict-free target full-outline signature; source keys=1 (direct isolated visual=0, same-family same-GID rank1 structural bridge=1); runtime exact normalized outline signature only","No Han text/context/dictionary used at runtime; offline bridge used only to establish frozen target truth, then exact outline signature gate."
4ea504c47570bc9405694ddc0167cdcbca69a9b4,ㄨ,1,DFPYuanW7-ZhuIn-BFW#14204@f42ae2bf209d,"v4.4 TTF residual exact-outline convergence: conflict-free target full-outline signature; source keys=1 (direct isolated visual=1, same-family same-GID rank1 structural bridge=0); runtime exact normalized outline signature only","No Han text/context/dictionary used at runtime; offline bridge used only to establish frozen target truth, then exact outline signature gate."
525dd88251f33e1fbee58882b48d845a3014075e,ㄖㄨㄥˊ,1,DFPYuanW7-ZhuIn-BFW#15316@91121790be9d,"v4.4 TTF residual exact-outline convergence: conflict-free target full-outline signature; source keys=1 (direct isolated visual=0, same-family same-GID rank1 structural bridge=1); runtime exact normalized outline signature only","No Han text/context/dictionary used at runtime; offline bridge used only to establish frozen target truth, then exact outline signature gate."
529aa83f4d6b702a353decf38da66e2c0d2c4403,ㄌㄧˇ,1,DFPYuanW7-ZhuIn-BFW#14706@67daa1f7f8ac,"v4.4 TTF residual exact-outline convergence: conflict-free target full-outline signature; source keys=1 (direct isolated visual=0, same-family same-GID rank1 structural bridge=1); runtime exact normalized outline signature only","No Han text/context/dictionary used at runtime; offline bridge used only to establish frozen target truth, then exact outline signature gate."
53daa5f13945772205ac3820fcb25cf7021b0769,ㄓㄨ,1,DFPYuanW7-ZhuIn-BFW#15130@75fa3551a0c0,"v4.4 TTF residual exact-outline convergence: conflict-free target full-outline signature; source keys=1 (direct isolated visual=0, same-family same-GID rank1 structural bridge=1); runtime exact normalized outline signature only","No Han text/context/dictionary used at runtime; offline bridge used only to establish frozen target truth, then exact outline signature gate."
5754cc88d366c656fb8089df720d4480bd813c40,ㄏㄨㄥˊ,1,DFPYuanW7-ZhuIn-BFW#14939@9d7f711ed102,"v4.4 TTF residual exact-outline convergence: conflict-free target full-outline signature; source keys=1 (direct isolated visual=0, same-family same-GID rank1 structural bridge=1); runtime exact normalized outline signature only","No Han text/context/dictionary used at runtime; offline bridge used only to establish frozen target truth, then exact outline signature gate."
57819614d50ef51f189d75989ffc078c7b609e3e,ㄍㄜˋ,2,DFPYuanW7-PoIn1-BFW#14764@865b5660b53b; DFPYuanW7-ZhuIn-BFW#14764@865b5660b53b,"v4.4 TTF residual exact-outline convergence: conflict-free target full-outline signature; source keys=2 (direct isolated visual=0, same-family same-GID rank1 structural bridge=2); runtime exact normalized outline signature only","No Han text/context/dictionary used at runtime; offline bridge used only to establish frozen target truth, then exact outline signature gate."
589d25464cf1b62d4489d730578b3cb8ff60fe7b,ㄓㄨˋ,1,DFPYuanW7-ZhuIn-BFW#15132@635da88a10c4,"v4.4 TTF residual exact-outline convergence: conflict-free target full-outline signature; source keys=1 (direct isolated visual=0, same-family same-GID rank1 structural bridge=1); runtime exact normalized outline signature only","No Han text/context/dictionary used at runtime; offline bridge used only to establish frozen target truth, then exact outline signature gate."
58ad3079e1b4e225aa1eb17ab277187f993cb705,ㄌㄧㄡˋ,1,DFPHeiW5-ZhuIn-BFW#14717@5a96c57ed259,"v4.4 TTF residual exact-outline convergence: conflict-free target full-outline signature; source keys=1 (direct isolated visual=1, same-family same-GID rank1 structural bridge=0); runtime exact normalized outline signature only","No Han text/context/dictionary used at runtime; offline bridge used only to establish frozen target truth, then exact outline signature gate."
5b058e76640b13a482e7f222578c7b0a5267061a,ㄧㄡˊ,1,DFPYuanW7-ZhuIn-BFW#14185@2e03e08b74dc,"v4.4 TTF residual exact-outline convergence: conflict-free target full-outline signature; source keys=1 (direct isolated visual=0, same-family same-GID rank1 structural bridge=1); runtime exact normalized outline signature only","No Han text/context/dictionary used at runtime; offline bridge used only to establish frozen target truth, then exact outline signature gate."
5b2bc1274ab8edd62760a1cd37b2612ddf62f3bc,ㄈㄥ,1,DFPYuanW7-ZhuIn-BFW#14464@e1ee206d91e7,"v4.4 TTF residual exact-outline convergence: conflict-free target full-outline signature; source keys=1 (direct isolated visual=0, same-family same-GID rank1 structural bridge=1); runtime exact normalized outline signature only","No Han text/context/dictionary used at runtime; offline bridge used only to establish frozen target truth, then exact outline signature gate."
5beb12a41b811d36aa68eca6b99504718274a732,˙ㄉㄜ,1,DFPYuanW7-ZhuIn-BFW#14480@9ba2208ea2e5,"v4.4 TTF residual exact-outline convergence: conflict-free target full-outline signature; source keys=1 (direct isolated visual=0, same-family same-GID rank1 structural bridge=1); runtime exact normalized outline signature only","No Han text/context/dictionary used at runtime; offline bridge used only to establish frozen target truth, then exact outline signature gate."
5c96557b7d2c0f30eb9f0254e209784a09584c20,ㄈㄤ,1,DFPYuanW7-ZhuIn-BFW#14460@d85f56b9e5b8,"v4.4 TTF residual exact-outline convergence: conflict-free target full-outline signature; source keys=1 (direct isolated visual=0, same-family same-GID rank1 structural bridge=1); runtime exact normalized outline signature only","No Han text/context/dictionary used at runtime; offline bridge used only to establish frozen target truth, then exact outline signature gate."
5ce6d923c447fd0319d3d2ba452b8fecf0607ee9,ㄉㄠˋ,1,DFPHeiW5-ZhuIn-BFW#14487@bada0669fd0a,"v4.4 TTF residual exact-outline convergence: conflict-free target full-outline signature; source keys=1 (direct isolated visual=1, same-family same-GID rank1 structural bridge=0); runtime exact normalized outline signature only","No Han text/context/dictionary used at runtime; offline bridge used only to establish frozen target truth, then exact outline signature gate."
5e7915294605a4f20f2ca5db25f62f54ee76126c,ㄗㄜˊ,1,DFPYuanW7-ZhuIn-BFW#15324@a410bf707dd5,"v4.4 TTF residual exact-outline convergence: conflict-free target full-outline signature; source keys=1 (direct isolated visual=0, same-family same-GID rank1 structural bridge=1); runtime exact normalized outline signature only","No Han text/context/dictionary used at runtime; offline bridge used only to establish frozen target truth, then exact outline signature gate."
5ee85b1b9fd465484556384ac685ce9b1b91dff5,ㄅㄧˋ,1,DFPYuanW7-ZhuIn-BFW#14292@585bbf849267,"v4.4 TTF residual exact-outline convergence: conflict-free target full-outline signature; source keys=1 (direct isolated visual=0, same-family same-GID rank1 structural bridge=1); runtime exact normalized outline signature only","No Han text/context/dictionary used at runtime; offline bridge used only to establish frozen target truth, then exact outline signature gate."
5fb0532661d050af9836fcc675e4714cb788c535,ㄔㄡˋ,1,DFPYuanW3-ZhuIn-BFW#15176@e98b3f4646f4,"v4.4 TTF residual exact-outline convergence: conflict-free target full-outline signature; source keys=1 (direct isolated visual=1, same-family same-GID rank1 structural bridge=0); runtime exact normalized outline signature only","No Han text/context/dictionary used at runtime; offline bridge used only to establish frozen target truth, then exact outline signature gate."
6062963446c6d76654ad15723c8aea4e6829091b,ㄅㄠˇ,1,DFPYuanW7-ZhuIn-BFW#14276@b55a39ee71fa,"v4.4 TTF residual exact-outline convergence: conflict-free target full-outline signature; source keys=1 (direct isolated visual=0, same-family same-GID rank1 structural bridge=1); runtime exact normalized outline signature only","No Han text/context/dictionary used at runtime; offline bridge used only to establish frozen target truth, then exact outline signature gate."
6078e6019e85f0d0c0ed2863387d3148263b8761,ㄍㄠ,1,DFPYuanW7-ZhuIn-BFW#14770@d2eb0ad12d23,"v4.4 TTF residual exact-outline convergence: conflict-free target full-outline signature; source keys=1 (direct isolated visual=0, same-family same-GID rank1 structural bridge=1); runtime exact normalized outline signature only","No Han text/context/dictionary used at runtime; offline bridge used only to establish frozen target truth, then exact outline signature gate."
635b69ce025a07d3e898d4b4579f9cce4a02802a,ㄉㄧˋ,1,DFPHeiW5-ZhuIn-BFW#14503@e500f850822e,"v4.4 TTF residual exact-outline convergence: conflict-free target full-outline signature; source keys=1 (direct isolated visual=1, same-family same-GID rank1 structural bridge=0); runtime exact normalized outline signature only","No Han text/context/dictionary used at runtime; offline bridge used only to establish frozen target truth, then exact outline signature gate."
64b9c3d2753e82f25ba3098734cc077e505c217a,ㄜˊ,1,DFPYuanW3-ZhuIn-BFW#14133@7eecf67b11c3,"v4.4 TTF residual exact-outline convergence: conflict-free target full-outline signature; source keys=1 (direct isolated visual=1, same-family same-GID rank1 structural bridge=0); runtime exact normalized outline signature only","No Han text/context/dictionary used at runtime; offline bridge used only to establish frozen target truth, then exact outline signature gate."
650c1d3354bfab51ea4f9edb50904993d04735b6,ㄔㄨㄤ,1,DFPYuanW3-ZhuIn-BFW#15215@3d70ebe4a018,"v4.4 TTF residual exact-outline convergence: conflict-free target full-outline signature; source keys=1 (direct isolated visual=1, same-family same-GID rank1 structural bridge=0); runtime exact normalized outline signature only","No Han text/context/dictionary used at runtime; offline bridge used only to establish frozen target truth, then exact outline signature gate."
670876ca542e8fcfca02c842fbe374b48aeba14b,ㄞˋ,1,DFPYuanW7-ZhuIn-BFW#14139@51af5dd829f6,"v4.4 TTF residual exact-outline convergence: conflict-free target full-outline signature; source keys=1 (direct isolated visual=0, same-family same-GID rank1 structural bridge=1); runtime exact normalized outline signature only","No Han text/context/dictionary used at runtime; offline bridge used only to establish frozen target truth, then exact outline signature gate."
689a19faddbc45d6a5aab36dd7827ee3af3e2f18,ㄆㄧㄣ,1,DFPYuanW7-ZhuIn-BFW#14365@bca5b7f87eb3,"v4.4 TTF residual exact-outline convergence: conflict-free target full-outline signature; source keys=1 (direct isolated visual=1, same-family same-GID rank1 structural bridge=0); runtime exact normalized outline signature only","No Han text/context/dictionary used at runtime; offline bridge used only to establish frozen target truth, then exact outline signature gate."
6906c6445730f6fbbcb9b595d643ffa3b5bbd97a,ㄑㄧㄥ,1,DFPYuanW7-ZhuIn-BFW#15020@a74ac0cd4842,"v4.4 TTF residual exact-outline convergence: conflict-free target full-outline signature; source keys=1 (direct isolated visual=0, same-family same-GID rank1 structural bridge=1); runtime exact normalized outline signature only","No Han text/context/dictionary used at runtime; offline bridge used only to establish frozen target truth, then exact outline signature gate."
6985f5c380433a8bd50a9e8135d679d4cb6c732b,ㄩㄥˋ,1,DFPYuanW7-ZhuIn-BFW#14255@73ded83c3699,"v4.4 TTF residual exact-outline convergence: conflict-free target full-outline signature; source keys=1 (direct isolated visual=0, same-family same-GID rank1 structural bridge=1); runtime exact normalized outline signature only","No Han text/context/dictionary used at runtime; offline bridge used only to establish frozen target truth, then exact outline signature gate."
6a3b56e5821e97ad65fb5a58119212497dc0f823,ㄒㄧㄥˋ,1,DFPYuanW7-ZhuIn-BFW#15072@6c8be084a286,"v4.4 TTF residual exact-outline convergence: conflict-free target full-outline signature; source keys=1 (direct isolated visual=0, same-family same-GID rank1 structural bridge=1); runtime exact normalized outline signature only","No Han text/context/dictionary used at runtime; offline bridge used only to establish frozen target truth, then exact outline signature gate."
6aa02d8f83ad87e97ba309584077a6abcd8887bc,ㄐㄧㄠ,1,DFPYuanW7-ZhuIn-BFW#14954@15e32485ac98,"v4.4 TTF residual exact-outline convergence: conflict-free target full-outline signature; source keys=1 (direct isolated visual=0, same-family same-GID rank1 structural bridge=1); runtime exact normalized outline signature only","No Han text/context/dictionary used at runtime; offline bridge used only to establish frozen target truth, then exact outline signature gate."
6aa680d3fbe07c6faf75cca44bb271c3e20a4712,ㄓㄨㄤ,1,DFPYuanW7-ZhuIn-BFW#15150@7ff8fa4bf3e6,"v4.4 TTF residual exact-outline convergence: conflict-free target full-outline signature; source keys=1 (direct isolated visual=1, same-family same-GID rank1 structural bridge=0); runtime exact normalized outline signature only","No Han text/context/dictionary used at runtime; offline bridge used only to establish frozen target truth, then exact outline signature gate."
6ae70b9d03837d01771c80e892a2a51c92471382,ㄑㄧˇ,1,DFPYuanW7-ZhuIn-BFW#14992@ccc6c6659114,"v4.4 TTF residual exact-outline convergence: conflict-free target full-outline signature; source keys=1 (direct isolated visual=0, same-family same-GID rank1 structural bridge=1); runtime exact normalized outline signature only","No Han text/context/dictionary used at runtime; offline bridge used only to establish frozen target truth, then exact outline signature gate."
6d4c3a0b063b0efc3b6873e5f98aa6cd034b6acc,ㄔㄠˇ,1,DFPYuanW3-ZhuIn-BFW#15173@f2863944852c,"v4.4 TTF residual exact-outline convergence: conflict-free target full-outline signature; source keys=1 (direct isolated visual=1, same-family same-GID rank1 structural bridge=0); runtime exact normalized outline signature only","No Han text/context/dictionary used at runtime; offline bridge used only to establish frozen target truth, then exact outline signature gate."
6d5348c3f2720d7cac62688903bdb9c4a28d74a7,ㄗㄨㄛˇ,1,DFPYuanW7-ZhuIn-BFW#15357@4d2c07889e89,"v4.4 TTF residual exact-outline convergence: conflict-free target full-outline signature; source keys=1 (direct isolated visual=0, same-family same-GID rank1 structural bridge=1); runtime exact normalized outline signature only","No Han text/context/dictionary used at runtime; offline bridge used only to establish frozen target truth, then exact outline signature gate."
6d7dd619f4e9757b0385abad1e522f2a33525534,ㄍㄨㄢ,1,DFPYuanW7-ZhuIn-BFW#14808@0619bc6dc03a,"v4.4 TTF residual exact-outline convergence: conflict-free target full-outline signature; source keys=1 (direct isolated visual=0, same-family same-GID rank1 structural bridge=1); runtime exact normalized outline signature only","No Han text/context/dictionary used at runtime; offline bridge used only to establish frozen target truth, then exact outline signature gate."
6e0696b2115e3cb70972e64176c4f0a7cd14b122,ㄨㄟˋ,1,DFPYuanW7-ZhuIn-BFW#14220@c0206f2c412b,"v4.4 TTF residual exact-outline convergence: conflict-free target full-outline signature; source keys=1 (direct isolated visual=0, same-family same-GID rank1 structural bridge=1); runtime exact normalized outline signature only","No Han text/context/dictionary used at runtime; offline bridge used only to establish frozen target truth, then exact outline signature gate."
6f5f37ecd0d73eea3540e52df78f4be1dcf10265,ㄍㄨㄢˋ,1,DFPYuanW7-ZhuIn-BFW#14809@cc5f46b8f55f,"v4.4 TTF residual exact-outline convergence: conflict-free target full-outline signature; source keys=1 (direct isolated visual=0, same-family same-GID rank1 structural bridge=1); runtime exact normalized outline signature only","No Han text/context/dictionary used at runtime; offline bridge used only to establish frozen target truth, then exact outline signature gate."
70477301d3a07a5c598f1616dd14bda0a947d186,ㄓㄢˋ,2,DFPYuanW7-PoIn1-BFW#15119@dca645f0bfe5; DFPYuanW7-ZhuIn-BFW#15119@dca645f0bfe5,"v4.4 TTF residual exact-outline convergence: conflict-free target full-outline signature; source keys=2 (direct isolated visual=0, same-family same-GID rank1 structural bridge=2); runtime exact normalized outline signature only","No Han text/context/dictionary used at runtime; offline bridge used only to establish frozen target truth, then exact outline signature gate."
717507bdbdb1494d71fceabce8367462f138f875,ㄔㄨㄢˇ,1,DFPYuanW3-ZhuIn-BFW#15211@5cc21918ba50,"v4.4 TTF residual exact-outline convergence: conflict-free target full-outline signature; source keys=1 (direct isolated visual=1, same-family same-GID rank1 structural bridge=0); runtime exact normalized outline signature only","No Han text/context/dictionary used at runtime; offline bridge used only to establish frozen target truth, then exact outline signature gate."
71d353681179bc7e1eeffd4588d2583695224f98,ㄊㄨˇ,1,DFPYuanW7-ZhuIn-BFW#14585@a678ddfce2d9,"v4.4 TTF residual exact-outline convergence: conflict-free target full-outline signature; source keys=1 (direct isolated visual=0, same-family same-GID rank1 structural bridge=1); runtime exact normalized outline signature only","No Han text/context/dictionary used at runtime; offline bridge used only to establish frozen target truth, then exact outline signature gate."
725ab40f970234609270a47fdd452d5eaa0a441f,ㄌㄜˋ,1,DFPYuanW7-ZhuIn-BFW#14679@57b972c75ade,"v4.4 TTF residual exact-outline convergence: conflict-free target full-outline signature; source keys=1 (direct isolated visual=0, same-family same-GID rank1 structural bridge=1); runtime exact normalized outline signature only","No Han text/context/dictionary used at runtime; offline bridge used only to establish frozen target truth, then exact outline signature gate."
73b58fb0ae36497111ac9a73aebef74f6981e65c,ㄈㄟˋ,1,DFPYuanW7-ZhuIn-BFW#14446@c89766f30613,"v4.4 TTF residual exact-outline convergence: conflict-free target full-outline signature; source keys=1 (direct isolated visual=0, same-family same-GID rank1 structural bridge=1); runtime exact normalized outline signature only","No Han text/context/dictionary used at runtime; offline bridge used only to establish frozen target truth, then exact outline signature gate."
74a919065ac722820719914bc6c8691f5bffd870,ㄊㄨˊ,1,DFPYuanW7-ZhuIn-BFW#14583@a8dced78e430,"v4.4 TTF residual exact-outline convergence: conflict-free target full-outline signature; source keys=1 (direct isolated visual=0, same-family same-GID rank1 structural bridge=1); runtime exact normalized outline signature only","No Han text/context/dictionary used at runtime; offline bridge used only to establish frozen target truth, then exact outline signature gate."
7536e110f765c0fa7b1307e39a4be58a444d07d3,ㄅㄛ,1,DFPYuanW7-ZhuIn-BFW#14262@47fb88f33eac,"v4.4 TTF residual exact-outline convergence: conflict-free target full-outline signature; source keys=1 (direct isolated visual=0, same-family same-GID rank1 structural bridge=1); runtime exact normalized outline signature only","No Han text/context/dictionary used at runtime; offline bridge used only to establish frozen target truth, then exact outline signature gate."
754cdb3a424c504839d806698b511266068dde79,ㄉㄢˋ,1,DFPYuanW7-ZhuIn-BFW#14493@0ef656c2a6f5,"v4.4 TTF residual exact-outline convergence: conflict-free target full-outline signature; source keys=1 (direct isolated visual=0, same-family same-GID rank1 structural bridge=1); runtime exact normalized outline signature only","No Han text/context/dictionary used at runtime; offline bridge used only to establish frozen target truth, then exact outline signature gate."
75ee33aa21917afe3f4c9656bfad4922e9600757,ㄆㄛ,1,DFPYuanW7-ZhuIn-BFW#14316@fb8f7efc26ac,"v4.4 TTF residual exact-outline convergence: conflict-free target full-outline signature; source keys=1 (direct isolated visual=0, same-family same-GID rank1 structural bridge=1); runtime exact normalized outline signature only","No Han text/context/dictionary used at runtime; offline bridge used only to establish frozen target truth, then exact outline signature gate."
7633040f090917ec0a8a4757fb5911793692aaf8,ㄨˋ,1,DFPYuanW7-ZhuIn-BFW#14206@d2a9c831da7c,"v4.4 TTF residual exact-outline convergence: conflict-free target full-outline signature; source keys=1 (direct isolated visual=0, same-family same-GID rank1 structural bridge=1); runtime exact normalized outline signature only","No Han text/context/dictionary used at runtime; offline bridge used only to establish frozen target truth, then exact outline signature gate."
76375f561e32d339cda5a7d34352c5f3223503ec,ㄦˋ,1,DFPHeiW5-ZhuIn-BFW#14164@1ccaa3a26549,"v4.4 TTF residual exact-outline convergence: conflict-free target full-outline signature; source keys=1 (direct isolated visual=1, same-family same-GID rank1 structural bridge=0); runtime exact normalized outline signature only","No Han text/context/dictionary used at runtime; offline bridge used only to establish frozen target truth, then exact outline signature gate."
7695ca23632401a554f821227c03af2b9fac5afd,ㄑㄩㄢ,1,DFPYuanW7-ZhuIn-BFW#15031@d4a7207ef5da,"v4.4 TTF residual exact-outline convergence: conflict-free target full-outline signature; source keys=1 (direct isolated visual=0, same-family same-GID rank1 structural bridge=1); runtime exact normalized outline signature only","No Han text/context/dictionary used at runtime; offline bridge used only to establish frozen target truth, then exact outline signature gate."
76e632229746a2950c317e843da032394ee2b969,ㄓㄨㄢˇ,1,DFPYuanW7-ZhuIn-BFW#15146@0db3d6f43207,"v4.4 TTF residual exact-outline convergence: conflict-free target full-outline signature; source keys=1 (direct isolated visual=0, same-family same-GID rank1 structural bridge=1); runtime exact normalized outline signature only","No Han text/context/dictionary used at runtime; offline bridge used only to establish frozen target truth, then exact outline signature gate."
770fbbfc34116fbe466841cbfb5b47bf2b2b5840,ㄒㄩㄣˋ,1,DFPYuanW7-ZhuIn-BFW#15088@f7602e0e8416,"v4.4 TTF residual exact-outline convergence: conflict-free target full-outline signature; source keys=1 (direct isolated visual=0, same-family same-GID rank1 structural bridge=1); runtime exact normalized outline signature only","No Han text/context/dictionary used at runtime; offline bridge used only to establish frozen target truth, then exact outline signature gate."
779e71992a1e60145522ba6215ac4c85511207b2,ㄍㄞˇ,1,DFPYuanW7-ZhuIn-BFW#14768@5ab649a2daa5,"v4.4 TTF residual exact-outline convergence: conflict-free target full-outline signature; source keys=1 (direct isolated visual=0, same-family same-GID rank1 structural bridge=1); runtime exact normalized outline signature only","No Han text/context/dictionary used at runtime; offline bridge used only to establish frozen target truth, then exact outline signature gate."
77b9f6721042754d29a4ceae63b4eb8d8a4cca30,ㄒㄧㄣ,1,DFPYuanW7-ZhuIn-BFW#15062@672c7c4da7fc,"v4.4 TTF residual exact-outline convergence: conflict-free target full-outline signature; source keys=1 (direct isolated visual=0, same-family same-GID rank1 structural bridge=1); runtime exact normalized outline signature only","No Han text/context/dictionary used at runtime; offline bridge used only to establish frozen target truth, then exact outline signature gate."
7806c4369f5abf176a18151fec563cd3ddf26f57,ㄆㄢˋ,1,DFPYuanW7-ZhuIn-BFW#14337@b0c5ec82c5ce,"v4.4 TTF residual exact-outline convergence: conflict-free target full-outline signature; source keys=1 (direct isolated visual=0, same-family same-GID rank1 structural bridge=1); runtime exact normalized outline signature only","No Han text/context/dictionary used at runtime; offline bridge used only to establish frozen target truth, then exact outline signature gate."
78e2cab3ecea9aa65736ee7e7ea930219027ed96,ㄏㄨ,1,DFPYuanW7-ZhuIn-BFW#14907@d84bdbb7b2f9,"v4.4 TTF residual exact-outline convergence: conflict-free target full-outline signature; source keys=1 (direct isolated visual=0, same-family same-GID rank1 structural bridge=1); runtime exact normalized outline signature only","No Han text/context/dictionary used at runtime; offline bridge used only to establish frozen target truth, then exact outline signature gate."
795480f7c21c1292749bba3219d5411161ab071a,ㄑㄩ,1,DFPYuanW7-ZhuIn-BFW#15024@80f243b229ad,"v4.4 TTF residual exact-outline convergence: conflict-free target full-outline signature; source keys=1 (direct isolated visual=0, same-family same-GID rank1 structural bridge=1); runtime exact normalized outline signature only","No Han text/context/dictionary used at runtime; offline bridge used only to establish frozen target truth, then exact outline signature gate."
7bc3464bfbe13d1cd172be85a89f8f19dea93cf8,ㄧㄠˊ,1,DFPYuanW7-ZhuIn-BFW#14181@98ef9f99676a,"v4.4 TTF residual exact-outline convergence: conflict-free target full-outline signature; source keys=1 (direct isolated visual=0, same-family same-GID rank1 structural bridge=1); runtime exact normalized outline signature only","No Han text/context/dictionary used at runtime; offline bridge used only to establish frozen target truth, then exact outline signature gate."
7c06210f5e62c4d5acafaa007fdbb714da7b30f8,ㄙㄢ,1,DFPYuanW7-ZhuIn-BFW#15436@1bf205533a19,"v4.4 TTF residual exact-outline convergence: conflict-free target full-outline signature; source keys=1 (direct isolated visual=0, same-family same-GID rank1 structural bridge=1); runtime exact normalized outline signature only","No Han text/context/dictionary used at runtime; offline bridge used only to establish frozen target truth, then exact outline signature gate."
7d65c920c393aea16eb6150c31e89fd30848098b,ㄐㄧˋ,1,DFPYuanW7-ZhuIn-BFW#14944@f0d73f071576,"v4.4 TTF residual exact-outline convergence: conflict-free target full-outline signature; source keys=1 (direct isolated visual=0, same-family same-GID rank1 structural bridge=1); runtime exact normalized outline signature only","No Han text/context/dictionary used at runtime; offline bridge used only to establish frozen target truth, then exact outline signature gate."
7d84b2b6ce04abc34cfac0e7ef7a01f5c9231178,ㄇㄚˇ,1,DFPYuanW7-ZhuIn-BFW#14381@f2a13c3fb3b8,"v4.4 TTF residual exact-outline convergence: conflict-free target full-outline signature; source keys=1 (direct isolated visual=0, same-family same-GID rank1 structural bridge=1); runtime exact normalized outline signature only","No Han text/context/dictionary used at runtime; offline bridge used only to establish frozen target truth, then exact outline signature gate."
7faee965d20021936836680b1ae32d2e4c0b2f40,ㄨㄟˊ,1,DFPYuanW7-ZhuIn-BFW#14219@76c8ddc34c1d,"v4.4 TTF residual exact-outline convergence: conflict-free target full-outline signature; source keys=1 (direct isolated visual=0, same-family same-GID rank1 structural bridge=1); runtime exact normalized outline signature only","No Han text/context/dictionary used at runtime; offline bridge used only to establish frozen target truth, then exact outline signature gate."
80c0fdc963aa26bac653a74169e06ee2e68730b8,ㄧㄝˇ,1,DFPYuanW7-ZhuIn-BFW#14178@10b1d23e6ea8,"v4.4 TTF residual exact-outline convergence: conflict-free target full-outline signature; source keys=1 (direct isolated visual=0, same-family same-GID rank1 structural bridge=1); runtime exact normalized outline signature only","No Han text/context/dictionary used at runtime; offline bridge used only to establish frozen target truth, then exact outline signature gate."
81c929cdfa60d86400e3278624a50089b3883131,ㄊㄨˋ,1,DFPYuanW7-ZhuIn-BFW#14584@e9f7efd9c8b3,"v4.4 TTF residual exact-outline convergence: conflict-free target full-outline signature; source keys=1 (direct isolated visual=0, same-family same-GID rank1 structural bridge=1); runtime exact normalized outline signature only","No Han text/context/dictionary used at runtime; offline bridge used only to establish frozen target truth, then exact outline signature gate."
81e71f6e0dc898fac1a401c5e6a9b8b0bba6e044,ㄍㄨㄥ,1,DFPYuanW7-ZhuIn-BFW#14816@6186a0495ead,"v4.4 TTF residual exact-outline convergence: conflict-free target full-outline signature; source keys=1 (direct isolated visual=0, same-family same-GID rank1 structural bridge=1); runtime exact normalized outline signature only","No Han text/context/dictionary used at runtime; offline bridge used only to establish frozen target truth, then exact outline signature gate."
81f4bdde508633542d5d3656a3c033fc7e50f586,ㄔㄤˇ,1,DFPYuanW3-ZhuIn-BFW#15189@06162dfc9b00,"v4.4 TTF residual exact-outline convergence: conflict-free target full-outline signature; source keys=1 (direct isolated visual=1, same-family same-GID rank1 structural bridge=0); runtime exact normalized outline signature only","No Han text/context/dictionary used at runtime; offline bridge used only to establish frozen target truth, then exact outline signature gate."
820d7818b8d43fe7d739f56eda25ef23b1ca67ca,ㄐㄧㄡˋ,1,DFPYuanW7-ZhuIn-BFW#14959@4dc0dbdfb1d2,"v4.4 TTF residual exact-outline convergence: conflict-free target full-outline signature; source keys=1 (direct isolated visual=0, same-family same-GID rank1 structural bridge=1); runtime exact normalized outline signature only","No Han text/context/dictionary used at runtime; offline bridge used only to establish frozen target truth, then exact outline signature gate."
8307514109a8b791ded6053ab636fa77c7822415,ㄎㄨㄞˋ,1,DFPYuanW7-ZhuIn-BFW#14855@d10e750b616e,"v4.4 TTF residual exact-outline convergence: conflict-free target full-outline signature; source keys=1 (direct isolated visual=0, same-family same-GID rank1 structural bridge=1); runtime exact normalized outline signature only","No Han text/context/dictionary used at runtime; offline bridge used only to establish frozen target truth, then exact outline signature gate."
83a3fb92694ad782cbcfa523a2dbc17c87f2307d,ㄐㄧˊ,1,DFPYuanW7-ZhuIn-BFW#14943@3562ef91e67b,"v4.4 TTF residual exact-outline convergence: conflict-free target full-outline signature; source keys=1 (direct isolated visual=0, same-family same-GID rank1 structural bridge=1); runtime exact normalized outline signature only","No Han text/context/dictionary used at runtime; offline bridge used only to establish frozen target truth, then exact outline signature gate."
8444b778474889aa149578674217966eb1e7c65f,ㄓㄨㄤˋ,1,DFPYuanW7-ZhuIn-BFW#15151@0dcd5713a9cf,"v4.4 TTF residual exact-outline convergence: conflict-free target full-outline signature; source keys=1 (direct isolated visual=0, same-family same-GID rank1 structural bridge=1); runtime exact normalized outline signature only","No Han text/context/dictionary used at runtime; offline bridge used only to establish frozen target truth, then exact outline signature gate."
86558fec099e54fa9f7f64941169941c5674c3ba,ㄏㄨˋ,1,DFPYuanW7-ZhuIn-BFW#14909@39a0a87bf794,"v4.4 TTF residual exact-outline convergence: conflict-free target full-outline signature; source keys=1 (direct isolated visual=0, same-family same-GID rank1 structural bridge=1); runtime exact normalized outline signature only","No Han text/context/dictionary used at runtime; offline bridge used only to establish frozen target truth, then exact outline signature gate."
870c8b215c916d30e07c963f51bcd8bebabdbc83,ㄑㄧㄠˇ,1,DFPYuanW7-ZhuIn-BFW#15004@2b9103c6df9e,"v4.4 TTF residual exact-outline convergence: conflict-free target full-outline signature; source keys=1 (direct isolated visual=0, same-family same-GID rank1 structural bridge=1); runtime exact normalized outline signature only","No Han text/context/dictionary used at runtime; offline bridge used only to establish frozen target truth, then exact outline signature gate."
87a1fd90dd4682fcda2cd572396d3d652b2f2b4e,ㄨˇ,1,DFPHeiW5-ZhuIn-BFW#14207@d0d930c0026e,"v4.4 TTF residual exact-outline convergence: conflict-free target full-outline signature; source keys=1 (direct isolated visual=1, same-family same-GID rank1 structural bridge=0); runtime exact normalized outline signature only","No Han text/context/dictionary used at runtime; offline bridge used only to establish frozen target truth, then exact outline signature gate."
884de3f795c7b90dd2047a425dbdd21e802a518e,ㄧˊ,1,DFPYuanW3-KPoIn3-BFW#14167@3954f35c8171,"v4.4 TTF residual exact-outline convergence: conflict-free target full-outline signature; source keys=1 (direct isolated visual=1, same-family same-GID rank1 structural bridge=0); runtime exact normalized outline signature only","No Han text/context/dictionary used at runtime; offline bridge used only to establish frozen target truth, then exact outline signature gate."
8858a7ce30c46c4595f255cc0209eabcc31e58af,ㄉㄚˊ,1,DFPYuanW7-ZhuIn-BFW#14476@a0026f720db1,"v4.4 TTF residual exact-outline convergence: conflict-free target full-outline signature; source keys=1 (direct isolated visual=0, same-family same-GID rank1 structural bridge=1); runtime exact normalized outline signature only","No Han text/context/dictionary used at runtime; offline bridge used only to establish frozen target truth, then exact outline signature gate."
898fb5ad3815a8a7dc39ad140fe12f3f3b92bf31,ㄙ,1,DFPYuanW7-ZhuIn-BFW#15420@90fbea574712,"v4.4 TTF residual exact-outline convergence: conflict-free target full-outline signature; source keys=1 (direct isolated visual=1, same-family same-GID rank1 structural bridge=0); runtime exact normalized outline signature only","No Han text/context/dictionary used at runtime; offline bridge used only to establish frozen target truth, then exact outline signature gate."
89d6f8bdc1610981ef98fa730a4180a9a9ba60e9,ㄅㄞˇ,1,DFPYuanW7-ZhuIn-BFW#14269@f04ad9cae73e,"v4.4 TTF residual exact-outline convergence: conflict-free target full-outline signature; source keys=1 (direct isolated visual=0, same-family same-GID rank1 structural bridge=1); runtime exact normalized outline signature only","No Han text/context/dictionary used at runtime; offline bridge used only to establish frozen target truth, then exact outline signature gate."
8a2da6819e74a0f3cd44297a018e0d572608496d,ㄏㄢˋ,1,DFPYuanW3-KPoIn3-BFW#14895@45c8c30227c1,"v4.4 TTF residual exact-outline convergence: conflict-free target full-outline signature; source keys=1 (direct isolated visual=1, same-family same-GID rank1 structural bridge=0); runtime exact normalized outline signature only","No Han text/context/dictionary used at runtime; offline bridge used only to establish frozen target truth, then exact outline signature gate."
8a335ba3ff28fe5e68722cc95a31d78b6908f1fe,ㄏㄨㄟˇ,1,DFPYuanW3-KPoIn3-BFW#14925@9a839c357e5f,"v4.4 TTF residual exact-outline convergence: conflict-free target full-outline signature; source keys=1 (direct isolated visual=1, same-family same-GID rank1 structural bridge=0); runtime exact normalized outline signature only","No Han text/context/dictionary used at runtime; offline bridge used only to establish frozen target truth, then exact outline signature gate."
8af009f847bb2ba489452105e2148bf82e508c0c,ㄞˇ,1,DFPYuanW3-ZhuIn-BFW#14140@5c386d56b18c,"v4.4 TTF residual exact-outline convergence: conflict-free target full-outline signature; source keys=1 (direct isolated visual=1, same-family same-GID rank1 structural bridge=0); runtime exact normalized outline signature only","No Han text/context/dictionary used at runtime; offline bridge used only to establish frozen target truth, then exact outline signature gate."
8e72171a59f3983ac089b9c8461222b2e5b89705,ㄩˇ,1,DFPYuanW7-ZhuIn-BFW#14241@01c8aa9f0ee2,"v4.4 TTF residual exact-outline convergence: conflict-free target full-outline signature; source keys=1 (direct isolated visual=0, same-family same-GID rank1 structural bridge=1); runtime exact normalized outline signature only","No Han text/context/dictionary used at runtime; offline bridge used only to establish frozen target truth, then exact outline signature gate."
8ea00aee2fe00ae207fd24fd0bc55aaac324d1ef,ㄏㄡˋ,1,DFPYuanW7-ZhuIn-BFW#14891@43f2ebed5517,"v4.4 TTF residual exact-outline convergence: conflict-free target full-outline signature; source keys=1 (direct isolated visual=0, same-family same-GID rank1 structural bridge=1); runtime exact normalized outline signature only","No Han text/context/dictionary used at runtime; offline bridge used only to establish frozen target truth, then exact outline signature gate."
8f171e23f9d5f6a9e60b5eae576577fd36342853,ㄑㄧㄢˊ,1,DFPYuanW7-ZhuIn-BFW#15009@bdcdec314b30,"v4.4 TTF residual exact-outline convergence: conflict-free target full-outline signature; source keys=1 (direct isolated visual=0, same-family same-GID rank1 structural bridge=1); runtime exact normalized outline signature only","No Han text/context/dictionary used at runtime; offline bridge used only to establish frozen target truth, then exact outline signature gate."
8f1ca2855c4a5f8dfe570188defa129dfdd8606c,ㄍㄜˊ,1,DFPYuanW7-ZhuIn-BFW#14763@dddbf0e6eacd,"v4.4 TTF residual exact-outline convergence: conflict-free target full-outline signature; source keys=1 (direct isolated visual=0, same-family same-GID rank1 structural bridge=1); runtime exact normalized outline signature only","No Han text/context/dictionary used at runtime; offline bridge used only to establish frozen target truth, then exact outline signature gate."
908df343b961f0eeba6074dc7ea424ece207dd3c,ㄈㄢ,1,DFPYuanW7-ZhuIn-BFW#14452@5c5bd469780a,"v4.4 TTF residual exact-outline convergence: conflict-free target full-outline signature; source keys=1 (direct isolated visual=0, same-family same-GID rank1 structural bridge=1); runtime exact normalized outline signature only","No Han text/context/dictionary used at runtime; offline bridge used only to establish frozen target truth, then exact outline signature gate."
90c5bb396618cd01e666a6cfbc1141d33e9ab027,ㄕㄡˇ,1,DFPYuanW7-ZhuIn-BFW#15247@61f18f86dc29,"v4.4 TTF residual exact-outline convergence: conflict-free target full-outline signature; source keys=1 (direct isolated visual=0, same-family same-GID rank1 structural bridge=1); runtime exact normalized outline signature only","No Han text/context/dictionary used at runtime; offline bridge used only to establish frozen target truth, then exact outline signature gate."
91d976dca4b00647cf029ef0fc491b09c830ce06,ㄅㄞˊ,1,DFPYuanW7-ZhuIn-BFW#14267@107b47abe52a,"v4.4 TTF residual exact-outline convergence: conflict-free target full-outline signature; source keys=1 (direct isolated visual=0, same-family same-GID rank1 structural bridge=1); runtime exact normalized outline signature only","No Han text/context/dictionary used at runtime; offline bridge used only to establish frozen target truth, then exact outline signature gate."
933a88e37c44fa4a622044499c61b8c03ba344b1,ㄏㄢˋ,1,ZhuYinNREG-Md#15471@88e08b18d4dd,"v4.4 TTF residual exact-outline convergence: conflict-free target full-outline signature; source keys=1 (direct isolated visual=1, same-family same-GID rank1 structural bridge=0); runtime exact normalized outline signature only","No Han text/context/dictionary used at runtime; offline bridge used only to establish frozen target truth, then exact outline signature gate."
94f7245378353e16e56aaa7d0ad0ca30bab61192,ㄆㄥˋ,1,DFPYuanW7-ZhuIn-BFW#14349@c8446cf4856c,"v4.4 TTF residual exact-outline convergence: conflict-free target full-outline signature; source keys=1 (direct isolated visual=1, same-family same-GID rank1 structural bridge=0); runtime exact normalized outline signature only","No Han text/context/dictionary used at runtime; offline bridge used only to establish frozen target truth, then exact outline signature gate."
9549ac47a1cd30b71fa42e4b89ac601ae6e4c714,ㄊㄧˇ,1,DFPYuanW7-ZhuIn-BFW#14566@9f281fc31721,"v4.4 TTF residual exact-outline convergence: conflict-free target full-outline signature; source keys=1 (direct isolated visual=0, same-family same-GID rank1 structural bridge=1); runtime exact normalized outline signature only","No Han text/context/dictionary used at runtime; offline bridge used only to establish frozen target truth, then exact outline signature gate."
976eeb3c8ec59308f32153aa6863b02b3cfb64bd,ㄔㄨˊ,1,DFPYuanW7-ZhuIn-BFW#15195@ed65306a3f47,"v4.4 TTF residual exact-outline convergence: conflict-free target full-outline signature; source keys=1 (direct isolated visual=0, same-family same-GID rank1 structural bridge=1); runtime exact normalized outline signature only","No Han text/context/dictionary used at runtime; offline bridge used only to establish frozen target truth, then exact outline signature gate."
983b92b6dacfec50488dcb54405ce581349b772c,ㄉㄨˊ,1,DFPYuanW7-ZhuIn-BFW#14519@57539cf52264,"v4.4 TTF residual exact-outline convergence: conflict-free target full-outline signature; source keys=1 (direct isolated visual=0, same-family same-GID rank1 structural bridge=1); runtime exact normalized outline signature only","No Han text/context/dictionary used at runtime; offline bridge used only to establish frozen target truth, then exact outline signature gate."
995bcd91e628db21559dfb9794bfa96102347d0a,ㄕㄡ,1,DFPYuanW7-ZhuIn-BFW#15244@a3301e0c3e5e,"v4.4 TTF residual exact-outline convergence: conflict-free target full-outline signature; source keys=1 (direct isolated visual=0, same-family same-GID rank1 structural bridge=1); runtime exact normalized outline signature only","No Han text/context/dictionary used at runtime; offline bridge used only to establish frozen target truth, then exact outline signature gate."
9dc559470acc1bf06778d41119ca8da8900d1f9d,ㄒㄩㄢˊ,1,DFPYuanW7-ZhuIn-BFW#15083@3295189648d5,"v4.4 TTF residual exact-outline convergence: conflict-free target full-outline signature; source keys=1 (direct isolated visual=0, same-family same-GID rank1 structural bridge=1); runtime exact normalized outline signature only","No Han text/context/dictionary used at runtime; offline bridge used only to establish frozen target truth, then exact outline signature gate."
9f05cd986c9bc09a239bed8ad4742198a4bbfd17,ㄨㄣˋ,1,DFPYuanW7-ZhuIn-BFW#14228@fdc0e017a7df,"v4.4 TTF residual exact-outline convergence: conflict-free target full-outline signature; source keys=1 (direct isolated visual=0, same-family same-GID rank1 structural bridge=1); runtime exact normalized outline signature only","No Han text/context/dictionary used at runtime; offline bridge used only to establish frozen target truth, then exact outline signature gate."
9f1b72946ade600357e9930526fd01a0046563f1,ㄍㄨㄛˋ,1,DFPYuanW7-ZhuIn-BFW#14800@e176aa1a5f5a,"v4.4 TTF residual exact-outline convergence: conflict-free target full-outline signature; source keys=1 (direct isolated visual=0, same-family same-GID rank1 structural bridge=1); runtime exact normalized outline signature only","No Han text/context/dictionary used at runtime; offline bridge used only to establish frozen target truth, then exact outline signature gate."
9f87cfda4d9eb5b61a701f34f66d6beb3af87deb,˙ㄊㄠ,1,DFPYuanW3-PoIn1-BFW#15519@d4e88b8f00eb,"v4.4 TTF residual exact-outline convergence: conflict-free target full-outline signature; source keys=1 (direct isolated visual=1, same-family same-GID rank1 structural bridge=0); runtime exact normalized outline signature only","No Han text/context/dictionary used at runtime; offline bridge used only to establish frozen target truth, then exact outline signature gate."
9ff08494ce392f5296d3597b8d4e9914cdce5dd2,ㄧㄣˇ,1,DFPYuanW7-ZhuIn-BFW#14195@1f4c15f79ebd,"v4.4 TTF residual exact-outline convergence: conflict-free target full-outline signature; source keys=1 (direct isolated visual=0, same-family same-GID rank1 structural bridge=1); runtime exact normalized outline signature only","No Han text/context/dictionary used at runtime; offline bridge used only to establish frozen target truth, then exact outline signature gate."
a059abf6c3e040b10b781e228699ab43defd07e1,ㄉㄥˋ,1,DFPYuanW7-ZhuIn-BFW#14499@0ee3c88ddc25,"v4.4 TTF residual exact-outline convergence: conflict-free target full-outline signature; source keys=1 (direct isolated visual=0, same-family same-GID rank1 structural bridge=1); runtime exact normalized outline signature only","No Han text/context/dictionary used at runtime; offline bridge used only to establish frozen target truth, then exact outline signature gate."
a20798c138d625f27ecd205060a259a705a35e8d,ㄐㄩㄣ,1,DFPYuanW7-ZhuIn-BFW#14984@5415cdd37ad1,"v4.4 TTF residual exact-outline convergence: conflict-free target full-outline signature; source keys=1 (direct isolated visual=0, same-family same-GID rank1 structural bridge=1); runtime exact normalized outline signature only","No Han text/context/dictionary used at runtime; offline bridge used only to establish frozen target truth, then exact outline signature gate."
a384befdc649bd55d726d004833d08f02739dd8a,ㄒㄧㄤˋ,1,DFPYuanW7-ZhuIn-BFW#15068@ea546eb54022,"v4.4 TTF residual exact-outline convergence: conflict-free target full-outline signature; source keys=1 (direct isolated visual=0, same-family same-GID rank1 structural bridge=1); runtime exact normalized outline signature only","No Han text/context/dictionary used at runtime; offline bridge used only to establish frozen target truth, then exact outline signature gate."
a5120ecd7942e133b38c3d1eebec6a6c60518d31,˙ㄧㄝ,1,DFPYuanW3-PoIn1-BFW#15486@89fec7516348,"v4.4 TTF residual exact-outline convergence: conflict-free target full-outline signature; source keys=1 (direct isolated visual=1, same-family same-GID rank1 structural bridge=0); runtime exact normalized outline signature only","No Han text/context/dictionary used at runtime; offline bridge used only to establish frozen target truth, then exact outline signature gate."
a535c3648a7394cd785a1e021644f0642035e558,ㄉㄨㄥˋ,1,DFPYuanW7-ZhuIn-BFW#14535@0366656aeeb6,"v4.4 TTF residual exact-outline convergence: conflict-free target full-outline signature; source keys=1 (direct isolated visual=0, same-family same-GID rank1 structural bridge=1); runtime exact normalized outline signature only","No Han text/context/dictionary used at runtime; offline bridge used only to establish frozen target truth, then exact outline signature gate."
a59a73db26fefc3d9ab813e361ae11f13f4c5ab6,ㄇㄧㄢˇ,1,DFPYuanW7-ZhuIn-BFW#14429@ebd531ef38e6,"v4.4 TTF residual exact-outline convergence: conflict-free target full-outline signature; source keys=1 (direct isolated visual=0, same-family same-GID rank1 structural bridge=1); runtime exact normalized outline signature only","No Han text/context/dictionary used at runtime; offline bridge used only to establish frozen target truth, then exact outline signature gate."
a629e584c30f3d490f7bbe1508a371e562f569bd,ㄕㄨˋ,1,DFPYuanW7-ZhuIn-BFW#15265@c02e2da607d3,"v4.4 TTF residual exact-outline convergence: conflict-free target full-outline signature; source keys=1 (direct isolated visual=0, same-family same-GID rank1 structural bridge=1); runtime exact normalized outline signature only","No Han text/context/dictionary used at runtime; offline bridge used only to establish frozen target truth, then exact outline signature gate."
a68b4f2347596f0f71e026c23c31368daa29393f,ㄌㄧㄤˋ,1,DFPYuanW7-ZhuIn-BFW#14726@1a44cb710caa,"v4.4 TTF residual exact-outline convergence: conflict-free target full-outline signature; source keys=1 (direct isolated visual=0, same-family same-GID rank1 structural bridge=1); runtime exact normalized outline signature only","No Han text/context/dictionary used at runtime; offline bridge used only to establish frozen target truth, then exact outline signature gate."
a82065b3cf7024445e4a123c5f8fe5e22c08228f,ㄐㄩㄝˊ,1,DFPYuanW7-ZhuIn-BFW#14978@824ee94da641,"v4.4 TTF residual exact-outline convergence: conflict-free target full-outline signature; source keys=1 (direct isolated visual=0, same-family same-GID rank1 structural bridge=1); runtime exact normalized outline signature only","No Han text/context/dictionary used at runtime; offline bridge used only to establish frozen target truth, then exact outline signature gate."
a8b167ace82dfdc4e5a2b175fef44ae413a1fea4,ㄙㄨˋ,1,DFPYuanW7-ZhuIn-BFW#15446@fb26c27765f6,"v4.4 TTF residual exact-outline convergence: conflict-free target full-outline signature; source keys=1 (direct isolated visual=0, same-family same-GID rank1 structural bridge=1); runtime exact normalized outline signature only","No Han text/context/dictionary used at runtime; offline bridge used only to establish frozen target truth, then exact outline signature gate."
a919b2a877c70b27be8b4763794f8d97106dc4f6,ㄆㄞˊ,1,DFPYuanW7-ZhuIn-BFW#14321@10d4799bec7d,"v4.4 TTF residual exact-outline convergence: conflict-free target full-outline signature; source keys=1 (direct isolated visual=0, same-family same-GID rank1 structural bridge=1); runtime exact normalized outline signature only","No Han text/context/dictionary used at runtime; offline bridge used only to establish frozen target truth, then exact outline signature gate."
a9208c37f6e540653cef8e819fa800b505608b5e,ㄅㄧㄢˋ,1,DFPYuanW7-ZhuIn-BFW#14302@c6ee14a7275e,"v4.4 TTF residual exact-outline convergence: conflict-free target full-outline signature; source keys=1 (direct isolated visual=0, same-family same-GID rank1 structural bridge=1); runtime exact normalized outline signature only","No Han text/context/dictionary used at runtime; offline bridge used only to establish frozen target truth, then exact outline signature gate."
aa76f0b36048004371973dc9812d1c3b1aae02bc,ㄇㄧㄥˋ,1,DFPHeiW7-ZhuIn-BFW#14433@c9a31422e521,"v4.4 TTF residual exact-outline convergence: conflict-free target full-outline signature; source keys=1 (direct isolated visual=1, same-family same-GID rank1 structural bridge=0); runtime exact normalized outline signature only","No Han text/context/dictionary used at runtime; offline bridge used only to establish frozen target truth, then exact outline signature gate."
aa9d515313ef2be47c7fb9e08749d0df1c64b807,ㄑㄧˊ,1,DFPYuanW7-ZhuIn-BFW#14990@3f83395386b5,"v4.4 TTF residual exact-outline convergence: conflict-free target full-outline signature; source keys=1 (direct isolated visual=0, same-family same-GID rank1 structural bridge=1); runtime exact normalized outline signature only","No Han text/context/dictionary used at runtime; offline bridge used only to establish frozen target truth, then exact outline signature gate."
ab3cc4cb61309981d44aec74419e362636d4e348,ㄐㄧㄤˇ,1,DFPYuanW7-ZhuIn-BFW#14969@8c3afa4b31b5,"v4.4 TTF residual exact-outline convergence: conflict-free target full-outline signature; source keys=1 (direct isolated visual=0, same-family same-GID rank1 structural bridge=1); runtime exact normalized outline signature only","No Han text/context/dictionary used at runtime; offline bridge used only to establish frozen target truth, then exact outline signature gate."
abcd2f9b7724a4f3283ef4701ae73d4bd1d740d3,ㄆㄠˇ,1,DFPYuanW7-ZhuIn-BFW#14331@3d4105d59d5f,"v4.4 TTF residual exact-outline convergence: conflict-free target full-outline signature; source keys=1 (direct isolated visual=0, same-family same-GID rank1 structural bridge=1); runtime exact normalized outline signature only","No Han text/context/dictionary used at runtime; offline bridge used only to establish frozen target truth, then exact outline signature gate."
ac1ca6058e5a9ea2ce91396a857a2f76b5e19d41,ㄆㄨ,1,DFPYuanW7-ZhuIn-BFW#14373@0a4838850831,"v4.4 TTF residual exact-outline convergence: conflict-free target full-outline signature; source keys=1 (direct isolated visual=1, same-family same-GID rank1 structural bridge=0); runtime exact normalized outline signature only","No Han text/context/dictionary used at runtime; offline bridge used only to establish frozen target truth, then exact outline signature gate."
ada5661f67f94be56ad7ac7bda4f8a6adced37b5,ㄓㄡ,1,DFPHeiW5-ZhuIn-BFW#15114@980de634136f,"v4.4 TTF residual exact-outline convergence: conflict-free target full-outline signature; source keys=1 (direct isolated visual=1, same-family same-GID rank1 structural bridge=0); runtime exact normalized outline signature only","No Han text/context/dictionary used at runtime; offline bridge used only to establish frozen target truth, then exact outline signature gate."
adef496d70d061b04229f0d9c05d6ba4f8d88206,ㄆㄧㄠ,1,DFPYuanW7-ZhuIn-BFW#14357@24a247fbc154,"v4.4 TTF residual exact-outline convergence: conflict-free target full-outline signature; source keys=1 (direct isolated visual=0, same-family same-GID rank1 structural bridge=1); runtime exact normalized outline signature only","No Han text/context/dictionary used at runtime; offline bridge used only to establish frozen target truth, then exact outline signature gate."
b067f92ecfbe038ccb6124873eaf9af627b3c0dc,ㄒㄧㄝˊ,1,DFPYuanW7-ZhuIn-BFW#15048@cb76ceea4f9c,"v4.4 TTF residual exact-outline convergence: conflict-free target full-outline signature; source keys=1 (direct isolated visual=0, same-family same-GID rank1 structural bridge=1); runtime exact normalized outline signature only","No Han text/context/dictionary used at runtime; offline bridge used only to establish frozen target truth, then exact outline signature gate."
b0f584a93aefef1c87b720eb95eea7942df7063e,ㄇㄧㄣˇ,1,DFPYuanW7-ZhuIn-BFW#14431@9c722db2bbbd,"v4.4 TTF residual exact-outline convergence: conflict-free target full-outline signature; source keys=1 (direct isolated visual=0, same-family same-GID rank1 structural bridge=1); runtime exact normalized outline signature only","No Han text/context/dictionary used at runtime; offline bridge used only to establish frozen target truth, then exact outline signature gate."
b1a9e9f594bb4098dda8fc0b022ac05f6ea9bf35,ㄖㄣˋ,1,DFPYuanW7-ZhuIn-BFW#15296@b8356f41fe7a,"v4.4 TTF residual exact-outline convergence: conflict-free target full-outline signature; source keys=1 (direct isolated visual=0, same-family same-GID rank1 structural bridge=1); runtime exact normalized outline signature only","No Han text/context/dictionary used at runtime; offline bridge used only to establish frozen target truth, then exact outline signature gate."
b1d166217df148994bc8bb2f3b9ad6306e92d060,ㄓˇ,1,DFPYuanW7-ZhuIn-BFW#15096@237c5dcd8524,"v4.4 TTF residual exact-outline convergence: conflict-free target full-outline signature; source keys=1 (direct isolated visual=0, same-family same-GID rank1 structural bridge=1); runtime exact normalized outline signature only","No Han text/context/dictionary used at runtime; offline bridge used only to establish frozen target truth, then exact outline signature gate."
b3d4fb935207bdfdeba2b3cccd54ff1a87179bbe,ㄌㄧㄢˊ,1,DFPYuanW7-ZhuIn-BFW#14719@079544cb4a6e,"v4.4 TTF residual exact-outline convergence: conflict-free target full-outline signature; source keys=1 (direct isolated visual=0, same-family same-GID rank1 structural bridge=1); runtime exact normalized outline signature only","No Han text/context/dictionary used at runtime; offline bridge used only to establish frozen target truth, then exact outline signature gate."
b4e96320b56245d9a94cd9f9ca4e703451c45c4c,ㄅㄟˋ,1,DFPYuanW7-ZhuIn-BFW#14271@e4d514413ac8,"v4.4 TTF residual exact-outline convergence: conflict-free target full-outline signature; source keys=1 (direct isolated visual=0, same-family same-GID rank1 structural bridge=1); runtime exact normalized outline signature only","No Han text/context/dictionary used at runtime; offline bridge used only to establish frozen target truth, then exact outline signature gate."
b55438a5a665b08e94fa9d81aef64b1412b857bf,ㄏㄢˇ,1,DFPYuanW7-ZhuIn-BFW#14896@4a619ef009c3,"v4.4 TTF residual exact-outline convergence: conflict-free target full-outline signature; source keys=1 (direct isolated visual=0, same-family same-GID rank1 structural bridge=1); runtime exact normalized outline signature only","No Han text/context/dictionary used at runtime; offline bridge used only to establish frozen target truth, then exact outline signature gate."
b5a3abbf060915e25e986a1648c758319c9ee497,ㄊㄨㄟˇ,1,DFPYuanW7-ZhuIn-BFW#14593@606dff84c799,"v4.4 TTF residual exact-outline convergence: conflict-free target full-outline signature; source keys=1 (direct isolated visual=0, same-family same-GID rank1 structural bridge=1); runtime exact normalized outline signature only","No Han text/context/dictionary used at runtime; offline bridge used only to establish frozen target truth, then exact outline signature gate."
b5e00d44d2081fd88fdb5d617e5196a9e9a1e173,ㄔㄥˇ,1,DFPYuanW3-ZhuIn-BFW#15193@42b7b40cbaa1,"v4.4 TTF residual exact-outline convergence: conflict-free target full-outline signature; source keys=1 (direct isolated visual=1, same-family same-GID rank1 structural bridge=0); runtime exact normalized outline signature only","No Han text/context/dictionary used at runtime; offline bridge used only to establish frozen target truth, then exact outline signature gate."
b5eee944a5bdca577c8a71c83e5d1fac5f769043,ㄙˋ,1,DFPHeiW5-ZhuIn-BFW#15422@fe2f425a74ab,"v4.4 TTF residual exact-outline convergence: conflict-free target full-outline signature; source keys=1 (direct isolated visual=1, same-family same-GID rank1 structural bridge=0); runtime exact normalized outline signature only","No Han text/context/dictionary used at runtime; offline bridge used only to establish frozen target truth, then exact outline signature gate."
b64ca625bddf2c7d8e75960ed2a94aba8c0f25cb,ㄧˋ,1,DFPHeiW7-PoIn1-BFW#14168@dd503effe8a0,"v4.4 TTF residual exact-outline convergence: conflict-free target full-outline signature; source keys=1 (direct isolated visual=1, same-family same-GID rank1 structural bridge=0); runtime exact normalized outline signature only","No Han text/context/dictionary used at runtime; offline bridge used only to establish frozen target truth, then exact outline signature gate."
b6d0dfca07cab5557d811bb6951e52717d28ba18,ㄉㄞˋ,1,DFPYuanW7-ZhuIn-BFW#14483@dde02eeb447c,"v4.4 TTF residual exact-outline convergence: conflict-free target full-outline signature; source keys=1 (direct isolated visual=0, same-family same-GID rank1 structural bridge=1); runtime exact normalized outline signature only","No Han text/context/dictionary used at runtime; offline bridge used only to establish frozen target truth, then exact outline signature gate."
b804b647a5d0988bb0cced4f2757d30abe769abd,ㄎㄜˋ,1,DFPYuanW7-ZhuIn-BFW#14824@4beecd82169f,"v4.4 TTF residual exact-outline convergence: conflict-free target full-outline signature; source keys=1 (direct isolated visual=0, same-family same-GID rank1 structural bridge=1); runtime exact normalized outline signature only","No Han text/context/dictionary used at runtime; offline bridge used only to establish frozen target truth, then exact outline signature gate."
b84427812ea8dd93e99377d8f187742a53874e91,ㄊㄧㄝˇ,1,DFPYuanW7-ZhuIn-BFW#14569@bac68eec6da4,"v4.4 TTF residual exact-outline convergence: conflict-free target full-outline signature; source keys=1 (direct isolated visual=0, same-family same-GID rank1 structural bridge=1); runtime exact normalized outline signature only","No Han text/context/dictionary used at runtime; offline bridge used only to establish frozen target truth, then exact outline signature gate."
b9ed1dd8bcb2fed1f7f6ab7536867b537214fc7e,ㄇㄢˋ,1,DFPYuanW7-ZhuIn-BFW#14402@3fbe59d9e460,"v4.4 TTF residual exact-outline convergence: conflict-free target full-outline signature; source keys=1 (direct isolated visual=0, same-family same-GID rank1 structural bridge=1); runtime exact normalized outline signature only","No Han text/context/dictionary used at runtime; offline bridge used only to establish frozen target truth, then exact outline signature gate."
ba75f49d42af86d0f51410a6e13b9e1187169bb2,ㄅㄢ,1,DFPYuanW7-ZhuIn-BFW#14277@28b1d6ac963a,"v4.4 TTF residual exact-outline convergence: conflict-free target full-outline signature; source keys=1 (direct isolated visual=0, same-family same-GID rank1 structural bridge=1); runtime exact normalized outline signature only","No Han text/context/dictionary used at runtime; offline bridge used only to establish frozen target truth, then exact outline signature gate."
bb9cfece56228f60937bcb22ce0c64da131c07b9,ㄌㄧㄢˋ,1,DFPYuanW7-ZhuIn-BFW#14720@769b5579dd39,"v4.4 TTF residual exact-outline convergence: conflict-free target full-outline signature; source keys=1 (direct isolated visual=0, same-family same-GID rank1 structural bridge=1); runtime exact normalized outline signature only","No Han text/context/dictionary used at runtime; offline bridge used only to establish frozen target truth, then exact outline signature gate."
bc953ea0048488e6ec289e83a256dca4fa3ca742,ㄌㄨㄥˊ,1,DFPYuanW7-ZhuIn-BFW#14747@6e0bda8bba84,"v4.4 TTF residual exact-outline convergence: conflict-free target full-outline signature; source keys=1 (direct isolated visual=0, same-family same-GID rank1 structural bridge=1); runtime exact normalized outline signature only","No Han text/context/dictionary used at runtime; offline bridge used only to establish frozen target truth, then exact outline signature gate."
bcc2fae300f9fb9335b453510c5c7c5094549fec,ㄐㄧㄡˋ,1,DFPHeiW7-ZhuIn-BFW#14959@42e53ca7bfc7,"v4.4 TTF residual exact-outline convergence: conflict-free target full-outline signature; source keys=1 (direct isolated visual=1, same-family same-GID rank1 structural bridge=0); runtime exact normalized outline signature only","No Han text/context/dictionary used at runtime; offline bridge used only to establish frozen target truth, then exact outline signature gate."
bd9cac2611cc4890924868fd4e3a487e6854e8c9,ㄔㄨㄢ,1,DFPYuanW3-ZhuIn-BFW#15208@42612288970e,"v4.4 TTF residual exact-outline convergence: conflict-free target full-outline signature; source keys=1 (direct isolated visual=1, same-family same-GID rank1 structural bridge=0); runtime exact normalized outline signature only","No Han text/context/dictionary used at runtime; offline bridge used only to establish frozen target truth, then exact outline signature gate."
bfa5651693385f80114fa8309deaf4d689099dcf,ㄐㄧㄥˋ,1,DFPYuanW7-ZhuIn-BFW#14971@85db239d2f81,"v4.4 TTF residual exact-outline convergence: conflict-free target full-outline signature; source keys=1 (direct isolated visual=0, same-family same-GID rank1 structural bridge=1); runtime exact normalized outline signature only","No Han text/context/dictionary used at runtime; offline bridge used only to establish frozen target truth, then exact outline signature gate."
bfc788dc8f7d4cf3ac2f7131d76d29c073f290dd,ㄌㄨㄣˋ,1,DFPYuanW7-ZhuIn-BFW#14745@1aed08948bd4,"v4.4 TTF residual exact-outline convergence: conflict-free target full-outline signature; source keys=1 (direct isolated visual=0, same-family same-GID rank1 structural bridge=1); runtime exact normalized outline signature only","No Han text/context/dictionary used at runtime; offline bridge used only to establish frozen target truth, then exact outline signature gate."
bff3d168f81b912dd49a411b4b188a860e345044,ㄍㄨㄣˇ,1,DFPYuanW7-ZhuIn-BFW#14812@b92a29dadf6e,"v4.4 TTF residual exact-outline convergence: conflict-free target full-outline signature; source keys=1 (direct isolated visual=0, same-family same-GID rank1 structural bridge=1); runtime exact normalized outline signature only","No Han text/context/dictionary used at runtime; offline bridge used only to establish frozen target truth, then exact outline signature gate."
c02191891a0f2545000871995f7460438e251c84,ㄔㄨㄢˊ,1,DFPYuanW7-ZhuIn-BFW#15209@6f63715d987b,"v4.4 TTF residual exact-outline convergence: conflict-free target full-outline signature; source keys=1 (direct isolated visual=0, same-family same-GID rank1 structural bridge=1); runtime exact normalized outline signature only","No Han text/context/dictionary used at runtime; offline bridge used only to establish frozen target truth, then exact outline signature gate."
c04ac1200a1bad3d37aebcca230b1a18d953291a,ㄗㄞˋ,1,DFPYuanW7-ZhuIn-BFW#15328@9aa96de51b32,"v4.4 TTF residual exact-outline convergence: conflict-free target full-outline signature; source keys=1 (direct isolated visual=0, same-family same-GID rank1 structural bridge=1); runtime exact normalized outline signature only","No Han text/context/dictionary used at runtime; offline bridge used only to establish frozen target truth, then exact outline signature gate."
c054eb2ba0c8544fa94ca247e7ed51635374da26,ㄊㄧˊ,1,DFPYuanW7-ZhuIn-BFW#14564@9647a64c32a7,"v4.4 TTF residual exact-outline convergence: conflict-free target full-outline signature; source keys=1 (direct isolated visual=0, same-family same-GID rank1 structural bridge=1); runtime exact normalized outline signature only","No Han text/context/dictionary used at runtime; offline bridge used only to establish frozen target truth, then exact outline signature gate."
c0fcc5af1cc65336ce521f4b1e075083ab5c19ee,ㄧㄢˇ,1,DFPYuanW7-ZhuIn-BFW#14191@66e3eef7b583,"v4.4 TTF residual exact-outline convergence: conflict-free target full-outline signature; source keys=1 (direct isolated visual=0, same-family same-GID rank1 structural bridge=1); runtime exact normalized outline signature only","No Han text/context/dictionary used at runtime; offline bridge used only to establish frozen target truth, then exact outline signature gate."
c2e5112a3871e57b6f87e7af3cd32cf0d9cbbaa6,ㄕㄤˋ,1,DFPYuanW7-ZhuIn-BFW#15257@755f3226cde2,"v4.4 TTF residual exact-outline convergence: conflict-free target full-outline signature; source keys=1 (direct isolated visual=0, same-family same-GID rank1 structural bridge=1); runtime exact normalized outline signature only","No Han text/context/dictionary used at runtime; offline bridge used only to establish frozen target truth, then exact outline signature gate."
c3072ba457210bc613b244075bb6133ec47aba51,ㄐㄧㄢˇ,1,DFPYuanW7-ZhuIn-BFW#14963@9ea81f0b217b,"v4.4 TTF residual exact-outline convergence: conflict-free target full-outline signature; source keys=1 (direct isolated visual=0, same-family same-GID rank1 structural bridge=1); runtime exact normalized outline signature only","No Han text/context/dictionary used at runtime; offline bridge used only to establish frozen target truth, then exact outline signature gate."
c4b0bdfc432f26414001c86acf3b60dc79b876bd,ㄗㄨㄛˋ,1,DFPHeiW5-ZhuIn-BFW#15356@1f3e488c95c0,"v4.4 TTF residual exact-outline convergence: conflict-free target full-outline signature; source keys=1 (direct isolated visual=1, same-family same-GID rank1 structural bridge=0); runtime exact normalized outline signature only","No Han text/context/dictionary used at runtime; offline bridge used only to establish frozen target truth, then exact outline signature gate."
c50f47b1f868ae506f0c9630cf548df4b3167589,ㄒㄩㄝˊ,1,DFPYuanW7-ZhuIn-BFW#15079@2179a6afca20,"v4.4 TTF residual exact-outline convergence: conflict-free target full-outline signature; source keys=1 (direct isolated visual=0, same-family same-GID rank1 structural bridge=1); runtime exact normalized outline signature only","No Han text/context/dictionary used at runtime; offline bridge used only to establish frozen target truth, then exact outline signature gate."
c5d21a57fba671cccc1795a44bb78d740f206b58,ㄔㄨㄢˋ,1,DFPYuanW3-ZhuIn-BFW#15210@58e8240de497,"v4.4 TTF residual exact-outline convergence: conflict-free target full-outline signature; source keys=1 (direct isolated visual=1, same-family same-GID rank1 structural bridge=0); runtime exact normalized outline signature only","No Han text/context/dictionary used at runtime; offline bridge used only to establish frozen target truth, then exact outline signature gate."
c65d53d87bfb1f6e1dd4b456eb5d9f888acb252c,ㄐㄧㄢ,1,DFPYuanW7-ZhuIn-BFW#14961@ed4dde45b1d5,"v4.4 TTF residual exact-outline convergence: conflict-free target full-outline signature; source keys=1 (direct isolated visual=0, same-family same-GID rank1 structural bridge=1); runtime exact normalized outline signature only","No Han text/context/dictionary used at runtime; offline bridge used only to establish frozen target truth, then exact outline signature gate."
c678df8a056683c26d2b61e64943924a3fed4653,˙ㄋㄞ,1,DFPYuanW3-PoIn1-BFW#15494@0011c388cf03,"v4.4 TTF residual exact-outline convergence: conflict-free target full-outline signature; source keys=1 (direct isolated visual=1, same-family same-GID rank1 structural bridge=0); runtime exact normalized outline signature only","No Han text/context/dictionary used at runtime; offline bridge used only to establish frozen target truth, then exact outline signature gate."
c88403f45cfa3879b739ab025bafe9de12824809,ㄉㄜˊ,1,DFPYuanW7-ZhuIn-BFW#14481@befab72b844c,"v4.4 TTF residual exact-outline convergence: conflict-free target full-outline signature; source keys=1 (direct isolated visual=0, same-family same-GID rank1 structural bridge=1); runtime exact normalized outline signature only","No Han text/context/dictionary used at runtime; offline bridge used only to establish frozen target truth, then exact outline signature gate."
c8b02a8a235e4f92295b6c6cfd5b3408946c2b42,˙ㄊㄡ,1,DFPYuanW3-PoIn1-BFW#14550@a7498118fdf8,"v4.4 TTF residual exact-outline convergence: conflict-free target full-outline signature; source keys=1 (direct isolated visual=1, same-family same-GID rank1 structural bridge=0); runtime exact normalized outline signature only","No Han text/context/dictionary used at runtime; offline bridge used only to establish frozen target truth, then exact outline signature gate."
c948ff3a2a66f1bb813b041c91c8eef7a1f98565,ㄏㄜˊ,1,DFPYuanW7-ZhuIn-BFW#14877@049ce721fbcc,"v4.4 TTF residual exact-outline convergence: conflict-free target full-outline signature; source keys=1 (direct isolated visual=0, same-family same-GID rank1 structural bridge=1); runtime exact normalized outline signature only","No Han text/context/dictionary used at runtime; offline bridge used only to establish frozen target truth, then exact outline signature gate."
c9f83b4a221b93ccfb506db267e7b3648dc3caf1,ㄅㄠˋ,1,DFPYuanW7-ZhuIn-BFW#14275@f5d03a17921c,"v4.4 TTF residual exact-outline convergence: conflict-free target full-outline signature; source keys=1 (direct isolated visual=0, same-family same-GID rank1 structural bridge=1); runtime exact normalized outline signature only","No Han text/context/dictionary used at runtime; offline bridge used only to establish frozen target truth, then exact outline signature gate."
caf23085ad3c7da0e3accab1384d40e376d5b146,ㄐㄧㄝ,1,DFPYuanW7-ZhuIn-BFW#14950@64a7a5045e95,"v4.4 TTF residual exact-outline convergence: conflict-free target full-outline signature; source keys=1 (direct isolated visual=0, same-family same-GID rank1 structural bridge=1); runtime exact normalized outline signature only","No Han text/context/dictionary used at runtime; offline bridge used only to establish frozen target truth, then exact outline signature gate."
cb1e2441317c2b5e3dbc14573b5737cafc597efa,ㄑㄩㄢˊ,1,DFPYuanW7-ZhuIn-BFW#15032@1b1430c8e29b,"v4.4 TTF residual exact-outline convergence: conflict-free target full-outline signature; source keys=1 (direct isolated visual=0, same-family same-GID rank1 structural bridge=1); runtime exact normalized outline signature only","No Han text/context/dictionary used at runtime; offline bridge used only to establish frozen target truth, then exact outline signature gate."
cd5bda1427723ed2bbaf1614ded32c81050186a8,ㄧㄡˇ,1,DFPYuanW7-ZhuIn-BFW#14187@3d0c536b6589,"v4.4 TTF residual exact-outline convergence: conflict-free target full-outline signature; source keys=1 (direct isolated visual=0, same-family same-GID rank1 structural bridge=1); runtime exact normalized outline signature only","No Han text/context/dictionary used at runtime; offline bridge used only to establish frozen target truth, then exact outline signature gate."
cddad5bb1e84f5c5c6ab6e5fe08f52d95fb5cf99,ㄌㄧㄤˊ,1,DFPYuanW7-ZhuIn-BFW#14725@548cdc679809,"v4.4 TTF residual exact-outline convergence: conflict-free target full-outline signature; source keys=1 (direct isolated visual=0, same-family same-GID rank1 structural bridge=1); runtime exact normalized outline signature only","No Han text/context/dictionary used at runtime; offline bridge used only to establish frozen target truth, then exact outline signature gate."
cf8dfe2b3c6d62b07ade5f2add26718e8ed80f5a,ㄇㄨˋ,1,DFPYuanW7-ZhuIn-BFW#14436@a5c941a4afc5,"v4.4 TTF residual exact-outline convergence: conflict-free target full-outline signature; source keys=1 (direct isolated visual=0, same-family same-GID rank1 structural bridge=1); runtime exact normalized outline signature only","No Han text/context/dictionary used at runtime; offline bridge used only to establish frozen target truth, then exact outline signature gate."
cfff9a0366fe05874d294fc97076708d9dab4da1,ㄏㄠˋ,1,DFPYuanW7-ZhuIn-BFW#14887@0e4c0039f85f,"v4.4 TTF residual exact-outline convergence: conflict-free target full-outline signature; source keys=1 (direct isolated visual=0, same-family same-GID rank1 structural bridge=1); runtime exact normalized outline signature only","No Han text/context/dictionary used at runtime; offline bridge used only to establish frozen target truth, then exact outline signature gate."
d090eb984e4ed222e91bce819103f20fe438ed38,ㄕㄥˋ,1,DFPYuanW7-ZhuIn-BFW#15261@e86af217d0ca,"v4.4 TTF residual exact-outline convergence: conflict-free target full-outline signature; source keys=1 (direct isolated visual=0, same-family same-GID rank1 structural bridge=1); runtime exact normalized outline signature only","No Han text/context/dictionary used at runtime; offline bridge used only to establish frozen target truth, then exact outline signature gate."
d407dd6d2b612e660d4c54235a011425f1362398,ㄔㄡ,1,DFPYuanW3-ZhuIn-BFW#15174@992bcae39a89,"v4.4 TTF residual exact-outline convergence: conflict-free target full-outline signature; source keys=1 (direct isolated visual=1, same-family same-GID rank1 structural bridge=0); runtime exact normalized outline signature only","No Han text/context/dictionary used at runtime; offline bridge used only to establish frozen target truth, then exact outline signature gate."
d5d7fd5285c258493c2c6ef475546018b8a143fd,ㄌㄧˊ,1,DFPYuanW7-ZhuIn-BFW#14704@bd21cae10ed2,"v4.4 TTF residual exact-outline convergence: conflict-free target full-outline signature; source keys=1 (direct isolated visual=0, same-family same-GID rank1 structural bridge=1); runtime exact normalized outline signature only","No Han text/context/dictionary used at runtime; offline bridge used only to establish frozen target truth, then exact outline signature gate."
d60247ffcd7dc656df6ecf9052fab503d0a0ab96,ㄕㄥˊ,1,DFPYuanW7-ZhuIn-BFW#15260@37f4fd184560,"v4.4 TTF residual exact-outline convergence: conflict-free target full-outline signature; source keys=1 (direct isolated visual=0, same-family same-GID rank1 structural bridge=1); runtime exact normalized outline signature only","No Han text/context/dictionary used at runtime; offline bridge used only to establish frozen target truth, then exact outline signature gate."
d6af7a3aeba214636663acb429a198619cc8c4d2,ㄕㄨㄟˇ,1,DFPYuanW7-ZhuIn-BFW#15276@c85dc469bf97,"v4.4 TTF residual exact-outline convergence: conflict-free target full-outline signature; source keys=1 (direct isolated visual=0, same-family same-GID rank1 structural bridge=1); runtime exact normalized outline signature only","No Han text/context/dictionary used at runtime; offline bridge used only to establish frozen target truth, then exact outline signature gate."
d83e392fdd2bf71f01ae3753eb7c567db2b47e48,ㄌㄩˋ,1,DFPYuanW7-ZhuIn-BFW#14751@ff5b8d663fe1,"v4.4 TTF residual exact-outline convergence: conflict-free target full-outline signature; source keys=1 (direct isolated visual=0, same-family same-GID rank1 structural bridge=1); runtime exact normalized outline signature only","No Han text/context/dictionary used at runtime; offline bridge used only to establish frozen target truth, then exact outline signature gate."
d8876597012efe7560ffe33b8c445d64fe0d75c6,ㄧㄢˋ,1,DFPYuanW7-ZhuIn-BFW#14190@a2285351b66e,"v4.4 TTF residual exact-outline convergence: conflict-free target full-outline signature; source keys=1 (direct isolated visual=0, same-family same-GID rank1 structural bridge=1); runtime exact normalized outline signature only","No Han text/context/dictionary used at runtime; offline bridge used only to establish frozen target truth, then exact outline signature gate."
d8ac220d825f68869c405e9b7ae766e49e4e6961,ㄙㄨㄥ,1,DFPYuanW7-ZhuIn-BFW#15461@1f075014fda2,"v4.4 TTF residual exact-outline convergence: conflict-free target full-outline signature; source keys=1 (direct isolated visual=0, same-family same-GID rank1 structural bridge=1); runtime exact normalized outline signature only","No Han text/context/dictionary used at runtime; offline bridge used only to establish frozen target truth, then exact outline signature gate."
d8e6cc450ba4aa98053afb311a35844214098572,˙ㄚ,1,DFPYuanW3-PoIn1-BFW#14126@0fbce3951b6a,"v4.4 TTF residual exact-outline convergence: conflict-free target full-outline signature; source keys=1 (direct isolated visual=1, same-family same-GID rank1 structural bridge=0); runtime exact normalized outline signature only","No Han text/context/dictionary used at runtime; offline bridge used only to establish frozen target truth, then exact outline signature gate."
dbeddb77b09217a8946160b657cce49be31b029e,ㄒㄩˋ,1,DFPYuanW7-ZhuIn-BFW#15076@79310415b323,"v4.4 TTF residual exact-outline convergence: conflict-free target full-outline signature; source keys=1 (direct isolated visual=0, same-family same-GID rank1 structural bridge=1); runtime exact normalized outline signature only","No Han text/context/dictionary used at runtime; offline bridge used only to establish frozen target truth, then exact outline signature gate."
dfb3b3444a69c3f504abced30f38983b61aa626e,ㄔㄨㄤˋ,1,DFPYuanW7-ZhuIn-BFW#15217@d75abc5aa681,"v4.4 TTF residual exact-outline convergence: conflict-free target full-outline signature; source keys=1 (direct isolated visual=1, same-family same-GID rank1 structural bridge=0); runtime exact normalized outline signature only","No Han text/context/dictionary used at runtime; offline bridge used only to establish frozen target truth, then exact outline signature gate."
e01dadc7e9338ecb7aa1ddba193664543427af00,ㄌㄢˊ,1,DFPYuanW7-ZhuIn-BFW#14693@aa44b5e4c456,"v4.4 TTF residual exact-outline convergence: conflict-free target full-outline signature; source keys=1 (direct isolated visual=0, same-family same-GID rank1 structural bridge=1); runtime exact normalized outline signature only","No Han text/context/dictionary used at runtime; offline bridge used only to establish frozen target truth, then exact outline signature gate."
e04da061cbf735a851c16c1bec5520838ec976a1,ㄍㄨㄟ,1,DFPYuanW7-ZhuIn-BFW#14805@419e8274a93a,"v4.4 TTF residual exact-outline convergence: conflict-free target full-outline signature; source keys=1 (direct isolated visual=0, same-family same-GID rank1 structural bridge=1); runtime exact normalized outline signature only","No Han text/context/dictionary used at runtime; offline bridge used only to establish frozen target truth, then exact outline signature gate."
e16bdf437356c063208dca99962b5bd76b05ccf1,ㄉㄚˇ,1,DFPHeiW5-ZhuIn-BFW#14478@1ccc2382e90c,"v4.4 TTF residual exact-outline convergence: conflict-free target full-outline signature; source keys=1 (direct isolated visual=1, same-family same-GID rank1 structural bridge=0); runtime exact normalized outline signature only","No Han text/context/dictionary used at runtime; offline bridge used only to establish frozen target truth, then exact outline signature gate."
e16dff8c2093b608bcf04be11574c310f414778d,ㄓㄨㄣˇ,1,DFPYuanW7-ZhuIn-BFW#15149@56816a4aee8f,"v4.4 TTF residual exact-outline convergence: conflict-free target full-outline signature; source keys=1 (direct isolated visual=0, same-family same-GID rank1 structural bridge=1); runtime exact normalized outline signature only","No Han text/context/dictionary used at runtime; offline bridge used only to establish frozen target truth, then exact outline signature gate."
e1a5c87262179a4845063ad5bb4a4275770edc91,ㄆㄢˊ,1,DFPYuanW7-ZhuIn-BFW#14336@a3c49d6ae678,"v4.4 TTF residual exact-outline convergence: conflict-free target full-outline signature; source keys=1 (direct isolated visual=0, same-family same-GID rank1 structural bridge=1); runtime exact normalized outline signature only","No Han text/context/dictionary used at runtime; offline bridge used only to establish frozen target truth, then exact outline signature gate."
e2950e5750ad6f83113504f4cad72e6cbc7e14a1,ㄐㄧㄡˇ,1,DFPYuanW7-ZhuIn-BFW#14960@f2d6da492fd1,"v4.4 TTF residual exact-outline convergence: conflict-free target full-outline signature; source keys=1 (direct isolated visual=0, same-family same-GID rank1 structural bridge=1); runtime exact normalized outline signature only","No Han text/context/dictionary used at runtime; offline bridge used only to establish frozen target truth, then exact outline signature gate."
e2b7cd30b865ae8706a0de742a7bb029c9d5a801,ㄨˇ,1,DFPYuanW7-ZhuIn-BFW#14207@11cff63b8aa6,"v4.4 TTF residual exact-outline convergence: conflict-free target full-outline signature; source keys=1 (direct isolated visual=0, same-family same-GID rank1 structural bridge=1); runtime exact normalized outline signature only","No Han text/context/dictionary used at runtime; offline bridge used only to establish frozen target truth, then exact outline signature gate."
e2df3c0c62b7250ccd61c6eecc063cf2d00779cb,ㄊㄜˋ,1,DFPYuanW7-ZhuIn-BFW#14541@71a0a8baef74,"v4.4 TTF residual exact-outline convergence: conflict-free target full-outline signature; source keys=1 (direct isolated visual=0, same-family same-GID rank1 structural bridge=1); runtime exact normalized outline signature only","No Han text/context/dictionary used at runtime; offline bridge used only to establish frozen target truth, then exact outline signature gate."
e365e0f0f6d4ebc24520066b936d5d2ddfc3708b,ㄅㄢˋ,1,DFPYuanW7-ZhuIn-BFW#14278@78074c4aa61c,"v4.4 TTF residual exact-outline convergence: conflict-free target full-outline signature; source keys=1 (direct isolated visual=0, same-family same-GID rank1 structural bridge=1); runtime exact normalized outline signature only","No Han text/context/dictionary used at runtime; offline bridge used only to establish frozen target truth, then exact outline signature gate."
e413e497ce9f31cbf704c32c5787ef6db8aaadbe,ㄨㄢˊ,1,DFPYuanW7-ZhuIn-BFW#14223@bc370db909cb,"v4.4 TTF residual exact-outline convergence: conflict-free target full-outline signature; source keys=1 (direct isolated visual=0, same-family same-GID rank1 structural bridge=1); runtime exact normalized outline signature only","No Han text/context/dictionary used at runtime; offline bridge used only to establish frozen target truth, then exact outline signature gate."
e5873128a6329abee4b168cd3f9432beba88d5bb,ㄓㄤˇ,1,DFPYuanW7-PoIn1-BFW#15126@1ec779e70a41,"v4.4 TTF residual exact-outline convergence: conflict-free target full-outline signature; source keys=1 (direct isolated visual=0, same-family same-GID rank1 structural bridge=1); runtime exact normalized outline signature only","No Han text/context/dictionary used at runtime; offline bridge used only to establish frozen target truth, then exact outline signature gate."
e87ebf6583003f774853026511451784e21a440b,ㄧㄠˋ,1,DFPYuanW7-ZhuIn-BFW#14182@86b5568a17f2,"v4.4 TTF residual exact-outline convergence: conflict-free target full-outline signature; source keys=1 (direct isolated visual=0, same-family same-GID rank1 structural bridge=1); runtime exact normalized outline signature only","No Han text/context/dictionary used at runtime; offline bridge used only to establish frozen target truth, then exact outline signature gate."
e9b39e4ad4b218b9c9a212a968de858765ee28fd,ㄔㄣˊ,1,DFPYuanW3-ZhuIn-BFW#15183@79c262a442cd,"v4.4 TTF residual exact-outline convergence: conflict-free target full-outline signature; source keys=1 (direct isolated visual=1, same-family same-GID rank1 structural bridge=0); runtime exact normalized outline signature only","No Han text/context/dictionary used at runtime; offline bridge used only to establish frozen target truth, then exact outline signature gate."
ea698a04cb81357414dbaa1c8d11589e259de7a6,ㄐㄧㄚ,1,DFPYuanW7-ZhuIn-BFW#14946@7e1fc2c490f9,"v4.4 TTF residual exact-outline convergence: conflict-free target full-outline signature; source keys=1 (direct isolated visual=0, same-family same-GID rank1 structural bridge=1); runtime exact normalized outline signature only","No Han text/context/dictionary used at runtime; offline bridge used only to establish frozen target truth, then exact outline signature gate."
ebebeb7f2deb3591fabef98c6ba4035e756300fb,ㄊㄧㄠˋ,1,DFPYuanW7-ZhuIn-BFW#14572@0cc43b6f4e73,"v4.4 TTF residual exact-outline convergence: conflict-free target full-outline signature; source keys=1 (direct isolated visual=0, same-family same-GID rank1 structural bridge=1); runtime exact normalized outline signature only","No Han text/context/dictionary used at runtime; offline bridge used only to establish frozen target truth, then exact outline signature gate."
ed7165902b50fcaf3337ef32584172c9508ea6f5,ㄐㄧㄠˇ,1,DFPYuanW7-ZhuIn-BFW#14957@d7936a5f5d01,"v4.4 TTF residual exact-outline convergence: conflict-free target full-outline signature; source keys=1 (direct isolated visual=0, same-family same-GID rank1 structural bridge=1); runtime exact normalized outline signature only","No Han text/context/dictionary used at runtime; offline bridge used only to establish frozen target truth, then exact outline signature gate."
ed82b94917ab05e57e86979a9ac44ca0550c3c50,ㄔㄨㄤˊ,1,DFPYuanW3-ZhuIn-BFW#15216@55e37ec64f9e,"v4.4 TTF residual exact-outline convergence: conflict-free target full-outline signature; source keys=1 (direct isolated visual=1, same-family same-GID rank1 structural bridge=0); runtime exact normalized outline signature only","No Han text/context/dictionary used at runtime; offline bridge used only to establish frozen target truth, then exact outline signature gate."
ef2ccb2a06fc8c70818287bbbfe7dac3300b73f1,ㄊㄧ,1,DFPYuanW7-ZhuIn-BFW#14563@64a40b4fbb96,"v4.4 TTF residual exact-outline convergence: conflict-free target full-outline signature; source keys=1 (direct isolated visual=0, same-family same-GID rank1 structural bridge=1); runtime exact normalized outline signature only","No Han text/context/dictionary used at runtime; offline bridge used only to establish frozen target truth, then exact outline signature gate."
f07abd4fdc54ca40728678954b02eefde500bf7f,ㄔㄨㄢ,1,DFPYuanW7-ZhuIn-BFW#15208@a4bf27d1726f,"v4.4 TTF residual exact-outline convergence: conflict-free target full-outline signature; source keys=1 (direct isolated visual=1, same-family same-GID rank1 structural bridge=0); runtime exact normalized outline signature only","No Han text/context/dictionary used at runtime; offline bridge used only to establish frozen target truth, then exact outline signature gate."
f07b7acbbef9ca05a5d42e6009fee1e9236c196c,ㄩㄝˋ,1,DFPYuanW7-ZhuIn-BFW#14243@b5bfdcce9b17,"v4.4 TTF residual exact-outline convergence: conflict-free target full-outline signature; source keys=1 (direct isolated visual=0, same-family same-GID rank1 structural bridge=1); runtime exact normalized outline signature only","No Han text/context/dictionary used at runtime; offline bridge used only to establish frozen target truth, then exact outline signature gate."
f220d2929624ccac5bfd4d56abb71fa1ed14c0b5,ㄍㄨㄢˇ,1,DFPYuanW7-ZhuIn-BFW#14810@e82e9162ccd0,"v4.4 TTF residual exact-outline convergence: conflict-free target full-outline signature; source keys=1 (direct isolated visual=0, same-family same-GID rank1 structural bridge=1); runtime exact normalized outline signature only","No Han text/context/dictionary used at runtime; offline bridge used only to establish frozen target truth, then exact outline signature gate."
f2dfd5410a84a77e29e4ac2e9978b40c48341a60,ㄩㄣˋ,1,DFPYuanW7-ZhuIn-BFW#14250@b9f9860402a4,"v4.4 TTF residual exact-outline convergence: conflict-free target full-outline signature; source keys=1 (direct isolated visual=0, same-family same-GID rank1 structural bridge=1); runtime exact normalized outline signature only","No Han text/context/dictionary used at runtime; offline bridge used only to establish frozen target truth, then exact outline signature gate."
f39eafe9fd8597341c2626488edca8a43ae7d983,ㄢ,1,DFPYuanW7-ZhuIn-BFW#14150@564726cfff38,"v4.4 TTF residual exact-outline convergence: conflict-free target full-outline signature; source keys=1 (direct isolated visual=1, same-family same-GID rank1 structural bridge=0); runtime exact normalized outline signature only","No Han text/context/dictionary used at runtime; offline bridge used only to establish frozen target truth, then exact outline signature gate."
f39f8829b9e298d1c8b650a2a0b30288767e344f,ㄐㄧㄢˋ,1,DFPYuanW7-ZhuIn-BFW#14962@ca199bf6e1e7,"v4.4 TTF residual exact-outline convergence: conflict-free target full-outline signature; source keys=1 (direct isolated visual=0, same-family same-GID rank1 structural bridge=1); runtime exact normalized outline signature only","No Han text/context/dictionary used at runtime; offline bridge used only to establish frozen target truth, then exact outline signature gate."
f45e3aecf3a4efb91d08ca69d746115c70df225a,ㄉㄧㄢˇ,1,DFPYuanW7-ZhuIn-BFW#14514@2982128967e9,"v4.4 TTF residual exact-outline convergence: conflict-free target full-outline signature; source keys=1 (direct isolated visual=0, same-family same-GID rank1 structural bridge=1); runtime exact normalized outline signature only","No Han text/context/dictionary used at runtime; offline bridge used only to establish frozen target truth, then exact outline signature gate."
f6899d932819fdbd06d52fd2fc4569f192625349,ㄓˋ,1,DFPYuanW7-ZhuIn-BFW#15095@4b93273586fa,"v4.4 TTF residual exact-outline convergence: conflict-free target full-outline signature; source keys=1 (direct isolated visual=0, same-family same-GID rank1 structural bridge=1); runtime exact normalized outline signature only","No Han text/context/dictionary used at runtime; offline bridge used only to establish frozen target truth, then exact outline signature gate."
f704a87d573d1783e7d476d4ffa4c7779ac3f413,ㄖㄣˊ,1,DFPYuanW7-ZhuIn-BFW#15295@42d194439ece,"v4.4 TTF residual exact-outline convergence: conflict-free target full-outline signature; source keys=1 (direct isolated visual=0, same-family same-GID rank1 structural bridge=1); runtime exact normalized outline signature only","No Han text/context/dictionary used at runtime; offline bridge used only to establish frozen target truth, then exact outline signature gate."
f91af596ea40dacb8210a0c064d2044f91d7b309,ㄎㄢˋ,1,DFPYuanW7-ZhuIn-BFW#14836@34ab0f053c58,"v4.4 TTF residual exact-outline convergence: conflict-free target full-outline signature; source keys=1 (direct isolated visual=0, same-family same-GID rank1 structural bridge=1); runtime exact normalized outline signature only","No Han text/context/dictionary used at runtime; offline bridge used only to establish frozen target truth, then exact outline signature gate."
f9c59db34997b9c12422f5710870e93c7fb5e3bb,ㄔㄥˊ,1,DFPYuanW7-ZhuIn-BFW#15191@bc8102db6187,"v4.4 TTF residual exact-outline convergence: conflict-free target full-outline signature; source keys=1 (direct isolated visual=0, same-family same-GID rank1 structural bridge=1); runtime exact normalized outline signature only","No Han text/context/dictionary used at runtime; offline bridge used only to establish frozen target truth, then exact outline signature gate."
fb57e5b14798528608300bd24d872318ea5cd32f,ㄒㄧㄥˊ,1,DFPYuanW7-ZhuIn-BFW#15071@4a033f8d9e6a,"v4.4 TTF residual exact-outline convergence: conflict-free target full-outline signature; source keys=1 (direct isolated visual=0, same-family same-GID rank1 structural bridge=1); runtime exact normalized outline signature only","No Han text/context/dictionary used at runtime; offline bridge used only to establish frozen target truth, then exact outline signature gate."
fc9bf51ae31a388860a3b27247d48632dc01ec4a,ㄈㄚ,1,DFPYuanW7-ZhuIn-BFW#14438@b6a89ecb8629,"v4.4 TTF residual exact-outline convergence: conflict-free target full-outline signature; source keys=1 (direct isolated visual=0, same-family same-GID rank1 structural bridge=1); runtime exact normalized outline signature only","No Han text/context/dictionary used at runtime; offline bridge used only to establish frozen target truth, then exact outline signature gate."
fdeb61e6ffbeb7b9f244231654d423b1ce8e1e3c,ㄔˊ,1,DFPYuanW7-ZhuIn-BFW#15157@94e75ba8eb18,"v4.4 TTF residual exact-outline convergence: conflict-free target full-outline signature; source keys=1 (direct isolated visual=0, same-family same-GID rank1 structural bridge=1); runtime exact normalized outline signature only","No Han text/context/dictionary used at runtime; offline bridge used only to establish frozen target truth, then exact outline signature gate."
fe8283bd2d980dfc85134089c1bb5df9f6c636ba,ㄒㄧˊ,1,DFPYuanW7-ZhuIn-BFW#15040@5903208b9d45,"v4.4 TTF residual exact-outline convergence: conflict-free target full-outline signature; source keys=1 (direct isolated visual=0, same-family same-GID rank1 structural bridge=1); runtime exact normalized outline signature only","No Han text/context/dictionary used at runtime; offline bridge used only to establish frozen target truth, then exact outline signature gate."
fef9ce29f88a22892ed99abc56d3f62464130f1d,ㄏㄨㄚˋ,1,DFPYuanW7-ZhuIn-BFW#14913@830400ebbfa8,"v4.4 TTF residual exact-outline convergence: conflict-free target full-outline signature; source keys=1 (direct isolated visual=0, same-family same-GID rank1 structural bridge=1); runtime exact normalized outline signature only","No Han text/context/dictionary used at runtime; offline bridge used only to establish frozen target truth, then exact outline signature gate."
2f86bef8dac7317a601cd810f3982aed5ecfd119,ㄌㄧㄢˇ,1,YenRoundZuinnEG-Bd#14635,v4.9 一上解碼漏失修正：原 PDF 可見注音字形直接覆核後凍結 exact normalized outline signature,115國小健體1上；代表字／用途：臉；runtime exact signature only；不使用中文字、詞義、句境或字典預期音
307d88b55750f5dae5a584651d60d931440fe22c,ㄜˊ,1,DFPBiaoKai-W5-ZhuIn-BFW#14132,v4.9 一上解碼漏失修正：原 PDF 可見注音字形直接覆核後凍結 exact normalized outline signature,115國小健體1上；代表字／用途：額；runtime exact signature only；不使用中文字、詞義、句境或字典預期音
6cfce86a9c2d4a4f27751909a0ac7ef375e421f2,ㄆㄣ,1,DFPBiaoKai-W5-ZhuIn-BFW#14338,v4.9 一上解碼漏失修正：原 PDF 可見注音字形直接覆核後凍結 exact normalized outline signature,115國小健體1上；代表字／用途：噴；runtime exact signature only；不使用中文字、詞義、句境或字典預期音
46767e3eda867941e608f158a764501596c1e035,ㄎㄜˊ,1,YenRoundZuinnEG-Bd#14745,v4.9 一上解碼漏失修正：原 PDF 可見注音字形直接覆核後凍結 exact normalized outline signature,115國小健體1上；代表字／用途：咳；runtime exact signature only；不使用中文字、詞義、句境或字典預期音
bc4443c6233db7003d573a0d589da95e9a11b1d1,ㄇㄡˇ,1,DFPBiaoKai-W5-ZhuIn-BFW#14399,v4.9 一上解碼漏失修正：原 PDF 可見注音字形直接覆核後凍結 exact normalized outline signature,115國小健體1上；代表字／用途：某；runtime exact signature only；不使用中文字、詞義、句境或字典預期音
e0de59042c198ed215b5edb0724641a386595a79,ㄕㄣˊ,1,YenRoundZuinn3EG-Bd#14267,v4.9 一上解碼漏失修正：原 PDF 可見注音字形直接覆核後凍結 exact normalized outline signature,115國小健體1上；代表字／用途：什；runtime exact signature only；不使用中文字、詞義、句境或字典預期音
0ead5b892fd8d3d4516474df01d24f70e0d7d6fe,ㄓㄜ,1,DFPBiaoKai-W5-ZhuIn-BFW#15100,v4.9 一上解碼漏失修正：原 PDF 可見注音字形直接覆核後凍結 exact normalized outline signature,115國小健體1上；代表字／用途：遮；runtime exact signature only；不使用中文字、詞義、句境或字典預期音
147e88c2f2b05574669a77e993ddb8514e7697a2,ㄆㄨˋ,1,DFPBiaoKai-W5-ZhuIn-BFW#14374,v4.9 一上解碼漏失修正：原 PDF 可見注音字形直接覆核後凍結 exact normalized outline signature,115國小健體1上；代表字／用途：曝；runtime exact signature only；不使用中文字、詞義、句境或字典預期音
864c1407fe5dc608ea1719b7852460ecf5dea1f9,ㄆㄤˊ,1,DFPBiaoKai-W5-ZhuIn-BFW#14343,v4.9 一上解碼漏失修正：原 PDF 可見注音字形直接覆核後凍結 exact normalized outline signature,115國小健體1上；代表字／用途：旁／螃；runtime exact signature only；不使用中文字、詞義、句境或字典預期音
f261bcf739850c8383b94f3c27d7ddba2b9efb0d,ㄔㄨㄟ,1,DFPBiaoKai-W5-ZhuIn-BFW#15204,v4.9 一上解碼漏失修正：原 PDF 可見注音字形直接覆核後凍結 exact normalized outline signature,115國小健體1上；代表字／用途：吹；runtime exact signature only；不使用中文字、詞義、句境或字典預期音
affea36cb8ea0fee39fe5dbb4a641caa26704100,ㄆㄨ,1,DFPBiaoKai-W5-ZhuIn-BFW#14372,v4.9 一上解碼漏失修正：原 PDF 可見注音字形直接覆核後凍結 exact normalized outline signature,115國小健體1上；代表字／用途：撲；runtime exact signature only；不使用中文字、詞義、句境或字典預期音
ac47c970b355bede3a30b6ef397856f596359d52,ㄏㄜˋ,1,DFPBiaoKai-W5-ZhuIn-BFW#14877,v4.9 一上解碼漏失修正：原 PDF 可見注音字形直接覆核後凍結 exact normalized outline signature,115國小健體1上；代表字／用途：鶴；runtime exact signature only；不使用中文字、詞義、句境或字典預期音
30051d27be0ee56833eb146ba9e943d7814c6020,ㄕㄜˊ,1,YenRoundZuinnEG-Bd#15162,v4.9 一上解碼漏失修正：原 PDF 可見注音字形直接覆核後凍結 exact normalized outline signature,115國小健體1上；代表字／用途：蛇；runtime exact signature only；不使用中文字、詞義、句境或字典預期音
d8c7bf15390b7d7b5aa85188eb8641c218dad129,ㄆㄚˋ,1,DFPBiaoKai-W5-ZhuIn-BFW#14314,v4.9 一上解碼漏失修正：原 PDF 可見注音字形直接覆核後凍結 exact normalized outline signature,115國小健體1上；代表字／用途：怕；runtime exact signature only；不使用中文字、詞義、句境或字典預期音
f0b1402c8b6cf3347ad73362996e8af1cff04316,ㄔㄚ,1,YenRoundZuinnEG-Bd#15088,v4.9 一上解碼漏失修正：原 PDF 可見注音字形直接覆核後凍結 exact normalized outline signature,115國小健體1上；代表字／用途：叉；runtime exact signature only；不使用中文字、詞義、句境或字典預期音
58ca2bd846308f85a4c5c81be506689fd028966e,ㄔㄥˇ,1,DFPBiaoKai-W5-ZhuIn-BFW#15192,v4.9 一上解碼漏失修正：原 PDF 可見注音字形直接覆核後凍結 exact normalized outline signature,115國小健體1上；代表字／用途：逞；runtime exact signature only；不使用中文字、詞義、句境或字典預期音
9eb3ba9dbd103b7844fb6050061a0d90210c9fd5,ㄦ,1,DFPBiaoKai-W5-PoIn1-BFW#14161,v4.9 一上解碼漏失修正：原 PDF 可見注音字形直接覆核後凍結 exact normalized outline signature,115國小健體1上；代表字／用途：兒化尾；runtime exact signature only；不使用中文字、詞義、句境或字典預期音
