target_font,target_component_id,actual_zhuyin,source_font,source_component_id,component_id_offset,validation_method,visual_chamfer_distance,distance_threshold,occurrences_in_blind_test,char_examples,target_stable_key,target_glyph_sha256,source_stable_key,confidence
DFPWaWa-W5-ZhuIn-BFW,14224,ㄨㄢˇ,DFPBiaoKai-W5-ZhuIn-BFW,14224,0,跨字型輪廓驗證＋component_id 同 ID; target glyf SHA-256 runtime gate,4.558,7.0,1,碗,DFPWaWa-W5-ZhuIn-BFW#14224,7b0c3233ac765a8f8f679d15e76ae2205df9b633c8b791ff29038e2244f7fca1,DFPBiaoKai-W5-ZhuIn-BFW#14224,safe
DFPWaWa-W5-ZhuIn-BFW,14479,˙ㄉㄜ,DFPBiaoKai-W5-ZhuIn-BFW,14479,0,跨字型輪廓驗證＋component_id 同 ID; target glyf SHA-256 runtime gate,3.4824,7.0,1,的,DFPWaWa-W5-ZhuIn-BFW#14479,7035fa25dc3307a22b51849a2578acdec8169fbd54f2b02231b1d1779e3117fb,DFPBiaoKai-W5-ZhuIn-BFW#14479,safe
DFPWaWa-W5-ZhuIn-BFW,14775,ㄍㄢ,DFPBiaoKai-W5-ZhuIn-BFW,14775,0,跨字型輪廓驗證＋component_id 同 ID; target glyf SHA-256 runtime gate,6.4901,7.0,1,乾,DFPWaWa-W5-ZhuIn-BFW#14775,35c7dd32bd01aa6eca9b5cd8673764411c487fd61955797dd7379b7e5fa4855d,DFPBiaoKai-W5-ZhuIn-BFW#14775,safe
DFPWaWa-W5-ZhuIn-BFW,14824,ㄎㄜˇ,DFPBiaoKai-W5-ZhuIn-BFW,14824,0,跨字型輪廓驗證＋component_id 同 ID; target glyf SHA-256 runtime gate,5.1963,7.0,1,可,DFPWaWa-W5-ZhuIn-BFW#14824,7bf5b5d9a4cdbfcc900efd67aca3b98a16b05a461b03c7f91f80157a919af8d2,DFPBiaoKai-W5-ZhuIn-BFW#14824,safe
DFPWaWa-W5-ZhuIn-BFW,14839,ㄎㄤ,DFPBiaoKai-W5-ZhuIn-BFW,14839,0,跨字型輪廓驗證＋component_id 同 ID; target glyf SHA-256 runtime gate,4.0623,7.0,1,康,DFPWaWa-W5-ZhuIn-BFW#14839,b2e8a5150969e6df731eef1a5e23265768c828ba0a22a2d35eceb26447072ad3,DFPBiaoKai-W5-ZhuIn-BFW#14839,safe
DFPWaWa-W5-ZhuIn-BFW,14876,ㄏㄜˊ,DFPBiaoKai-W5-ZhuIn-BFW,14876,0,跨字型輪廓驗證＋component_id 同 ID; target glyf SHA-256 runtime gate,4.9844,7.0,1,何,DFPWaWa-W5-ZhuIn-BFW#14876,f679002492b39d59ec66b908d759e069b9bc824a584235e539b8f8462ab16baf,DFPBiaoKai-W5-ZhuIn-BFW#14876,safe
DFPWaWa-W5-ZhuIn-BFW,14961,ㄐㄧㄢˋ,DFPBiaoKai-W5-ZhuIn-BFW,14961,0,跨字型輪廓驗證＋component_id 同 ID; target glyf SHA-256 runtime gate,3.2981,7.0,1,健,DFPWaWa-W5-ZhuIn-BFW#14961,bed0092396ee504c467dbc948f7e92297c2471fae136a419497c3d99fe01037c,DFPBiaoKai-W5-ZhuIn-BFW#14961,safe
DFPWaWa-W5-ZhuIn-BFW,15065,ㄒㄧㄤ,DFPBiaoKai-W5-ZhuIn-BFW,15065,0,跨字型輪廓驗證＋component_id 同 ID; target glyf SHA-256 runtime gate,2.1061,7.0,1,香,DFPWaWa-W5-ZhuIn-BFW#15065,f6dea0118299e79ddd80a58079383052dc4ebd1f59c096443b9b8eb029b36a4e,DFPBiaoKai-W5-ZhuIn-BFW#15065,safe
DFPWaWa-W5-ZhuIn-BFW,15126,ㄓㄥ,DFPBiaoKai-W5-ZhuIn-BFW,15126,0,跨字型輪廓驗證＋component_id 同 ID; target glyf SHA-256 runtime gate,4.8272,7.0,1,蒸,DFPWaWa-W5-ZhuIn-BFW#15126,9d43bf3abe6ef61604229e80012e8a4bb14c721d9ffa897dfb43e1522e9e507b,DFPBiaoKai-W5-ZhuIn-BFW#15126,safe
DFPWaWa-W5-ZhuIn-BFW,15160,ㄔㄚˊ,DFPBiaoKai-W5-ZhuIn-BFW,15160,0,跨字型輪廓驗證＋component_id 同 ID; target glyf SHA-256 runtime gate,4.5178,7.0,1,茶,DFPWaWa-W5-ZhuIn-BFW#15160,fb279b53db059a6d05666aad84ba0b1ac7f6c3355bb574fcfe990ac982b6bf27,DFPBiaoKai-W5-ZhuIn-BFW#15160,safe
DFPWaWa-W5-ZhuIn-BFW,15193,ㄔㄨ,DFPBiaoKai-W5-ZhuIn-BFW,15193,0,跨字型輪廓驗證＋component_id 同 ID; target glyf SHA-256 runtime gate,4.2127,7.0,1,出,DFPWaWa-W5-ZhuIn-BFW#15193,080b6d2db375c47ad2d12f0ef09ef36484c4e8eaad7b9846692394becfa06568,DFPBiaoKai-W5-ZhuIn-BFW#15193,safe
DFPWaWa-W5-ZhuIn-BFW,15303,ㄖㄨˊ,DFPBiaoKai-W5-ZhuIn-BFW,15303,0,跨字型輪廓驗證＋component_id 同 ID; target glyf SHA-256 runtime gate,5.0038,7.0,1,如,DFPWaWa-W5-ZhuIn-BFW#15303,f129c5919668f2b0ba4a28dd73054fead7cdf5f495b1746331724edbda77d875,DFPBiaoKai-W5-ZhuIn-BFW#15303,safe
DFPWaWa-W5-ZhuIn-BFW,15312,ㄖㄨㄢˇ,DFPBiaoKai-W5-ZhuIn-BFW,15312,0,跨字型輪廓驗證＋component_id 同 ID; target glyf SHA-256 runtime gate,4.4747,7.0,1,軟,DFPWaWa-W5-ZhuIn-BFW#15312,bdf4ab8597d0afc675819c1e720eb9d99a535c9b33ba9ab34d6243d2694844b1,DFPBiaoKai-W5-ZhuIn-BFW#15312,safe
DFPWaWa-W5-ZhuIn-BFW,15355,ㄗㄨㄛˋ,DFPBiaoKai-W5-ZhuIn-BFW,15355,0,跨字型輪廓驗證＋component_id 同 ID; target glyf SHA-256 runtime gate,3.9792,7.0,1,做,DFPWaWa-W5-ZhuIn-BFW#15355,032fe83618a37bed57d527627abee34b2948cfa896a12eda515252035311f884,DFPBiaoKai-W5-ZhuIn-BFW#15355,safe
DFPYuanW5-PoIn1-BFW,14168,ㄧˋ,DFPBiaoKai-W5-PoIn1-BFW,14167,-1,跨字型輪廓驗證＋PoIn1 component_id 位移 -1; target glyf SHA-256 runtime gate,3.4879,6.0,38,一,DFPYuanW5-PoIn1-BFW#14168,ef8779e255003d9ce9558003ecd2fef143c536d11469aee58c26cf66b38496cd,DFPBiaoKai-W5-PoIn1-BFW#14167,safe
DFPYuanW5-PoIn1-BFW,14202,ㄧㄥˋ,DFPBiaoKai-W5-PoIn1-BFW,14201,-1,跨字型輪廓驗證＋PoIn1 component_id 位移 -1; target glyf SHA-256 runtime gate,4.7216,6.0,2,應,DFPYuanW5-PoIn1-BFW#14202,cb26caf032f2840add97b69168b54c485fcedcfa260e0aea727839761844f753,DFPBiaoKai-W5-PoIn1-BFW#14201,safe
DFPYuanW5-PoIn1-BFW,14311,ㄅㄨˋ,DFPBiaoKai-W5-PoIn1-BFW,14310,-1,跨字型輪廓驗證＋PoIn1 component_id 位移 -1; target glyf SHA-256 runtime gate,3.576,6.0,13,不,DFPYuanW5-PoIn1-BFW#14311,ceedb2ac4a36c64f4ea73c8fd133645db704afe57906c90a158d02c3238856b5,DFPBiaoKai-W5-PoIn1-BFW#14310,safe
DFPYuanW5-PoIn1-BFW,14480,˙ㄉㄜ,DFPBiaoKai-W5-PoIn1-BFW,14479,-1,跨字型輪廓驗證＋PoIn1 component_id 位移 -1; target glyf SHA-256 runtime gate,3.2998,6.0,5,得,DFPYuanW5-PoIn1-BFW#14480,f2a844f608b19acdb38283cceaa81ea8c2551af9e8acac9d39963e39fd822ec0,DFPBiaoKai-W5-PoIn1-BFW#14479,safe
DFPYuanW5-PoIn1-BFW,14496,ㄉㄤˋ,DFPBiaoKai-W5-PoIn1-BFW,14495,-1,跨字型輪廓驗證＋PoIn1 component_id 位移 -1; target glyf SHA-256 runtime gate,3.2117,6.0,1,當,DFPYuanW5-PoIn1-BFW#14496,adad6f5fb82bf15d4e8a97970f0e5af2823798d5501ba1e70f3704a57716f4ba,DFPBiaoKai-W5-PoIn1-BFW#14495,safe
DFPYuanW5-PoIn1-BFW,14550,˙ㄊㄡ,DFPBiaoKai-W5-PoIn1-BFW,14549,-1,v3.7：target raw glyf SHA-256 + isolated glyph 直接驗證為輕聲；來源 DFPBiaoKai-W5-PoIn1-BFW#14549 同步修正為˙ㄊㄡ,5.7035,6.0,3,頭,DFPYuanW5-PoIn1-BFW#14550,a7498118fdf80eb83bc898780c170253ab72af6e22405bbb659a3c23eb22949d,DFPBiaoKai-W5-PoIn1-BFW#14549,safe
DFPYuanW5-PoIn1-BFW,14573,ㄊㄧㄠˇ,DFPBiaoKai-W5-PoIn1-BFW,14572,-1,跨字型輪廓驗證＋PoIn1 component_id 位移 -1; target glyf SHA-256 runtime gate,3.5656,6.0,1,挑,DFPYuanW5-PoIn1-BFW#14573,d41d820c41b49d3f0548378ff7a0cc462299496f19ad2afbb44f45549fcac9ec,DFPBiaoKai-W5-PoIn1-BFW#14572,safe
DFPYuanW5-PoIn1-BFW,15126,ㄓㄤˇ,DFPBiaoKai-W5-PoIn1-BFW,15125,-1,跨字型輪廓驗證＋PoIn1 component_id 位移 -1; target glyf SHA-256 runtime gate,3.4979,6.0,2,長,DFPYuanW5-PoIn1-BFW#15126,e19369013a063ae80d76fac4d2d2aab27612a1d905709d6f3e3e979b926427d4,DFPBiaoKai-W5-PoIn1-BFW#15125,safe
DFPYuanW5-ZhuIn-BFW,14125,ㄚ,DFPBiaoKai-W5-ZhuIn-BFW,14124,-1,跨字型輪廓驗證＋component_id 位移 -1; target glyf SHA-256 runtime gate,2.7199,8.0,3,阿,DFPYuanW5-ZhuIn-BFW#14125,12be4feb58fe8a4ab9206372cac4db70ee0630b8bf77f8bd4e6de8121c956c97,DFPBiaoKai-W5-ZhuIn-BFW#14124,safe
DFPYuanW5-ZhuIn-BFW,14139,ㄞˋ,DFPBiaoKai-W5-ZhuIn-BFW,14138,-1,跨字型輪廓驗證＋component_id 位移 -1; target glyf SHA-256 runtime gate,3.2483,8.0,1,愛,DFPYuanW5-ZhuIn-BFW#14139,fdd7cbfdea30089d5ce09d78a79610978e96fad32a1c34f6e35156052b5d4d91,DFPBiaoKai-W5-ZhuIn-BFW#14138,safe
DFPYuanW5-ZhuIn-BFW,14150,ㄢ,DFPBiaoKai-W5-ZhuIn-BFW,14149,-1,跨字型輪廓驗證＋component_id 位移 -1; target glyf SHA-256 runtime gate,3.0181,8.0,3,安,DFPYuanW5-ZhuIn-BFW#14150,86f2e999e6fd6e6d1f9289dbf51d155a6df279f6239e606cf89533ab2983b5ae,DFPBiaoKai-W5-ZhuIn-BFW#14149,safe
DFPYuanW5-ZhuIn-BFW,14152,ㄢˋ,DFPBiaoKai-W5-ZhuIn-BFW,14151,-1,跨字型輪廓驗證＋component_id 位移 -1; target glyf SHA-256 runtime gate,2.7284,8.0,1,暗,DFPYuanW5-ZhuIn-BFW#14152,5f996941ed48c8dadf3b384b0dda2b065ec4233a032d08d51a777c1f08ec5555,DFPBiaoKai-W5-ZhuIn-BFW#14151,safe
DFPYuanW5-ZhuIn-BFW,14163,ㄦˊ,DFPBiaoKai-W5-ZhuIn-BFW,14162,-1,跨字型輪廓驗證＋component_id 位移 -1; target glyf SHA-256 runtime gate,2.3803,8.0,2,而、兒,DFPYuanW5-ZhuIn-BFW#14163,800e0afd8d0c0a8c541318fb9673b3137e77c090f62027e3cfe57ea06ddd8d4d,DFPBiaoKai-W5-ZhuIn-BFW#14162,safe
DFPYuanW5-ZhuIn-BFW,14164,ㄦˋ,DFPBiaoKai-W5-ZhuIn-BFW,14163,-1,跨字型輪廓驗證＋component_id 位移 -1; target glyf SHA-256 runtime gate,2.8282,8.0,2,二,DFPYuanW5-ZhuIn-BFW#14164,28552844646fb65a0d68207812405c3554d8014c5b2aa392f0df69f7627a5f47,DFPBiaoKai-W5-ZhuIn-BFW#14163,safe
DFPYuanW5-ZhuIn-BFW,14167,ㄧˊ,DFPBiaoKai-W5-ZhuIn-BFW,14166,-1,跨字型輪廓驗證＋component_id 位移 -1; target glyf SHA-256 runtime gate,3.6385,8.0,14,一、宜、移,DFPYuanW5-ZhuIn-BFW#14167,b2c0571cc2768b064c0b4611848fa08a84919c6b077b97ddf8e052e9ead49abb,DFPBiaoKai-W5-ZhuIn-BFW#14166,safe
DFPYuanW5-ZhuIn-BFW,14168,ㄧˋ,DFPBiaoKai-W5-ZhuIn-BFW,14167,-1,跨字型輪廓驗證＋component_id 位移 -1; target glyf SHA-256 runtime gate,3.4879,8.0,9,意、誼、易,DFPYuanW5-ZhuIn-BFW#14168,ef8779e255003d9ce9558003ecd2fef143c536d11469aee58c26cf66b38496cd,DFPBiaoKai-W5-ZhuIn-BFW#14167,safe
DFPYuanW5-ZhuIn-BFW,14169,ㄧˇ,DFPBiaoKai-W5-ZhuIn-BFW,14168,-1,跨字型輪廓驗證＋component_id 位移 -1; target glyf SHA-256 runtime gate,2.5866,8.0,13,以、已,DFPYuanW5-ZhuIn-BFW#14169,828926c42db74ba6d78f21b82a93e154b90deb2ed8a7c5f5267da37ed17e2cc5,DFPBiaoKai-W5-ZhuIn-BFW#14168,safe
DFPYuanW5-ZhuIn-BFW,14178,ㄧㄝˇ,DFPBiaoKai-W5-ZhuIn-BFW,14177,-1,跨字型輪廓驗證＋component_id 位移 -1; target glyf SHA-256 runtime gate,4.9558,8.0,2,也,DFPYuanW5-ZhuIn-BFW#14178,3c8dbc453dcd7f5e9654ac40b5e793cd628f9dbf954343be7d8a1d197b0396b2,DFPBiaoKai-W5-ZhuIn-BFW#14177,safe
DFPYuanW5-ZhuIn-BFW,14180,ㄧㄠ,DFPBiaoKai-W5-ZhuIn-BFW,14179,-1,跨字型輪廓驗證＋component_id 位移 -1; target glyf SHA-256 runtime gate,2.1648,8.0,1,腰,DFPYuanW5-ZhuIn-BFW#14180,ba42b009fd3d417c37df70fab1e215a23b35519f26d9162417ad4b32d98ef21e,DFPBiaoKai-W5-ZhuIn-BFW#14179,safe
DFPYuanW5-ZhuIn-BFW,14182,ㄧㄠˋ,DFPBiaoKai-W5-ZhuIn-BFW,14181,-1,跨字型輪廓驗證＋component_id 位移 -1; target glyf SHA-256 runtime gate,3.0908,8.0,15,要、藥,DFPYuanW5-ZhuIn-BFW#14182,25b06f9f5db44906cefe0294eec29f9322738f47e56ada147438ac6794bed625,DFPBiaoKai-W5-ZhuIn-BFW#14181,safe
DFPYuanW5-ZhuIn-BFW,14185,ㄧㄡˊ,DFPBiaoKai-W5-ZhuIn-BFW,14184,-1,跨字型輪廓驗證＋component_id 位移 -1; target glyf SHA-256 runtime gate,5.1276,8.0,6,遊、油、由,DFPYuanW5-ZhuIn-BFW#14185,fcf1866a76a0b0bfc547ee266947a9e39fcec7d16f2bce5eaee9f8020f18cc4e,DFPBiaoKai-W5-ZhuIn-BFW#14184,safe
DFPYuanW5-ZhuIn-BFW,14186,ㄧㄡˋ,DFPBiaoKai-W5-ZhuIn-BFW,14185,-1,跨字型輪廓驗證＋component_id 位移 -1; target glyf SHA-256 runtime gate,4.7297,8.0,7,柚、又、右,DFPYuanW5-ZhuIn-BFW#14186,5ebe80d8bea2eccc5950f40fa6e6f532cf2426e51ad649ba00008a3f386adec5,DFPBiaoKai-W5-ZhuIn-BFW#14185,safe
DFPYuanW5-ZhuIn-BFW,14187,ㄧㄡˇ,DFPBiaoKai-W5-ZhuIn-BFW,14186,-1,跨字型輪廓驗證＋component_id 位移 -1; target glyf SHA-256 runtime gate,5.472,8.0,19,友、有,DFPYuanW5-ZhuIn-BFW#14187,5bebb2dae08319660cbeddd4bfa2aa5496b2672b3d1e84b7778c69ab8e151b98,DFPBiaoKai-W5-ZhuIn-BFW#14186,safe
DFPYuanW5-ZhuIn-BFW,14189,ㄧㄢˊ,DFPBiaoKai-W5-ZhuIn-BFW,14188,-1,跨字型輪廓驗證＋component_id 位移 -1; target glyf SHA-256 runtime gate,4.7021,8.0,3,炎,DFPYuanW5-ZhuIn-BFW#14189,a174c5d6ea1ac1e010c3db4015414c19e4396b597e4490a0fba22eb1b42f0c2d,DFPBiaoKai-W5-ZhuIn-BFW#14188,safe
DFPYuanW5-ZhuIn-BFW,14190,ㄧㄢˋ,DFPBiaoKai-W5-ZhuIn-BFW,14189,-1,跨字型輪廓驗證＋component_id 位移 -1; target glyf SHA-256 runtime gate,4.3608,8.0,4,驗,DFPYuanW5-ZhuIn-BFW#14190,0a3ca9b38da659b573f7b3dcfd7110e2c1dc0a5bd286b4aaca9042919a2b9eb8,DFPBiaoKai-W5-ZhuIn-BFW#14189,safe
DFPYuanW5-ZhuIn-BFW,14191,ㄧㄢˇ,DFPBiaoKai-W5-ZhuIn-BFW,14190,-1,跨字型輪廓驗證＋component_id 位移 -1; target glyf SHA-256 runtime gate,4.9128,8.0,3,演、眼,DFPYuanW5-ZhuIn-BFW#14191,45ac5273595ac374c7bcab3c4115fccfe62e23e158374a8bbd580f7b5760ad8f,DFPBiaoKai-W5-ZhuIn-BFW#14190,safe
DFPYuanW5-ZhuIn-BFW,14192,ㄧㄣ,DFPBiaoKai-W5-ZhuIn-BFW,14191,-1,跨字型輪廓驗證＋component_id 位移 -1; target glyf SHA-256 runtime gate,2.2627,8.0,3,因、音,DFPYuanW5-ZhuIn-BFW#14192,cc0407b04b441ce2e928896a68a16430cdcf60f08b5da0f784670b3f2cdd5223,DFPBiaoKai-W5-ZhuIn-BFW#14191,safe
DFPYuanW5-ZhuIn-BFW,14195,ㄧㄣˇ,DFPBiaoKai-W5-ZhuIn-BFW,14194,-1,跨字型輪廓驗證＋component_id 位移 -1; target glyf SHA-256 runtime gate,4.9359,8.0,4,飲、引,DFPYuanW5-ZhuIn-BFW#14195,36c9a53218059efe48b492a0d01470e3bbee2eb6547f1accb59c7955e196b51e,DFPBiaoKai-W5-ZhuIn-BFW#14194,safe
DFPYuanW5-ZhuIn-BFW,14198,ㄧㄤˋ,DFPBiaoKai-W5-ZhuIn-BFW,14197,-1,跨字型輪廓驗證＋component_id 位移 -1; target glyf SHA-256 runtime gate,3.4956,8.0,7,樣,DFPYuanW5-ZhuIn-BFW#14198,2dbf8cfab78ba43b7babc379cc4256450a05904a410615067fb600def0cb97ca,DFPBiaoKai-W5-ZhuIn-BFW#14197,safe
DFPYuanW5-ZhuIn-BFW,14199,ㄧㄤˇ,DFPBiaoKai-W5-ZhuIn-BFW,14198,-1,跨字型輪廓驗證＋component_id 位移 -1; target glyf SHA-256 runtime gate,3.5676,8.0,8,養、氧,DFPYuanW5-ZhuIn-BFW#14199,add62d41d8304176b1d5b2e83405aa7c530e6246ce95b773e99ddec6f32ca288,DFPBiaoKai-W5-ZhuIn-BFW#14198,safe
DFPYuanW5-ZhuIn-BFW,14200,ㄧㄥ,DFPBiaoKai-W5-ZhuIn-BFW,14199,-1,跨字型輪廓驗證＋component_id 位移 -1; target glyf SHA-256 runtime gate,2.6001,8.0,1,應,DFPYuanW5-ZhuIn-BFW#14200,069d2f4daf2ec213e496cf8b760dd9417462161b96b3968d9b02010e4da2576a,DFPBiaoKai-W5-ZhuIn-BFW#14199,safe
DFPYuanW5-ZhuIn-BFW,14201,ㄧㄥˊ,DFPBiaoKai-W5-ZhuIn-BFW,14200,-1,跨字型輪廓驗證＋component_id 位移 -1; target glyf SHA-256 runtime gate,5.4883,8.0,5,營,DFPYuanW5-ZhuIn-BFW#14201,d4a50c4333af2b72807424e162d66a129295ef68ff46a11a84331ffd6f6239b4,DFPBiaoKai-W5-ZhuIn-BFW#14200,safe
DFPYuanW5-ZhuIn-BFW,14203,ㄧㄥˇ,DFPBiaoKai-W5-ZhuIn-BFW,14202,-1,跨字型輪廓驗證＋component_id 位移 -1; target glyf SHA-256 runtime gate,5.6015,8.0,1,影,DFPYuanW5-ZhuIn-BFW#14203,579f67ff07c2b9663ef09003a8f2975c1947f6a45bdbc768225a297b8bbad136,DFPBiaoKai-W5-ZhuIn-BFW#14202,safe
DFPYuanW5-ZhuIn-BFW,14204,ㄨ,DFPBiaoKai-W5-ZhuIn-BFW,14203,-1,跨字型輪廓驗證＋component_id 位移 -1; target glyf SHA-256 runtime gate,3.5391,8.0,1,烏,DFPYuanW5-ZhuIn-BFW#14204,fb18de33472ff12f55673f3d998c4f363d954487dae50d267611f3c2957b78fa,DFPBiaoKai-W5-ZhuIn-BFW#14203,safe
DFPYuanW5-ZhuIn-BFW,14206,ㄨˋ,DFPBiaoKai-W5-ZhuIn-BFW,14205,-1,跨字型輪廓驗證＋component_id 位移 -1; target glyf SHA-256 runtime gate,4.2505,8.0,22,物、誤,DFPYuanW5-ZhuIn-BFW#14206,ec9c3e25662a8ab0495d45ace537aba8a8852fa6bb1de8b6360c1277ebf8f91a,DFPBiaoKai-W5-ZhuIn-BFW#14205,safe
DFPYuanW5-ZhuIn-BFW,14207,ㄨˇ,DFPBiaoKai-W5-ZhuIn-BFW,14206,-1,跨字型輪廓驗證＋component_id 位移 -1; target glyf SHA-256 runtime gate,3.9492,8.0,5,五、午、伍、舞,DFPYuanW5-ZhuIn-BFW#14207,36e9fa249f84daf7044a6167efd75ee7b7dde792784e6688ebcb68aa0fe13e83,DFPBiaoKai-W5-ZhuIn-BFW#14206,safe
DFPYuanW5-ZhuIn-BFW,14214,ㄨㄛˇ,DFPBiaoKai-W5-ZhuIn-BFW,14213,-1,跨字型輪廓驗證＋component_id 位移 -1; target glyf SHA-256 runtime gate,3.7855,8.0,20,我,DFPYuanW5-ZhuIn-BFW#14214,21636501bbf44ade0a322be39d32476328504b72ca6a9f7e437f86ae3496344c,DFPBiaoKai-W5-ZhuIn-BFW#14213,safe
DFPYuanW5-ZhuIn-BFW,14216,ㄨㄞˋ,DFPBiaoKai-W5-ZhuIn-BFW,14215,-1,跨字型輪廓驗證＋component_id 位移 -1; target glyf SHA-256 runtime gate,3.6729,8.0,1,外,DFPYuanW5-ZhuIn-BFW#14216,7e42aaa2a2f759410ddde245b2bae4d0fc5f79b4e0e93a52e1984ea81cdcd4ad,DFPBiaoKai-W5-ZhuIn-BFW#14215,safe
DFPYuanW5-ZhuIn-BFW,14219,ㄨㄟˊ,DFPBiaoKai-W5-ZhuIn-BFW,14218,-1,跨字型輪廓驗證＋component_id 位移 -1; target glyf SHA-256 runtime gate,4.631,8.0,19,維、為,DFPYuanW5-ZhuIn-BFW#14219,2d0e01f11c7b2259c3f7e79651a8a70f43937ff51cc6a1a0c89cc8086188b1cb,DFPBiaoKai-W5-ZhuIn-BFW#14218,safe
DFPYuanW5-ZhuIn-BFW,14220,ㄨㄟˋ,DFPBiaoKai-W5-ZhuIn-BFW,14219,-1,跨字型輪廓驗證＋component_id 位移 -1; target glyf SHA-256 runtime gate,4.2994,8.0,20,位、衛、慰、胃、未,DFPYuanW5-ZhuIn-BFW#14220,444e531fc9c12983f234fb89ae90341639341727894124ddf8029be3039e1284,DFPBiaoKai-W5-ZhuIn-BFW#14219,safe
DFPYuanW5-ZhuIn-BFW,14223,ㄨㄢˊ,DFPBiaoKai-W5-ZhuIn-BFW,14222,-1,跨字型輪廓驗證＋component_id 位移 -1; target glyf SHA-256 runtime gate,4.3218,8.0,9,玩、完,DFPYuanW5-ZhuIn-BFW#14223,7c752574870c1fc87871e42691cb320d08525fa83bb09fae8e9367399cf49ee4,DFPBiaoKai-W5-ZhuIn-BFW#14222,safe
DFPYuanW5-ZhuIn-BFW,14224,ㄨㄢˋ,DFPBiaoKai-W5-ZhuIn-BFW,14223,-1,跨字型輪廓驗證＋component_id 位移 -1; target glyf SHA-256 runtime gate,3.9778,8.0,1,腕,DFPYuanW5-ZhuIn-BFW#14224,fda1750081f9e0b6893377a2725513037aa47273087a188ee50a59441ba73ed1,DFPBiaoKai-W5-ZhuIn-BFW#14223,safe
DFPYuanW5-ZhuIn-BFW,14225,ㄨㄢˇ,DFPBiaoKai-W5-ZhuIn-BFW,14224,-1,跨字型輪廓驗證＋component_id 位移 -1; target glyf SHA-256 runtime gate,4.107,8.0,4,婉、晚,DFPYuanW5-ZhuIn-BFW#14225,35b3ca339f59c28ea96bdd5dfaaf86e6171456444c6d3dc99423a74fdf73afa2,DFPBiaoKai-W5-ZhuIn-BFW#14224,safe
DFPYuanW5-ZhuIn-BFW,14228,ㄨㄣˋ,DFPBiaoKai-W5-ZhuIn-BFW,14227,-1,跨字型輪廓驗證＋component_id 位移 -1; target glyf SHA-256 runtime gate,4.137,8.0,2,問,DFPYuanW5-ZhuIn-BFW#14228,0b49ecdad3d07d9d06c43ce7a600945541feb0c3728a322b3bd588e7fc7b7ba0,DFPBiaoKai-W5-ZhuIn-BFW#14227,safe
DFPYuanW5-ZhuIn-BFW,14233,ㄨㄤˇ,DFPBiaoKai-W5-ZhuIn-BFW,14232,-1,跨字型輪廓驗證＋component_id 位移 -1; target glyf SHA-256 runtime gate,3.7966,8.0,9,網、往,DFPYuanW5-ZhuIn-BFW#14233,20df7ec9e39f5bc5c0ece65eb0cbf5205b48be04f2e51d4b2df9e1f6c11b635f,DFPBiaoKai-W5-ZhuIn-BFW#14232,safe
DFPYuanW5-ZhuIn-BFW,14239,ㄩˊ,DFPBiaoKai-W5-ZhuIn-BFW,14238,-1,跨字型輪廓驗證＋component_id 位移 -1; target glyf SHA-256 runtime gate,3.076,8.0,9,愉、魚、於,DFPYuanW5-ZhuIn-BFW#14239,2d3b644f24aae82919209b200d2b1afa5b51c585125c6e178811a1c8d93e4561,DFPBiaoKai-W5-ZhuIn-BFW#14238,safe
DFPYuanW5-ZhuIn-BFW,14240,ㄩˋ,DFPBiaoKai-W5-ZhuIn-BFW,14239,-1,跨字型輪廓驗證＋component_id 位移 -1; target glyf SHA-256 runtime gate,3.5626,8.0,3,預,DFPYuanW5-ZhuIn-BFW#14240,bb14d07fe398114e4a418008ec9f3b1adc27a6184c64448b0421c823d4068034,DFPBiaoKai-W5-ZhuIn-BFW#14239,safe
DFPYuanW5-ZhuIn-BFW,14241,ㄩˇ,DFPBiaoKai-W5-ZhuIn-BFW,14240,-1,跨字型輪廓驗證＋component_id 位移 -1; target glyf SHA-256 runtime gate,1.9626,8.0,4,與,DFPYuanW5-ZhuIn-BFW#14241,8ac65eea0bda5c4fc86c909ea72dbfe33c720ee3182256bbbcac9203ca25c57a,DFPBiaoKai-W5-ZhuIn-BFW#14240,safe
DFPYuanW5-ZhuIn-BFW,14242,ㄩㄝ,DFPBiaoKai-W5-ZhuIn-BFW,14241,-1,跨字型輪廓驗證＋component_id 位移 -1; target glyf SHA-256 runtime gate,5.4707,8.0,1,約,DFPYuanW5-ZhuIn-BFW#14242,c9741f2d66be605df29eedc52f804130df2241585fe2480c18c5b3ece86293a7,DFPBiaoKai-W5-ZhuIn-BFW#14241,safe
DFPYuanW5-ZhuIn-BFW,14243,ㄩㄝˋ,DFPBiaoKai-W5-ZhuIn-BFW,14242,-1,跨字型輪廓驗證＋component_id 位移 -1; target glyf SHA-256 runtime gate,4.1822,8.0,9,月、越,DFPYuanW5-ZhuIn-BFW#14243,6d7abba9c6dcdbdc6defbe0ce7643d1a7b033f0d2985cf6d48126d49324e39ec,DFPBiaoKai-W5-ZhuIn-BFW#14242,safe
DFPYuanW5-ZhuIn-BFW,14245,ㄩㄢˊ,DFPBiaoKai-W5-ZhuIn-BFW,14244,-1,跨字型輪廓驗證＋component_id 位移 -1; target glyf SHA-256 runtime gate,3.6189,8.0,8,原、員,DFPYuanW5-ZhuIn-BFW#14245,8b7b7e85969dba6ba39d40f6eba6c5a477f54f2df534c42e8ed44a2ec1be9ed9,DFPBiaoKai-W5-ZhuIn-BFW#14244,safe
DFPYuanW5-ZhuIn-BFW,14246,ㄩㄢˋ,DFPBiaoKai-W5-ZhuIn-BFW,14245,-1,跨字型輪廓驗證＋component_id 位移 -1; target glyf SHA-256 runtime gate,3.6301,8.0,1,願,DFPYuanW5-ZhuIn-BFW#14246,9f611af3b6f62c36f04b43c7f887e3de574b5efd929161163f0ed4aaf8e5091c,DFPBiaoKai-W5-ZhuIn-BFW#14245,safe
DFPYuanW5-ZhuIn-BFW,14250,ㄩㄣˋ,DFPBiaoKai-W5-ZhuIn-BFW,14249,-1,跨字型輪廓驗證＋component_id 位移 -1; target glyf SHA-256 runtime gate,3.9802,8.0,17,運,DFPYuanW5-ZhuIn-BFW#14250,9221fa3381125f745c16e0d5eb405306f6deffcccbafc4e8c28ccec1264a60fa,DFPBiaoKai-W5-ZhuIn-BFW#14249,safe
DFPYuanW5-ZhuIn-BFW,14255,ㄩㄥˋ,DFPBiaoKai-W5-ZhuIn-BFW,14254,-1,跨字型輪廓驗證＋component_id 位移 -1; target glyf SHA-256 runtime gate,3.786,8.0,25,用,DFPYuanW5-ZhuIn-BFW#14255,2e8d6e710e21668e6ffe34394572abf5aed0fa29882349baef573391de76f1c3,DFPBiaoKai-W5-ZhuIn-BFW#14254,safe
DFPYuanW5-ZhuIn-BFW,14258,˙ㄅㄚ,DFPBiaoKai-W5-ZhuIn-BFW,14257,-1,跨字型輪廓驗證＋component_id 位移 -1; target glyf SHA-256 runtime gate,3.1654,8.0,2,吧,DFPYuanW5-ZhuIn-BFW#14258,0c6414091227051f393c42fe7aa5e51908236e5913adc5fc9f51b03371264ea0,DFPBiaoKai-W5-ZhuIn-BFW#14257,safe
DFPYuanW5-ZhuIn-BFW,14261,ㄅㄚˇ,DFPBiaoKai-W5-ZhuIn-BFW,14260,-1,跨字型輪廓驗證＋component_id 位移 -1; target glyf SHA-256 runtime gate,3.6933,8.0,3,把,DFPYuanW5-ZhuIn-BFW#14261,c960debaa15eb17fe8930f87ab9343d0d165c5c9b3d3de3c32abe6069b3f3ee4,DFPBiaoKai-W5-ZhuIn-BFW#14260,safe
DFPYuanW5-ZhuIn-BFW,14267,ㄅㄞˊ,DFPBiaoKai-W5-ZhuIn-BFW,14266,-1,跨字型輪廓驗證＋component_id 位移 -1; target glyf SHA-256 runtime gate,3.3095,8.0,5,白,DFPYuanW5-ZhuIn-BFW#14267,e99c4df39ed998e5186dfe63cb9e48f6363f12f4ac75350e82a3264670084a18,DFPBiaoKai-W5-ZhuIn-BFW#14266,safe
DFPYuanW5-ZhuIn-BFW,14268,ㄅㄞˋ,DFPBiaoKai-W5-ZhuIn-BFW,14267,-1,跨字型輪廓驗證＋component_id 位移 -1; target glyf SHA-256 runtime gate,3.4522,8.0,1,敗,DFPYuanW5-ZhuIn-BFW#14268,6dcf97db6150a1153af9e18ea424c63f040c6950cc1570fb50c3772a3741c574,DFPBiaoKai-W5-ZhuIn-BFW#14267,safe
DFPYuanW5-ZhuIn-BFW,14269,ㄅㄞˇ,DFPBiaoKai-W5-ZhuIn-BFW,14268,-1,跨字型輪廓驗證＋component_id 位移 -1; target glyf SHA-256 runtime gate,3.5696,8.0,3,擺,DFPYuanW5-ZhuIn-BFW#14269,e05006a2f0dcefc8b58086bbf276213cf60929654d560012b866f550a7954396,DFPBiaoKai-W5-ZhuIn-BFW#14268,safe
DFPYuanW5-ZhuIn-BFW,14270,ㄅㄟ,DFPBiaoKai-W5-ZhuIn-BFW,14269,-1,跨字型輪廓驗證＋component_id 位移 -1; target glyf SHA-256 runtime gate,4.8765,8.0,2,杯,DFPYuanW5-ZhuIn-BFW#14270,809633a938529bc4f1c342ef513d3c8118c0f199290e27dfa1e87c844811be66,DFPBiaoKai-W5-ZhuIn-BFW#14269,safe
DFPYuanW5-ZhuIn-BFW,14271,ㄅㄟˋ,DFPBiaoKai-W5-ZhuIn-BFW,14270,-1,跨字型輪廓驗證＋component_id 位移 -1; target glyf SHA-256 runtime gate,5.0135,8.0,11,被、備、背,DFPYuanW5-ZhuIn-BFW#14271,a8da288275dbc8129a607c5c6ee75d69769e7cac715c0881b8f3061927e0588b,DFPBiaoKai-W5-ZhuIn-BFW#14270,safe
DFPYuanW5-ZhuIn-BFW,14273,ㄅㄠ,DFPBiaoKai-W5-ZhuIn-BFW,14272,-1,跨字型輪廓驗證＋component_id 位移 -1; target glyf SHA-256 runtime gate,2.7186,8.0,4,包,DFPYuanW5-ZhuIn-BFW#14273,9bb8ec60925d1d03177fd5b8a7cfff708b5243c5a49adaccee3c93903d38a9af,DFPBiaoKai-W5-ZhuIn-BFW#14272,safe
DFPYuanW5-ZhuIn-BFW,14275,ㄅㄠˋ,DFPBiaoKai-W5-ZhuIn-BFW,14274,-1,跨字型輪廓驗證＋component_id 位移 -1; target glyf SHA-256 runtime gate,2.9384,8.0,4,豹、抱,DFPYuanW5-ZhuIn-BFW#14275,e132543cfefb4edfad8e9e7f57d3e997f3d865bf021f5104d4665cf09cc4401a,DFPBiaoKai-W5-ZhuIn-BFW#14274,safe
DFPYuanW5-ZhuIn-BFW,14276,ㄅㄠˇ,DFPBiaoKai-W5-ZhuIn-BFW,14275,-1,跨字型輪廓驗證＋component_id 位移 -1; target glyf SHA-256 runtime gate,3.3656,8.0,8,飽、保、寶,DFPYuanW5-ZhuIn-BFW#14276,5fb72a526a1b58167cdbdc8f45e78852dfcd71244086a77b54e252b3fe60f09a,DFPBiaoKai-W5-ZhuIn-BFW#14275,safe
DFPYuanW5-ZhuIn-BFW,14277,ㄅㄢ,DFPBiaoKai-W5-ZhuIn-BFW,14276,-1,跨字型輪廓驗證＋component_id 位移 -1; target glyf SHA-256 runtime gate,3.2433,8.0,3,班,DFPYuanW5-ZhuIn-BFW#14277,280c0c6d843f16940785f51e2dc96bcdc1f1cead39a129b36bcee0b1c136c1c8,DFPBiaoKai-W5-ZhuIn-BFW#14276,safe
DFPYuanW5-ZhuIn-BFW,14278,ㄅㄢˋ,DFPBiaoKai-W5-ZhuIn-BFW,14277,-1,跨字型輪廓驗證＋component_id 位移 -1; target glyf SHA-256 runtime gate,3.6531,8.0,1,扮,DFPYuanW5-ZhuIn-BFW#14278,6ec8d07d6115a0200d5b2c5c6d8e9cbad39d17edc103a571de003f04def4f71c,DFPBiaoKai-W5-ZhuIn-BFW#14277,safe
DFPYuanW5-ZhuIn-BFW,14282,ㄅㄣˇ,DFPBiaoKai-W5-ZhuIn-BFW,14281,-1,跨字型輪廓驗證＋component_id 位移 -1; target glyf SHA-256 runtime gate,3.6457,8.0,1,本,DFPYuanW5-ZhuIn-BFW#14282,d3c974f47a268e846c108829cf4503c91214d4834f9f26ac447d64f89f2972d2,DFPBiaoKai-W5-ZhuIn-BFW#14281,safe
DFPYuanW5-ZhuIn-BFW,14283,ㄅㄤ,DFPBiaoKai-W5-ZhuIn-BFW,14282,-1,跨字型輪廓驗證＋component_id 位移 -1; target glyf SHA-256 runtime gate,3.0968,8.0,5,幫,DFPYuanW5-ZhuIn-BFW#14283,20dd99d9d30e8b9afecc1199c8bcb8746a5c8a61b4a9346050ce5ec18ab06fe9,DFPBiaoKai-W5-ZhuIn-BFW#14282,safe
DFPYuanW5-ZhuIn-BFW,14284,ㄅㄤˋ,DFPBiaoKai-W5-ZhuIn-BFW,14283,-1,跨字型輪廓驗證＋component_id 位移 -1; target glyf SHA-256 runtime gate,3.2451,8.0,3,棒,DFPYuanW5-ZhuIn-BFW#14284,e219b9e405a30793d19c51e24823c7da1af1c1be347e6b7d28deeb4b46fceba4,DFPBiaoKai-W5-ZhuIn-BFW#14283,safe
DFPYuanW5-ZhuIn-BFW,14292,ㄅㄧˋ,DFPBiaoKai-W5-ZhuIn-BFW,14291,-1,跨字型輪廓驗證＋component_id 位移 -1; target glyf SHA-256 runtime gate,3.638,8.0,10,避、臂,DFPYuanW5-ZhuIn-BFW#14292,8f0109a9c1905439e1e0f7e09082bc574f6047aaecec29d1b5f5f4a1e998c110,DFPBiaoKai-W5-ZhuIn-BFW#14291,safe
DFPYuanW5-ZhuIn-BFW,14293,ㄅㄧˇ,DFPBiaoKai-W5-ZhuIn-BFW,14292,-1,跨字型輪廓驗證＋component_id 位移 -1; target glyf SHA-256 runtime gate,4.1056,8.0,10,比,DFPYuanW5-ZhuIn-BFW#14293,be1e5fa7f422f77c7d05b0618a9e4dabee6e05217662a6c8a67f54aa065d6424,DFPBiaoKai-W5-ZhuIn-BFW#14292,safe
DFPYuanW5-ZhuIn-BFW,14295,ㄅㄧㄝˊ,DFPBiaoKai-W5-ZhuIn-BFW,14294,-1,跨字型輪廓驗證＋component_id 位移 -1; target glyf SHA-256 runtime gate,3.1605,8.0,7,別,DFPYuanW5-ZhuIn-BFW#14295,5101a38fde5f855784719e8e10f5d5a32f1290cafa65a96fd770a91ed70084ce,DFPBiaoKai-W5-ZhuIn-BFW#14294,safe
DFPYuanW5-ZhuIn-BFW,14298,ㄅㄧㄠ,DFPBiaoKai-W5-ZhuIn-BFW,14297,-1,跨字型輪廓驗證＋component_id 位移 -1; target glyf SHA-256 runtime gate,2.5373,8.0,4,標,DFPYuanW5-ZhuIn-BFW#14298,d76d37cd7363b545f66d03924ed26d928714b1d94b1431b1bdef2827cc24b6b8,DFPBiaoKai-W5-ZhuIn-BFW#14297,safe
DFPYuanW5-ZhuIn-BFW,14300,ㄅㄧㄠˇ,DFPBiaoKai-W5-ZhuIn-BFW,14299,-1,跨字型輪廓驗證＋component_id 位移 -1; target glyf SHA-256 runtime gate,2.8334,8.0,5,表,DFPYuanW5-ZhuIn-BFW#14300,3daac7ef9496747e7c3a5a6511b7a47d4791ced1640d7c0defcc7405ef816188,DFPBiaoKai-W5-ZhuIn-BFW#14299,safe
DFPYuanW5-ZhuIn-BFW,14301,ㄅㄧㄢ,DFPBiaoKai-W5-ZhuIn-BFW,14300,-1,跨字型輪廓驗證＋component_id 位移 -1; target glyf SHA-256 runtime gate,2.7272,8.0,4,編、邊,DFPYuanW5-ZhuIn-BFW#14301,3f9565951e582b34507e8c047fe8423492e42aa3fe4b8f6e3a52c19cbf5160ff,DFPBiaoKai-W5-ZhuIn-BFW#14300,safe
DFPYuanW5-ZhuIn-BFW,14302,ㄅㄧㄢˋ,DFPBiaoKai-W5-ZhuIn-BFW,14301,-1,跨字型輪廓驗證＋component_id 位移 -1; target glyf SHA-256 runtime gate,3.1324,8.0,14,變、便,DFPYuanW5-ZhuIn-BFW#14302,7ff4e6e7fb75db83515dbd638927e150d8cd1c8a7abc1aa6c32240df267db9d8,DFPBiaoKai-W5-ZhuIn-BFW#14301,safe
DFPYuanW5-ZhuIn-BFW,14307,ㄅㄧㄥˋ,DFPBiaoKai-W5-ZhuIn-BFW,14306,-1,跨字型輪廓驗證＋component_id 位移 -1; target glyf SHA-256 runtime gate,2.8957,8.0,22,並、病、併,DFPYuanW5-ZhuIn-BFW#14307,f34e461e7c8d79a96c1aff9e20cf440fdb53c671ba57b5cf71fb60b2ce2fb43b,DFPBiaoKai-W5-ZhuIn-BFW#14306,safe
DFPYuanW5-ZhuIn-BFW,14310,ㄅㄨˊ,DFPBiaoKai-W5-ZhuIn-BFW,14309,-1,v3.3 TTF字形自驗修正＋跨字型輪廓驗證＋SHA-256字形閘門,3.9747,8.0,8,不,DFPYuanW5-ZhuIn-BFW#14310,09fffd487b3e70c3f2967417c9fb50227fa13ce8f80283f567dafba4df42e8c9,DFPBiaoKai-W5-ZhuIn-BFW#14309,safe
DFPYuanW5-ZhuIn-BFW,14311,ㄅㄨˋ,DFPBiaoKai-W5-ZhuIn-BFW,14310,-1,跨字型輪廓驗證＋component_id 位移 -1; target glyf SHA-256 runtime gate,3.576,8.0,17,部、步、布,DFPYuanW5-ZhuIn-BFW#14311,ceedb2ac4a36c64f4ea73c8fd133645db704afe57906c90a158d02c3238856b5,DFPBiaoKai-W5-ZhuIn-BFW#14310,safe
DFPYuanW5-ZhuIn-BFW,14312,ㄅㄨˇ,DFPBiaoKai-W5-ZhuIn-BFW,14311,-1,v3.3 TTF字形自驗修正＋跨字型輪廓驗證＋SHA-256字形閘門,4.4746,8.0,1,補,DFPYuanW5-ZhuIn-BFW#14312,10acd01f93ee8aacf4e8d531d15f1e83c84f41d5716bf273ab213f85aeb798ee,DFPBiaoKai-W5-ZhuIn-BFW#14311,safe
DFPYuanW5-ZhuIn-BFW,14314,ㄆㄚˊ,DFPBiaoKai-W5-ZhuIn-BFW,14313,-1,跨字型輪廓驗證＋component_id 位移 -1; target glyf SHA-256 runtime gate,4.2642,8.0,1,爬,DFPYuanW5-ZhuIn-BFW#14314,a80343341920801406b5512b268dc0c2aa7b06d9b22f386a0e86ac02b2765bc3,DFPBiaoKai-W5-ZhuIn-BFW#14313,safe
DFPYuanW5-ZhuIn-BFW,14316,ㄆㄛ,DFPBiaoKai-W5-ZhuIn-BFW,14315,-1,跨字型輪廓驗證＋component_id 位移 -1; target glyf SHA-256 runtime gate,3.5368,8.0,1,坡,DFPYuanW5-ZhuIn-BFW#14316,0b59e5f416ab792f186dcff3ba1749e6f7f9f7cf064fe524a32564e2fe4bd1be,DFPBiaoKai-W5-ZhuIn-BFW#14315,safe
DFPYuanW5-ZhuIn-BFW,14321,ㄆㄞˊ,DFPBiaoKai-W5-ZhuIn-BFW,14320,-1,跨字型輪廓驗證＋component_id 位移 -1; target glyf SHA-256 runtime gate,4.0526,8.0,6,排,DFPYuanW5-ZhuIn-BFW#14321,fec20370680038263ea2ee934ea1f912e1b37ac29b9ddf4872dbcad80e6cb9b1,DFPBiaoKai-W5-ZhuIn-BFW#14320,safe
DFPYuanW5-ZhuIn-BFW,14326,ㄆㄟˋ,DFPBiaoKai-W5-ZhuIn-BFW,14325,-1,跨字型輪廓驗證＋component_id 位移 -1; target glyf SHA-256 runtime gate,4.8664,8.0,1,配,DFPYuanW5-ZhuIn-BFW#14326,91ab5a06aece86613aa5f645001efee3388548b389046d21a7645ee87d0c448c,DFPBiaoKai-W5-ZhuIn-BFW#14325,safe
DFPYuanW5-ZhuIn-BFW,14328,ㄆㄠ,DFPBiaoKai-W5-ZhuIn-BFW,14327,-1,跨字型輪廓驗證＋component_id 位移 -1; target glyf SHA-256 runtime gate,3.4336,8.0,16,拋,DFPYuanW5-ZhuIn-BFW#14328,c18b3175d4c8e62e9d7ee1a1c88d73a619e00ac21366a05f8b23c37d676cf6ee,DFPBiaoKai-W5-ZhuIn-BFW#14327,safe
DFPYuanW5-ZhuIn-BFW,14331,ㄆㄠˇ,DFPBiaoKai-W5-ZhuIn-BFW,14330,-1,跨字型輪廓驗證＋component_id 位移 -1; target glyf SHA-256 runtime gate,3.9608,8.0,12,跑,DFPYuanW5-ZhuIn-BFW#14331,a69039dc733cb38ae99f3d8cbfc5095dbdbc3cb004239c984217bd42e013d14f,DFPBiaoKai-W5-ZhuIn-BFW#14330,safe
DFPYuanW5-ZhuIn-BFW,14336,ㄆㄢˊ,DFPBiaoKai-W5-ZhuIn-BFW,14335,-1,跨字型輪廓驗證＋component_id 位移 -1; target glyf SHA-256 runtime gate,4.098,8.0,2,盤,DFPYuanW5-ZhuIn-BFW#14336,0d34ceb1caab30500cfe7002d68a9bbc1117eec21c8096511766797776b40ea6,DFPBiaoKai-W5-ZhuIn-BFW#14335,safe
DFPYuanW5-ZhuIn-BFW,14337,ㄆㄢˋ,DFPBiaoKai-W5-ZhuIn-BFW,14336,-1,跨字型輪廓驗證＋component_id 位移 -1; target glyf SHA-256 runtime gate,4.0762,8.0,2,判,DFPYuanW5-ZhuIn-BFW#14337,08377a0f4d1154ad6e232e51c7c15c81c06ff816a7f90abef42659fe24f4626c,DFPBiaoKai-W5-ZhuIn-BFW#14336,safe
DFPYuanW5-ZhuIn-BFW,14348,ㄆㄥˊ,DFPBiaoKai-W5-ZhuIn-BFW,14347,-1,跨字型輪廓驗證＋component_id 位移 -1; target glyf SHA-256 runtime gate,5.0208,8.0,2,朋,DFPYuanW5-ZhuIn-BFW#14348,a95c11cf876704b810e893d4d1c30711ec01d70f629fff6e6e113ae1ce2aae50,DFPBiaoKai-W5-ZhuIn-BFW#14347,safe
DFPYuanW5-ZhuIn-BFW,14368,ㄆㄧㄣˇ,DFPBiaoKai-W5-ZhuIn-BFW,14367,-1,跨字型輪廓驗證＋component_id 位移 -1; target glyf SHA-256 runtime gate,3.0242,8.0,4,品,DFPYuanW5-ZhuIn-BFW#14368,740133edd8ebf3c1d58d5086d0d8da133a018359fe160dd94e0e97a5c3885731,DFPBiaoKai-W5-ZhuIn-BFW#14367,safe
DFPYuanW5-ZhuIn-BFW,14370,ㄆㄧㄥˊ,DFPBiaoKai-W5-ZhuIn-BFW,14369,-1,跨字型輪廓驗證＋component_id 位移 -1; target glyf SHA-256 runtime gate,3.0483,8.0,9,平、評,DFPYuanW5-ZhuIn-BFW#14370,03df1e59566f89e5e90d29435a3f2cf804e7ad48cec6f28d5c98ef3e6e8486a1,DFPBiaoKai-W5-ZhuIn-BFW#14369,safe
DFPYuanW5-ZhuIn-BFW,14378,˙ㄇㄚ,DFPBiaoKai-W5-ZhuIn-BFW,14377,-1,跨字型輪廓驗證＋component_id 位移 -1; target glyf SHA-256 runtime gate,4.7614,8.0,7,嗎,DFPYuanW5-ZhuIn-BFW#14378,a444171c18dbc4092829b75613930df630eaca93b58950dddbcbc89c91a1dbb6,DFPBiaoKai-W5-ZhuIn-BFW#14377,safe
DFPYuanW5-ZhuIn-BFW,14381,ㄇㄚˇ,DFPBiaoKai-W5-ZhuIn-BFW,14380,-1,跨字型輪廓驗證＋component_id 位移 -1; target glyf SHA-256 runtime gate,4.4193,8.0,3,馬,DFPYuanW5-ZhuIn-BFW#14381,611332e2330774279a02a485e7b2eac9c09da8d0e040037b6018ac9986798810,DFPBiaoKai-W5-ZhuIn-BFW#14380,safe
DFPYuanW5-ZhuIn-BFW,14384,ㄇㄛˊ,DFPBiaoKai-W5-ZhuIn-BFW,14383,-1,跨字型輪廓驗證＋component_id 位移 -1; target glyf SHA-256 runtime gate,3.5943,8.0,2,模,DFPYuanW5-ZhuIn-BFW#14384,c903a96f1dffdea4d7592e723c237871a31b8e7cca1b29003c3ae5a18e4c1c07,DFPBiaoKai-W5-ZhuIn-BFW#14383,safe
DFPYuanW5-ZhuIn-BFW,14391,ㄇㄟˊ,DFPBiaoKai-W5-ZhuIn-BFW,14390,-1,跨字型輪廓驗證＋component_id 位移 -1; target glyf SHA-256 runtime gate,5.2416,8.0,6,沒、莓,DFPYuanW5-ZhuIn-BFW#14391,876e4ce7c274a215e62963090ce3c58d4edadbdb409d4617beca75347d452e2c,DFPBiaoKai-W5-ZhuIn-BFW#14390,safe
DFPYuanW5-ZhuIn-BFW,14393,ㄇㄟˇ,DFPBiaoKai-W5-ZhuIn-BFW,14392,-1,跨字型輪廓驗證＋component_id 位移 -1; target glyf SHA-256 runtime gate,5.0982,8.0,7,每,DFPYuanW5-ZhuIn-BFW#14393,ea662dd717c4374793dc89443082fe0d1dd56bd35bca0c02cf1392d99f47192a,DFPBiaoKai-W5-ZhuIn-BFW#14392,safe
DFPYuanW5-ZhuIn-BFW,14395,ㄇㄠˊ,DFPBiaoKai-W5-ZhuIn-BFW,14394,-1,跨字型輪廓驗證＋component_id 位移 -1; target glyf SHA-256 runtime gate,3.236,8.0,3,毛,DFPYuanW5-ZhuIn-BFW#14395,74d95d3081983a806a677dac2e9a61ed8da471c4a0ac33a695feb9b03a2b4827,DFPBiaoKai-W5-ZhuIn-BFW#14394,safe
DFPYuanW5-ZhuIn-BFW,14402,ㄇㄢˋ,DFPBiaoKai-W5-ZhuIn-BFW,14401,-1,跨字型輪廓驗證＋component_id 位移 -1; target glyf SHA-256 runtime gate,3.286,8.0,5,慢,DFPYuanW5-ZhuIn-BFW#14402,bf4c81b3dc61ddf717296612d26ab0d044340f0dfc30b52aa2fe3ba14174c97a,DFPBiaoKai-W5-ZhuIn-BFW#14401,safe
DFPYuanW5-ZhuIn-BFW,14406,ㄇㄣˊ,DFPBiaoKai-W5-ZhuIn-BFW,14405,-1,跨字型輪廓驗證＋component_id 位移 -1; target glyf SHA-256 runtime gate,4.4786,8.0,1,門,DFPYuanW5-ZhuIn-BFW#14406,56b8ef2c260c064881e3dae03a2496c704403c48ebe6a0fc5c88ae5dc0eddfd4,DFPBiaoKai-W5-ZhuIn-BFW#14405,safe
DFPYuanW5-ZhuIn-BFW,14409,ㄇㄤˊ,DFPBiaoKai-W5-ZhuIn-BFW,14408,-1,跨字型輪廓驗證＋component_id 位移 -1; target glyf SHA-256 runtime gate,3.3427,8.0,1,芒,DFPYuanW5-ZhuIn-BFW#14409,857b6491d40896fd9d14278ac85e6e8ca7cefb3c81e811e1a7cdd272c7002673,DFPBiaoKai-W5-ZhuIn-BFW#14408,safe
DFPYuanW5-ZhuIn-BFW,14420,ㄇㄧㄝˋ,DFPBiaoKai-W5-ZhuIn-BFW,14419,-1,跨字型輪廓驗證＋component_id 位移 -1; target glyf SHA-256 runtime gate,2.8778,8.0,1,滅,DFPYuanW5-ZhuIn-BFW#14420,5a082f29cd002fbcf5afb70a8b7759019675d108e55b9dd22952659b053bade6,DFPBiaoKai-W5-ZhuIn-BFW#14419,safe
DFPYuanW5-ZhuIn-BFW,14428,ㄇㄧㄢˋ,DFPBiaoKai-W5-ZhuIn-BFW,14427,-1,跨字型輪廓驗證＋component_id 位移 -1; target glyf SHA-256 runtime gate,2.9508,8.0,7,面,DFPYuanW5-ZhuIn-BFW#14428,75cf4dedb01eb5053af44dbc80ee851760e7505c5e529d8ccd34a8b2d0d43e5b,DFPBiaoKai-W5-ZhuIn-BFW#14427,safe
DFPYuanW5-ZhuIn-BFW,14429,ㄇㄧㄢˇ,DFPBiaoKai-W5-ZhuIn-BFW,14428,-1,跨字型輪廓驗證＋component_id 位移 -1; target glyf SHA-256 runtime gate,2.7999,8.0,6,免,DFPYuanW5-ZhuIn-BFW#14429,d11abd55d22b52ec7eed1755cf9918b2c34eca12182e38457f1c2aebdb8334d0,DFPBiaoKai-W5-ZhuIn-BFW#14428,safe
DFPYuanW5-ZhuIn-BFW,14430,ㄇㄧㄣˊ,DFPBiaoKai-W5-ZhuIn-BFW,14429,-1,跨字型輪廓驗證＋component_id 位移 -1; target glyf SHA-256 runtime gate,2.7609,8.0,1,民,DFPYuanW5-ZhuIn-BFW#14430,220491be4b2edb7ea645575d5862826a059629fe8b991a00458f0e8d17637884,DFPBiaoKai-W5-ZhuIn-BFW#14429,safe
DFPYuanW5-ZhuIn-BFW,14432,ㄇㄧㄥˊ,DFPBiaoKai-W5-ZhuIn-BFW,14431,-1,跨字型輪廓驗證＋component_id 位移 -1; target glyf SHA-256 runtime gate,2.7752,8.0,1,名,DFPYuanW5-ZhuIn-BFW#14432,1122f2793d3e021b60fed5362e5a95618f130b3925c7fc4ea75f158ec5526791,DFPBiaoKai-W5-ZhuIn-BFW#14431,safe
DFPYuanW5-ZhuIn-BFW,14433,ㄇㄧㄥˋ,DFPBiaoKai-W5-ZhuIn-BFW,14432,-1,跨字型輪廓驗證＋component_id 位移 -1; target glyf SHA-256 runtime gate,2.5206,8.0,1,命,DFPYuanW5-ZhuIn-BFW#14433,56aad4482c40bfca6eab54458a9ffd8c0cf66435c486181914d8f1af8fbf1714,DFPBiaoKai-W5-ZhuIn-BFW#14432,safe
DFPYuanW5-ZhuIn-BFW,14436,ㄇㄨˋ,DFPBiaoKai-W5-ZhuIn-BFW,14435,-1,跨字型輪廓驗證＋component_id 位移 -1; target glyf SHA-256 runtime gate,4.087,8.0,5,目,DFPYuanW5-ZhuIn-BFW#14436,d3788002defcca2738261e374d7e1c5b45a52a09943c1873228792d5889e036c,DFPBiaoKai-W5-ZhuIn-BFW#14435,safe
DFPYuanW5-ZhuIn-BFW,14438,ㄈㄚ,DFPBiaoKai-W5-ZhuIn-BFW,14437,-1,跨字型輪廓驗證＋component_id 位移 -1; target glyf SHA-256 runtime gate,3.7714,8.0,10,發,DFPYuanW5-ZhuIn-BFW#14438,9a9db81c8778e845b909861cc5744b889a0b3ed52eddfa6fe23d9a82ce1b3ab3,DFPBiaoKai-W5-ZhuIn-BFW#14437,safe
DFPYuanW5-ZhuIn-BFW,14441,ㄈㄚˇ,DFPBiaoKai-W5-ZhuIn-BFW,14440,-1,跨字型輪廓驗證＋component_id 位移 -1; target glyf SHA-256 runtime gate,4.5998,8.0,7,法,DFPYuanW5-ZhuIn-BFW#14441,073c05d5a956aee2ce4e424061b85d275da80d0cf6104171794c5d3913771963,DFPBiaoKai-W5-ZhuIn-BFW#14440,safe
DFPYuanW5-ZhuIn-BFW,14444,ㄈㄟ,DFPBiaoKai-W5-ZhuIn-BFW,14443,-1,跨字型輪廓驗證＋component_id 位移 -1; target glyf SHA-256 runtime gate,3.636,8.0,3,飛,DFPYuanW5-ZhuIn-BFW#14444,ae9f7af09a4fa959d1fa22d609f05aa71245fc588a2bf06f9c042b77dcc4255d,DFPBiaoKai-W5-ZhuIn-BFW#14443,safe
DFPYuanW5-ZhuIn-BFW,14446,ㄈㄟˋ,DFPBiaoKai-W5-ZhuIn-BFW,14445,-1,跨字型輪廓驗證＋component_id 位移 -1; target glyf SHA-256 runtime gate,4.6489,8.0,1,沸,DFPYuanW5-ZhuIn-BFW#14446,88abb433a9fccf31375537056383a081fcc487e000304871b186fdccb4e00d0c,DFPBiaoKai-W5-ZhuIn-BFW#14445,safe
DFPYuanW5-ZhuIn-BFW,14452,ㄈㄢ,DFPBiaoKai-W5-ZhuIn-BFW,14451,-1,跨字型輪廓驗證＋component_id 位移 -1; target glyf SHA-256 runtime gate,4.1349,8.0,4,翻,DFPYuanW5-ZhuIn-BFW#14452,33cc764cc108d63f480b1629b4c4f48c7eb82a366df61d538807becf0b87355b,DFPBiaoKai-W5-ZhuIn-BFW#14451,safe
DFPYuanW5-ZhuIn-BFW,14454,ㄈㄢˋ,DFPBiaoKai-W5-ZhuIn-BFW,14453,-1,跨字型輪廓驗證＋component_id 位移 -1; target glyf SHA-256 runtime gate,3.9405,8.0,4,販、飯、範,DFPYuanW5-ZhuIn-BFW#14454,301ca0427bf37d08912bfad094f9a6db11af944c5ee574b1c31b5215e7649d7b,DFPBiaoKai-W5-ZhuIn-BFW#14453,safe
DFPYuanW5-ZhuIn-BFW,14455,ㄈㄢˇ,DFPBiaoKai-W5-ZhuIn-BFW,14454,-1,跨字型輪廓驗證＋component_id 位移 -1; target glyf SHA-256 runtime gate,4.0352,8.0,3,反、返,DFPYuanW5-ZhuIn-BFW#14455,77cdbd8b6e50ab3496b4fa81f0ae4e41b5f26c342d9743f854e422b086dc8bf9,DFPBiaoKai-W5-ZhuIn-BFW#14454,safe
DFPYuanW5-ZhuIn-BFW,14456,ㄈㄣ,DFPBiaoKai-W5-ZhuIn-BFW,14455,-1,跨字型輪廓驗證＋component_id 位移 -1; target glyf SHA-256 runtime gate,2.9847,8.0,29,分,DFPYuanW5-ZhuIn-BFW#14456,c9ba043f2e503940111d45fa1ae83ace27ac8b7c07dcccea06ccc7f4986b2af7,DFPBiaoKai-W5-ZhuIn-BFW#14455,safe
DFPYuanW5-ZhuIn-BFW,14460,ㄈㄤ,DFPBiaoKai-W5-ZhuIn-BFW,14459,-1,跨字型輪廓驗證＋component_id 位移 -1; target glyf SHA-256 runtime gate,3.2449,8.0,22,方,DFPYuanW5-ZhuIn-BFW#14460,947311ead1d7306bb1417610b770b1f1c416e94810519242059d3fbf66a217b3,DFPBiaoKai-W5-ZhuIn-BFW#14459,safe
DFPYuanW5-ZhuIn-BFW,14461,ㄈㄤˊ,DFPBiaoKai-W5-ZhuIn-BFW,14460,-1,跨字型輪廓驗證＋component_id 位移 -1; target glyf SHA-256 runtime gate,3.3781,8.0,9,防、肪,DFPYuanW5-ZhuIn-BFW#14461,19df8033aa001774ee1fd8d182bc36377fed1ff2b81ce4a961f3dde701479261,DFPBiaoKai-W5-ZhuIn-BFW#14460,safe
DFPYuanW5-ZhuIn-BFW,14462,ㄈㄤˋ,DFPBiaoKai-W5-ZhuIn-BFW,14461,-1,跨字型輪廓驗證＋component_id 位移 -1; target glyf SHA-256 runtime gate,3.4337,8.0,1,放,DFPYuanW5-ZhuIn-BFW#14462,5188b9c09e6a3b44dbe1057e6aae44a880bdbb4a4622484eeb112d5bfd6a6f55,DFPBiaoKai-W5-ZhuIn-BFW#14461,safe
DFPYuanW5-ZhuIn-BFW,14463,ㄈㄤˇ,DFPBiaoKai-W5-ZhuIn-BFW,14462,-1,跨字型輪廓驗證＋component_id 位移 -1; target glyf SHA-256 runtime gate,3.4261,8.0,2,仿,DFPYuanW5-ZhuIn-BFW#14463,bf7653522f5ebeb14405e0d8a2dcaaa2815f50185555f5c75c8813d136388a6f,DFPBiaoKai-W5-ZhuIn-BFW#14462,safe
DFPYuanW5-ZhuIn-BFW,14470,ㄈㄨˊ,DFPBiaoKai-W5-ZhuIn-BFW,14469,-1,跨字型輪廓驗證＋component_id 位移 -1; target glyf SHA-256 runtime gate,4.2493,8.0,3,服,DFPYuanW5-ZhuIn-BFW#14470,5074fad3e56ed60e5173b2b5b4882abc2c79d29bc003b0534568ce874ba0a9a0,DFPBiaoKai-W5-ZhuIn-BFW#14469,safe
DFPYuanW5-ZhuIn-BFW,14471,ㄈㄨˋ,DFPBiaoKai-W5-ZhuIn-BFW,14470,-1,跨字型輪廓驗證＋component_id 位移 -1; target glyf SHA-256 runtime gate,3.9647,8.0,12,腹、富、復、複,DFPYuanW5-ZhuIn-BFW#14471,57d1bfa33cb1dc048b3d3fdb104366baefd8b3ee278c0eb3aaf2ec624c3b4b44,DFPBiaoKai-W5-ZhuIn-BFW#14470,safe
DFPYuanW5-ZhuIn-BFW,14472,ㄈㄨˇ,DFPBiaoKai-W5-ZhuIn-BFW,14471,-1,跨字型輪廓驗證＋component_id 位移 -1; target glyf SHA-256 runtime gate,4.3817,8.0,1,腐,DFPYuanW5-ZhuIn-BFW#14472,3a945974b89dd4ac541fe13cdb2ec5ed4d5803af5ee82a52943180e3e160bd47,DFPBiaoKai-W5-ZhuIn-BFW#14471,safe
DFPYuanW5-ZhuIn-BFW,14476,ㄉㄚˊ,DFPBiaoKai-W5-ZhuIn-BFW,14475,-1,跨字型輪廓驗證＋component_id 位移 -1; target glyf SHA-256 runtime gate,4.497,8.0,4,達,DFPYuanW5-ZhuIn-BFW#14476,afaaad6127880c4d7fb8b9c41c6c89ba5bc8289f068308acd567745defa43458,DFPBiaoKai-W5-ZhuIn-BFW#14475,safe
DFPYuanW5-ZhuIn-BFW,14477,ㄉㄚˋ,DFPBiaoKai-W5-ZhuIn-BFW,14476,-1,跨字型輪廓驗證＋component_id 位移 -1; target glyf SHA-256 runtime gate,4.3437,8.0,5,大,DFPYuanW5-ZhuIn-BFW#14477,6d21f3b8252c71555fc68ec0c0e15dfbd8a7dcf28133637d34e79a57fbdf2862,DFPBiaoKai-W5-ZhuIn-BFW#14476,safe
DFPYuanW5-ZhuIn-BFW,14478,ㄉㄚˇ,DFPBiaoKai-W5-ZhuIn-BFW,14477,-1,跨字型輪廓驗證＋component_id 位移 -1; target glyf SHA-256 runtime gate,4.7224,8.0,3,打,DFPYuanW5-ZhuIn-BFW#14478,740428d07ed21b398b122a0300ee0a580eb460a1aa77259c306c42488a8d1321,DFPBiaoKai-W5-ZhuIn-BFW#14477,safe
DFPYuanW5-ZhuIn-BFW,14480,˙ㄉㄜ,DFPBiaoKai-W5-ZhuIn-BFW,14479,-1,跨字型輪廓驗證＋component_id 位移 -1; target glyf SHA-256 runtime gate,3.2998,8.0,84,的,DFPYuanW5-ZhuIn-BFW#14480,f2a844f608b19acdb38283cceaa81ea8c2551af9e8acac9d39963e39fd822ec0,DFPBiaoKai-W5-ZhuIn-BFW#14479,safe
DFPYuanW5-ZhuIn-BFW,14481,ㄉㄜˊ,DFPBiaoKai-W5-ZhuIn-BFW,14480,-1,跨字型輪廓驗證＋component_id 位移 -1; target glyf SHA-256 runtime gate,3.5926,8.0,4,得,DFPYuanW5-ZhuIn-BFW#14481,2d7d505e17dc4fd6aab4be3ece7d9f26ad5929ed4f865bacbdc46125fce3892b,DFPBiaoKai-W5-ZhuIn-BFW#14480,safe
DFPYuanW5-ZhuIn-BFW,14483,ㄉㄞˋ,DFPBiaoKai-W5-ZhuIn-BFW,14482,-1,跨字型輪廓驗證＋component_id 位移 -1; target glyf SHA-256 runtime gate,4.1754,8.0,6,帶、戴、代、待,DFPYuanW5-ZhuIn-BFW#14483,181e577871712a6605874982f32347e32ee0a7908a1c09a450f38bc44c7bf58d,DFPBiaoKai-W5-ZhuIn-BFW#14482,safe
DFPYuanW5-ZhuIn-BFW,14487,ㄉㄠˋ,DFPBiaoKai-W5-ZhuIn-BFW,14486,-1,跨字型輪廓驗證＋component_id 位移 -1; target glyf SHA-256 runtime gate,2.75,8.0,21,到、道,DFPYuanW5-ZhuIn-BFW#14487,a6d6da82e2854fa6a3075c6bcc08723d16a45b36d737d8b735e702000bd68433,DFPBiaoKai-W5-ZhuIn-BFW#14486,safe
DFPYuanW5-ZhuIn-BFW,14488,ㄉㄠˇ,DFPBiaoKai-W5-ZhuIn-BFW,14487,-1,跨字型輪廓驗證＋component_id 位移 -1; target glyf SHA-256 runtime gate,3.299,8.0,1,導,DFPYuanW5-ZhuIn-BFW#14488,9261ef605b0f8a6d0b5ea8dcd0718c43fc219a84a0d7e9fc6551f9e026efb0a8,DFPBiaoKai-W5-ZhuIn-BFW#14487,safe
DFPYuanW5-ZhuIn-BFW,14489,ㄉㄡ,DFPBiaoKai-W5-ZhuIn-BFW,14488,-1,跨字型輪廓驗證＋component_id 位移 -1; target glyf SHA-256 runtime gate,5.1415,8.0,2,都,DFPYuanW5-ZhuIn-BFW#14489,d2c2fe839fd82ec62d66a43dee30fae3662babefa83c2f8ee8421de17721295e,DFPBiaoKai-W5-ZhuIn-BFW#14488,safe
DFPYuanW5-ZhuIn-BFW,14490,ㄉㄡˋ,DFPBiaoKai-W5-ZhuIn-BFW,14489,-1,跨字型輪廓驗證＋component_id 位移 -1; target glyf SHA-256 runtime gate,4.869,8.0,5,荳、豆,DFPYuanW5-ZhuIn-BFW#14490,9af93217deaa4d9a09b2602ec6c3aabeb4b67aa6fe040e87c7f0c259a9ede7e1,DFPBiaoKai-W5-ZhuIn-BFW#14489,safe
DFPYuanW5-ZhuIn-BFW,14492,ㄉㄢ,DFPBiaoKai-W5-ZhuIn-BFW,14491,-1,跨字型輪廓驗證＋component_id 位移 -1; target glyf SHA-256 runtime gate,4.3614,8.0,4,單,DFPYuanW5-ZhuIn-BFW#14492,054d1e20d5f824c214ed0565e791ac67e4d8911c879cadc82b31863f3c185e32,DFPBiaoKai-W5-ZhuIn-BFW#14491,safe
DFPYuanW5-ZhuIn-BFW,14493,ㄉㄢˋ,DFPBiaoKai-W5-ZhuIn-BFW,14492,-1,跨字型輪廓驗證＋component_id 位移 -1; target glyf SHA-256 runtime gate,3.947,8.0,13,淡、蛋、但、彈,DFPYuanW5-ZhuIn-BFW#14493,dc2aa8130fc82727b4d653e7d2f173ad275fd18d3444ce798d94d3d56ed4e871,DFPBiaoKai-W5-ZhuIn-BFW#14492,safe
DFPYuanW5-ZhuIn-BFW,14495,ㄉㄤ,DFPBiaoKai-W5-ZhuIn-BFW,14494,-1,跨字型輪廓驗證＋component_id 位移 -1; target glyf SHA-256 runtime gate,3.6428,8.0,5,當,DFPYuanW5-ZhuIn-BFW#14495,062b66c59129f9fed48e82b763222f58e84d4bbf76f208be008a992e946b5736,DFPBiaoKai-W5-ZhuIn-BFW#14494,safe
DFPYuanW5-ZhuIn-BFW,14500,ㄉㄥˇ,DFPBiaoKai-W5-ZhuIn-BFW,14499,-1,跨字型輪廓驗證＋component_id 位移 -1; target glyf SHA-256 runtime gate,3.9127,8.0,3,等,DFPYuanW5-ZhuIn-BFW#14500,0b7beac3fe620150f1dac3768b52d521441fe40858826b50b516ffabd5d15bea,DFPBiaoKai-W5-ZhuIn-BFW#14499,safe
DFPYuanW5-ZhuIn-BFW,14501,ㄉㄧ,DFPBiaoKai-W5-ZhuIn-BFW,14500,-1,跨字型輪廓驗證＋component_id 位移 -1; target glyf SHA-256 runtime gate,4.527,8.0,1,低,DFPYuanW5-ZhuIn-BFW#14501,b2b46545249bd5824a296d3545a35e2acf30ded581dfe47ce2323ac084f4a8ab,DFPBiaoKai-W5-ZhuIn-BFW#14500,safe
DFPYuanW5-ZhuIn-BFW,14503,ㄉㄧˋ,DFPBiaoKai-W5-ZhuIn-BFW,14502,-1,跨字型輪廓驗證＋component_id 位移 -1; target glyf SHA-256 runtime gate,4.0519,8.0,31,第、地、遞、踶,DFPYuanW5-ZhuIn-BFW#14503,d5ef1069b9369aab16568730dd0ed397ff4e643e909714db5678d9739bb8b0af,DFPBiaoKai-W5-ZhuIn-BFW#14502,safe
DFPYuanW5-ZhuIn-BFW,14504,ㄉㄧˇ,DFPBiaoKai-W5-ZhuIn-BFW,14503,-1,跨字型輪廓驗證＋component_id 位移 -1; target glyf SHA-256 runtime gate,4.5785,8.0,2,底、抵,DFPYuanW5-ZhuIn-BFW#14504,6e8c83c4733b3746f0e507f61e72d092d09deba84719f47a91863b0ede268be7,DFPBiaoKai-W5-ZhuIn-BFW#14503,safe
DFPYuanW5-ZhuIn-BFW,14509,ㄉㄧㄠˋ,DFPBiaoKai-W5-ZhuIn-BFW,14508,-1,跨字型輪廓驗證＋component_id 位移 -1; target glyf SHA-256 runtime gate,2.1182,8.0,1,掉,DFPYuanW5-ZhuIn-BFW#14509,a90182c5e91a8394d2ae1bc00dd6551affc198627c2f47ddeee86a68d8b61ae0,DFPBiaoKai-W5-ZhuIn-BFW#14508,safe
DFPYuanW5-ZhuIn-BFW,14511,ㄉㄧㄡ,DFPBiaoKai-W5-ZhuIn-BFW,14510,-1,跨字型輪廓驗證＋component_id 位移 -1; target glyf SHA-256 runtime gate,2.9535,8.0,2,丟,DFPYuanW5-ZhuIn-BFW#14511,959d342065bd550aa4e508f5d03bb2fdef2a1987b6a2b8832ba6241a5be98768,DFPBiaoKai-W5-ZhuIn-BFW#14510,safe
DFPYuanW5-ZhuIn-BFW,14513,ㄉㄧㄢˋ,DFPBiaoKai-W5-ZhuIn-BFW,14512,-1,跨字型輪廓驗證＋component_id 位移 -1; target glyf SHA-256 runtime gate,2.7478,8.0,6,墊,DFPYuanW5-ZhuIn-BFW#14513,4f183e0080eb741ec41a0e63892ddf12bc8bedcef3071a4f52a01be7f877db18,DFPBiaoKai-W5-ZhuIn-BFW#14512,safe
DFPYuanW5-ZhuIn-BFW,14514,ㄉㄧㄢˇ,DFPBiaoKai-W5-ZhuIn-BFW,14513,-1,跨字型輪廓驗證＋component_id 位移 -1; target glyf SHA-256 runtime gate,2.9307,8.0,13,碘、點,DFPYuanW5-ZhuIn-BFW#14514,d9fe7d87c3dee636fba4b7112ddeb06be07846e66b687e235f4b96fd103165eb,DFPBiaoKai-W5-ZhuIn-BFW#14513,safe
DFPYuanW5-ZhuIn-BFW,14516,ㄉㄧㄥˋ,DFPBiaoKai-W5-ZhuIn-BFW,14515,-1,跨字型輪廓驗證＋component_id 位移 -1; target glyf SHA-256 runtime gate,2.6547,8.0,5,定,DFPYuanW5-ZhuIn-BFW#14516,4c5aad1597ce8cd14f680dde7051e9b98c4971b66216bf9e8351eea10a2b5ea2,DFPBiaoKai-W5-ZhuIn-BFW#14515,safe
DFPYuanW5-ZhuIn-BFW,14519,ㄉㄨˊ,DFPBiaoKai-W5-ZhuIn-BFW,14518,-1,跨字型輪廓驗證＋component_id 位移 -1; target glyf SHA-256 runtime gate,4.6913,8.0,13,毒、獨,DFPYuanW5-ZhuIn-BFW#14519,7566be29559408ca3b17aeb0590adeb00df1f613061db08c0513418173e6062e,DFPBiaoKai-W5-ZhuIn-BFW#14518,safe
DFPYuanW5-ZhuIn-BFW,14520,ㄉㄨˋ,DFPBiaoKai-W5-ZhuIn-BFW,14519,-1,跨字型輪廓驗證＋component_id 位移 -1; target glyf SHA-256 runtime gate,4.2293,8.0,2,度,DFPYuanW5-ZhuIn-BFW#14520,776ad1a7eaa008e45954eaf8aef9f3567f2f453199c02d7b67a7c68db5fd76de,DFPBiaoKai-W5-ZhuIn-BFW#14519,safe
DFPYuanW5-ZhuIn-BFW,14522,ㄉㄨㄛ,DFPBiaoKai-W5-ZhuIn-BFW,14521,-1,跨字型輪廓驗證＋component_id 位移 -1; target glyf SHA-256 runtime gate,2.0672,8.0,17,多,DFPYuanW5-ZhuIn-BFW#14522,c0620a07022be5f73726e6bc989ea70c61088896e7ec06e3faea697167d2fccf,DFPBiaoKai-W5-ZhuIn-BFW#14521,safe
DFPYuanW5-ZhuIn-BFW,14527,ㄉㄨㄟˋ,DFPBiaoKai-W5-ZhuIn-BFW,14526,-1,跨字型輪廓驗證＋component_id 位移 -1; target glyf SHA-256 runtime gate,3.8921,8.0,7,對、隊,DFPYuanW5-ZhuIn-BFW#14527,07129760928ed755248b7a0baa9261123ebd82d2502b7573013eadbf984cb416,DFPBiaoKai-W5-ZhuIn-BFW#14526,safe
DFPYuanW5-ZhuIn-BFW,14528,ㄉㄨㄢ,DFPBiaoKai-W5-ZhuIn-BFW,14527,-1,跨字型輪廓驗證＋component_id 位移 -1; target glyf SHA-256 runtime gate,3.2982,8.0,1,端,DFPYuanW5-ZhuIn-BFW#14528,4335eacba929ca47d203f0dbcf0cf25a8dded40d0a7b84fc0db55da3482bda81,DFPBiaoKai-W5-ZhuIn-BFW#14527,safe
DFPYuanW5-ZhuIn-BFW,14530,ㄉㄨㄢˇ,DFPBiaoKai-W5-ZhuIn-BFW,14529,-1,跨字型輪廓驗證＋component_id 位移 -1; target glyf SHA-256 runtime gate,3.1888,8.0,1,短,DFPYuanW5-ZhuIn-BFW#14530,0f21d1f5594869b89924cd787264b8f9f26c1bb8fa883ed364e66639fc5c9f34,DFPBiaoKai-W5-ZhuIn-BFW#14529,safe
DFPYuanW5-ZhuIn-BFW,14531,ㄉㄨㄣ,DFPBiaoKai-W5-ZhuIn-BFW,14530,-1,跨字型輪廓驗證＋component_id 位移 -1; target glyf SHA-256 runtime gate,2.7378,8.0,3,蹲,DFPYuanW5-ZhuIn-BFW#14531,a32b9fc5c02e6ca43bfc64ad915681db19dfa0078a4ce3b3e592ad067dff040b,DFPBiaoKai-W5-ZhuIn-BFW#14530,safe
DFPYuanW5-ZhuIn-BFW,14535,ㄉㄨㄥˋ,DFPBiaoKai-W5-ZhuIn-BFW,14534,-1,跨字型輪廓驗證＋component_id 位移 -1; target glyf SHA-256 runtime gate,3.1307,8.0,29,動、洞,DFPYuanW5-ZhuIn-BFW#14535,dc7634cfc23acfcd58c3332d75507a64b94664f5aca1fada82087140c91b56da,DFPBiaoKai-W5-ZhuIn-BFW#14534,safe
DFPYuanW5-ZhuIn-BFW,14537,ㄊㄚ,DFPBiaoKai-W5-ZhuIn-BFW,14536,-1,跨字型輪廓驗證＋component_id 位移 -1; target glyf SHA-256 runtime gate,6.3226,8.0,9,他,DFPYuanW5-ZhuIn-BFW#14537,bcb2d11a711d3de356ecd59eaca098ddd9e00c6ba20345c0be4f98ace53865f4,DFPBiaoKai-W5-ZhuIn-BFW#14536,safe
DFPYuanW5-ZhuIn-BFW,14538,ㄊㄚˋ,DFPBiaoKai-W5-ZhuIn-BFW,14537,-1,跨字型輪廓驗證＋component_id 位移 -1; target glyf SHA-256 runtime gate,5.77,8.0,1,踏,DFPYuanW5-ZhuIn-BFW#14538,a0935d5426c5f0cde219f8855915fe83e50623bf330ee9f058fa348c00726b67,DFPBiaoKai-W5-ZhuIn-BFW#14537,safe
DFPYuanW5-ZhuIn-BFW,14541,ㄊㄜˋ,DFPBiaoKai-W5-ZhuIn-BFW,14540,-1,跨字型輪廓驗證＋component_id 位移 -1; target glyf SHA-256 runtime gate,4.6828,8.0,2,特,DFPYuanW5-ZhuIn-BFW#14541,bd2703301f3a6cf91067da9188232a717c66a7aa969786e438ca5fdb6f454631,DFPBiaoKai-W5-ZhuIn-BFW#14540,safe
DFPYuanW5-ZhuIn-BFW,14544,ㄊㄞˋ,DFPBiaoKai-W5-ZhuIn-BFW,14543,-1,跨字型輪廓驗證＋component_id 位移 -1; target glyf SHA-256 runtime gate,4.9751,8.0,1,太,DFPYuanW5-ZhuIn-BFW#14544,b9ab12dd2cd1f73c51dbc9ee605c68a3222f7c27008d8a3427c19528f9c51131,DFPBiaoKai-W5-ZhuIn-BFW#14543,safe
DFPYuanW5-ZhuIn-BFW,14548,ㄊㄠˇ,DFPBiaoKai-W5-ZhuIn-BFW,14547,-1,跨字型輪廓驗證＋component_id 位移 -1; target glyf SHA-256 runtime gate,4.6575,8.0,6,討,DFPYuanW5-ZhuIn-BFW#14548,671fc65541423a72873ee52a5a8d43c8298bd33b0daa1a63e3958702ff437827,DFPBiaoKai-W5-ZhuIn-BFW#14547,safe
DFPYuanW5-ZhuIn-BFW,14551,ㄊㄡˊ,DFPBiaoKai-W5-ZhuIn-BFW,14550,-1,跨字型輪廓驗證＋component_id 位移 -1; target glyf SHA-256 runtime gate,5.7529,8.0,10,投、骰、頭,DFPYuanW5-ZhuIn-BFW#14551,583e941e37ebb57cec1748d3801145d395ade6d2923fc710545500b74d8730fb,DFPBiaoKai-W5-ZhuIn-BFW#14550,safe
DFPYuanW5-ZhuIn-BFW,14556,ㄊㄢˋ,DFPBiaoKai-W5-ZhuIn-BFW,14555,-1,跨字型輪廓驗證＋component_id 位移 -1; target glyf SHA-256 runtime gate,5.1625,8.0,1,碳,DFPYuanW5-ZhuIn-BFW#14556,420773a459fe9225f724ee9dfcc5318deca2802d40796c4f142b0dc5c19abe90,DFPBiaoKai-W5-ZhuIn-BFW#14555,safe
DFPYuanW5-ZhuIn-BFW,14559,ㄊㄤˊ,DFPBiaoKai-W5-ZhuIn-BFW,14558,-1,跨字型輪廓驗證＋component_id 位移 -1; target glyf SHA-256 runtime gate,4.9554,8.0,3,醣,DFPYuanW5-ZhuIn-BFW#14559,8cf41ac5cc2aad047bbc6e40b28abf6e9faf581499a1da55650dfb2f6c9e35f2,DFPBiaoKai-W5-ZhuIn-BFW#14558,safe
DFPYuanW5-ZhuIn-BFW,14562,ㄊㄥˊ,DFPBiaoKai-W5-ZhuIn-BFW,14561,-1,跨字型輪廓驗證＋component_id 位移 -1; target glyf SHA-256 runtime gate,5.8819,8.0,1,藤,DFPYuanW5-ZhuIn-BFW#14562,6837022c513d5ccee6dc18bca2421f903d6db36dd59ef22529846979ad8bc35d,DFPBiaoKai-W5-ZhuIn-BFW#14561,safe
DFPYuanW5-ZhuIn-BFW,14563,ㄊㄧ,DFPBiaoKai-W5-ZhuIn-BFW,14562,-1,跨字型輪廓驗證＋component_id 位移 -1; target glyf SHA-256 runtime gate,6.1531,8.0,12,踢,DFPYuanW5-ZhuIn-BFW#14563,8bb135e914b40e2ee6c97dbb914ea66b04fc0cd52d5783a9297cb137b572b8f6,DFPBiaoKai-W5-ZhuIn-BFW#14562,safe
DFPYuanW5-ZhuIn-BFW,14564,ㄊㄧˊ,DFPBiaoKai-W5-ZhuIn-BFW,14563,-1,跨字型輪廓驗證＋component_id 位移 -1; target glyf SHA-256 runtime gate,6.521,8.0,3,提,DFPYuanW5-ZhuIn-BFW#14564,e798dc43d5a8b95ab3804b5489a4a890569ec1b7a2b5d0fd71d6b7bfc8a85963,DFPBiaoKai-W5-ZhuIn-BFW#14563,safe
DFPYuanW5-ZhuIn-BFW,14566,ㄊㄧˇ,DFPBiaoKai-W5-ZhuIn-BFW,14565,-1,跨字型輪廓驗證＋component_id 位移 -1; target glyf SHA-256 runtime gate,6.684,8.0,17,體,DFPYuanW5-ZhuIn-BFW#14566,695ec00211979b3b45bb151b6f65a8e5f63d5fde3cc5ebc24366f632e244eb3c,DFPBiaoKai-W5-ZhuIn-BFW#14565,safe
DFPYuanW5-ZhuIn-BFW,14572,ㄊㄧㄠˋ,DFPBiaoKai-W5-ZhuIn-BFW,14571,-1,跨字型輪廓驗證＋component_id 位移 -1; target glyf SHA-256 runtime gate,3.4045,8.0,3,跳,DFPYuanW5-ZhuIn-BFW#14572,333b4c4971b0c8367718275af80a78370aa1420e4efafa8efc2329fec47385e8,DFPBiaoKai-W5-ZhuIn-BFW#14571,safe
DFPYuanW5-ZhuIn-BFW,14574,ㄊㄧㄢ,DFPBiaoKai-W5-ZhuIn-BFW,14573,-1,跨字型輪廓驗證＋component_id 位移 -1; target glyf SHA-256 runtime gate,3.5811,8.0,4,天,DFPYuanW5-ZhuIn-BFW#14574,3fd2c760bee7c8ae81d835a932a1c24164e0d65a781f8403101ac58b2fc5cde9,DFPBiaoKai-W5-ZhuIn-BFW#14573,safe
DFPYuanW5-ZhuIn-BFW,14575,ㄊㄧㄢˊ,DFPBiaoKai-W5-ZhuIn-BFW,14574,-1,跨字型輪廓驗證＋component_id 位移 -1; target glyf SHA-256 runtime gate,3.8213,8.0,1,填,DFPYuanW5-ZhuIn-BFW#14575,7d57eb813d1e2ad59ae6936e5ee1384a7628a575f67f8b8b6f870cb5dc628b22,DFPBiaoKai-W5-ZhuIn-BFW#14574,safe
DFPYuanW5-ZhuIn-BFW,14578,ㄊㄧㄥ,DFPBiaoKai-W5-ZhuIn-BFW,14577,-1,跨字型輪廓驗證＋component_id 位移 -1; target glyf SHA-256 runtime gate,3.6197,8.0,1,聽,DFPYuanW5-ZhuIn-BFW#14578,77bfc8d2c923f3c8f86907265e7bf657ecde6c23f15489b65366c2505730c72a,DFPBiaoKai-W5-ZhuIn-BFW#14577,safe
DFPYuanW5-ZhuIn-BFW,14579,ㄊㄧㄥˊ,DFPBiaoKai-W5-ZhuIn-BFW,14578,-1,跨字型輪廓驗證＋component_id 位移 -1; target glyf SHA-256 runtime gate,4.0246,8.0,2,停,DFPYuanW5-ZhuIn-BFW#14579,12622f0ce1277e24f6323b0abbe43a97a4b645ff9751c1e4e74a9736bf8def24,DFPBiaoKai-W5-ZhuIn-BFW#14578,safe
DFPYuanW5-ZhuIn-BFW,14583,ㄊㄨˊ,DFPBiaoKai-W5-ZhuIn-BFW,14582,-1,跨字型輪廓驗證＋component_id 位移 -1; target glyf SHA-256 runtime gate,5.8838,8.0,1,圖,DFPYuanW5-ZhuIn-BFW#14583,96cba278dbae67d9c1f911dd7cefe47663d5b95d0a05b3da82fa4f2849568bf1,DFPBiaoKai-W5-ZhuIn-BFW#14582,safe
DFPYuanW5-ZhuIn-BFW,14590,ㄊㄨㄟ,DFPBiaoKai-W5-ZhuIn-BFW,14589,-1,跨字型輪廓驗證＋component_id 位移 -1; target glyf SHA-256 runtime gate,4.6795,8.0,3,推,DFPYuanW5-ZhuIn-BFW#14590,ebb9e52610fe0be0a60dcd7ff5928498a5f49ccf29207bc53311bcad35fded8e,DFPBiaoKai-W5-ZhuIn-BFW#14589,safe
DFPYuanW5-ZhuIn-BFW,14602,ㄊㄨㄥ,DFPBiaoKai-W5-ZhuIn-BFW,14601,-1,跨字型輪廓驗證＋component_id 位移 -1; target glyf SHA-256 runtime gate,3.9123,8.0,1,通,DFPYuanW5-ZhuIn-BFW#14602,64165ea36d6626afb3052e3d6859591e6c34cac8ebaa2209aaa11c93244a92ac,DFPBiaoKai-W5-ZhuIn-BFW#14601,safe
DFPYuanW5-ZhuIn-BFW,14603,ㄊㄨㄥˊ,DFPBiaoKai-W5-ZhuIn-BFW,14602,-1,跨字型輪廓驗證＋component_id 位移 -1; target glyf SHA-256 runtime gate,4.0842,8.0,29,同、童,DFPYuanW5-ZhuIn-BFW#14603,ff75e859966f81ef256a43a5fa6963046a8294f479f46186353b57bffd87b20d,DFPBiaoKai-W5-ZhuIn-BFW#14602,safe
DFPYuanW5-ZhuIn-BFW,14608,ㄋㄚˊ,DFPBiaoKai-W5-ZhuIn-BFW,14607,-1,跨字型輪廓驗證＋component_id 位移 -1; target glyf SHA-256 runtime gate,4.5038,8.0,1,拿,DFPYuanW5-ZhuIn-BFW#14608,9563af3209770c94d548d945ebd679a26d8cac7670fe42329bac299538bb61cf,DFPBiaoKai-W5-ZhuIn-BFW#14607,safe
DFPYuanW5-ZhuIn-BFW,14610,ㄋㄚˇ,DFPBiaoKai-W5-ZhuIn-BFW,14609,-1,跨字型輪廓驗證＋component_id 位移 -1; target glyf SHA-256 runtime gate,4.6517,8.0,7,哪,DFPYuanW5-ZhuIn-BFW#14610,fb36f1f3a49e2633fd1dd982c5f6358223ec173d92b117c349003d1ed01dd283,DFPBiaoKai-W5-ZhuIn-BFW#14609,safe
DFPYuanW5-ZhuIn-BFW,14616,ㄋㄞˇ,DFPBiaoKai-W5-ZhuIn-BFW,14615,-1,跨字型輪廓驗證＋component_id 位移 -1; target glyf SHA-256 runtime gate,3.559,8.0,2,奶,DFPYuanW5-ZhuIn-BFW#14616,90106280ba4145e027420150a275442b64cdf05a95bafecee6836e143952b523,DFPBiaoKai-W5-ZhuIn-BFW#14615,safe
DFPYuanW5-ZhuIn-BFW,14617,ㄋㄟˋ,DFPBiaoKai-W5-ZhuIn-BFW,14616,-1,跨字型輪廓驗證＋component_id 位移 -1; target glyf SHA-256 runtime gate,4.6967,8.0,5,內,DFPYuanW5-ZhuIn-BFW#14617,20d086b86bf6423b9759ebaa2232b516e002373355f125a61e5ce5b5e6edab81,DFPBiaoKai-W5-ZhuIn-BFW#14616,safe
DFPYuanW5-ZhuIn-BFW,14626,ㄋㄢˊ,DFPBiaoKai-W5-ZhuIn-BFW,14625,-1,跨字型輪廓驗證＋component_id 位移 -1; target glyf SHA-256 runtime gate,3.7917,8.0,2,難,DFPYuanW5-ZhuIn-BFW#14626,110323633de7bfdbfea74548a3415738d8f808515611b46fd442243149250c03,DFPBiaoKai-W5-ZhuIn-BFW#14625,safe
DFPYuanW5-ZhuIn-BFW,14635,ㄋㄥˊ,DFPBiaoKai-W5-ZhuIn-BFW,14634,-1,跨字型輪廓驗證＋component_id 位移 -1; target glyf SHA-256 runtime gate,3.9128,8.0,9,能,DFPYuanW5-ZhuIn-BFW#14635,255de455946138999e7ca923da4f60f653b2cd4af21081fcd938a73f8df0fe1b,DFPBiaoKai-W5-ZhuIn-BFW#14634,safe
DFPYuanW5-ZhuIn-BFW,14639,ㄋㄧˇ,DFPBiaoKai-W5-ZhuIn-BFW,14638,-1,跨字型輪廓驗證＋component_id 位移 -1; target glyf SHA-256 runtime gate,4.9013,8.0,19,你,DFPYuanW5-ZhuIn-BFW#14639,8ce37000da06e15b9ef452fe8e418bb395769994c522c888678543d3291d7731,DFPBiaoKai-W5-ZhuIn-BFW#14638,safe
DFPYuanW5-ZhuIn-BFW,14648,ㄋㄧㄡˇ,DFPBiaoKai-W5-ZhuIn-BFW,14647,-1,跨字型輪廓驗證＋component_id 位移 -1; target glyf SHA-256 runtime gate,3.3536,8.0,2,扭,DFPYuanW5-ZhuIn-BFW#14648,247c0e74bc4b2ec812622369375d8d47b733b4441105396ae4eb0382af1864b6,DFPBiaoKai-W5-ZhuIn-BFW#14647,safe
DFPYuanW5-ZhuIn-BFW,14649,ㄋㄧㄢˊ,DFPBiaoKai-W5-ZhuIn-BFW,14648,-1,跨字型輪廓驗證＋component_id 位移 -1; target glyf SHA-256 runtime gate,2.7227,8.0,1,年,DFPYuanW5-ZhuIn-BFW#14649,9425600029668ef9dc772edded092c0484cd830a113d61dc1bf067aff01e0ced,DFPBiaoKai-W5-ZhuIn-BFW#14648,safe
DFPYuanW5-ZhuIn-BFW,14661,ㄋㄨˇ,DFPBiaoKai-W5-ZhuIn-BFW,14660,-1,跨字型輪廓驗證＋component_id 位移 -1; target glyf SHA-256 runtime gate,4.5649,8.0,1,努,DFPYuanW5-ZhuIn-BFW#14661,e733cd6b881a662e168d536c644802af5fa83eb7b42a431744fa303425ef1480,DFPBiaoKai-W5-ZhuIn-BFW#14660,safe
DFPYuanW5-ZhuIn-BFW,14666,ㄋㄨㄢˇ,DFPBiaoKai-W5-ZhuIn-BFW,14665,-1,跨字型輪廓驗證＋component_id 位移 -1; target glyf SHA-256 runtime gate,3.6063,8.0,1,暖,DFPYuanW5-ZhuIn-BFW#14666,84e4a09a08e437ccb71e4d4af81be986a425e8a3475774f8971fd6005a782d8d,DFPBiaoKai-W5-ZhuIn-BFW#14665,safe
DFPYuanW5-ZhuIn-BFW,14672,ㄌㄚ,DFPBiaoKai-W5-ZhuIn-BFW,14671,-1,跨字型輪廓驗證＋component_id 位移 -1; target glyf SHA-256 runtime gate,3.7889,8.0,2,拉,DFPYuanW5-ZhuIn-BFW#14672,51b98800d4a0cd153def282720375dc4e8821972314ca19efb98637b0b28a0a4,DFPBiaoKai-W5-ZhuIn-BFW#14671,safe
DFPYuanW5-ZhuIn-BFW,14678,˙ㄌㄜ,DFPBiaoKai-W5-ZhuIn-BFW,14677,-1,跨字型輪廓驗證＋component_id 位移 -1; target glyf SHA-256 runtime gate,2.7943,8.0,5,了,DFPYuanW5-ZhuIn-BFW#14678,489e01f21eed18b895993f3a87a24bf18ec6bfdb6397af0da54c7937ce946c08,DFPBiaoKai-W5-ZhuIn-BFW#14677,safe
DFPYuanW5-ZhuIn-BFW,14679,ㄌㄜˋ,DFPBiaoKai-W5-ZhuIn-BFW,14678,-1,跨字型輪廓驗證＋component_id 位移 -1; target glyf SHA-256 runtime gate,2.4461,8.0,2,垃,DFPYuanW5-ZhuIn-BFW#14679,e50830ca4e63ef7cfc30ccc06c9bde6f1deb9232cf4f45a78d008bba9f1f5eeb,DFPBiaoKai-W5-ZhuIn-BFW#14678,safe
DFPYuanW5-ZhuIn-BFW,14680,ㄌㄞˊ,DFPBiaoKai-W5-ZhuIn-BFW,14679,-1,跨字型輪廓驗證＋component_id 位移 -1; target glyf SHA-256 runtime gate,3.3417,8.0,7,來,DFPYuanW5-ZhuIn-BFW#14680,957c26fc5ae6016a4025c5e01d65a0b86bc18d1e9a85e207720c4ef02ca325ca,DFPBiaoKai-W5-ZhuIn-BFW#14679,safe
DFPYuanW5-ZhuIn-BFW,14684,ㄌㄟˋ,DFPBiaoKai-W5-ZhuIn-BFW,14683,-1,跨字型輪廓驗證＋component_id 位移 -1; target glyf SHA-256 runtime gate,4.4897,8.0,12,類,DFPYuanW5-ZhuIn-BFW#14684,cdb67452eb61547d9cd0f167a27f93e50c0f6d63148db4a0b182cc5bef68e904,DFPBiaoKai-W5-ZhuIn-BFW#14683,safe
DFPYuanW5-ZhuIn-BFW,14689,ㄌㄠˇ,DFPBiaoKai-W5-ZhuIn-BFW,14688,-1,跨字型輪廓驗證＋component_id 位移 -1; target glyf SHA-256 runtime gate,2.9874,8.0,1,老,DFPYuanW5-ZhuIn-BFW#14689,71cec12fa1d7f10210b820eba2b7865ab4a76d3228fcfd63de104d9fa6107b03,DFPBiaoKai-W5-ZhuIn-BFW#14688,safe
DFPYuanW5-ZhuIn-BFW,14704,ㄌㄧˊ,DFPBiaoKai-W5-ZhuIn-BFW,14703,-1,跨字型輪廓驗證＋component_id 位移 -1; target glyf SHA-256 runtime gate,3.3926,8.0,1,離,DFPYuanW5-ZhuIn-BFW#14704,0ab7f6b4bf6a517db86955523563cf508ceea0d5a755842cf28f1fbffe0fdb52,DFPBiaoKai-W5-ZhuIn-BFW#14703,safe
DFPYuanW5-ZhuIn-BFW,14705,ㄌㄧˋ,DFPBiaoKai-W5-ZhuIn-BFW,14704,-1,跨字型輪廓驗證＋component_id 位移 -1; target glyf SHA-256 runtime gate,2.8686,8.0,26,力、立、例、利,DFPYuanW5-ZhuIn-BFW#14705,c52856b8a17562f92672d5b2c402aae966f9e500ffbdb0afd61ebb74e0ce0d59,DFPBiaoKai-W5-ZhuIn-BFW#14704,safe
DFPYuanW5-ZhuIn-BFW,14706,ㄌㄧˇ,DFPBiaoKai-W5-ZhuIn-BFW,14705,-1,跨字型輪廓驗證＋component_id 位移 -1; target glyf SHA-256 runtime gate,3.8968,8.0,7,理、禮,DFPYuanW5-ZhuIn-BFW#14706,b3b8f72ab8153b787db18a4b85dfc59e68028e4061d7cd0837eaf8c20a105d9b,DFPBiaoKai-W5-ZhuIn-BFW#14705,safe
DFPYuanW5-ZhuIn-BFW,14713,ㄌㄧㄠˋ,DFPBiaoKai-W5-ZhuIn-BFW,14712,-1,跨字型輪廓驗證＋component_id 位移 -1; target glyf SHA-256 runtime gate,2.447,8.0,2,料,DFPYuanW5-ZhuIn-BFW#14713,8c749e41c754188384361b08fea51489fc3cee5298813d8c17b05791b4d42cf9,DFPBiaoKai-W5-ZhuIn-BFW#14712,safe
DFPYuanW5-ZhuIn-BFW,14716,ㄌㄧㄡˊ,DFPBiaoKai-W5-ZhuIn-BFW,14715,-1,跨字型輪廓驗證＋component_id 位移 -1; target glyf SHA-256 runtime gate,3.4389,8.0,3,流,DFPYuanW5-ZhuIn-BFW#14716,2bac7c2554c6d04ee08c428e9db907d5b8309d1aaed3d1947d6097bce97bb118,DFPBiaoKai-W5-ZhuIn-BFW#14715,safe
DFPYuanW5-ZhuIn-BFW,14717,ㄌㄧㄡˋ,DFPBiaoKai-W5-ZhuIn-BFW,14716,-1,跨字型輪廓驗證＋component_id 位移 -1; target glyf SHA-256 runtime gate,3.2755,8.0,1,六,DFPYuanW5-ZhuIn-BFW#14717,b8cb29d4db7f6607c03b4107d04e528965d3370436bb8342955af1cb01392255,DFPBiaoKai-W5-ZhuIn-BFW#14716,safe
DFPYuanW5-ZhuIn-BFW,14719,ㄌㄧㄢˊ,DFPBiaoKai-W5-ZhuIn-BFW,14718,-1,跨字型輪廓驗證＋component_id 位移 -1; target glyf SHA-256 runtime gate,3.0424,8.0,2,連,DFPYuanW5-ZhuIn-BFW#14719,17e60fb9ed4c7c30ef339cf363e6810dab25761ad510818b8076258f6f0186e0,DFPBiaoKai-W5-ZhuIn-BFW#14718,safe
DFPYuanW5-ZhuIn-BFW,14720,ㄌㄧㄢˋ,DFPBiaoKai-W5-ZhuIn-BFW,14719,-1,跨字型輪廓驗證＋component_id 位移 -1; target glyf SHA-256 runtime gate,3.0618,8.0,6,練,DFPYuanW5-ZhuIn-BFW#14720,db93c349a1b0e196afbe0ff4b02c7450336d727ff176f16072f3e070943913db,DFPBiaoKai-W5-ZhuIn-BFW#14719,safe
DFPYuanW5-ZhuIn-BFW,14722,ㄌㄧㄣˊ,DFPBiaoKai-W5-ZhuIn-BFW,14721,-1,跨字型輪廓驗證＋component_id 位移 -1; target glyf SHA-256 runtime gate,2.9019,8.0,1,林,DFPYuanW5-ZhuIn-BFW#14722,e92c05e98b8589c02499e113635d44a6a04f9e57b15bd60ed06872c2865af332,DFPBiaoKai-W5-ZhuIn-BFW#14721,safe
DFPYuanW5-ZhuIn-BFW,14725,ㄌㄧㄤˊ,DFPBiaoKai-W5-ZhuIn-BFW,14724,-1,跨字型輪廓驗證＋component_id 位移 -1; target glyf SHA-256 runtime gate,2.6283,8.0,5,良、糧、涼,DFPYuanW5-ZhuIn-BFW#14725,e75afd68e27b89b07172d92cae3743c544dada6c4bf6cec092454b2fef611cbd,DFPBiaoKai-W5-ZhuIn-BFW#14724,safe
DFPYuanW5-ZhuIn-BFW,14726,ㄌㄧㄤˋ,DFPBiaoKai-W5-ZhuIn-BFW,14725,-1,跨字型輪廓驗證＋component_id 位移 -1; target glyf SHA-256 runtime gate,2.4987,8.0,11,諒、量,DFPYuanW5-ZhuIn-BFW#14726,933c1db5ba89de96d8eb8de21cb80a66ed56bbfb9c9d74c8a72ff1b23c6d5be6,DFPBiaoKai-W5-ZhuIn-BFW#14725,safe
DFPYuanW5-ZhuIn-BFW,14727,ㄌㄧㄤˇ,DFPBiaoKai-W5-ZhuIn-BFW,14726,-1,跨字型輪廓驗證＋component_id 位移 -1; target glyf SHA-256 runtime gate,2.5469,8.0,14,兩,DFPYuanW5-ZhuIn-BFW#14727,6412420a175654e382c6f4f2450da7b09b04392c2d6dfbd081dc032295b2c2ae,DFPBiaoKai-W5-ZhuIn-BFW#14726,safe
DFPYuanW5-ZhuIn-BFW,14730,ㄌㄧㄥˋ,DFPBiaoKai-W5-ZhuIn-BFW,14729,-1,跨字型輪廓驗證＋component_id 位移 -1; target glyf SHA-256 runtime gate,2.7,8.0,1,另,DFPYuanW5-ZhuIn-BFW#14730,39b654c65ebf5fb3a0ab09acb2ab4c2ea3c6574271fc82a66114b8c3cbe10d3d,DFPBiaoKai-W5-ZhuIn-BFW#14729,safe
DFPYuanW5-ZhuIn-BFW,14734,ㄌㄨˋ,DFPBiaoKai-W5-ZhuIn-BFW,14733,-1,跨字型輪廓驗證＋component_id 位移 -1; target glyf SHA-256 runtime gate,3.2239,8.0,4,錄、路,DFPYuanW5-ZhuIn-BFW#14734,15ee6ba9d576306449aa770479c45ca1a335fe7128a4d4cab026944273c61d1e,DFPBiaoKai-W5-ZhuIn-BFW#14733,safe
DFPYuanW5-ZhuIn-BFW,14738,ㄌㄨㄛˋ,DFPBiaoKai-W5-ZhuIn-BFW,14737,-1,跨字型輪廓驗證＋component_id 位移 -1; target glyf SHA-256 runtime gate,2.3241,8.0,4,落,DFPYuanW5-ZhuIn-BFW#14738,ccd9f5b813192a4dadca51c8590bb43f7d1e0a8ad613ebaf36897a014de2e64b,DFPBiaoKai-W5-ZhuIn-BFW#14737,safe
DFPYuanW5-ZhuIn-BFW,14744,ㄌㄨㄣˊ,DFPBiaoKai-W5-ZhuIn-BFW,14743,-1,跨字型輪廓驗證＋component_id 位移 -1; target glyf SHA-256 runtime gate,3.2084,8.0,6,倫、輪,DFPYuanW5-ZhuIn-BFW#14744,93b857edf3e0dfe1f77da3d01b199af83a434f53cd3c9136dbf6421546497005,DFPBiaoKai-W5-ZhuIn-BFW#14743,safe
DFPYuanW5-ZhuIn-BFW,14745,ㄌㄨㄣˋ,DFPBiaoKai-W5-ZhuIn-BFW,14744,-1,跨字型輪廓驗證＋component_id 位移 -1; target glyf SHA-256 runtime gate,3.2438,8.0,6,論,DFPYuanW5-ZhuIn-BFW#14745,f3512d6e9dc29a87bf46866201efd4823033ebf1632217bfe88400e3960b8985,DFPBiaoKai-W5-ZhuIn-BFW#14744,safe
DFPYuanW5-ZhuIn-BFW,14762,ㄍㄜˋ,DFPBiaoKai-W5-ZhuIn-BFW,14761,-1,跨字型輪廓驗證＋component_id 位移 -1; target glyf SHA-256 runtime gate,3.4157,8.0,4,個,DFPYuanW5-ZhuIn-BFW#14762,edbb3737dd18fa54f721e4ca0063e9d403a39893969fa4241c6d3f11afec1c3c,DFPBiaoKai-W5-ZhuIn-BFW#14761,safe
DFPYuanW5-ZhuIn-BFW,14763,ㄍㄜˊ,DFPBiaoKai-W5-ZhuIn-BFW,14762,-1,跨字型輪廓驗證＋component_id 位移 -1; target glyf SHA-256 runtime gate,3.9945,8.0,5,格、隔,DFPYuanW5-ZhuIn-BFW#14763,d577107fa6ad80a07c9faa98ff12e7e962c1953e9d8a2101cf15632782d7a696,DFPBiaoKai-W5-ZhuIn-BFW#14762,safe
DFPYuanW5-ZhuIn-BFW,14764,ㄍㄜˋ,DFPBiaoKai-W5-ZhuIn-BFW,14763,-1,跨字型輪廓驗證＋component_id 位移 -1; target glyf SHA-256 runtime gate,3.4381,8.0,2,各,DFPYuanW5-ZhuIn-BFW#14764,f422e8a7a40d33c5acafea792862fbc1885a8e3dd2d27e03cc55f8b6441008d4,DFPBiaoKai-W5-ZhuIn-BFW#14763,safe
DFPYuanW5-ZhuIn-BFW,14767,ㄍㄞˋ,DFPBiaoKai-W5-ZhuIn-BFW,14766,-1,跨字型輪廓驗證＋component_id 位移 -1; target glyf SHA-256 runtime gate,4.3561,8.0,1,鈣,DFPYuanW5-ZhuIn-BFW#14767,2a74cb6096bf35b13eecc3859fc0291f3b62f0ef6d9d4dc6a70b98f0abe4e613,DFPBiaoKai-W5-ZhuIn-BFW#14766,safe
DFPYuanW5-ZhuIn-BFW,14768,ㄍㄞˇ,DFPBiaoKai-W5-ZhuIn-BFW,14767,-1,跨字型輪廓驗證＋component_id 位移 -1; target glyf SHA-256 runtime gate,4.3916,8.0,4,改,DFPYuanW5-ZhuIn-BFW#14768,0f5d1b6f4f437fe8fb11d4e7f6940034e71fab931d50f44ba7f79e92a17601c8,DFPBiaoKai-W5-ZhuIn-BFW#14767,safe
DFPYuanW5-ZhuIn-BFW,14769,ㄍㄟˇ,DFPBiaoKai-W5-ZhuIn-BFW,14768,-1,跨字型輪廓驗證＋component_id 位移 -1; target glyf SHA-256 runtime gate,5.2507,8.0,1,給,DFPYuanW5-ZhuIn-BFW#14769,fac242d8d2cbe3240a6cd8cc7a0ed1a67f2df1d8b83a6bc0819994e7bbf7cb71,DFPBiaoKai-W5-ZhuIn-BFW#14768,safe
DFPYuanW5-ZhuIn-BFW,14770,ㄍㄠ,DFPBiaoKai-W5-ZhuIn-BFW,14769,-1,跨字型輪廓驗證＋component_id 位移 -1; target glyf SHA-256 runtime gate,3.0793,8.0,11,高,DFPYuanW5-ZhuIn-BFW#14770,1ffa5d4b623975501d79b06c5c8a00f6b2ce11bdf083fe579724bfa554f8aff3,DFPBiaoKai-W5-ZhuIn-BFW#14769,safe
DFPYuanW5-ZhuIn-BFW,14771,ㄍㄠˋ,DFPBiaoKai-W5-ZhuIn-BFW,14770,-1,跨字型輪廓驗證＋component_id 位移 -1; target glyf SHA-256 runtime gate,3.2606,8.0,1,告,DFPYuanW5-ZhuIn-BFW#14771,edfdb08e76fdad74a29ae972894bd4bc9be41b5769c14d40a9efaa5d83fde212,DFPBiaoKai-W5-ZhuIn-BFW#14770,safe
DFPYuanW5-ZhuIn-BFW,14773,ㄍㄡ,DFPBiaoKai-W5-ZhuIn-BFW,14772,-1,跨字型輪廓驗證＋component_id 位移 -1; target glyf SHA-256 runtime gate,5.2398,8.0,1,溝,DFPYuanW5-ZhuIn-BFW#14773,572f9d4e1e49dfbf0e0b8943d05426f71f13f01203dc0461dbe71f6a832a5648,DFPBiaoKai-W5-ZhuIn-BFW#14772,safe
DFPYuanW5-ZhuIn-BFW,14776,ㄍㄢ,DFPBiaoKai-W5-ZhuIn-BFW,14775,-1,跨字型輪廓驗證＋component_id 位移 -1; target glyf SHA-256 runtime gate,4.9945,8.0,1,乾,DFPYuanW5-ZhuIn-BFW#14776,22ef291f374f433a63d57fef9b7bc4b49a2b70168317fc586463b573975e8f0a,DFPBiaoKai-W5-ZhuIn-BFW#14775,safe
DFPYuanW5-ZhuIn-BFW,14778,ㄍㄢˇ,DFPBiaoKai-W5-ZhuIn-BFW,14777,-1,跨字型輪廓驗證＋component_id 位移 -1; target glyf SHA-256 runtime gate,4.3937,8.0,8,感、趕,DFPYuanW5-ZhuIn-BFW#14778,7a54a424910d4e1f346dfdb20b44389e262d3a4fc9447a369ba2fd36fb0e6e9f,DFPBiaoKai-W5-ZhuIn-BFW#14777,safe
DFPYuanW5-ZhuIn-BFW,14779,ㄍㄣ,DFPBiaoKai-W5-ZhuIn-BFW,14778,-1,跨字型輪廓驗證＋component_id 位移 -1; target glyf SHA-256 runtime gate,4.7315,8.0,9,跟,DFPYuanW5-ZhuIn-BFW#14779,d520fa18ded648353a0cf2ad650e86ec88b7132959bbac74fa3752f8a17a9c84,DFPBiaoKai-W5-ZhuIn-BFW#14778,safe
DFPYuanW5-ZhuIn-BFW,14794,ㄍㄨˇ,DFPBiaoKai-W5-ZhuIn-BFW,14793,-1,跨字型輪廓驗證＋component_id 位移 -1; target glyf SHA-256 runtime gate,5.4577,8.0,2,穀、古,DFPYuanW5-ZhuIn-BFW#14794,fec469998e443926e69540b4edbec58af32657483b22b7af7d7f61d3cd6ecb0f,DFPBiaoKai-W5-ZhuIn-BFW#14793,safe
DFPYuanW5-ZhuIn-BFW,14800,ㄍㄨㄛˋ,DFPBiaoKai-W5-ZhuIn-BFW,14799,-1,跨字型輪廓驗證＋component_id 位移 -1; target glyf SHA-256 runtime gate,2.6072,8.0,6,過,DFPYuanW5-ZhuIn-BFW#14800,7e8fd27cd20e30e93292a75e09888f94b98a1b03c5d7fdeca23655a6c5085ab2,DFPBiaoKai-W5-ZhuIn-BFW#14799,safe
DFPYuanW5-ZhuIn-BFW,14801,ㄍㄨㄛˇ,DFPBiaoKai-W5-ZhuIn-BFW,14800,-1,跨字型輪廓驗證＋component_id 位移 -1; target glyf SHA-256 runtime gate,2.4692,8.0,21,果,DFPYuanW5-ZhuIn-BFW#14801,4a9acd221c1afe47e4cc9fa7446069a191457bb74257d6ed7ad59394a1533cc1,DFPBiaoKai-W5-ZhuIn-BFW#14800,safe
DFPYuanW5-ZhuIn-BFW,14805,ㄍㄨㄟ,DFPBiaoKai-W5-ZhuIn-BFW,14804,-1,跨字型輪廓驗證＋component_id 位移 -1; target glyf SHA-256 runtime gate,4.3881,8.0,3,規、龜,DFPYuanW5-ZhuIn-BFW#14805,7075ecad680b32ecc3f76acb6df11c25075faba5c0e12830b0369d4b1f7a7072,DFPBiaoKai-W5-ZhuIn-BFW#14804,safe
DFPYuanW5-ZhuIn-BFW,14808,ㄍㄨㄢ,DFPBiaoKai-W5-ZhuIn-BFW,14807,-1,跨字型輪廓驗證＋component_id 位移 -1; target glyf SHA-256 runtime gate,3.2739,8.0,10,關、觀,DFPYuanW5-ZhuIn-BFW#14808,208ab5b67c5e5e90d1c1c1cbed72daf9bc01a97cfcc043c3d9da9d1e4c17ae11,DFPBiaoKai-W5-ZhuIn-BFW#14807,safe
DFPYuanW5-ZhuIn-BFW,14809,ㄍㄨㄢˋ,DFPBiaoKai-W5-ZhuIn-BFW,14808,-1,跨字型輪廓驗證＋component_id 位移 -1; target glyf SHA-256 runtime gate,3.2951,8.0,2,慣,DFPYuanW5-ZhuIn-BFW#14809,823a743e80a98166da306b8a04c7eceac4cb0d621b43b6a88eaaf91ad54da7eb,DFPBiaoKai-W5-ZhuIn-BFW#14808,safe
DFPYuanW5-ZhuIn-BFW,14812,ㄍㄨㄣˇ,DFPBiaoKai-W5-ZhuIn-BFW,14811,-1,跨字型輪廓驗證＋component_id 位移 -1; target glyf SHA-256 runtime gate,3.7095,8.0,9,滾,DFPYuanW5-ZhuIn-BFW#14812,44d00a1452ceb4bca8af03779591d3ea9242934239cf94af9507b3eddf125b7a,DFPBiaoKai-W5-ZhuIn-BFW#14811,safe
DFPYuanW5-ZhuIn-BFW,14816,ㄍㄨㄥ,DFPBiaoKai-W5-ZhuIn-BFW,14815,-1,跨字型輪廓驗證＋component_id 位移 -1; target glyf SHA-256 runtime gate,3.5146,8.0,18,恭、功、宮、攻、弓,DFPYuanW5-ZhuIn-BFW#14816,e37b9a4c372bd56d59aa080cf1f74aa67fac9cd86230c742ff01a3d05e8333fc,DFPBiaoKai-W5-ZhuIn-BFW#14815,safe
DFPYuanW5-ZhuIn-BFW,14822,ㄎㄜ,DFPBiaoKai-W5-ZhuIn-BFW,14821,-1,跨字型輪廓驗證＋component_id 位移 -1; target glyf SHA-256 runtime gate,2.163,8.0,6,科、顆,DFPYuanW5-ZhuIn-BFW#14822,19cd346a981e15ebfdaf327a691962ba06419c48aeb649173c121d99aecd75f5,DFPBiaoKai-W5-ZhuIn-BFW#14821,safe
DFPYuanW5-ZhuIn-BFW,14824,ㄎㄜˋ,DFPBiaoKai-W5-ZhuIn-BFW,14823,-1,跨字型輪廓驗證＋component_id 位移 -1; target glyf SHA-256 runtime gate,2.7399,8.0,4,課,DFPYuanW5-ZhuIn-BFW#14824,21b1dbd53b66ef828c1ffe317d77562e809a693d5d5b920dece93a3f594995a1,DFPBiaoKai-W5-ZhuIn-BFW#14823,safe
DFPYuanW5-ZhuIn-BFW,14825,ㄎㄜˇ,DFPBiaoKai-W5-ZhuIn-BFW,14824,-1,跨字型輪廓驗證＋component_id 位移 -1; target glyf SHA-256 runtime gate,3.0688,8.0,11,可,DFPYuanW5-ZhuIn-BFW#14825,28e876951523f0c9662c189f1255ccd3a6c3c40adb43ca37bc98cd58d227be0f,DFPBiaoKai-W5-ZhuIn-BFW#14824,safe
DFPYuanW5-ZhuIn-BFW,14826,ㄎㄞ,DFPBiaoKai-W5-ZhuIn-BFW,14825,-1,跨字型輪廓驗證＋component_id 位移 -1; target glyf SHA-256 runtime gate,3.2352,8.0,5,開,DFPYuanW5-ZhuIn-BFW#14826,c86c70675dc15a29b1eac094abc062600e7553a489f6ea8967e4247748ed3c57,DFPBiaoKai-W5-ZhuIn-BFW#14825,safe
DFPYuanW5-ZhuIn-BFW,14831,ㄎㄠˇ,DFPBiaoKai-W5-ZhuIn-BFW,14830,-1,跨字型輪廓驗證＋component_id 位移 -1; target glyf SHA-256 runtime gate,3.3435,8.0,2,考,DFPYuanW5-ZhuIn-BFW#14831,95f45cd45b309706f09759f68e7c3e11d0596a6553e6fe37d89bf40324fb2857,DFPBiaoKai-W5-ZhuIn-BFW#14830,safe
DFPYuanW5-ZhuIn-BFW,14834,ㄎㄡˇ,DFPBiaoKai-W5-ZhuIn-BFW,14833,-1,跨字型輪廓驗證＋component_id 位移 -1; target glyf SHA-256 runtime gate,4.3052,8.0,4,口,DFPYuanW5-ZhuIn-BFW#14834,6d1d4df50d103f010299a275b2ece9b795a211b2ba7ff08658ec905853e72801,DFPBiaoKai-W5-ZhuIn-BFW#14833,safe
DFPYuanW5-ZhuIn-BFW,14836,ㄎㄢˋ,DFPBiaoKai-W5-ZhuIn-BFW,14835,-1,跨字型輪廓驗證＋component_id 位移 -1; target glyf SHA-256 runtime gate,3.8808,8.0,9,看,DFPYuanW5-ZhuIn-BFW#14836,bb2db4e45d6ac961a241e14ec56cec90386013b718326d27e55ef8c7ce5ced92,DFPBiaoKai-W5-ZhuIn-BFW#14835,safe
DFPYuanW5-ZhuIn-BFW,14840,ㄎㄤ,DFPBiaoKai-W5-ZhuIn-BFW,14839,-1,跨字型輪廓驗證＋component_id 位移 -1; target glyf SHA-256 runtime gate,2.5436,8.0,2,康,DFPYuanW5-ZhuIn-BFW#14840,9a602296027c4567960d4407cf902a3191f8f45844c6b9aa53c40b5c36cbafdb,DFPBiaoKai-W5-ZhuIn-BFW#14839,safe
DFPYuanW5-ZhuIn-BFW,14850,ㄎㄨㄚˋ,DFPBiaoKai-W5-ZhuIn-BFW,14849,-1,跨字型輪廓驗證＋component_id 位移 -1; target glyf SHA-256 runtime gate,2.9256,8.0,3,跨,DFPYuanW5-ZhuIn-BFW#14850,362ccc874e2f368c1a33259f36c9d928a73ecdd711addbfa495577348e28bb80,DFPBiaoKai-W5-ZhuIn-BFW#14849,safe
DFPYuanW5-ZhuIn-BFW,14855,ㄎㄨㄞˋ,DFPBiaoKai-W5-ZhuIn-BFW,14854,-1,跨字型輪廓驗證＋component_id 位移 -1; target glyf SHA-256 runtime gate,2.4968,8.0,7,快,DFPYuanW5-ZhuIn-BFW#14855,a2ddf91bbbfedeefdaa6d4a09ca0957df5ede44d5f6f8a575e76d58b0eea0324,DFPBiaoKai-W5-ZhuIn-BFW#14854,safe
DFPYuanW5-ZhuIn-BFW,14868,ㄎㄨㄤˋ,DFPBiaoKai-W5-ZhuIn-BFW,14867,-1,跨字型輪廓驗證＋component_id 位移 -1; target glyf SHA-256 runtime gate,2.7902,8.0,3,礦,DFPYuanW5-ZhuIn-BFW#14868,373e94b9e8236eb202ad527004322f4a39241bfa830ea88803fedb55402c7b68,DFPBiaoKai-W5-ZhuIn-BFW#14867,safe
DFPYuanW5-ZhuIn-BFW,14870,ㄎㄨㄥ,DFPBiaoKai-W5-ZhuIn-BFW,14869,-1,跨字型輪廓驗證＋component_id 位移 -1; target glyf SHA-256 runtime gate,2.9404,8.0,1,空,DFPYuanW5-ZhuIn-BFW#14870,0394ff675e0333821628b8e52a960c772cbef92c1d90bf1dd4ae613e59b4dcaa,DFPBiaoKai-W5-ZhuIn-BFW#14869,safe
DFPYuanW5-ZhuIn-BFW,14871,ㄎㄨㄥˋ,DFPBiaoKai-W5-ZhuIn-BFW,14870,-1,跨字型輪廓驗證＋component_id 位移 -1; target glyf SHA-256 runtime gate,2.819,8.0,2,控,DFPYuanW5-ZhuIn-BFW#14871,06ba31c0f0a9214b997e2c054cc4b21c83f791462873c2a4c70d45731c345131,DFPBiaoKai-W5-ZhuIn-BFW#14870,safe
DFPYuanW5-ZhuIn-BFW,14876,ㄏㄜ,DFPBiaoKai-W5-ZhuIn-BFW,14875,-1,跨字型輪廓驗證＋component_id 位移 -1; target glyf SHA-256 runtime gate,2.5839,8.0,1,喝,DFPYuanW5-ZhuIn-BFW#14876,b247c4b412cd5d5d318d119471d12609421abfb51b497d292ab094dc5e42f2f9,DFPBiaoKai-W5-ZhuIn-BFW#14875,safe
DFPYuanW5-ZhuIn-BFW,14877,ㄏㄜˊ,DFPBiaoKai-W5-ZhuIn-BFW,14876,-1,跨字型輪廓驗證＋component_id 位移 -1; target glyf SHA-256 runtime gate,3.3221,8.0,7,合、和、何,DFPYuanW5-ZhuIn-BFW#14877,a0d97a1774821aced74075fa5e2882b4a90fe2d996741ce97c005faa45f0954a,DFPBiaoKai-W5-ZhuIn-BFW#14876,safe
DFPYuanW5-ZhuIn-BFW,14880,ㄏㄞˊ,DFPBiaoKai-W5-ZhuIn-BFW,14879,-1,跨字型輪廓驗證＋component_id 位移 -1; target glyf SHA-256 runtime gate,3.3398,8.0,3,還,DFPYuanW5-ZhuIn-BFW#14880,9c67f0a5f4e8ec13556c45c9eaa721adface1f34033e275183f48a669add8093,DFPBiaoKai-W5-ZhuIn-BFW#14879,safe
DFPYuanW5-ZhuIn-BFW,14881,ㄏㄞˋ,DFPBiaoKai-W5-ZhuIn-BFW,14880,-1,跨字型輪廓驗證＋component_id 位移 -1; target glyf SHA-256 runtime gate,3.3851,8.0,1,害,DFPYuanW5-ZhuIn-BFW#14881,4cf1e96d2916f22570d1533c44ee901f2ae23a1aa11e5786172361760cf6ca2a,DFPBiaoKai-W5-ZhuIn-BFW#14880,safe
DFPYuanW5-ZhuIn-BFW,14882,ㄏㄞˇ,DFPBiaoKai-W5-ZhuIn-BFW,14881,-1,跨字型輪廓驗證＋component_id 位移 -1; target glyf SHA-256 runtime gate,3.5915,8.0,2,海,DFPYuanW5-ZhuIn-BFW#14882,1d6a72952b4bb62b3455be16f9f2f1aadf2e02de3e3c1dda4f8a6206c1400431,DFPBiaoKai-W5-ZhuIn-BFW#14881,safe
DFPYuanW5-ZhuIn-BFW,14887,ㄏㄠˋ,DFPBiaoKai-W5-ZhuIn-BFW,14886,-1,跨字型輪廓驗證＋component_id 位移 -1; target glyf SHA-256 runtime gate,3.3117,8.0,1,號,DFPYuanW5-ZhuIn-BFW#14887,3f53ea9615c124263c73149aad98a31110121dae7d9956ea683fe8065ea97c2c,DFPBiaoKai-W5-ZhuIn-BFW#14886,safe
DFPYuanW5-ZhuIn-BFW,14888,ㄏㄠˇ,DFPBiaoKai-W5-ZhuIn-BFW,14887,-1,跨字型輪廓驗證＋component_id 位移 -1; target glyf SHA-256 runtime gate,3.2967,8.0,15,好,DFPYuanW5-ZhuIn-BFW#14888,a3c6a4d9baacfc4f5b963fa4dbc8ab75eb8a64a48a075fb0919aa57d121b51c6,DFPBiaoKai-W5-ZhuIn-BFW#14887,safe
DFPYuanW5-ZhuIn-BFW,14891,ㄏㄡˋ,DFPBiaoKai-W5-ZhuIn-BFW,14890,-1,跨字型輪廓驗證＋component_id 位移 -1; target glyf SHA-256 runtime gate,4.6482,8.0,32,後,DFPYuanW5-ZhuIn-BFW#14891,84ebcf6d025d933f30dbdf6bbd8e55131d6ecf752fa73aeeec019feed338e17b,DFPBiaoKai-W5-ZhuIn-BFW#14890,safe
DFPYuanW5-ZhuIn-BFW,14894,ㄏㄢˊ,DFPBiaoKai-W5-ZhuIn-BFW,14893,-1,跨字型輪廓驗證＋component_id 位移 -1; target glyf SHA-256 runtime gate,3.5944,8.0,6,含,DFPYuanW5-ZhuIn-BFW#14894,9ec094a3ccb1e66fd74c09079c36c5acf86f3829e797e60254bb6713bb9d1b5a,DFPBiaoKai-W5-ZhuIn-BFW#14893,safe
DFPYuanW5-ZhuIn-BFW,14899,ㄏㄣˇ,DFPBiaoKai-W5-ZhuIn-BFW,14898,-1,跨字型輪廓驗證＋component_id 位移 -1; target glyf SHA-256 runtime gate,3.7549,8.0,2,很,DFPYuanW5-ZhuIn-BFW#14899,af0034ddd51b0ab60093c47417fb3eb0b362f7f402bae682cc227df1cb31373d,DFPBiaoKai-W5-ZhuIn-BFW#14898,safe
DFPYuanW5-ZhuIn-BFW,14905,ㄏㄥˊ,DFPBiaoKai-W5-ZhuIn-BFW,14904,-1,跨字型輪廓驗證＋component_id 位移 -1; target glyf SHA-256 runtime gate,4.2689,8.0,6,衡、橫,DFPYuanW5-ZhuIn-BFW#14905,5719d24fc07860c43c5654ebcdd3f6f0c2756b7a08c2dda229bf3016a539b33b,DFPBiaoKai-W5-ZhuIn-BFW#14904,safe
DFPYuanW5-ZhuIn-BFW,14907,ㄏㄨ,DFPBiaoKai-W5-ZhuIn-BFW,14906,-1,跨字型輪廓驗證＋component_id 位移 -1; target glyf SHA-256 runtime gate,3.6827,8.0,4,呼,DFPYuanW5-ZhuIn-BFW#14907,c18d4f95b747f6d04a9d15462ce592560d74a3a5a203463adff5315fefb1f179,DFPBiaoKai-W5-ZhuIn-BFW#14906,safe
DFPYuanW5-ZhuIn-BFW,14909,ㄏㄨˋ,DFPBiaoKai-W5-ZhuIn-BFW,14908,-1,跨字型輪廓驗證＋component_id 位移 -1; target glyf SHA-256 runtime gate,3.6593,8.0,4,互、護,DFPYuanW5-ZhuIn-BFW#14909,51d26b295ef1894820e75eefad2e6fb84b814d70eae98fa8b5ae00bfdaacccc6,DFPBiaoKai-W5-ZhuIn-BFW#14908,safe
DFPYuanW5-ZhuIn-BFW,14913,ㄏㄨㄚˋ,DFPBiaoKai-W5-ZhuIn-BFW,14912,-1,跨字型輪廓驗證＋component_id 位移 -1; target glyf SHA-256 runtime gate,3.222,8.0,7,化、話,DFPYuanW5-ZhuIn-BFW#14913,32788c54b65da38431c7dabf6ebcb4e444d4ada746bf8f6a171ffe692d0eae9e,DFPBiaoKai-W5-ZhuIn-BFW#14912,safe
DFPYuanW5-ZhuIn-BFW,14917,ㄏㄨㄛˊ,DFPBiaoKai-W5-ZhuIn-BFW,14916,-1,跨字型輪廓驗證＋component_id 位移 -1; target glyf SHA-256 runtime gate,3.1092,8.0,2,活,DFPYuanW5-ZhuIn-BFW#14917,7bf0a8f1a81ca8298feadf3a7e49aabeb6b78db3967f98600a7de018266017a2,DFPBiaoKai-W5-ZhuIn-BFW#14916,safe
DFPYuanW5-ZhuIn-BFW,14918,ㄏㄨㄛˋ,DFPBiaoKai-W5-ZhuIn-BFW,14917,-1,跨字型輪廓驗證＋component_id 位移 -1; target glyf SHA-256 runtime gate,2.6516,8.0,22,或、貨、獲,DFPYuanW5-ZhuIn-BFW#14918,d817bec64d2186ce517b1b92ed75809b277c2bdb1016f44a5c5c1c2c8a30181e,DFPBiaoKai-W5-ZhuIn-BFW#14917,safe
DFPYuanW5-ZhuIn-BFW,14922,ㄏㄨㄟ,DFPBiaoKai-W5-ZhuIn-BFW,14921,-1,跨字型輪廓驗證＋component_id 位移 -1; target glyf SHA-256 runtime gate,4.9493,8.0,2,恢,DFPYuanW5-ZhuIn-BFW#14922,e91a3860fbb4e452a26688bf01fb338a8cb9c502b0dafa12f49097585865d726,DFPBiaoKai-W5-ZhuIn-BFW#14921,safe
DFPYuanW5-ZhuIn-BFW,14923,ㄏㄨㄟˊ,DFPBiaoKai-W5-ZhuIn-BFW,14922,-1,跨字型輪廓驗證＋component_id 位移 -1; target glyf SHA-256 runtime gate,4.4668,8.0,9,回,DFPYuanW5-ZhuIn-BFW#14923,f048973fb52aa8d2faf2b2589d0b3b025a60b178c57f5bfc0c4d432199744b18,DFPBiaoKai-W5-ZhuIn-BFW#14922,safe
DFPYuanW5-ZhuIn-BFW,14924,ㄏㄨㄟˋ,DFPBiaoKai-W5-ZhuIn-BFW,14923,-1,跨字型輪廓驗證＋component_id 位移 -1; target glyf SHA-256 runtime gate,4.1602,8.0,17,會,DFPYuanW5-ZhuIn-BFW#14924,40973832c8cf6226a040cc47c22fb05d2fed5cbe63af1d818ccf08e1b668d1e7,DFPBiaoKai-W5-ZhuIn-BFW#14923,safe
DFPYuanW5-ZhuIn-BFW,14927,ㄏㄨㄢˊ,DFPBiaoKai-W5-ZhuIn-BFW,14926,-1,跨字型輪廓驗證＋component_id 位移 -1; target glyf SHA-256 runtime gate,3.8691,8.0,3,環,DFPYuanW5-ZhuIn-BFW#14927,311f84a82441705f34b624c61f0ba79f82865c4483a809bfffec2fa20d4b1f98,DFPBiaoKai-W5-ZhuIn-BFW#14926,safe
DFPYuanW5-ZhuIn-BFW,14928,ㄏㄨㄢˋ,DFPBiaoKai-W5-ZhuIn-BFW,14927,-1,跨字型輪廓驗證＋component_id 位移 -1; target glyf SHA-256 runtime gate,3.5475,8.0,12,患、換,DFPYuanW5-ZhuIn-BFW#14928,3628f7e1779dc0799ebacd6de408bdb9ded892f483925cc36e65146eea8b3c1b,DFPBiaoKai-W5-ZhuIn-BFW#14927,safe
DFPYuanW5-ZhuIn-BFW,14929,ㄏㄨㄢˇ,DFPBiaoKai-W5-ZhuIn-BFW,14928,-1,跨字型輪廓驗證＋component_id 位移 -1; target glyf SHA-256 runtime gate,3.5782,8.0,2,緩,DFPYuanW5-ZhuIn-BFW#14929,edfc5de515ac2cda9a2655fc544ff1f21d4ecf5d926b989684f0fe7c3951f9f5,DFPBiaoKai-W5-ZhuIn-BFW#14928,safe
DFPYuanW5-ZhuIn-BFW,14942,ㄐㄧ,DFPBiaoKai-W5-ZhuIn-BFW,14941,-1,跨字型輪廓驗證＋component_id 位移 -1; target glyf SHA-256 runtime gate,5.2316,8.0,10,績、激、機、雞、肌,DFPYuanW5-ZhuIn-BFW#14942,3fba80fa6e8af04f53920bc84670beae0c08320bb5f6b788a2d90bb0671bc858,DFPBiaoKai-W5-ZhuIn-BFW#14941,safe
DFPYuanW5-ZhuIn-BFW,14943,ㄐㄧˊ,DFPBiaoKai-W5-ZhuIn-BFW,14942,-1,跨字型輪廓驗證＋component_id 位移 -1; target glyf SHA-256 runtime gate,5.0041,8.0,17,吉、及、即、擊、級,DFPYuanW5-ZhuIn-BFW#14943,771caa10858673de4d81c5dd5b185e471b54181c3bd0d4095bc34632466850fa,DFPBiaoKai-W5-ZhuIn-BFW#14942,safe
DFPYuanW5-ZhuIn-BFW,14944,ㄐㄧˋ,DFPBiaoKai-W5-ZhuIn-BFW,14943,-1,跨字型輪廓驗證＋component_id 位移 -1; target glyf SHA-256 runtime gate,4.7985,8.0,10,季、計、紀、記,DFPYuanW5-ZhuIn-BFW#14944,4684ce4d29d50a1e91ce150de94a6452dc0405621ea76c234ca3c9e736a55bce,DFPBiaoKai-W5-ZhuIn-BFW#14943,safe
DFPYuanW5-ZhuIn-BFW,14945,ㄐㄧˇ,DFPBiaoKai-W5-ZhuIn-BFW,14944,-1,跨字型輪廓驗證＋component_id 位移 -1; target glyf SHA-256 runtime gate,4.983,8.0,12,己,DFPYuanW5-ZhuIn-BFW#14945,eb2bc03c55b6dc63ab04b44e37567b5974aa6be61aeaa994e073c62a41fcac2c,DFPBiaoKai-W5-ZhuIn-BFW#14944,safe
DFPYuanW5-ZhuIn-BFW,14946,ㄐㄧㄚ,DFPBiaoKai-W5-ZhuIn-BFW,14945,-1,跨字型輪廓驗證＋component_id 位移 -1; target glyf SHA-256 runtime gate,3.7033,8.0,6,加、家,DFPYuanW5-ZhuIn-BFW#14946,4bf9ddc323aae81328c203af14fec81c45d35cca673b0fe95f4551a12044d75f,DFPBiaoKai-W5-ZhuIn-BFW#14945,safe
DFPYuanW5-ZhuIn-BFW,14950,ㄐㄧㄝ,DFPBiaoKai-W5-ZhuIn-BFW,14949,-1,跨字型輪廓驗證＋component_id 位移 -1; target glyf SHA-256 runtime gate,4.0203,8.0,32,接,DFPYuanW5-ZhuIn-BFW#14950,d87257ee56b32468a37d6b010f4bb2f3d54bf4b10989fb8f79d49049e1e4596a,DFPBiaoKai-W5-ZhuIn-BFW#14949,safe
DFPYuanW5-ZhuIn-BFW,14951,ㄐㄧㄝˊ,DFPBiaoKai-W5-ZhuIn-BFW,14950,-1,跨字型輪廓驗證＋component_id 位移 -1; target glyf SHA-256 runtime gate,3.5909,8.0,5,結、潔、節,DFPYuanW5-ZhuIn-BFW#14951,35c562a6cb3104de5ee9a1be9b3ab82d8d34e1d04c045506205b8bd200bcba63,DFPBiaoKai-W5-ZhuIn-BFW#14950,safe
DFPYuanW5-ZhuIn-BFW,14952,ㄐㄧㄝˋ,DFPBiaoKai-W5-ZhuIn-BFW,14951,-1,跨字型輪廓驗證＋component_id 位移 -1; target glyf SHA-256 runtime gate,3.3302,8.0,2,借、介,DFPYuanW5-ZhuIn-BFW#14952,dc975a50d54be56b6139c561b8776201a5d71a65402b4d13f1c29f3c51c5bcbc,DFPBiaoKai-W5-ZhuIn-BFW#14951,safe
DFPYuanW5-ZhuIn-BFW,14953,ㄐㄧㄝˇ,DFPBiaoKai-W5-ZhuIn-BFW,14952,-1,跨字型輪廓驗證＋component_id 位移 -1; target glyf SHA-256 runtime gate,3.568,8.0,2,解,DFPYuanW5-ZhuIn-BFW#14953,2b32b85cb1b446790acd4bb2492643b3e1ef9a9c7ca550628aeb17adf607548f,DFPBiaoKai-W5-ZhuIn-BFW#14952,safe
DFPYuanW5-ZhuIn-BFW,14956,ㄐㄧㄠˋ,DFPBiaoKai-W5-ZhuIn-BFW,14955,-1,跨字型輪廓驗證＋component_id 位移 -1; target glyf SHA-256 runtime gate,2.9828,8.0,1,教,DFPYuanW5-ZhuIn-BFW#14956,de9dbce87a9e27327db72c689ecfc8ee727b07760983f2b3c89830e5c684354f,DFPBiaoKai-W5-ZhuIn-BFW#14955,safe
DFPYuanW5-ZhuIn-BFW,14957,ㄐㄧㄠˇ,DFPBiaoKai-W5-ZhuIn-BFW,14956,-1,跨字型輪廓驗證＋component_id 位移 -1; target glyf SHA-256 runtime gate,2.9261,8.0,16,腳、角,DFPYuanW5-ZhuIn-BFW#14957,58bccc1a887d012dcb046a0bb12e4cfde124d2f3de14d99422b03a74fe3b5b53,DFPBiaoKai-W5-ZhuIn-BFW#14956,safe
DFPYuanW5-ZhuIn-BFW,14959,ㄐㄧㄡˋ,DFPBiaoKai-W5-ZhuIn-BFW,14958,-1,跨字型輪廓驗證＋component_id 位移 -1; target glyf SHA-256 runtime gate,3.674,8.0,4,就,DFPYuanW5-ZhuIn-BFW#14959,f095071cd9be8804dadd091bc9e8885cc58c61e9c17744e57d197ca735812c13,DFPBiaoKai-W5-ZhuIn-BFW#14958,safe
DFPYuanW5-ZhuIn-BFW,14960,ㄐㄧㄡˇ,DFPBiaoKai-W5-ZhuIn-BFW,14959,-1,跨字型輪廓驗證＋component_id 位移 -1; target glyf SHA-256 runtime gate,3.7067,8.0,2,久、九,DFPYuanW5-ZhuIn-BFW#14960,724cf349810e80fed200df0b4fa9492df7325766e0d491d4d9cddafa389c6dcf,DFPBiaoKai-W5-ZhuIn-BFW#14959,safe
DFPYuanW5-ZhuIn-BFW,14961,ㄐㄧㄢ,DFPBiaoKai-W5-ZhuIn-BFW,14960,-1,跨字型輪廓驗證＋component_id 位移 -1; target glyf SHA-256 runtime gate,2.9986,8.0,15,間、堅、肩,DFPYuanW5-ZhuIn-BFW#14961,089cdfafbb7a0481ed5420c8f2503b2e76b747b9c1ad7ecb9c0dae4438e4a58d,DFPBiaoKai-W5-ZhuIn-BFW#14960,safe
DFPYuanW5-ZhuIn-BFW,14962,ㄐㄧㄢˋ,DFPBiaoKai-W5-ZhuIn-BFW,14961,-1,跨字型輪廓驗證＋component_id 位移 -1; target glyf SHA-256 runtime gate,3.0687,8.0,22,見、健、箭、毽,DFPYuanW5-ZhuIn-BFW#14962,fd4774f90bcee0ee6f852b60acb51e95936b2764593f20311af3ef18f4b0bdbe,DFPBiaoKai-W5-ZhuIn-BFW#14961,safe
DFPYuanW5-ZhuIn-BFW,14963,ㄐㄧㄢˇ,DFPBiaoKai-W5-ZhuIn-BFW,14962,-1,跨字型輪廓驗證＋component_id 位移 -1; target glyf SHA-256 runtime gate,3.0408,8.0,7,減、撿、檢、剪,DFPYuanW5-ZhuIn-BFW#14963,2ae335567709281e275075efe5254fbf948059e77afcab4379bf17e89d1dd411,DFPBiaoKai-W5-ZhuIn-BFW#14962,safe
DFPYuanW5-ZhuIn-BFW,14964,ㄐㄧㄣ,DFPBiaoKai-W5-ZhuIn-BFW,14963,-1,跨字型輪廓驗證＋component_id 位移 -1; target glyf SHA-256 runtime gate,2.6385,8.0,6,巾、金,DFPYuanW5-ZhuIn-BFW#14964,34d36bb74ece3994dc313bcdcf35aca04626791d7f5b76ee79842dd9bdcda232,DFPBiaoKai-W5-ZhuIn-BFW#14963,safe
DFPYuanW5-ZhuIn-BFW,14965,ㄐㄧㄣˋ,DFPBiaoKai-W5-ZhuIn-BFW,14964,-1,跨字型輪廓驗證＋component_id 位移 -1; target glyf SHA-256 runtime gate,3.0317,8.0,15,進、盡,DFPYuanW5-ZhuIn-BFW#14965,1e483fa51ca75cd3f9eaf453553781cc8af49e6a20943009469dd3217788a95b,DFPBiaoKai-W5-ZhuIn-BFW#14964,safe
DFPYuanW5-ZhuIn-BFW,14967,ㄐㄧㄤ,DFPBiaoKai-W5-ZhuIn-BFW,14966,-1,跨字型輪廓驗證＋component_id 位移 -1; target glyf SHA-256 runtime gate,2.9005,8.0,11,將,DFPYuanW5-ZhuIn-BFW#14967,11a18144737176b1f7e4546e4f85d729929bb30a2b315c185aaf9c68da795b47,DFPBiaoKai-W5-ZhuIn-BFW#14966,safe
DFPYuanW5-ZhuIn-BFW,14970,ㄐㄧㄥ,DFPBiaoKai-W5-ZhuIn-BFW,14969,-1,跨字型輪廓驗證＋component_id 位移 -1; target glyf SHA-256 runtime gate,3.4588,8.0,7,經、精、睛,DFPYuanW5-ZhuIn-BFW#14970,d0aeb106dd8233ddfe58dc95c73fde8fd78d2f8a9f96c4e78f47430e9254d14a,DFPBiaoKai-W5-ZhuIn-BFW#14969,safe
DFPYuanW5-ZhuIn-BFW,14971,ㄐㄧㄥˋ,DFPBiaoKai-W5-ZhuIn-BFW,14970,-1,跨字型輪廓驗證＋component_id 位移 -1; target glyf SHA-256 runtime gate,3.4954,8.0,4,境、徑,DFPYuanW5-ZhuIn-BFW#14971,46dbb78e877fbbad57d695e86a7c7fe72ef4631431b14552e27f796646bd793a,DFPBiaoKai-W5-ZhuIn-BFW#14970,safe
DFPYuanW5-ZhuIn-BFW,14972,ㄐㄧㄥˇ,DFPBiaoKai-W5-ZhuIn-BFW,14971,-1,跨字型輪廓驗證＋component_id 位移 -1; target glyf SHA-256 runtime gate,3.68,8.0,1,頸,DFPYuanW5-ZhuIn-BFW#14972,61876e676603580daee36a22680714c26be8774b726ce25b1a843c208091af81,DFPBiaoKai-W5-ZhuIn-BFW#14971,safe
DFPYuanW5-ZhuIn-BFW,14973,ㄐㄩ,DFPBiaoKai-W5-ZhuIn-BFW,14972,-1,跨字型輪廓驗證＋component_id 位移 -1; target glyf SHA-256 runtime gate,5.0516,8.0,2,居,DFPYuanW5-ZhuIn-BFW#14973,c95bb2759c5ad43c6a8bd1d99a7276fc5ec44b7ae592c8b7e10a084330463e52,DFPBiaoKai-W5-ZhuIn-BFW#14972,safe
DFPYuanW5-ZhuIn-BFW,14975,ㄐㄩˋ,DFPBiaoKai-W5-ZhuIn-BFW,14974,-1,跨字型輪廓驗證＋component_id 位移 -1; target glyf SHA-256 runtime gate,4.2101,8.0,6,拒、具、聚、距,DFPYuanW5-ZhuIn-BFW#14975,4c61731e5ad5c5926c5244a1e1fb58f4f1936333e4a6253ed2df3385bd193823,DFPBiaoKai-W5-ZhuIn-BFW#14974,safe
DFPYuanW5-ZhuIn-BFW,14976,ㄐㄩˇ,DFPBiaoKai-W5-ZhuIn-BFW,14975,-1,跨字型輪廓驗證＋component_id 位移 -1; target glyf SHA-256 runtime gate,4.2504,8.0,3,舉,DFPYuanW5-ZhuIn-BFW#14976,73bb3a791ed8f49c3ef5d807afa4c75ab51293c861b94491900213337618c00e,DFPBiaoKai-W5-ZhuIn-BFW#14975,safe
DFPYuanW5-ZhuIn-BFW,14978,ㄐㄩㄝˊ,DFPBiaoKai-W5-ZhuIn-BFW,14977,-1,跨字型輪廓驗證＋component_id 位移 -1; target glyf SHA-256 runtime gate,3.9681,8.0,10,決、覺、絕,DFPYuanW5-ZhuIn-BFW#14978,f20246e17ba99c1a22ff5cdd6354c7b8ed1610c0c8da8885dc0ac8c35d237b0d,DFPBiaoKai-W5-ZhuIn-BFW#14977,safe
DFPYuanW5-ZhuIn-BFW,14990,ㄑㄧˊ,DFPBiaoKai-W5-ZhuIn-BFW,14989,-1,跨字型輪廓驗證＋component_id 位移 -1; target glyf SHA-256 runtime gate,4.7012,8.0,14,期、奇、其、齊,DFPYuanW5-ZhuIn-BFW#14990,bdbdc43fd45545924160e1d6ba392e1c802b9692dbd387db6b36ff6f04b01361,DFPBiaoKai-W5-ZhuIn-BFW#14989,safe
DFPYuanW5-ZhuIn-BFW,14991,ㄑㄧˋ,DFPBiaoKai-W5-ZhuIn-BFW,14990,-1,跨字型輪廓驗證＋component_id 位移 -1; target glyf SHA-256 runtime gate,4.0354,8.0,4,氣、器、契,DFPYuanW5-ZhuIn-BFW#14991,27ddb0aa603d9d74f455143f2dbedd95eaf4f428f62ea7aeed4b38c2e8f24f45,DFPBiaoKai-W5-ZhuIn-BFW#14990,safe
DFPYuanW5-ZhuIn-BFW,14992,ㄑㄧˇ,DFPBiaoKai-W5-ZhuIn-BFW,14991,-1,跨字型輪廓驗證＋component_id 位移 -1; target glyf SHA-256 runtime gate,5.1908,8.0,15,起,DFPYuanW5-ZhuIn-BFW#14992,a96ec317a16d1d661019d28b790dcb0f3f5871d0609834672e3165737745096d,DFPBiaoKai-W5-ZhuIn-BFW#14991,safe
DFPYuanW5-ZhuIn-BFW,15006,ㄑㄧㄡˊ,DFPBiaoKai-W5-ZhuIn-BFW,15005,-1,跨字型輪廓驗證＋component_id 位移 -1; target glyf SHA-256 runtime gate,4.084,8.0,65,球,DFPYuanW5-ZhuIn-BFW#15006,87b0bebec50f59c3cdb539c6d28699522a0a19fd233441b429eda4b29c3ed251,DFPBiaoKai-W5-ZhuIn-BFW#15005,safe
DFPYuanW5-ZhuIn-BFW,15008,ㄑㄧㄢ,DFPBiaoKai-W5-ZhuIn-BFW,15007,-1,跨字型輪廓驗證＋component_id 位移 -1; target glyf SHA-256 runtime gate,2.5901,8.0,1,簽,DFPYuanW5-ZhuIn-BFW#15008,31a1a8d2f424501a17ab62d28dd7a3501c118039fd3ef7b124d797eb13887a86,DFPBiaoKai-W5-ZhuIn-BFW#15007,safe
DFPYuanW5-ZhuIn-BFW,15009,ㄑㄧㄢˊ,DFPBiaoKai-W5-ZhuIn-BFW,15008,-1,跨字型輪廓驗證＋component_id 位移 -1; target glyf SHA-256 runtime gate,3.413,8.0,29,前,DFPYuanW5-ZhuIn-BFW#15009,046e887099f072474d91e177f08501dd7d27d0bf971a14f31c17ef2a2f9b5e63,DFPBiaoKai-W5-ZhuIn-BFW#15008,safe
DFPYuanW5-ZhuIn-BFW,15017,ㄑㄧㄤˊ,DFPBiaoKai-W5-ZhuIn-BFW,15016,-1,跨字型輪廓驗證＋component_id 位移 -1; target glyf SHA-256 runtime gate,3.077,8.0,2,強,DFPYuanW5-ZhuIn-BFW#15017,8dd086bbc4187d991623f88dffe59959ab69cd626a4f0025089a5704370df9ff,DFPBiaoKai-W5-ZhuIn-BFW#15016,safe
DFPYuanW5-ZhuIn-BFW,15020,ㄑㄧㄥ,DFPBiaoKai-W5-ZhuIn-BFW,15019,-1,跨字型輪廓驗證＋component_id 位移 -1; target glyf SHA-256 runtime gate,1.8247,8.0,5,清,DFPYuanW5-ZhuIn-BFW#15020,5e032463e935b5f132f3b240a87837e3c20fef891aabd25c40a0d9dd817ad193,DFPBiaoKai-W5-ZhuIn-BFW#15019,safe
DFPYuanW5-ZhuIn-BFW,15021,ㄑㄧㄥˊ,DFPBiaoKai-W5-ZhuIn-BFW,15020,-1,跨字型輪廓驗證＋component_id 位移 -1; target glyf SHA-256 runtime gate,3.2813,8.0,3,情,DFPYuanW5-ZhuIn-BFW#15021,2fe7291c200c05d06081eac12bf93fd6cebee14eee61dfd3b109c30e48910c09,DFPBiaoKai-W5-ZhuIn-BFW#15020,safe
DFPYuanW5-ZhuIn-BFW,15023,ㄑㄧㄥˇ,DFPBiaoKai-W5-ZhuIn-BFW,15022,-1,跨字型輪廓驗證＋component_id 位移 -1; target glyf SHA-256 runtime gate,3.1618,8.0,12,請,DFPYuanW5-ZhuIn-BFW#15023,2284241dc0a6715d284503068d83d5bd0b61a6aabde366fcbb44f1995bf86b5d,DFPBiaoKai-W5-ZhuIn-BFW#15022,safe
DFPYuanW5-ZhuIn-BFW,15024,ㄑㄩ,DFPBiaoKai-W5-ZhuIn-BFW,15023,-1,跨字型輪廓驗證＋component_id 位移 -1; target glyf SHA-256 runtime gate,3.1987,8.0,5,區、軀,DFPYuanW5-ZhuIn-BFW#15024,6a3e360f984b04d08298b414e7b09e0c39bf9fcfebbb51ea505d71ad100db04d,DFPBiaoKai-W5-ZhuIn-BFW#15023,safe
DFPYuanW5-ZhuIn-BFW,15026,ㄑㄩˋ,DFPBiaoKai-W5-ZhuIn-BFW,15025,-1,跨字型輪廓驗證＋component_id 位移 -1; target glyf SHA-256 runtime gate,3.9466,8.0,2,去,DFPYuanW5-ZhuIn-BFW#15026,ecfb1a169267e6889597cec91d9b12f83e94d6657ea8ba5f97fa96241991322b,DFPBiaoKai-W5-ZhuIn-BFW#15025,safe
DFPYuanW5-ZhuIn-BFW,15027,ㄑㄩˇ,DFPBiaoKai-W5-ZhuIn-BFW,15026,-1,跨字型輪廓驗證＋component_id 位移 -1; target glyf SHA-256 runtime gate,4.3275,8.0,1,取,DFPYuanW5-ZhuIn-BFW#15027,8ffd712bede7f66d3d2512a7b3b8b61944ab9edb48fd564b6645c559ba3cde6e,DFPBiaoKai-W5-ZhuIn-BFW#15026,safe
DFPYuanW5-ZhuIn-BFW,15030,ㄑㄩㄝˋ,DFPBiaoKai-W5-ZhuIn-BFW,15029,-1,跨字型輪廓驗證＋component_id 位移 -1; target glyf SHA-256 runtime gate,3.4839,8.0,2,確,DFPYuanW5-ZhuIn-BFW#15030,485374daed69b741530b12be02e30a8c2f6d5aa4cc4c0c0c0e4e2403e706dac4,DFPBiaoKai-W5-ZhuIn-BFW#15029,safe
DFPYuanW5-ZhuIn-BFW,15031,ㄑㄩㄢ,DFPBiaoKai-W5-ZhuIn-BFW,15030,-1,跨字型輪廓驗證＋component_id 位移 -1; target glyf SHA-256 runtime gate,3.7622,8.0,5,圈,DFPYuanW5-ZhuIn-BFW#15031,3de37470fb24ec2fe99cff4cf52264db278cfb450deda8886b2058dd7ae42a5b,DFPBiaoKai-W5-ZhuIn-BFW#15030,safe
DFPYuanW5-ZhuIn-BFW,15032,ㄑㄩㄢˊ,DFPBiaoKai-W5-ZhuIn-BFW,15031,-1,跨字型輪廓驗證＋component_id 位移 -1; target glyf SHA-256 runtime gate,3.6801,8.0,11,拳、全,DFPYuanW5-ZhuIn-BFW#15032,2fc5d374b6d80c325336bebbe0040e06674e0c78dc0b6e4fe26084297f5b959f,DFPBiaoKai-W5-ZhuIn-BFW#15031,safe
DFPYuanW5-ZhuIn-BFW,15039,ㄒㄧ,DFPBiaoKai-W5-ZhuIn-BFW,15038,-1,跨字型輪廓驗證＋component_id 位移 -1; target glyf SHA-256 runtime gate,1.5773,8.0,4,西、吸、膝,DFPYuanW5-ZhuIn-BFW#15039,c71e501180629f93f0edafe9534154100752c299646a3aa7e864b8398dd0f909,DFPBiaoKai-W5-ZhuIn-BFW#15038,safe
DFPYuanW5-ZhuIn-BFW,15040,ㄒㄧˊ,DFPBiaoKai-W5-ZhuIn-BFW,15039,-1,跨字型輪廓驗證＋component_id 位移 -1; target glyf SHA-256 runtime gate,3.8064,8.0,13,息、習,DFPYuanW5-ZhuIn-BFW#15040,7c1aded04da2976e7dea662a6c7b6fe22ff40220f1fd45a21507f63a87516ccb,DFPBiaoKai-W5-ZhuIn-BFW#15039,safe
DFPYuanW5-ZhuIn-BFW,15041,ㄒㄧˋ,DFPBiaoKai-W5-ZhuIn-BFW,15040,-1,跨字型輪廓驗證＋component_id 位移 -1; target glyf SHA-256 runtime gate,3.1856,8.0,7,戲、係、細,DFPYuanW5-ZhuIn-BFW#15041,84d9175f0483b95a1c03e7623ef0819ad2b53e0a59694a9b4a59bb0257f83cbf,DFPBiaoKai-W5-ZhuIn-BFW#15040,safe
DFPYuanW5-ZhuIn-BFW,15042,ㄒㄧˇ,DFPBiaoKai-W5-ZhuIn-BFW,15041,-1,跨字型輪廓驗證＋component_id 位移 -1; target glyf SHA-256 runtime gate,4.3214,8.0,4,喜、洗,DFPYuanW5-ZhuIn-BFW#15042,187fca127868888a2baa29ab96a53eca78c27c1af4c7984a79596f3382010541,DFPBiaoKai-W5-ZhuIn-BFW#15041,safe
DFPYuanW5-ZhuIn-BFW,15045,ㄒㄧㄚˋ,DFPBiaoKai-W5-ZhuIn-BFW,15044,-1,跨字型輪廓驗證＋component_id 位移 -1; target glyf SHA-256 runtime gate,2.6898,8.0,6,下,DFPYuanW5-ZhuIn-BFW#15045,fc91ed503f8ac706159cf0bc482eac3412bc56240b54e8c14ce412357893993b,DFPBiaoKai-W5-ZhuIn-BFW#15044,safe
DFPYuanW5-ZhuIn-BFW,15047,ㄒㄧㄝ,DFPBiaoKai-W5-ZhuIn-BFW,15046,-1,跨字型輪廓驗證＋component_id 位移 -1; target glyf SHA-256 runtime gate,2.7707,8.0,9,些、蠍,DFPYuanW5-ZhuIn-BFW#15047,aba5f2e5681e7ea9bcd78cee8e47ed6f52b4911f24db457c29a96fd7b991789e,DFPBiaoKai-W5-ZhuIn-BFW#15046,safe
DFPYuanW5-ZhuIn-BFW,15048,ㄒㄧㄝˊ,DFPBiaoKai-W5-ZhuIn-BFW,15047,-1,跨字型輪廓驗證＋component_id 位移 -1; target glyf SHA-256 runtime gate,3.0702,8.0,4,斜,DFPYuanW5-ZhuIn-BFW#15048,87d1288f63a89522becb337da22b4ce28f11a7ccc6d0cee187b40d53f4b39a7a,DFPBiaoKai-W5-ZhuIn-BFW#15047,safe
DFPYuanW5-ZhuIn-BFW,15049,ㄒㄧㄝˋ,DFPBiaoKai-W5-ZhuIn-BFW,15048,-1,跨字型輪廓驗證＋component_id 位移 -1; target glyf SHA-256 runtime gate,2.7962,8.0,6,瀉、泄、謝、蟹,DFPYuanW5-ZhuIn-BFW#15049,8a1c6d8142aff8ee90bea549ed627b60b557281aeb1039635c0f6dddacebff48,DFPBiaoKai-W5-ZhuIn-BFW#15048,safe
DFPYuanW5-ZhuIn-BFW,15050,ㄒㄧㄝˇ,DFPBiaoKai-W5-ZhuIn-BFW,15049,-1,跨字型輪廓驗證＋component_id 位移 -1; target glyf SHA-256 runtime gate,2.7595,8.0,3,寫,DFPYuanW5-ZhuIn-BFW#15050,c6786442968f47e7772c041a87b1da2e61b4afc18493143079f5a82ab4cc8dc5,DFPBiaoKai-W5-ZhuIn-BFW#15049,safe
DFPYuanW5-ZhuIn-BFW,15051,ㄒㄧㄠ,DFPBiaoKai-W5-ZhuIn-BFW,15050,-1,跨字型輪廓驗證＋component_id 位移 -1; target glyf SHA-256 runtime gate,1.8637,8.0,3,消,DFPYuanW5-ZhuIn-BFW#15051,53080fc6ca4b8c0d2f7a6e9ffdbd27cb67f5c9494bd86f7758ae4d864d296845,DFPBiaoKai-W5-ZhuIn-BFW#15050,safe
DFPYuanW5-ZhuIn-BFW,15053,ㄒㄧㄠˋ,DFPBiaoKai-W5-ZhuIn-BFW,15052,-1,跨字型輪廓驗證＋component_id 位移 -1; target glyf SHA-256 runtime gate,2.2994,8.0,1,笑,DFPYuanW5-ZhuIn-BFW#15053,76d0ab6318e79cda3c7c9d353f52f66d5ae652da3284fe312c9a209b86c1688b,DFPBiaoKai-W5-ZhuIn-BFW#15052,safe
DFPYuanW5-ZhuIn-BFW,15054,ㄒㄧㄠˇ,DFPBiaoKai-W5-ZhuIn-BFW,15053,-1,跨字型輪廓驗證＋component_id 位移 -1; target glyf SHA-256 runtime gate,2.6195,8.0,13,小,DFPYuanW5-ZhuIn-BFW#15054,d7c9541b616b3b91bbd9f8f0a59adaf0fe039b886976333437d20a73ad2fc43d,DFPBiaoKai-W5-ZhuIn-BFW#15053,safe
DFPYuanW5-ZhuIn-BFW,15055,ㄒㄧㄡ,DFPBiaoKai-W5-ZhuIn-BFW,15054,-1,跨字型輪廓驗證＋component_id 位移 -1; target glyf SHA-256 runtime gate,2.9044,8.0,4,休,DFPYuanW5-ZhuIn-BFW#15055,0296d60326dc40cfce6540d8077318eb86b39266eeeba2607f5689da8279ec80,DFPBiaoKai-W5-ZhuIn-BFW#15054,safe
DFPYuanW5-ZhuIn-BFW,15058,ㄒㄧㄢ,DFPBiaoKai-W5-ZhuIn-BFW,15057,-1,跨字型輪廓驗證＋component_id 位移 -1; target glyf SHA-256 runtime gate,2.1277,8.0,8,先、纖、鮮,DFPYuanW5-ZhuIn-BFW#15058,df53035272d97cda5f74592595fa58e5e3aac319a2e8ee0385d7842157fb9ae9,DFPBiaoKai-W5-ZhuIn-BFW#15057,safe
DFPYuanW5-ZhuIn-BFW,15060,ㄒㄧㄢˋ,DFPBiaoKai-W5-ZhuIn-BFW,15059,-1,跨字型輪廓驗證＋component_id 位移 -1; target glyf SHA-256 runtime gate,2.7313,8.0,12,現、縣、線、限,DFPYuanW5-ZhuIn-BFW#15060,01d075c847463f1211f8d0cad0bdc28eb411ce0f22b3d72cbd571d6b4ae35fe4,DFPBiaoKai-W5-ZhuIn-BFW#15059,safe
DFPYuanW5-ZhuIn-BFW,15062,ㄒㄧㄣ,DFPBiaoKai-W5-ZhuIn-BFW,15061,-1,跨字型輪廓驗證＋component_id 位移 -1; target glyf SHA-256 runtime gate,1.4564,8.0,13,新、心,DFPYuanW5-ZhuIn-BFW#15062,2e6d053ad14e4b17bc40dced87c0f19cccc5d8caee20f26a42ab45bddd619515,DFPBiaoKai-W5-ZhuIn-BFW#15061,safe
DFPYuanW5-ZhuIn-BFW,15066,ㄒㄧㄤ,DFPBiaoKai-W5-ZhuIn-BFW,15065,-1,跨字型輪廓驗證＋component_id 位移 -1; target glyf SHA-256 runtime gate,1.7707,8.0,4,鄉、相,DFPYuanW5-ZhuIn-BFW#15066,8d89a387447d64bbc5a5ad5922d369cc61685a1abe523e51767c8c56efd019d8,DFPBiaoKai-W5-ZhuIn-BFW#15065,safe
DFPYuanW5-ZhuIn-BFW,15068,ㄒㄧㄤˋ,DFPBiaoKai-W5-ZhuIn-BFW,15067,-1,跨字型輪廓驗證＋component_id 位移 -1; target glyf SHA-256 runtime gate,2.4011,8.0,19,項、向、像,DFPYuanW5-ZhuIn-BFW#15068,af34ce3f0f50287bda50a4818bfa3ab1396bbe5b2f46fcec1a493d3547f63040,DFPBiaoKai-W5-ZhuIn-BFW#15067,safe
DFPYuanW5-ZhuIn-BFW,15069,ㄒㄧㄤˇ,DFPBiaoKai-W5-ZhuIn-BFW,15068,-1,跨字型輪廓驗證＋component_id 位移 -1; target glyf SHA-256 runtime gate,2.4013,8.0,20,響、想、享,DFPYuanW5-ZhuIn-BFW#15069,19beabeb06a81c775dff239d1ee5e0287d4865c46fd54eee7f132da7ef2efb4e,DFPBiaoKai-W5-ZhuIn-BFW#15068,safe
DFPYuanW5-ZhuIn-BFW,15070,ㄒㄧㄥ,DFPBiaoKai-W5-ZhuIn-BFW,15069,-1,跨字型輪廓驗證＋component_id 位移 -1; target glyf SHA-256 runtime gate,2.2365,8.0,8,星,DFPYuanW5-ZhuIn-BFW#15070,9e3e62a793f70701d5033ea7b7dbb1238ff38b1b2d15d6b8fd117908d493b97b,DFPBiaoKai-W5-ZhuIn-BFW#15069,safe
DFPYuanW5-ZhuIn-BFW,15071,ㄒㄧㄥˊ,DFPBiaoKai-W5-ZhuIn-BFW,15070,-1,跨字型輪廓驗證＋component_id 位移 -1; target glyf SHA-256 runtime gate,3.1979,8.0,10,行、形、型,DFPYuanW5-ZhuIn-BFW#15071,1b86bd0355e28e44aa99b7d3a90a360665e5e8085471057dd5fa130cc59c060e,DFPBiaoKai-W5-ZhuIn-BFW#15070,safe
DFPYuanW5-ZhuIn-BFW,15072,ㄒㄧㄥˋ,DFPBiaoKai-W5-ZhuIn-BFW,15071,-1,跨字型輪廓驗證＋component_id 位移 -1; target glyf SHA-256 runtime gate,2.9767,8.0,2,性,DFPYuanW5-ZhuIn-BFW#15072,e8a54a3f2b2b35b9aec2008b7b807c697354e9a74fad6dd39264b861baf3691d,DFPBiaoKai-W5-ZhuIn-BFW#15071,safe
DFPYuanW5-ZhuIn-BFW,15074,ㄒㄩ,DFPBiaoKai-W5-ZhuIn-BFW,15073,-1,跨字型輪廓驗證＋component_id 位移 -1; target glyf SHA-256 runtime gate,2.5517,8.0,2,需,DFPYuanW5-ZhuIn-BFW#15074,895345efc86aaefb727401f75c00c9e847961aa68919d5bd827a5e94322b3fa0,DFPBiaoKai-W5-ZhuIn-BFW#15073,safe
DFPYuanW5-ZhuIn-BFW,15076,ㄒㄩˋ,DFPBiaoKai-W5-ZhuIn-BFW,15075,-1,跨字型輪廓驗證＋component_id 位移 -1; target glyf SHA-256 runtime gate,2.7486,8.0,3,序、續,DFPYuanW5-ZhuIn-BFW#15076,18c1e3418005f773fd49d8ebf07ed3d10b45aa8983d8576f789bf7343a5d6432,DFPBiaoKai-W5-ZhuIn-BFW#15075,safe
DFPYuanW5-ZhuIn-BFW,15079,ㄒㄩㄝˊ,DFPBiaoKai-W5-ZhuIn-BFW,15078,-1,跨字型輪廓驗證＋component_id 位移 -1; target glyf SHA-256 runtime gate,3.6792,8.0,20,學,DFPYuanW5-ZhuIn-BFW#15079,c9c679927d959508204817a8581bb96627714af19b6eea374d8ab1ec92661a88,DFPBiaoKai-W5-ZhuIn-BFW#15078,safe
DFPYuanW5-ZhuIn-BFW,15085,ㄒㄩㄢˇ,DFPBiaoKai-W5-ZhuIn-BFW,15084,-1,跨字型輪廓驗證＋component_id 位移 -1; target glyf SHA-256 runtime gate,3.6186,8.0,2,選,DFPYuanW5-ZhuIn-BFW#15085,c7cddc9d316ced7b968521866fd5a7b5e03cc747e81387f8b8966f82f78a8797,DFPBiaoKai-W5-ZhuIn-BFW#15084,safe
DFPYuanW5-ZhuIn-BFW,15087,ㄒㄩㄣˊ,DFPBiaoKai-W5-ZhuIn-BFW,15086,-1,跨字型輪廓驗證＋component_id 位移 -1; target glyf SHA-256 runtime gate,3.7744,8.0,4,詢,DFPYuanW5-ZhuIn-BFW#15087,9dd4af82a1ab6e68032a08d30b076bb6c2cfd157994ae8b4728a1ea6e8eebdbc,DFPBiaoKai-W5-ZhuIn-BFW#15086,safe
DFPYuanW5-ZhuIn-BFW,15088,ㄒㄩㄣˋ,DFPBiaoKai-W5-ZhuIn-BFW,15087,-1,跨字型輪廓驗證＋component_id 位移 -1; target glyf SHA-256 runtime gate,3.5494,8.0,2,訊、迅,DFPYuanW5-ZhuIn-BFW#15088,767778025608fa59ccd932d8eba7f5a338e9622460047cd8df83a6dbe6d3c785,DFPBiaoKai-W5-ZhuIn-BFW#15087,safe
DFPYuanW5-ZhuIn-BFW,15089,ㄒㄩㄥ,DFPBiaoKai-W5-ZhuIn-BFW,15088,-1,跨字型輪廓驗證＋component_id 位移 -1; target glyf SHA-256 runtime gate,3.7818,8.0,2,胸,DFPYuanW5-ZhuIn-BFW#15089,08b4cc05fd1841c1841559dd0961f1e62805f9924014b5f6ef8cd51c1260e705,DFPBiaoKai-W5-ZhuIn-BFW#15088,safe
DFPYuanW5-ZhuIn-BFW,15093,ㄓ,DFPBiaoKai-W5-ZhuIn-BFW,15092,-1,跨字型輪廓驗證＋component_id 位移 -1; target glyf SHA-256 runtime gate,4.1981,8.0,8,知、脂、支、肢,DFPYuanW5-ZhuIn-BFW#15093,5403b8beb7f5962dc0b00254a6ffe8934bcd524d2f5b9b15de83e6e6058b5204,DFPBiaoKai-W5-ZhuIn-BFW#15092,safe
DFPYuanW5-ZhuIn-BFW,15094,ㄓˊ,DFPBiaoKai-W5-ZhuIn-BFW,15093,-1,跨字型輪廓驗證＋component_id 位移 -1; target glyf SHA-256 runtime gate,3.527,8.0,18,質、直、擲,DFPYuanW5-ZhuIn-BFW#15094,ddcf75990ab00cdede8de9f93e365b3c0bf69c387b6d6706d127660fbdcceaa3,DFPBiaoKai-W5-ZhuIn-BFW#15093,safe
DFPYuanW5-ZhuIn-BFW,15095,ㄓˋ,DFPBiaoKai-W5-ZhuIn-BFW,15094,-1,跨字型輪廓驗證＋component_id 位移 -1; target glyf SHA-256 runtime gate,3.1819,8.0,15,至、致、制、置,DFPYuanW5-ZhuIn-BFW#15095,db5d75185f5c83d858675cad3fa6728228413381a17de2842cf7fd77661c06e7,DFPBiaoKai-W5-ZhuIn-BFW#15094,safe
DFPYuanW5-ZhuIn-BFW,15096,ㄓˇ,DFPBiaoKai-W5-ZhuIn-BFW,15095,-1,跨字型輪廓驗證＋component_id 位移 -1; target glyf SHA-256 runtime gate,2.6478,8.0,3,指、止,DFPYuanW5-ZhuIn-BFW#15096,598a16349bb3f734c70534f2d99f0f1c322b4979380334316e3eea60f7be28ad,DFPBiaoKai-W5-ZhuIn-BFW#15095,safe
DFPYuanW5-ZhuIn-BFW,15102,˙ㄓㄜ,DFPBiaoKai-W5-ZhuIn-BFW,15101,-1,跨字型輪廓驗證＋component_id 位移 -1; target glyf SHA-256 runtime gate,2.9195,8.0,5,著,DFPYuanW5-ZhuIn-BFW#15102,3c70ea20a8d97c550ccaf808f3523d455d3344f9708656c9fad3e91694b9e564,DFPBiaoKai-W5-ZhuIn-BFW#15101,safe
DFPYuanW5-ZhuIn-BFW,15104,ㄓㄜˋ,DFPBiaoKai-W5-ZhuIn-BFW,15103,-1,跨字型輪廓驗證＋component_id 位移 -1; target glyf SHA-256 runtime gate,2.886,8.0,4,這,DFPYuanW5-ZhuIn-BFW#15104,155b1924c3e25280e50c70d396da3d5cf66f3082e1fa783a2e9c48d694fb30b1,DFPBiaoKai-W5-ZhuIn-BFW#15103,safe
DFPYuanW5-ZhuIn-BFW,15105,ㄓㄜˇ,DFPBiaoKai-W5-ZhuIn-BFW,15104,-1,跨字型輪廓驗證＋component_id 位移 -1; target glyf SHA-256 runtime gate,3.4762,8.0,5,者,DFPYuanW5-ZhuIn-BFW#15105,fa8171ea680d9bbc72035c68e3986535feb05d0244b875cc9c1af0041af8edd9,DFPBiaoKai-W5-ZhuIn-BFW#15104,safe
DFPYuanW5-ZhuIn-BFW,15110,ㄓㄠ,DFPBiaoKai-W5-ZhuIn-BFW,15109,-1,跨字型輪廓驗證＋component_id 位移 -1; target glyf SHA-256 runtime gate,3.5461,8.0,2,招,DFPYuanW5-ZhuIn-BFW#15110,16274059780dc76a4cd4ccffefcb3ac5b6206c8489612f02c78a8f7a882a00c5,DFPBiaoKai-W5-ZhuIn-BFW#15109,safe
DFPYuanW5-ZhuIn-BFW,15112,ㄓㄠˋ,DFPBiaoKai-W5-ZhuIn-BFW,15111,-1,跨字型輪廓驗證＋component_id 位移 -1; target glyf SHA-256 runtime gate,2.8572,8.0,1,罩,DFPYuanW5-ZhuIn-BFW#15112,e4e8d28335bf20a8dc6bc1bea3bf6bcb01736fc2e6a7f5aa6d36da46eff05c1c,DFPBiaoKai-W5-ZhuIn-BFW#15111,safe
DFPYuanW5-ZhuIn-BFW,15113,ㄓㄠˇ,DFPBiaoKai-W5-ZhuIn-BFW,15112,-1,跨字型輪廓驗證＋component_id 位移 -1; target glyf SHA-256 runtime gate,3.4891,8.0,5,找,DFPYuanW5-ZhuIn-BFW#15113,55ab11679ce990c011dfcb1fd2664ddaeedfa876a6875745346e0c61b1eb0169,DFPBiaoKai-W5-ZhuIn-BFW#15112,safe
DFPYuanW5-ZhuIn-BFW,15114,ㄓㄡ,DFPBiaoKai-W5-ZhuIn-BFW,15113,-1,跨字型輪廓驗證＋component_id 位移 -1; target glyf SHA-256 runtime gate,4.1408,8.0,1,周,DFPYuanW5-ZhuIn-BFW#15114,a817610ec10ff5df85dde0c85a474ee57aead84493374eb3c82c332918696df7,DFPBiaoKai-W5-ZhuIn-BFW#15113,safe
DFPYuanW5-ZhuIn-BFW,15119,ㄓㄢˋ,DFPBiaoKai-W5-ZhuIn-BFW,15118,-1,跨字型輪廓驗證＋component_id 位移 -1; target glyf SHA-256 runtime gate,3.9439,8.0,4,暫、站、戰,DFPYuanW5-ZhuIn-BFW#15119,e84712be153db13fc57a184072a8dfed4543bea72d61ca369fb07f92005f351b,DFPBiaoKai-W5-ZhuIn-BFW#15118,safe
DFPYuanW5-ZhuIn-BFW,15120,ㄓㄢˇ,DFPBiaoKai-W5-ZhuIn-BFW,15119,-1,跨字型輪廓驗證＋component_id 位移 -1; target glyf SHA-256 runtime gate,4.0022,8.0,5,展,DFPYuanW5-ZhuIn-BFW#15120,d973a0178b1958ba95d6093fba1f31387effe6742a461974dfe83606f9b85e70,DFPBiaoKai-W5-ZhuIn-BFW#15119,safe
DFPYuanW5-ZhuIn-BFW,15121,ㄓㄣ,DFPBiaoKai-W5-ZhuIn-BFW,15120,-1,跨字型輪廓驗證＋component_id 位移 -1; target glyf SHA-256 runtime gate,4.0287,8.0,1,真,DFPYuanW5-ZhuIn-BFW#15121,b1cc8ee19ea005a476b442acec95c59c151971e690a3efb6d57b5c3ee4a5d6ed,DFPBiaoKai-W5-ZhuIn-BFW#15120,safe
DFPYuanW5-ZhuIn-BFW,15122,ㄓㄣˋ,DFPBiaoKai-W5-ZhuIn-BFW,15121,-1,跨字型輪廓驗證＋component_id 位移 -1; target glyf SHA-256 runtime gate,4.0718,8.0,1,陣,DFPYuanW5-ZhuIn-BFW#15122,ce85848b983bc530a7df8b79d1f98dcd03ce7d2a7790a336cd8819f5f90ad049,DFPBiaoKai-W5-ZhuIn-BFW#15121,safe
DFPYuanW5-ZhuIn-BFW,15126,ㄓㄤˇ,DFPBiaoKai-W5-ZhuIn-BFW,15125,-1,跨字型輪廓驗證＋component_id 位移 -1; target glyf SHA-256 runtime gate,3.4979,8.0,3,掌,DFPYuanW5-ZhuIn-BFW#15126,e19369013a063ae80d76fac4d2d2aab27612a1d905709d6f3e3e979b926427d4,DFPBiaoKai-W5-ZhuIn-BFW#15125,safe
DFPYuanW5-ZhuIn-BFW,15127,ㄓㄥ,DFPBiaoKai-W5-ZhuIn-BFW,15126,-1,跨字型輪廓驗證＋component_id 位移 -1; target glyf SHA-256 runtime gate,4.0864,8.0,1,爭,DFPYuanW5-ZhuIn-BFW#15127,d1c41e7ae8bb48ee6329b2c65d16fffe4e5be347c5212aaf8de876827e9b7e31,DFPBiaoKai-W5-ZhuIn-BFW#15126,safe
DFPYuanW5-ZhuIn-BFW,15128,ㄓㄥˋ,DFPBiaoKai-W5-ZhuIn-BFW,15127,-1,跨字型輪廓驗證＋component_id 位移 -1; target glyf SHA-256 runtime gate,3.4807,8.0,4,症、正,DFPYuanW5-ZhuIn-BFW#15128,98edbee08f4644d576a31603019e74ee68fc2a01b5cbe10478afd1c77e53fa0f,DFPBiaoKai-W5-ZhuIn-BFW#15127,safe
DFPYuanW5-ZhuIn-BFW,15129,ㄓㄥˇ,DFPBiaoKai-W5-ZhuIn-BFW,15128,-1,跨字型輪廓驗證＋component_id 位移 -1; target glyf SHA-256 runtime gate,3.9233,8.0,1,整,DFPYuanW5-ZhuIn-BFW#15129,dea7bd7be49e8819070d7dafcaab87d6b6fb2d42ae46d1da620c02362f67c7ce,DFPBiaoKai-W5-ZhuIn-BFW#15128,safe
DFPYuanW5-ZhuIn-BFW,15132,ㄓㄨˋ,DFPBiaoKai-W5-ZhuIn-BFW,15131,-1,跨字型輪廓驗證＋component_id 位移 -1; target glyf SHA-256 runtime gate,3.6779,8.0,17,注、助、住,DFPYuanW5-ZhuIn-BFW#15132,59ee0deae0977b787106d752c8e5018ace54f0bd975d967a1c453127ffdd7828,DFPBiaoKai-W5-ZhuIn-BFW#15131,safe
DFPYuanW5-ZhuIn-BFW,15133,ㄓㄨˇ,DFPBiaoKai-W5-ZhuIn-BFW,15132,-1,跨字型輪廓驗證＋component_id 位移 -1; target glyf SHA-256 runtime gate,3.9926,8.0,5,主、煮,DFPYuanW5-ZhuIn-BFW#15133,1474bb2f1a71251a5e96b0a0e926d113714ef433e56722e8213faf102c320289,DFPBiaoKai-W5-ZhuIn-BFW#15132,safe
DFPYuanW5-ZhuIn-BFW,15146,ㄓㄨㄢˇ,DFPBiaoKai-W5-ZhuIn-BFW,15145,-1,跨字型輪廓驗證＋component_id 位移 -1; target glyf SHA-256 runtime gate,2.9885,8.0,7,轉,DFPYuanW5-ZhuIn-BFW#15146,5e7e37fa2d168033bd24940a1b1a08d50ce83384812e7df8180cf75342ca9599,DFPBiaoKai-W5-ZhuIn-BFW#15145,safe
DFPYuanW5-ZhuIn-BFW,15149,ㄓㄨㄣˇ,DFPBiaoKai-W5-ZhuIn-BFW,15148,-1,跨字型輪廓驗證＋component_id 位移 -1; target glyf SHA-256 runtime gate,3.0588,8.0,5,準,DFPYuanW5-ZhuIn-BFW#15149,beb0326692d5ced72f57173341497fd52029768b8fca8adfaf23e64c36e00e12,DFPBiaoKai-W5-ZhuIn-BFW#15148,safe
DFPYuanW5-ZhuIn-BFW,15151,ㄓㄨㄤˋ,DFPBiaoKai-W5-ZhuIn-BFW,15150,-1,跨字型輪廓驗證＋component_id 位移 -1; target glyf SHA-256 runtime gate,2.8378,8.0,4,撞、狀,DFPYuanW5-ZhuIn-BFW#15151,b9666279519b7f9499f16d6c548d2e53fa5d1d7dda9a85ead5d40b6765ac6c35,DFPBiaoKai-W5-ZhuIn-BFW#15150,safe
DFPYuanW5-ZhuIn-BFW,15153,ㄓㄨㄥ,DFPBiaoKai-W5-ZhuIn-BFW,15152,-1,跨字型輪廓驗證＋component_id 位移 -1; target glyf SHA-256 runtime gate,3.0382,8.0,13,鐘、中、終,DFPYuanW5-ZhuIn-BFW#15153,3a7a7e5edc7f35f026cc2caaf69d318bb1436cec4423a440183dff7109d0a9a6,DFPBiaoKai-W5-ZhuIn-BFW#15152,safe
DFPYuanW5-ZhuIn-BFW,15154,ㄓㄨㄥˋ,DFPBiaoKai-W5-ZhuIn-BFW,15153,-1,跨字型輪廓驗證＋component_id 位移 -1; target glyf SHA-256 runtime gate,3.1788,8.0,5,重,DFPYuanW5-ZhuIn-BFW#15154,034045d8e62d1d3244fa2e3963ecfcab61c59c338482c110c9af46f5b1c6df7e,DFPBiaoKai-W5-ZhuIn-BFW#15153,safe
DFPYuanW5-ZhuIn-BFW,15155,ㄓㄨㄥˇ,DFPBiaoKai-W5-ZhuIn-BFW,15154,-1,跨字型輪廓驗證＋component_id 位移 -1; target glyf SHA-256 runtime gate,3.4318,8.0,5,種,DFPYuanW5-ZhuIn-BFW#15155,e3d4ac4f8afdcf4e389de3f7034e490b867c4a34dfc78622956ff25a45779d44,DFPBiaoKai-W5-ZhuIn-BFW#15154,safe
DFPYuanW5-ZhuIn-BFW,15157,ㄔˊ,DFPBiaoKai-W5-ZhuIn-BFW,15156,-1,跨字型輪廓驗證＋component_id 位移 -1; target glyf SHA-256 runtime gate,3.6374,8.0,13,持、匙,DFPYuanW5-ZhuIn-BFW#15157,b73536c01e2b6607c579dcd6cc8caefa74b71c625f771a67f93e54e5cd0ded99,DFPBiaoKai-W5-ZhuIn-BFW#15156,safe
DFPYuanW5-ZhuIn-BFW,15160,ㄔㄚ,DFPBiaoKai-W5-ZhuIn-BFW,15159,-1,跨字型輪廓驗證＋component_id 位移 -1; target glyf SHA-256 runtime gate,5.1915,8.0,1,插,DFPYuanW5-ZhuIn-BFW#15160,d479790d73fca760a029f4a43718ca19100f18c37d4fcc4bf158001ae4d4a17e,DFPBiaoKai-W5-ZhuIn-BFW#15159,safe
DFPYuanW5-ZhuIn-BFW,15161,ㄔㄚˊ,DFPBiaoKai-W5-ZhuIn-BFW,15160,-1,跨字型輪廓驗證＋component_id 位移 -1; target glyf SHA-256 runtime gate,4.7376,8.0,9,查、茶、察,DFPYuanW5-ZhuIn-BFW#15161,3c548f8ed8ae399c1a29c7917beb0c960fc258b76362e5f27ff8642edf4642f6,DFPBiaoKai-W5-ZhuIn-BFW#15160,safe
DFPYuanW5-ZhuIn-BFW,15164,ㄔㄜ,DFPBiaoKai-W5-ZhuIn-BFW,15163,-1,跨字型輪廓驗證＋component_id 位移 -1; target glyf SHA-256 runtime gate,3.5124,8.0,3,車,DFPYuanW5-ZhuIn-BFW#15164,25852f5a88a2943a9d24a657d334fde85dd85799827314b4a95569e41c847182,DFPBiaoKai-W5-ZhuIn-BFW#15163,safe
DFPYuanW5-ZhuIn-BFW,15171,ㄔㄠˊ,DFPBiaoKai-W5-ZhuIn-BFW,15170,-1,跨字型輪廓驗證＋component_id 位移 -1; target glyf SHA-256 runtime gate,3.5557,8.0,1,嘲,DFPYuanW5-ZhuIn-BFW#15171,bc47e0f2b3cf0f98495c7a1a88e41359537cc4de93d804d36da0f920f1bc6cf9,DFPBiaoKai-W5-ZhuIn-BFW#15170,safe
DFPYuanW5-ZhuIn-BFW,15181,ㄔㄢˇ,DFPBiaoKai-W5-ZhuIn-BFW,15180,-1,跨字型輪廓驗證＋component_id 位移 -1; target glyf SHA-256 runtime gate,4.1637,8.0,5,產,DFPYuanW5-ZhuIn-BFW#15181,7934acf79a00686a4ef657b99abe44e32bfbc0f7be78f34506b89edcc09aaf8b,DFPBiaoKai-W5-ZhuIn-BFW#15180,safe
DFPYuanW5-ZhuIn-BFW,15187,ㄔㄤˊ,DFPBiaoKai-W5-ZhuIn-BFW,15186,-1,跨字型輪廓驗證＋component_id 位移 -1; target glyf SHA-256 runtime gate,3.6579,8.0,9,腸、常、嘗,DFPYuanW5-ZhuIn-BFW#15187,7f41c8e75375e5dff575dc5d0cd87845f2cc2b6e8de137fe443e7557c9c27dd8,DFPBiaoKai-W5-ZhuIn-BFW#15186,safe
DFPYuanW5-ZhuIn-BFW,15190,ㄔㄥ,DFPBiaoKai-W5-ZhuIn-BFW,15189,-1,跨字型輪廓驗證＋component_id 位移 -1; target glyf SHA-256 runtime gate,4.6136,8.0,5,撐,DFPYuanW5-ZhuIn-BFW#15190,fa5bbcb831271b8f3e3aca624bd198a714f2d4036004f3b42c0c104c7327e2ac,DFPBiaoKai-W5-ZhuIn-BFW#15189,safe
DFPYuanW5-ZhuIn-BFW,15191,ㄔㄥˊ,DFPBiaoKai-W5-ZhuIn-BFW,15190,-1,跨字型輪廓驗證＋component_id 位移 -1; target glyf SHA-256 runtime gate,4.422,8.0,13,成,DFPYuanW5-ZhuIn-BFW#15191,25ab2d531d12a29ce229ec7cebc7d920ead97a4f823812c26193c67e4eda7bb3,DFPBiaoKai-W5-ZhuIn-BFW#15190,safe
DFPYuanW5-ZhuIn-BFW,15194,ㄔㄨ,DFPBiaoKai-W5-ZhuIn-BFW,15193,-1,跨字型輪廓驗證＋component_id 位移 -1; target glyf SHA-256 runtime gate,4.7363,8.0,14,出,DFPYuanW5-ZhuIn-BFW#15194,cfd8a6f8e87c513866dc68d85519ace2ae52c59597e45953e4c6873380f4c46d,DFPBiaoKai-W5-ZhuIn-BFW#15193,safe
DFPYuanW5-ZhuIn-BFW,15195,ㄔㄨˊ,DFPBiaoKai-W5-ZhuIn-BFW,15194,-1,跨字型輪廓驗證＋component_id 位移 -1; target glyf SHA-256 runtime gate,4.5763,8.0,1,除,DFPYuanW5-ZhuIn-BFW#15195,19d445c8b60a36d2203d9972c08a4c1daf916228bf93be8d5033da4c65d02b47,DFPBiaoKai-W5-ZhuIn-BFW#15194,safe
DFPYuanW5-ZhuIn-BFW,15196,ㄔㄨˋ,DFPBiaoKai-W5-ZhuIn-BFW,15195,-1,跨字型輪廓驗證＋component_id 位移 -1; target glyf SHA-256 runtime gate,4.4703,8.0,7,觸、處,DFPYuanW5-ZhuIn-BFW#15196,c1579449d469bb7fb8d15a35b1619a0dae51099c6414c68b5cfeb768e27a9ef4,DFPBiaoKai-W5-ZhuIn-BFW#15195,safe
DFPYuanW5-ZhuIn-BFW,15209,ㄔㄨㄢˊ,DFPBiaoKai-W5-ZhuIn-BFW,15208,-1,跨字型輪廓驗證＋component_id 位移 -1; target glyf SHA-256 runtime gate,3.7617,8.0,27,傳、船,DFPYuanW5-ZhuIn-BFW#15209,96122d06781559cf8ac3eb9a670424244b79e1fa6e7791c815bd8042ab030ccc,DFPBiaoKai-W5-ZhuIn-BFW#15208,safe
DFPYuanW5-ZhuIn-BFW,15219,ㄔㄨㄥ,DFPBiaoKai-W5-ZhuIn-BFW,15218,-1,跨字型輪廓驗證＋component_id 位移 -1; target glyf SHA-256 runtime gate,3.6484,8.0,3,充,DFPYuanW5-ZhuIn-BFW#15219,660b1603178a9a8aeb4f1654f6031c8f1266d9ad3caeab2caf9989aa7cc0e5c5,DFPBiaoKai-W5-ZhuIn-BFW#15218,safe
DFPYuanW5-ZhuIn-BFW,15223,ㄕ,DFPBiaoKai-W5-ZhuIn-BFW,15222,-1,跨字型輪廓驗證＋component_id 位移 -1; target glyf SHA-256 runtime gate,6.2986,8.0,4,師、失,DFPYuanW5-ZhuIn-BFW#15223,29492d3ca2b4ae67e61401bb14008d2717a5b26ea2a47cf9c09907cdca70bb67,DFPBiaoKai-W5-ZhuIn-BFW#15222,safe
DFPYuanW5-ZhuIn-BFW,15225,ㄕˊ,DFPBiaoKai-W5-ZhuIn-BFW,15224,-1,跨字型輪廓驗證＋component_id 位移 -1; target glyf SHA-256 runtime gate,3.4831,8.0,48,時、食、十、石,DFPYuanW5-ZhuIn-BFW#15225,29e10cd2805d10cc8b499e477c9fa1df105eb30fb61c2ecbf16cbb9833e86f85,DFPBiaoKai-W5-ZhuIn-BFW#15224,safe
DFPYuanW5-ZhuIn-BFW,15226,ㄕˋ,DFPBiaoKai-W5-ZhuIn-BFW,15225,-1,跨字型輪廓驗證＋component_id 位移 -1; target glyf SHA-256 runtime gate,4.2998,8.0,35,是、適、室、識、試、事、示、柿、視、式、士,DFPYuanW5-ZhuIn-BFW#15226,30124687344ef32f4eecd7ad4d4264c2e62d79d2348786a6fb1bd71b003bf0b8,DFPBiaoKai-W5-ZhuIn-BFW#15225,safe
DFPYuanW5-ZhuIn-BFW,15227,ㄕˇ,DFPBiaoKai-W5-ZhuIn-BFW,15226,-1,跨字型輪廓驗證＋component_id 位移 -1; target glyf SHA-256 runtime gate,4.3877,8.0,4,使,DFPYuanW5-ZhuIn-BFW#15227,7bb29f40f4c398bd7c5ac00c15f8df8eb58f0c23798015ce4759825a78e46f08,DFPBiaoKai-W5-ZhuIn-BFW#15226,safe
DFPYuanW5-ZhuIn-BFW,15243,ㄕㄠˇ,DFPBiaoKai-W5-ZhuIn-BFW,15242,-1,跨字型輪廓驗證＋component_id 位移 -1; target glyf SHA-256 runtime gate,3.2143,8.0,7,少,DFPYuanW5-ZhuIn-BFW#15243,687bc281eb78c85b43459390404cfd6949facd5af777e02b1d4c289fc4987b4b,DFPBiaoKai-W5-ZhuIn-BFW#15242,safe
DFPYuanW5-ZhuIn-BFW,15244,ㄕㄡ,DFPBiaoKai-W5-ZhuIn-BFW,15243,-1,跨字型輪廓驗證＋component_id 位移 -1; target glyf SHA-256 runtime gate,4.4055,8.0,1,收,DFPYuanW5-ZhuIn-BFW#15244,e4c1bbbf1337a50e62bef7fdeeca7104d8ee73877b504b08084f5e5c2f5684e8,DFPBiaoKai-W5-ZhuIn-BFW#15243,safe
DFPYuanW5-ZhuIn-BFW,15245,ㄕㄡˊ,DFPBiaoKai-W5-ZhuIn-BFW,15244,-1,跨字型輪廓驗證＋component_id 位移 -1; target glyf SHA-256 runtime gate,4.7827,8.0,3,熟,DFPYuanW5-ZhuIn-BFW#15245,49a46b5181063415f739245ad37bed1cc94eaa02b2ab4475a3fce8a259796608,DFPBiaoKai-W5-ZhuIn-BFW#15244,safe
DFPYuanW5-ZhuIn-BFW,15246,ㄕㄡˋ,DFPBiaoKai-W5-ZhuIn-BFW,15245,-1,跨字型輪廓驗證＋component_id 位移 -1; target glyf SHA-256 runtime gate,4.3457,8.0,1,售,DFPYuanW5-ZhuIn-BFW#15246,e181e34b574c4ae575f0d268563972dcc0b2aa0ccdd982e48a2b369540549b12,DFPBiaoKai-W5-ZhuIn-BFW#15245,safe
DFPYuanW5-ZhuIn-BFW,15247,ㄕㄡˇ,DFPBiaoKai-W5-ZhuIn-BFW,15246,-1,跨字型輪廓驗證＋component_id 位移 -1; target glyf SHA-256 runtime gate,4.7266,8.0,43,守、手,DFPYuanW5-ZhuIn-BFW#15247,775438c235049eb881faa26c2fc4b1e727ac5fc2449feba92ed09d7dde45945c,DFPBiaoKai-W5-ZhuIn-BFW#15246,safe
DFPYuanW5-ZhuIn-BFW,15251,ㄕㄣ,DFPBiaoKai-W5-ZhuIn-BFW,15250,-1,跨字型輪廓驗證＋component_id 位移 -1; target glyf SHA-256 runtime gate,3.2749,8.0,21,身、伸,DFPYuanW5-ZhuIn-BFW#15251,59a7a353dc43da17807dfdd8b898b018a94da6d1e77bf45de4c6743e90daebde,DFPBiaoKai-W5-ZhuIn-BFW#15250,safe
DFPYuanW5-ZhuIn-BFW,15252,ㄕㄣˊ,DFPBiaoKai-W5-ZhuIn-BFW,15251,-1,跨字型輪廓驗證＋component_id 位移 -1; target glyf SHA-256 runtime gate,3.4734,8.0,9,什、神,DFPYuanW5-ZhuIn-BFW#15252,06c606f73697696f0c72ac92a0aee56d9a1fb413cf620d4baf8d09503e5a27e2,DFPBiaoKai-W5-ZhuIn-BFW#15251,safe
DFPYuanW5-ZhuIn-BFW,15255,ㄕㄤ,DFPBiaoKai-W5-ZhuIn-BFW,15254,-1,跨字型輪廓驗證＋component_id 位移 -1; target glyf SHA-256 runtime gate,3.3112,8.0,1,傷,DFPYuanW5-ZhuIn-BFW#15255,d2cbcf0be2d2ed0117171db1c17894d7a44752a7792ddfbba1fa5704b94030ea,DFPBiaoKai-W5-ZhuIn-BFW#15254,safe
DFPYuanW5-ZhuIn-BFW,15257,ㄕㄤˋ,DFPBiaoKai-W5-ZhuIn-BFW,15256,-1,跨字型輪廓驗證＋component_id 位移 -1; target glyf SHA-256 runtime gate,3.3159,8.0,17,上,DFPYuanW5-ZhuIn-BFW#15257,69044fe2f3b7ad01e509b983c8e1d82f8434a9dd2160868534a1672c68178feb,DFPBiaoKai-W5-ZhuIn-BFW#15256,safe
DFPYuanW5-ZhuIn-BFW,15259,ㄕㄥ,DFPBiaoKai-W5-ZhuIn-BFW,15258,-1,跨字型輪廓驗證＋component_id 位移 -1; target glyf SHA-256 runtime gate,3.102,8.0,22,生、升,DFPYuanW5-ZhuIn-BFW#15259,db79b465fe2625bce06b51aafea4d629dba42f7c413c39bfcb4e502e8e4bcd75,DFPBiaoKai-W5-ZhuIn-BFW#15258,safe
DFPYuanW5-ZhuIn-BFW,15261,ㄕㄥˋ,DFPBiaoKai-W5-ZhuIn-BFW,15260,-1,跨字型輪廓驗證＋component_id 位移 -1; target glyf SHA-256 runtime gate,3.6637,8.0,6,盛、勝,DFPYuanW5-ZhuIn-BFW#15261,6feb27c0b6df93f61fa959b8b05ad372c34990de88db26b4b5cd9d1c89bd3ad7,DFPBiaoKai-W5-ZhuIn-BFW#15260,safe
DFPYuanW5-ZhuIn-BFW,15263,ㄕㄨ,DFPBiaoKai-W5-ZhuIn-BFW,15262,-1,跨字型輪廓驗證＋component_id 位移 -1; target glyf SHA-256 runtime gate,3.6704,8.0,15,書、舒、蔬,DFPYuanW5-ZhuIn-BFW#15263,337527885f921f79e45660d2fb52bae0eae01edd61933850dfcf081fca421248,DFPBiaoKai-W5-ZhuIn-BFW#15262,safe
DFPYuanW5-ZhuIn-BFW,15265,ㄕㄨˋ,DFPBiaoKai-W5-ZhuIn-BFW,15264,-1,跨字型輪廓驗證＋component_id 位移 -1; target glyf SHA-256 runtime gate,3.6433,8.0,10,數,DFPYuanW5-ZhuIn-BFW#15265,e13c0efa9952f42e66bc40c5e08565cc58ca5043b4f6d3cc08c6e8f464e4b27d,DFPBiaoKai-W5-ZhuIn-BFW#15264,safe
DFPYuanW5-ZhuIn-BFW,15269,ㄕㄨㄛ,DFPBiaoKai-W5-ZhuIn-BFW,15268,-1,跨字型輪廓驗證＋component_id 位移 -1; target glyf SHA-256 runtime gate,2.6172,8.0,4,說,DFPYuanW5-ZhuIn-BFW#15269,2f3c23ba004a56de1b9097fc871bebc89916cca82c8ec90b479064cbb704c945,DFPBiaoKai-W5-ZhuIn-BFW#15268,safe
DFPYuanW5-ZhuIn-BFW,15275,ㄕㄨㄟˋ,DFPBiaoKai-W5-ZhuIn-BFW,15274,-1,跨字型輪廓驗證＋component_id 位移 -1; target glyf SHA-256 runtime gate,3.7152,8.0,1,睡,DFPYuanW5-ZhuIn-BFW#15275,43121942208ea5cb6e96f0a42cf6af11cfe2171521edeb61df89095e78c8591c,DFPBiaoKai-W5-ZhuIn-BFW#15274,safe
DFPYuanW5-ZhuIn-BFW,15276,ㄕㄨㄟˇ,DFPBiaoKai-W5-ZhuIn-BFW,15275,-1,跨字型輪廓驗證＋component_id 位移 -1; target glyf SHA-256 runtime gate,4.2648,8.0,13,水,DFPYuanW5-ZhuIn-BFW#15276,c65bad6e75563b0efdcea8f17411bcc1f8cd163a04229abb9c371c89a6c36ba3,DFPBiaoKai-W5-ZhuIn-BFW#15275,safe
DFPYuanW5-ZhuIn-BFW,15279,ㄕㄨㄣˋ,DFPBiaoKai-W5-ZhuIn-BFW,15278,-1,跨字型輪廓驗證＋component_id 位移 -1; target glyf SHA-256 runtime gate,3.6848,8.0,2,順,DFPYuanW5-ZhuIn-BFW#15279,54175b712742994497a0f860205816db19586e45d055e2053150153981ef9806,DFPBiaoKai-W5-ZhuIn-BFW#15278,safe
DFPYuanW5-ZhuIn-BFW,15281,ㄕㄨㄤ,DFPBiaoKai-W5-ZhuIn-BFW,15280,-1,跨字型輪廓驗證＋component_id 位移 -1; target glyf SHA-256 runtime gate,3.4075,8.0,23,雙,DFPYuanW5-ZhuIn-BFW#15281,af73056f56a215b9f808560c72b432fe56213024653f246886415d398b4db907,DFPBiaoKai-W5-ZhuIn-BFW#15280,safe
DFPYuanW5-ZhuIn-BFW,15284,ㄖˋ,DFPBiaoKai-W5-ZhuIn-BFW,15283,-1,跨字型輪廓驗證＋component_id 位移 -1; target glyf SHA-256 runtime gate,2.8727,8.0,4,日,DFPYuanW5-ZhuIn-BFW#15284,7d2a2ec24cf08fc17ab31d0fccdd744a9faaa4eba876e8436810e3ca189be26a,DFPBiaoKai-W5-ZhuIn-BFW#15283,safe
DFPYuanW5-ZhuIn-BFW,15291,ㄖㄡˋ,DFPBiaoKai-W5-ZhuIn-BFW,15290,-1,跨字型輪廓驗證＋component_id 位移 -1; target glyf SHA-256 runtime gate,3.6144,8.0,3,肉,DFPYuanW5-ZhuIn-BFW#15291,c1c771e26d52d16e839d10e0a8dc0c73d43da1bc38c854077b72a671c4f219b7,DFPBiaoKai-W5-ZhuIn-BFW#15290,safe
DFPYuanW5-ZhuIn-BFW,15293,ㄖㄢˊ,DFPBiaoKai-W5-ZhuIn-BFW,15292,-1,跨字型輪廓驗證＋component_id 位移 -1; target glyf SHA-256 runtime gate,3.4445,8.0,1,然,DFPYuanW5-ZhuIn-BFW#15293,5a1cd19e4d8c8e8567f595ae2d45ce901a02602848cc55132ffd9bec976bf1fc,DFPBiaoKai-W5-ZhuIn-BFW#15292,safe
DFPYuanW5-ZhuIn-BFW,15294,ㄖㄢˇ,DFPBiaoKai-W5-ZhuIn-BFW,15293,-1,跨字型輪廓驗證＋component_id 位移 -1; target glyf SHA-256 runtime gate,3.1478,8.0,4,染,DFPYuanW5-ZhuIn-BFW#15294,819f21c90fb2fc3bebd2dee6897dea473e291d8c546424c3f0b316a217d94429,DFPBiaoKai-W5-ZhuIn-BFW#15293,safe
DFPYuanW5-ZhuIn-BFW,15295,ㄖㄣˊ,DFPBiaoKai-W5-ZhuIn-BFW,15294,-1,跨字型輪廓驗證＋component_id 位移 -1; target glyf SHA-256 runtime gate,3.0207,8.0,31,人,DFPYuanW5-ZhuIn-BFW#15295,c869a0037578bc200dbb9e0ef469a93fb839af3a87e573d8c619fcdf4a255236,DFPBiaoKai-W5-ZhuIn-BFW#15294,safe
DFPYuanW5-ZhuIn-BFW,15296,ㄖㄣˋ,DFPBiaoKai-W5-ZhuIn-BFW,15295,-1,跨字型輪廓驗證＋component_id 位移 -1; target glyf SHA-256 runtime gate,2.3833,8.0,1,認,DFPYuanW5-ZhuIn-BFW#15296,853d5aa352f011f8f514b18b4499548bfefe884788e5438de6f6b2ddf5eaec5e,DFPBiaoKai-W5-ZhuIn-BFW#15295,safe
DFPYuanW5-ZhuIn-BFW,15299,ㄖㄤˋ,DFPBiaoKai-W5-ZhuIn-BFW,15298,-1,跨字型輪廓驗證＋component_id 位移 -1; target glyf SHA-256 runtime gate,2.2474,8.0,4,讓,DFPYuanW5-ZhuIn-BFW#15299,a4e1149ae99d75e055e67b8e701e393e75787c14abba714058ae492d3addd6be,DFPBiaoKai-W5-ZhuIn-BFW#15298,safe
DFPYuanW5-ZhuIn-BFW,15304,ㄖㄨˊ,DFPBiaoKai-W5-ZhuIn-BFW,15303,-1,跨字型輪廓驗證＋component_id 位移 -1; target glyf SHA-256 runtime gate,3.1008,8.0,9,如、蠕,DFPYuanW5-ZhuIn-BFW#15304,d3271a7973b13272828caa83a5de8c06c1d55bd50b3b4b763fa75ae689308c89,DFPBiaoKai-W5-ZhuIn-BFW#15303,safe
DFPYuanW5-ZhuIn-BFW,15305,ㄖㄨˋ,DFPBiaoKai-W5-ZhuIn-BFW,15304,-1,跨字型輪廓驗證＋component_id 位移 -1; target glyf SHA-256 runtime gate,2.7479,8.0,9,入,DFPYuanW5-ZhuIn-BFW#15305,a7782740c64886e3d304f18c831de72048f6a32f4a40830ab55d60374a2d09ac,DFPBiaoKai-W5-ZhuIn-BFW#15304,safe
DFPYuanW5-ZhuIn-BFW,15308,ㄖㄨㄛˋ,DFPBiaoKai-W5-ZhuIn-BFW,15307,-1,跨字型輪廓驗證＋component_id 位移 -1; target glyf SHA-256 runtime gate,2.5529,8.0,2,若,DFPYuanW5-ZhuIn-BFW#15308,7313fc12be2bfaab2a653153682968db06431f6c1fb90eb67e54f41c722f3d04,DFPBiaoKai-W5-ZhuIn-BFW#15307,safe
DFPYuanW5-ZhuIn-BFW,15313,ㄖㄨㄢˇ,DFPBiaoKai-W5-ZhuIn-BFW,15312,-1,跨字型輪廓驗證＋component_id 位移 -1; target glyf SHA-256 runtime gate,3.1548,8.0,2,軟,DFPYuanW5-ZhuIn-BFW#15313,db65ae076a4e9f06803570463cb1a8c3406be1225ca588628bf6ace8f8fa7cdf,DFPBiaoKai-W5-ZhuIn-BFW#15312,safe
DFPYuanW5-ZhuIn-BFW,15316,ㄖㄨㄥˊ,DFPBiaoKai-W5-ZhuIn-BFW,15315,-1,跨字型輪廓驗證＋component_id 位移 -1; target glyf SHA-256 runtime gate,2.9841,8.0,1,容,DFPYuanW5-ZhuIn-BFW#15316,74d851a800866a0a39823fd855a03e529866e47d4b607b80d271f5ca9e4df589,DFPBiaoKai-W5-ZhuIn-BFW#15315,safe
DFPYuanW5-ZhuIn-BFW,15318,ㄗ,DFPBiaoKai-W5-ZhuIn-BFW,15317,-1,跨字型輪廓驗證＋component_id 位移 -1; target glyf SHA-256 runtime gate,7.1165,8.0,3,資、姿,DFPYuanW5-ZhuIn-BFW#15318,9061ed50dfd73ee18ec37320b71b40098fe7a62ecf83c8dc1dfe7a77a78060f7,DFPBiaoKai-W5-ZhuIn-BFW#15317,safe
DFPYuanW5-ZhuIn-BFW,15320,ㄗˋ,DFPBiaoKai-W5-ZhuIn-BFW,15319,-1,跨字型輪廓驗證＋component_id 位移 -1; target glyf SHA-256 runtime gate,4.0139,8.0,18,自、字,DFPYuanW5-ZhuIn-BFW#15320,c477a38ec2ef76206341fdfc3381fd6288d9dea9febe82ff0cc666c79577bb5b,DFPBiaoKai-W5-ZhuIn-BFW#15319,safe
DFPYuanW5-ZhuIn-BFW,15323,ㄗㄚˊ,DFPBiaoKai-W5-ZhuIn-BFW,15322,-1,跨字型輪廓驗證＋component_id 位移 -1; target glyf SHA-256 runtime gate,5.4883,8.0,1,雜,DFPYuanW5-ZhuIn-BFW#15323,f148e41a8295840ab59d8c3a0cd7a19a1f65cc63e59152c6b6c4674e50ad2f2a,DFPBiaoKai-W5-ZhuIn-BFW#15322,safe
DFPYuanW5-ZhuIn-BFW,15324,ㄗㄜˊ,DFPBiaoKai-W5-ZhuIn-BFW,15323,-1,跨字型輪廓驗證＋component_id 位移 -1; target glyf SHA-256 runtime gate,3.993,8.0,6,則、擇,DFPYuanW5-ZhuIn-BFW#15324,7ef918ff048c8db0c39c8ff9977de7529f63bf4d62d376c8c76e6fe043336fde,DFPBiaoKai-W5-ZhuIn-BFW#15323,safe
DFPYuanW5-ZhuIn-BFW,15328,ㄗㄞˋ,DFPBiaoKai-W5-ZhuIn-BFW,15327,-1,跨字型輪廓驗證＋component_id 位移 -1; target glyf SHA-256 runtime gate,4.5802,8.0,30,再、在,DFPYuanW5-ZhuIn-BFW#15328,3bb75bd2df29016d907c3f0bd3c12fd08403e850fbae24cf1c313ffd77c045d0,DFPBiaoKai-W5-ZhuIn-BFW#15327,safe
DFPYuanW5-ZhuIn-BFW,15333,ㄗㄠˋ,DFPBiaoKai-W5-ZhuIn-BFW,15332,-1,跨字型輪廓驗證＋component_id 位移 -1; target glyf SHA-256 runtime gate,3.4434,8.0,2,皂、造,DFPYuanW5-ZhuIn-BFW#15333,1a777a1be7422a1c717c0601ec9b168d029d750bdf58440fa216885aabc67234,DFPBiaoKai-W5-ZhuIn-BFW#15332,safe
DFPYuanW5-ZhuIn-BFW,15334,ㄗㄠˇ,DFPBiaoKai-W5-ZhuIn-BFW,15333,-1,跨字型輪廓驗證＋component_id 位移 -1; target glyf SHA-256 runtime gate,3.6879,8.0,4,棗、早,DFPYuanW5-ZhuIn-BFW#15334,63ada11dcb3772ebc9f47719568b01333fc07626d081c5ce0178e6bf60214200,DFPBiaoKai-W5-ZhuIn-BFW#15333,safe
DFPYuanW5-ZhuIn-BFW,15337,ㄗㄡˇ,DFPBiaoKai-W5-ZhuIn-BFW,15336,-1,跨字型輪廓驗證＋component_id 位移 -1; target glyf SHA-256 runtime gate,4.879,8.0,4,走,DFPYuanW5-ZhuIn-BFW#15337,668b3c3549c58f4057e80bb8fc89bbe16cb3ad7c1ea0f81e7b1801e694fa4532,DFPBiaoKai-W5-ZhuIn-BFW#15336,safe
DFPYuanW5-ZhuIn-BFW,15344,ㄗㄣˇ,DFPBiaoKai-W5-ZhuIn-BFW,15343,-1,跨字型輪廓驗證＋component_id 位移 -1; target glyf SHA-256 runtime gate,4.7921,8.0,5,怎,DFPYuanW5-ZhuIn-BFW#15344,d6ecd76ca63faae069657a0063df7e6191dd0a30a0c0e5ec8a101dc3f7cff423,DFPBiaoKai-W5-ZhuIn-BFW#15343,safe
DFPYuanW5-ZhuIn-BFW,15348,ㄗㄥ,DFPBiaoKai-W5-ZhuIn-BFW,15347,-1,跨字型輪廓驗證＋component_id 位移 -1; target glyf SHA-256 runtime gate,3.4404,8.0,1,增,DFPYuanW5-ZhuIn-BFW#15348,3d92ae50bcf5a4034e2d8e9fc81b102896c3e7986ff5074bb60c5adb4483ba6c,DFPBiaoKai-W5-ZhuIn-BFW#15347,safe
DFPYuanW5-ZhuIn-BFW,15351,ㄗㄨˊ,DFPBiaoKai-W5-ZhuIn-BFW,15350,-1,跨字型輪廓驗證＋component_id 位移 -1; target glyf SHA-256 runtime gate,4.5342,8.0,7,足,DFPYuanW5-ZhuIn-BFW#15351,34896b356e8d352dca09b537e2c83723a262f0433d0b164add4e66ca5affe370,DFPBiaoKai-W5-ZhuIn-BFW#15350,safe
DFPYuanW5-ZhuIn-BFW,15353,ㄗㄨˇ,DFPBiaoKai-W5-ZhuIn-BFW,15352,-1,跨字型輪廓驗證＋component_id 位移 -1; target glyf SHA-256 runtime gate,5.0417,8.0,30,組、阻,DFPYuanW5-ZhuIn-BFW#15353,c6a315265ccab25f550b5f6f6abb427f37c866a42e6c6b21ff9c02e10a22f925,DFPBiaoKai-W5-ZhuIn-BFW#15352,safe
DFPYuanW5-ZhuIn-BFW,15356,ㄗㄨㄛˋ,DFPBiaoKai-W5-ZhuIn-BFW,15355,-1,跨字型輪廓驗證＋component_id 位移 -1; target glyf SHA-256 runtime gate,2.7609,8.0,24,做、座、作,DFPYuanW5-ZhuIn-BFW#15356,d50dfc4db6fa7b804f4d158ace2b9d7cb8debb693c4db74074da8c014eafdc85,DFPBiaoKai-W5-ZhuIn-BFW#15355,safe
DFPYuanW5-ZhuIn-BFW,15357,ㄗㄨㄛˇ,DFPBiaoKai-W5-ZhuIn-BFW,15356,-1,跨字型輪廓驗證＋component_id 位移 -1; target glyf SHA-256 runtime gate,2.7515,8.0,5,左,DFPYuanW5-ZhuIn-BFW#15357,21c6200d0297a03fea02a98f16cdc30ccdfac62dcc6592c6513fae994a691839,DFPBiaoKai-W5-ZhuIn-BFW#15356,safe
DFPYuanW5-ZhuIn-BFW,15359,ㄗㄨㄟˋ,DFPBiaoKai-W5-ZhuIn-BFW,15358,-1,跨字型輪廓驗證＋component_id 位移 -1; target glyf SHA-256 runtime gate,4.3925,8.0,5,最,DFPYuanW5-ZhuIn-BFW#15359,d5b0135bfd0a997b76c212d7bb9ecffa75a28a0d93cc18ace834bb787f61e3a8,DFPBiaoKai-W5-ZhuIn-BFW#15358,safe
DFPYuanW5-ZhuIn-BFW,15364,ㄗㄨㄣ,DFPBiaoKai-W5-ZhuIn-BFW,15363,-1,跨字型輪廓驗證＋component_id 位移 -1; target glyf SHA-256 runtime gate,3.2125,8.0,2,遵,DFPYuanW5-ZhuIn-BFW#15364,9e43471a0aef239d5ef7ec60ba3b20e1a1d91a2f5f2c4f8bbdbbec70ff7201ac,DFPBiaoKai-W5-ZhuIn-BFW#15363,safe
DFPYuanW5-ZhuIn-BFW,15372,ㄘˋ,DFPBiaoKai-W5-ZhuIn-BFW,15371,-1,跨字型輪廓驗證＋component_id 位移 -1; target glyf SHA-256 runtime gate,4.8525,8.0,18,刺、次,DFPYuanW5-ZhuIn-BFW#15372,2f5a0e8764a1b3d08d878d9be9137853efca8d33cfff6bd2e852dd8e41306d25,DFPBiaoKai-W5-ZhuIn-BFW#15371,safe
DFPYuanW5-ZhuIn-BFW,15377,ㄘㄜˋ,DFPBiaoKai-W5-ZhuIn-BFW,15376,-1,跨字型輪廓驗證＋component_id 位移 -1; target glyf SHA-256 runtime gate,5.3804,8.0,3,廁、側,DFPYuanW5-ZhuIn-BFW#15377,b151d2e129d8945078c05acd057227f167402ecfbc37cdb854775c451d191b49,DFPBiaoKai-W5-ZhuIn-BFW#15376,safe
DFPYuanW5-ZhuIn-BFW,15379,ㄘㄞˊ,DFPBiaoKai-W5-ZhuIn-BFW,15378,-1,跨字型輪廓驗證＋component_id 位移 -1; target glyf SHA-256 runtime gate,5.1158,8.0,4,才、材、裁,DFPYuanW5-ZhuIn-BFW#15379,ca120c33748b1ea53da750f0a62592f8ba2941d979ad7053fae5ce289ab283ce,DFPBiaoKai-W5-ZhuIn-BFW#15378,safe
DFPYuanW5-ZhuIn-BFW,15380,ㄘㄞˋ,DFPBiaoKai-W5-ZhuIn-BFW,15379,-1,跨字型輪廓驗證＋component_id 位移 -1; target glyf SHA-256 runtime gate,5.1956,8.0,8,菜,DFPYuanW5-ZhuIn-BFW#15380,7fdc962f19fcde1cab9fee49f2ccb1576dec7da51cfac981b7636458b93ee416,DFPBiaoKai-W5-ZhuIn-BFW#15379,safe
DFPYuanW5-ZhuIn-BFW,15381,ㄘㄞˇ,DFPBiaoKai-W5-ZhuIn-BFW,15380,-1,跨字型輪廓驗證＋component_id 位移 -1; target glyf SHA-256 runtime gate,5.0517,8.0,1,踩,DFPYuanW5-ZhuIn-BFW#15381,3609406e72fb7118f457136a32e8824616a378ae409734e90e0291926a455615,DFPBiaoKai-W5-ZhuIn-BFW#15380,safe
DFPYuanW5-ZhuIn-BFW,15382,ㄘㄠ,DFPBiaoKai-W5-ZhuIn-BFW,15381,-1,跨字型輪廓驗證＋component_id 位移 -1; target glyf SHA-256 runtime gate,5.1272,8.0,2,操,DFPYuanW5-ZhuIn-BFW#15382,00a4a7c7fa4cad4b14446e47f90d065906e782a39d9832e435af22ee07be6b4c,DFPBiaoKai-W5-ZhuIn-BFW#15381,safe
DFPYuanW5-ZhuIn-BFW,15387,ㄘㄢ,DFPBiaoKai-W5-ZhuIn-BFW,15386,-1,跨字型輪廓驗證＋component_id 位移 -1; target glyf SHA-256 runtime gate,5.3276,8.0,10,餐,DFPYuanW5-ZhuIn-BFW#15387,ef88f49e932105e457c0ff693c4ad64bd913f45246bbdcaad8878993a0f406ab,DFPBiaoKai-W5-ZhuIn-BFW#15386,safe
DFPYuanW5-ZhuIn-BFW,15404,ㄘㄨㄛˋ,DFPBiaoKai-W5-ZhuIn-BFW,15403,-1,跨字型輪廓驗證＋component_id 位移 -1; target glyf SHA-256 runtime gate,3.3757,8.0,1,錯,DFPYuanW5-ZhuIn-BFW#15404,da691743d6ce2025da0b2428295d3edd362e570fedb93d6ec0efbc3e8f57835b,DFPBiaoKai-W5-ZhuIn-BFW#15403,safe
DFPYuanW5-ZhuIn-BFW,15418,ㄘㄨㄥˊ,DFPBiaoKai-W5-ZhuIn-BFW,15417,-1,跨字型輪廓驗證＋component_id 位移 -1; target glyf SHA-256 runtime gate,4.8492,8.0,1,從,DFPYuanW5-ZhuIn-BFW#15418,c1c5dc79236f1731a041a88a48fc46a1c6fc65c0422c0544a78e16195ea9e63e,DFPBiaoKai-W5-ZhuIn-BFW#15417,safe
DFPYuanW5-ZhuIn-BFW,15422,ㄙˋ,DFPBiaoKai-W5-ZhuIn-BFW,15421,-1,跨字型輪廓驗證＋component_id 位移 -1; target glyf SHA-256 runtime gate,2.4628,8.0,4,四、似,DFPYuanW5-ZhuIn-BFW#15422,193c51ac647543f28b38f258f57f37432c1a0da52c6d566bbb7b94b96a112427,DFPBiaoKai-W5-ZhuIn-BFW#15421,safe
DFPYuanW5-ZhuIn-BFW,15427,ㄙㄜˋ,DFPBiaoKai-W5-ZhuIn-BFW,15426,-1,跨字型輪廓驗證＋component_id 位移 -1; target glyf SHA-256 runtime gate,3.1728,8.0,2,圾,DFPYuanW5-ZhuIn-BFW#15427,0b7c550fa4e9aa44155ffbcb594e654f286ae068bcf28dab7df20db707dbee8b,DFPBiaoKai-W5-ZhuIn-BFW#15426,safe
DFPYuanW5-ZhuIn-BFW,15429,ㄙㄞˋ,DFPBiaoKai-W5-ZhuIn-BFW,15428,-1,跨字型輪廓驗證＋component_id 位移 -1; target glyf SHA-256 runtime gate,4.0884,8.0,8,賽,DFPYuanW5-ZhuIn-BFW#15429,2179631cd9320fcc99a2f7934ad9c6dd59ebcf32098f866dd22f8d4af3535dfc,DFPBiaoKai-W5-ZhuIn-BFW#15428,safe
DFPYuanW5-ZhuIn-BFW,15436,ㄙㄢ,DFPBiaoKai-W5-ZhuIn-BFW,15435,-1,跨字型輪廓驗證＋component_id 位移 -1; target glyf SHA-256 runtime gate,4.345,8.0,3,三,DFPYuanW5-ZhuIn-BFW#15436,25f7052e02e9cca05dc3afd9c6304df7a4060d45ab1b11790187422e11193367,DFPBiaoKai-W5-ZhuIn-BFW#15435,safe
DFPYuanW5-ZhuIn-BFW,15446,ㄙㄨˋ,DFPBiaoKai-W5-ZhuIn-BFW,15445,-1,跨字型輪廓驗證＋component_id 位移 -1; target glyf SHA-256 runtime gate,4.3582,8.0,21,素、速,DFPYuanW5-ZhuIn-BFW#15446,86c951d1e379b746d686c1e0317861e57a3849f62b29700f94efab1b2b43139f,DFPBiaoKai-W5-ZhuIn-BFW#15445,safe
DFPYuanW5-ZhuIn-BFW,15450,ㄙㄨㄛˇ,DFPBiaoKai-W5-ZhuIn-BFW,15449,-1,跨字型輪廓驗證＋component_id 位移 -1; target glyf SHA-256 runtime gate,2.601,8.0,2,所,DFPYuanW5-ZhuIn-BFW#15450,e086b4b78b1dba103dbe8d3aeda78fe3612a36b4c5187713e4b2a244714c50a1,DFPBiaoKai-W5-ZhuIn-BFW#15449,safe
DFPYuanW5-ZhuIn-BFW,15456,ㄙㄨㄢˋ,DFPBiaoKai-W5-ZhuIn-BFW,15455,-1,跨字型輪廓驗證＋component_id 位移 -1; target glyf SHA-256 runtime gate,3.4859,8.0,1,算,DFPYuanW5-ZhuIn-BFW#15456,dc20f32e66069320d4c2f80e2f6776f96b014e42b8c0a8fbc3cf892a7096c3c8,DFPBiaoKai-W5-ZhuIn-BFW#15455,safe
DFPYuanW5-ZhuIn-BFW,15462,ㄙㄨㄥˋ,DFPBiaoKai-W5-ZhuIn-BFW,15461,-1,跨字型輪廓驗證＋component_id 位移 -1; target glyf SHA-256 runtime gate,3.4522,8.0,1,送,DFPYuanW5-ZhuIn-BFW#15462,dacad5be1c5c70067a9b4d639ec2c5ed2c2a8aaf776c00e6d1951c1fd41f4de1,DFPBiaoKai-W5-ZhuIn-BFW#15461,safe
