font,zhuyin_component_id,bopomofo,verification,notes
DFPBiaoKai-W5-ZhuIn-BFW,14124,ㄚ,直接渲染注音元件字形＋教材字元交叉驗證（v0.6）,啊
DFPBiaoKai-W5-ZhuIn-BFW,14136,ㄞ,直接渲染注音元件字形＋教材字元交叉驗證（v0.6）,唉
DFPBiaoKai-W5-ZhuIn-BFW,14138,ㄞˋ,直接渲染注音元件字形＋教材字元交叉驗證（v0.6）,愛
DFPBiaoKai-W5-ZhuIn-BFW,14149,ㄢ,直接渲染注音元件字形,安
DFPBiaoKai-W5-ZhuIn-BFW,14151,ㄢˋ,直接渲染注音元件字形＋教材字元交叉驗證（v0.6）,按
DFPBiaoKai-W5-ZhuIn-BFW,14165,ㄧ,直接渲染注音元件字形＋教材字元交叉驗證（v0.6）,一
DFPBiaoKai-W5-ZhuIn-BFW,14167,ㄧˋ,直接渲染注音元件字形,意／易
DFPBiaoKai-W5-ZhuIn-BFW,14168,ㄧˇ,直接渲染注音元件字形＋教材字元交叉驗證（v0.6）,以
DFPBiaoKai-W5-ZhuIn-BFW,14169,ㄧㄚ,直接渲染注音元件字形＋教材字元交叉驗證（v0.6）,壓
DFPBiaoKai-W5-ZhuIn-BFW,14173,ㄧㄛ,直接渲染注音元件字形＋教材字元交叉驗證（v0.6）,唷
DFPBiaoKai-W5-ZhuIn-BFW,14177,ㄧㄝˇ,直接渲染注音元件字形＋教材字元交叉驗證（v0.6）,也
DFPBiaoKai-W5-ZhuIn-BFW,14179,ㄧㄠ,直接渲染注音元件字形＋教材字元交叉驗證（v0.6）,腰
DFPBiaoKai-W5-ZhuIn-BFW,14181,ㄧㄠˋ,直接渲染注音元件字形,要
DFPBiaoKai-W5-ZhuIn-BFW,14185,ㄧㄡˋ,直接渲染注音元件字形＋教材字元交叉驗證（v0.6）,右
DFPBiaoKai-W5-ZhuIn-BFW,14186,ㄧㄡˇ,直接渲染注音元件字形,有／友
DFPBiaoKai-W5-ZhuIn-BFW,14190,ㄧㄢˇ,直接渲染注音元件字形＋教材字元交叉驗證（v0.6）,演
DFPBiaoKai-W5-ZhuIn-BFW,14191,ㄧㄣ,直接渲染注音元件字形＋教材字元交叉驗證（v0.6）,音
DFPBiaoKai-W5-ZhuIn-BFW,14193,ㄧㄣˋ,直接渲染注音元件字形＋教材字元交叉驗證（v0.6）,印
DFPBiaoKai-W5-ZhuIn-BFW,14194,ㄧㄣˇ,直接渲染注音元件字形＋教材字元交叉驗證（v0.6）,引
DFPBiaoKai-W5-ZhuIn-BFW,14197,ㄧㄤˋ,直接渲染注音元件字形＋教材字元交叉驗證（v0.6）,樣
DFPBiaoKai-W5-ZhuIn-BFW,14202,ㄧㄥˇ,直接渲染注音元件字形＋教材字元交叉驗證（v0.6）,影
DFPBiaoKai-W5-ZhuIn-BFW,14204,ㄨˊ,直接渲染注音元件字形＋教材字元交叉驗證（v0.6）,無
DFPBiaoKai-W5-ZhuIn-BFW,14212,ㄨㄛˋ,直接渲染注音元件字形＋教材字元交叉驗證（v0.6）,握
DFPBiaoKai-W5-ZhuIn-BFW,14213,ㄨㄛˇ,直接渲染注音元件字形,我
DFPBiaoKai-W5-ZhuIn-BFW,14218,ㄨㄟˊ,直接渲染注音元件字形＋教材字元交叉驗證（v0.6）,危
DFPBiaoKai-W5-ZhuIn-BFW,14219,ㄨㄟˋ,直接渲染注音元件字形＋教材字元交叉驗證（v0.6）,位
DFPBiaoKai-W5-ZhuIn-BFW,14222,ㄨㄢˊ,直接渲染注音元件字形＋教材字元交叉驗證（v0.6）,玩、完
DFPBiaoKai-W5-ZhuIn-BFW,14223,ㄨㄢˋ,直接渲染注音元件字形＋教材字元交叉驗證（v0.6）,萬
DFPBiaoKai-W5-ZhuIn-BFW,14228,ㄨㄣˇ,直接渲染注音元件字形＋教材字元交叉驗證（v0.6）,穩
DFPBiaoKai-W5-ZhuIn-BFW,14231,ㄨㄤˋ,直接渲染注音元件字形＋教材字元交叉驗證（v0.6）,忘
DFPBiaoKai-W5-ZhuIn-BFW,14239,ㄩˋ,直接渲染注音元件字形＋教材字元交叉驗證（v0.6）,預、遇
DFPBiaoKai-W5-ZhuIn-BFW,14240,ㄩˇ,直接渲染注音元件字形＋教材字元交叉驗證（v0.6）,雨
DFPBiaoKai-W5-ZhuIn-BFW,14242,ㄩㄝˋ,直接渲染注音元件字形＋教材字元交叉驗證（v0.6）,越
DFPBiaoKai-W5-ZhuIn-BFW,14244,ㄩㄢˊ,直接渲染注音元件字形＋教材字元交叉驗證（v0.6）,圓、員、援、原
DFPBiaoKai-W5-ZhuIn-BFW,14246,ㄩㄢˇ,直接渲染注音元件字形＋教材字元交叉驗證（v0.6）,遠
DFPBiaoKai-W5-ZhuIn-BFW,14254,ㄩㄥˋ,直接渲染注音元件字形＋教材字元交叉驗證（v0.6）,用
DFPBiaoKai-W5-ZhuIn-BFW,14256,ㄅㄚ,直接渲染注音元件字形＋教材字元交叉驗證（v0.6）,叭
DFPBiaoKai-W5-ZhuIn-BFW,14257,˙ㄅㄚ,直接渲染注音元件字形＋教材字元交叉驗證（v0.6）,吧
DFPBiaoKai-W5-ZhuIn-BFW,14260,ㄅㄚˇ,直接渲染注音元件字形＋教材字元交叉驗證（v0.6）,把
DFPBiaoKai-W5-ZhuIn-BFW,14270,ㄅㄟˋ,直接渲染注音元件字形＋教材字元交叉驗證（v0.6）,被
DFPBiaoKai-W5-ZhuIn-BFW,14274,ㄅㄠˋ,直接渲染注音元件字形＋教材字元交叉驗證（v0.6）,抱、報
DFPBiaoKai-W5-ZhuIn-BFW,14275,ㄅㄠˇ,直接渲染注音元件字形＋教材字元交叉驗證（v0.6）,保
DFPBiaoKai-W5-ZhuIn-BFW,14282,ㄅㄤ,直接渲染注音元件字形＋教材字元交叉驗證（v0.6）,幫
DFPBiaoKai-W5-ZhuIn-BFW,14291,ㄅㄧˋ,直接渲染注音元件字形＋教材字元交叉驗證（v0.6）,臂
DFPBiaoKai-W5-ZhuIn-BFW,14292,ㄅㄧˇ,直接渲染注音元件字形＋教材字元交叉驗證（v0.6）,筆
DFPBiaoKai-W5-ZhuIn-BFW,14294,ㄅㄧㄝˊ,直接渲染注音元件字形＋教材字元交叉驗證（v0.6）,別
DFPBiaoKai-W5-ZhuIn-BFW,14299,ㄅㄧㄠˇ,直接渲染注音元件字形＋教材字元交叉驗證（v0.6）,表
DFPBiaoKai-W5-ZhuIn-BFW,14306,ㄅㄧㄥˋ,直接渲染注音元件字形＋教材字元交叉驗證（v0.6）,並、病
DFPBiaoKai-W5-ZhuIn-BFW,14309,ㄅㄨˊ,v3.3 TTF字形自驗：直接解析 glyf 輪廓＋OOF符號分解交叉驗證,不；v3.3 修正舊表聲調誤標（glyph 為 ㄅㄨˊ）
DFPBiaoKai-W5-ZhuIn-BFW,14310,ㄅㄨˋ,直接渲染注音元件字形＋教材字元交叉驗證（v0.6）,步、部
DFPBiaoKai-W5-ZhuIn-BFW,14320,ㄆㄞˊ,直接渲染注音元件字形＋教材字元交叉驗證（v0.6）,排
DFPBiaoKai-W5-ZhuIn-BFW,14347,ㄆㄥˊ,直接渲染注音元件字形＋教材字元交叉驗證（v0.6）,朋
DFPBiaoKai-W5-ZhuIn-BFW,14376,ㄇㄚ,直接渲染注音元件字形＋教材字元交叉驗證（v0.6）,媽
DFPBiaoKai-W5-ZhuIn-BFW,14377,˙ㄇㄚ,直接渲染注音元件字形＋教材字元交叉驗證（v0.6）,嗎
DFPBiaoKai-W5-ZhuIn-BFW,14380,ㄇㄚˇ,直接渲染注音元件字形＋教材字元交叉驗證（v0.6）,馬、碼
DFPBiaoKai-W5-ZhuIn-BFW,14390,ㄇㄟˊ,直接渲染注音元件字形＋教材字元交叉驗證（v0.6）,沒
DFPBiaoKai-W5-ZhuIn-BFW,14392,ㄇㄟˇ,直接渲染注音元件字形＋教材字元交叉驗證（v0.6）,美
DFPBiaoKai-W5-ZhuIn-BFW,14395,ㄇㄠˋ,直接渲染注音元件字形＋教材字元交叉驗證（v0.6）,帽、貌
DFPBiaoKai-W5-ZhuIn-BFW,14404,˙ㄇㄣ,直接渲染注音元件字形＋教材字元交叉驗證（v0.6）,們
DFPBiaoKai-W5-ZhuIn-BFW,14405,ㄇㄣˊ,直接渲染注音元件字形＋教材字元交叉驗證（v0.6）,門
DFPBiaoKai-W5-ZhuIn-BFW,14408,ㄇㄤˊ,直接渲染注音元件字形＋教材字元交叉驗證（v0.6）,忙
DFPBiaoKai-W5-ZhuIn-BFW,14415,ㄇㄧˊ,直接渲染注音元件字形＋教材字元交叉驗證（v0.6）,迷
DFPBiaoKai-W5-ZhuIn-BFW,14427,ㄇㄧㄢˋ,直接渲染注音元件字形＋教材字元交叉驗證（v0.6）,面
DFPBiaoKai-W5-ZhuIn-BFW,14428,ㄇㄧㄢˇ,直接渲染注音元件字形＋教材字元交叉驗證（v0.6）,免
DFPBiaoKai-W5-ZhuIn-BFW,14435,ㄇㄨˋ,直接渲染注音元件字形＋教材字元交叉驗證（v0.6）,目
DFPBiaoKai-W5-ZhuIn-BFW,14437,ㄈㄚ,直接渲染注音元件字形＋教材字元交叉驗證（v0.6）,發
DFPBiaoKai-W5-ZhuIn-BFW,14440,ㄈㄚˇ,直接渲染注音元件字形＋教材字元交叉驗證（v0.6）,法
DFPBiaoKai-W5-ZhuIn-BFW,14454,ㄈㄢˇ,直接渲染注音元件字形＋教材字元交叉驗證（v0.6）,反
DFPBiaoKai-W5-ZhuIn-BFW,14455,ㄈㄣ,直接渲染注音元件字形＋教材字元交叉驗證（v0.6）,分
DFPBiaoKai-W5-ZhuIn-BFW,14459,ㄈㄤ,直接渲染注音元件字形＋教材字元交叉驗證（v0.6）,方
DFPBiaoKai-W5-ZhuIn-BFW,14460,ㄈㄤˊ,直接渲染注音元件字形＋教材字元交叉驗證（v0.6）,防
DFPBiaoKai-W5-ZhuIn-BFW,14461,ㄈㄤˋ,直接渲染注音元件字形＋教材字元交叉驗證（v0.6）,放
DFPBiaoKai-W5-ZhuIn-BFW,14469,ㄈㄨˊ,直接渲染注音元件字形＋教材字元交叉驗證（v0.6）,扶、服
DFPBiaoKai-W5-ZhuIn-BFW,14473,ㄉㄚ,直接渲染注音元件字形＋教材字元交叉驗證（v0.6）,搭
DFPBiaoKai-W5-ZhuIn-BFW,14476,ㄉㄚˋ,直接渲染注音元件字形＋教材字元交叉驗證（v0.6）,大
DFPBiaoKai-W5-ZhuIn-BFW,14477,ㄉㄚˇ,直接渲染注音元件字形＋教材字元交叉驗證（v0.6）,打
DFPBiaoKai-W5-ZhuIn-BFW,14479,˙ㄉㄜ,直接渲染注音元件字形,的（輕聲）
DFPBiaoKai-W5-ZhuIn-BFW,14480,ㄉㄜˊ,直接渲染注音元件字形＋教材字元交叉驗證（v0.6）,得
DFPBiaoKai-W5-ZhuIn-BFW,14482,ㄉㄞˋ,直接渲染注音元件字形,帶／戴
DFPBiaoKai-W5-ZhuIn-BFW,14486,ㄉㄠˋ,直接渲染注音元件字形,到／道
DFPBiaoKai-W5-ZhuIn-BFW,14487,ㄉㄠˇ,直接渲染注音元件字形＋教材字元交叉驗證（v0.6）,導、倒
DFPBiaoKai-W5-ZhuIn-BFW,14494,ㄉㄤ,直接渲染注音元件字形＋教材字元交叉驗證（v0.6）,當
DFPBiaoKai-W5-ZhuIn-BFW,14497,ㄉㄥ,直接渲染注音元件字形＋教材字元交叉驗證（v0.6）,燈
DFPBiaoKai-W5-ZhuIn-BFW,14499,ㄉㄥˇ,直接渲染注音元件字形＋教材字元交叉驗證（v0.6）,等
DFPBiaoKai-W5-ZhuIn-BFW,14502,ㄉㄧˋ,直接渲染注音元件字形＋教材字元交叉驗證（v0.6）,地、第
DFPBiaoKai-W5-ZhuIn-BFW,14506,ㄉㄧㄝˊ,直接渲染注音元件字形＋教材字元交叉驗證（v0.6）,跌
DFPBiaoKai-W5-ZhuIn-BFW,14508,ㄉㄧㄠˋ,直接渲染注音元件字形＋教材字元交叉驗證（v0.6）,掉
DFPBiaoKai-W5-ZhuIn-BFW,14512,ㄉㄧㄢˋ,直接渲染注音元件字形＋教材字元交叉驗證（v0.6）,店、電
DFPBiaoKai-W5-ZhuIn-BFW,14515,ㄉㄧㄥˋ,直接渲染注音元件字形＋教材字元交叉驗證（v0.6）,定
DFPBiaoKai-W5-ZhuIn-BFW,14521,ㄉㄨㄛ,直接渲染注音元件字形＋教材字元交叉驗證（v0.6）,多
DFPBiaoKai-W5-ZhuIn-BFW,14526,ㄉㄨㄟˋ,直接渲染注音元件字形＋教材字元交叉驗證（v0.6）,對、隊
DFPBiaoKai-W5-ZhuIn-BFW,14527,ㄉㄨㄢ,直接渲染注音元件字形＋教材字元交叉驗證（v0.6）,端
DFPBiaoKai-W5-ZhuIn-BFW,14534,ㄉㄨㄥˋ,直接渲染注音元件字形＋教材字元交叉驗證（v0.6）,動
DFPBiaoKai-W5-ZhuIn-BFW,14542,ㄊㄞˊ,直接渲染注音元件字形＋教材字元交叉驗證（v0.6）,抬
DFPBiaoKai-W5-ZhuIn-BFW,14543,ㄊㄞˋ,直接渲染注音元件字形＋教材字元交叉驗證（v0.6）,太
DFPBiaoKai-W5-ZhuIn-BFW,14547,ㄊㄠˇ,直接渲染注音元件字形＋教材字元交叉驗證（v0.6）,討
DFPBiaoKai-W5-ZhuIn-BFW,14554,ㄊㄢˊ,直接渲染注音元件字形＋教材字元交叉驗證（v0.6）,談
DFPBiaoKai-W5-ZhuIn-BFW,14563,ㄊㄧˊ,直接渲染注音元件字形＋教材字元交叉驗證（v0.6）,提
DFPBiaoKai-W5-ZhuIn-BFW,14565,ㄊㄧˇ,直接渲染注音元件字形＋教材字元交叉驗證（v0.6）,體
DFPBiaoKai-W5-ZhuIn-BFW,14566,ㄊㄧㄝ,直接渲染注音元件字形＋教材字元交叉驗證（v0.6）,貼
DFPBiaoKai-W5-ZhuIn-BFW,14573,ㄊㄧㄢ,直接渲染注音元件字形＋教材字元交叉驗證（v0.6）,天
DFPBiaoKai-W5-ZhuIn-BFW,14574,ㄊㄧㄢˊ,直接渲染注音元件字形＋教材字元交叉驗證（v0.6）,填
DFPBiaoKai-W5-ZhuIn-BFW,14577,ㄊㄧㄥ,直接渲染注音元件字形＋教材字元交叉驗證（v0.6）,聽
DFPBiaoKai-W5-ZhuIn-BFW,14578,ㄊㄧㄥˊ,直接渲染注音元件字形＋教材字元交叉驗證（v0.6）,停
DFPBiaoKai-W5-ZhuIn-BFW,14582,ㄊㄨˊ,直接渲染注音元件字形＋教材字元交叉驗證（v0.6）,途、塗、突
DFPBiaoKai-W5-ZhuIn-BFW,14585,ㄊㄨㄛ,直接渲染注音元件字形＋教材字元交叉驗證（v0.6）,脫
DFPBiaoKai-W5-ZhuIn-BFW,14588,ㄊㄨㄛˇ,直接渲染注音元件字形＋教材字元交叉驗證（v0.6）,妥
DFPBiaoKai-W5-ZhuIn-BFW,14601,ㄊㄨㄥ,直接渲染注音元件字形＋教材字元交叉驗證（v0.6）,通
DFPBiaoKai-W5-ZhuIn-BFW,14602,ㄊㄨㄥˊ,直接渲染注音元件字形,同
DFPBiaoKai-W5-ZhuIn-BFW,14604,ㄊㄨㄥˇ,直接渲染注音元件字形＋教材字元交叉驗證（v0.6）,桶
DFPBiaoKai-W5-ZhuIn-BFW,14609,ㄋㄚˇ,直接渲染注音元件字形,哪
DFPBiaoKai-W5-ZhuIn-BFW,14616,ㄋㄟˋ,直接渲染注音元件字形＋教材字元交叉驗證（v0.6）,內
DFPBiaoKai-W5-ZhuIn-BFW,14620,ㄋㄠˋ,直接渲染注音元件字形＋教材字元交叉驗證（v0.6）,鬧
DFPBiaoKai-W5-ZhuIn-BFW,14634,ㄋㄥˊ,直接渲染注音元件字形＋教材字元交叉驗證（v0.6）,能
DFPBiaoKai-W5-ZhuIn-BFW,14638,ㄋㄧˇ,直接渲染注音元件字形,你
DFPBiaoKai-W5-ZhuIn-BFW,14647,ㄋㄧㄡˇ,直接渲染注音元件字形＋教材字元交叉驗證（v0.6）,扭
DFPBiaoKai-W5-ZhuIn-BFW,14671,ㄌㄚ,直接渲染注音元件字形＋教材字元交叉驗證（v0.6）,拉
DFPBiaoKai-W5-ZhuIn-BFW,14675,ㄌㄚˇ,直接渲染注音元件字形＋教材字元交叉驗證（v0.6）,喇
DFPBiaoKai-W5-ZhuIn-BFW,14677,˙ㄌㄜ,直接渲染注音元件字形＋教材字元交叉驗證（v0.6）,了
DFPBiaoKai-W5-ZhuIn-BFW,14678,ㄌㄜˋ,直接渲染注音元件字形＋教材字元交叉驗證（v0.6）,樂
DFPBiaoKai-W5-ZhuIn-BFW,14688,ㄌㄠˇ,直接渲染注音元件字形＋教材字元交叉驗證（v0.6）,老
DFPBiaoKai-W5-ZhuIn-BFW,14696,ㄌㄤˊ,直接渲染注音元件字形＋教材字元交叉驗證（v0.6）,廊
DFPBiaoKai-W5-ZhuIn-BFW,14703,ㄌㄧˊ,直接渲染注音元件字形＋教材字元交叉驗證（v0.6）,離
DFPBiaoKai-W5-ZhuIn-BFW,14704,ㄌㄧˋ,直接渲染注音元件字形＋教材字元交叉驗證（v0.6）,力
DFPBiaoKai-W5-ZhuIn-BFW,14705,ㄌㄧˇ,直接渲染注音元件字形,裡／理／禮
DFPBiaoKai-W5-ZhuIn-BFW,14715,ㄌㄧㄡˊ,直接渲染注音元件字形＋教材字元交叉驗證（v0.6）,流
DFPBiaoKai-W5-ZhuIn-BFW,14719,ㄌㄧㄢˋ,直接渲染注音元件字形＋教材字元交叉驗證（v0.6）,練
DFPBiaoKai-W5-ZhuIn-BFW,14724,ㄌㄧㄤˊ,直接渲染注音元件字形＋教材字元交叉驗證（v0.6）,良、量
DFPBiaoKai-W5-ZhuIn-BFW,14725,ㄌㄧㄤˋ,直接渲染注音元件字形＋教材字元交叉驗證（v0.6）,亮、輛、諒
DFPBiaoKai-W5-ZhuIn-BFW,14733,ㄌㄨˋ,直接渲染注音元件字形,路
DFPBiaoKai-W5-ZhuIn-BFW,14737,ㄌㄨㄛˋ,直接渲染注音元件字形＋教材字元交叉驗證（v0.6）,落
DFPBiaoKai-W5-ZhuIn-BFW,14743,ㄌㄨㄣˊ,直接渲染注音元件字形＋教材字元交叉驗證（v0.6）,輪
DFPBiaoKai-W5-ZhuIn-BFW,14744,ㄌㄨㄣˋ,直接渲染注音元件字形＋教材字元交叉驗證（v0.6）,論
DFPBiaoKai-W5-ZhuIn-BFW,14750,ㄌㄩˋ,直接渲染注音元件字形＋教材字元交叉驗證（v0.6）,綠
DFPBiaoKai-W5-ZhuIn-BFW,14761,ㄍㄜˋ,直接渲染注音元件字形＋教材字元交叉驗證（v0.6）,個
DFPBiaoKai-W5-ZhuIn-BFW,14762,ㄍㄜˊ,直接渲染注音元件字形＋教材字元交叉驗證（v0.6）,格
DFPBiaoKai-W5-ZhuIn-BFW,14768,ㄍㄟˇ,直接渲染注音元件字形＋教材字元交叉驗證（v0.6）,給
DFPBiaoKai-W5-ZhuIn-BFW,14769,ㄍㄠ,直接渲染注音元件字形＋教材字元交叉驗證（v0.6）,高
DFPBiaoKai-W5-ZhuIn-BFW,14774,ㄍㄡˇ,直接渲染注音元件字形＋教材字元交叉驗證（v0.6）,狗
DFPBiaoKai-W5-ZhuIn-BFW,14778,ㄍㄣ,直接渲染注音元件字形＋教材字元交叉驗證（v0.6）,跟
DFPBiaoKai-W5-ZhuIn-BFW,14782,ㄍㄤ,直接渲染注音元件字形＋教材字元交叉驗證（v0.6）,剛
DFPBiaoKai-W5-ZhuIn-BFW,14787,ㄍㄥˋ,直接渲染注音元件字形＋教材字元交叉驗證（v0.6）,更
DFPBiaoKai-W5-ZhuIn-BFW,14799,ㄍㄨㄛˋ,直接渲染注音元件字形＋教材字元交叉驗證（v0.6）,過
DFPBiaoKai-W5-ZhuIn-BFW,14804,ㄍㄨㄟ,直接渲染注音元件字形＋教材字元交叉驗證（v0.6）,規
DFPBiaoKai-W5-ZhuIn-BFW,14807,ㄍㄨㄢ,直接渲染注音元件字形＋教材字元交叉驗證（v0.6）,關
DFPBiaoKai-W5-ZhuIn-BFW,14812,ㄍㄨㄤ,直接渲染注音元件字形＋教材字元交叉驗證（v0.6）,光
DFPBiaoKai-W5-ZhuIn-BFW,14815,ㄍㄨㄥ,直接渲染注音元件字形＋教材字元交叉驗證（v0.6）,公、工
DFPBiaoKai-W5-ZhuIn-BFW,14824,ㄎㄜˇ,直接渲染注音元件字形,可
DFPBiaoKai-W5-ZhuIn-BFW,14825,ㄎㄞ,直接渲染注音元件字形＋教材字元交叉驗證（v0.6）,開
DFPBiaoKai-W5-ZhuIn-BFW,14829,ㄎㄠˋ,直接渲染注音元件字形＋教材字元交叉驗證（v0.6）,靠
DFPBiaoKai-W5-ZhuIn-BFW,14832,ㄎㄡˋ,直接渲染注音元件字形＋教材字元交叉驗證（v0.6）,扣
DFPBiaoKai-W5-ZhuIn-BFW,14833,ㄎㄡˇ,直接渲染注音元件字形＋教材字元交叉驗證（v0.6）,口
DFPBiaoKai-W5-ZhuIn-BFW,14835,ㄎㄢˋ,直接渲染注音元件字形,看
DFPBiaoKai-W5-ZhuIn-BFW,14839,ㄎㄤ,直接渲染注音元件字形＋教材字元交叉驗證（v0.6）,康
DFPBiaoKai-W5-ZhuIn-BFW,14867,ㄎㄨㄤˋ,直接渲染注音元件字形＋教材字元交叉驗證（v0.6）,況
DFPBiaoKai-W5-ZhuIn-BFW,14876,ㄏㄜˊ,直接渲染注音元件字形＋教材字元交叉驗證（v0.6）,和、盒、合、何
DFPBiaoKai-W5-ZhuIn-BFW,14879,ㄏㄞˊ,直接渲染注音元件字形＋教材字元交叉驗證（v0.6）,還
DFPBiaoKai-W5-ZhuIn-BFW,14880,ㄏㄞˋ,直接渲染注音元件字形＋教材字元交叉驗證（v0.6）,害
DFPBiaoKai-W5-ZhuIn-BFW,14886,ㄏㄠˋ,直接渲染注音元件字形＋教材字元交叉驗證（v0.6）,號
DFPBiaoKai-W5-ZhuIn-BFW,14887,ㄏㄠˇ,直接渲染注音元件字形,好
DFPBiaoKai-W5-ZhuIn-BFW,14890,ㄏㄡˋ,直接渲染注音元件字形＋教材字元交叉驗證（v0.6）,後
DFPBiaoKai-W5-ZhuIn-BFW,14898,ㄏㄣˇ,直接渲染注音元件字形＋教材字元交叉驗證（v0.6）,很
DFPBiaoKai-W5-ZhuIn-BFW,14906,ㄏㄨ,直接渲染注音元件字形＋教材字元交叉驗證（v0.6）,呼
DFPBiaoKai-W5-ZhuIn-BFW,14908,ㄏㄨˋ,直接渲染注音元件字形＋教材字元交叉驗證（v0.6）,護
DFPBiaoKai-W5-ZhuIn-BFW,14911,ㄏㄨㄚˊ,直接渲染注音元件字形＋教材字元交叉驗證（v0.6）,滑
DFPBiaoKai-W5-ZhuIn-BFW,14912,ㄏㄨㄚˋ,直接渲染注音元件字形＋教材字元交叉驗證（v0.6）,話
DFPBiaoKai-W5-ZhuIn-BFW,14917,ㄏㄨㄛˋ,直接渲染注音元件字形＋教材字元交叉驗證（v0.6）,或
DFPBiaoKai-W5-ZhuIn-BFW,14921,ㄏㄨㄟ,直接渲染注音元件字形＋教材字元交叉驗證（v0.6）,揮
DFPBiaoKai-W5-ZhuIn-BFW,14922,ㄏㄨㄟˊ,直接渲染注音元件字形＋教材字元交叉驗證（v0.6）,回
DFPBiaoKai-W5-ZhuIn-BFW,14923,ㄏㄨㄟˋ,直接渲染注音元件字形,會
DFPBiaoKai-W5-ZhuIn-BFW,14933,ㄏㄨㄤ,直接渲染注音元件字形＋教材字元交叉驗證（v0.6）,慌
DFPBiaoKai-W5-ZhuIn-BFW,14938,ㄏㄨㄥˊ,直接渲染注音元件字形＋教材字元交叉驗證（v0.6）,紅
DFPBiaoKai-W5-ZhuIn-BFW,14941,ㄐㄧ,直接渲染注音元件字形＋教材字元交叉驗證（v0.6）,機
DFPBiaoKai-W5-ZhuIn-BFW,14942,ㄐㄧˊ,直接渲染注音元件字形＋教材字元交叉驗證（v0.6）,及、急
DFPBiaoKai-W5-ZhuIn-BFW,14943,ㄐㄧˋ,直接渲染注音元件字形＋教材字元交叉驗證（v0.6）,記
DFPBiaoKai-W5-ZhuIn-BFW,14944,ㄐㄧˇ,直接渲染注音元件字形,己／幾
DFPBiaoKai-W5-ZhuIn-BFW,14945,ㄐㄧㄚ,直接渲染注音元件字形,家
DFPBiaoKai-W5-ZhuIn-BFW,14947,ㄐㄧㄚˋ,直接渲染注音元件字形＋教材字元交叉驗證（v0.6）,駕
DFPBiaoKai-W5-ZhuIn-BFW,14949,ㄐㄧㄝ,直接渲染注音元件字形＋教材字元交叉驗證（v0.6）,接
DFPBiaoKai-W5-ZhuIn-BFW,14951,ㄐㄧㄝˋ,直接渲染注音元件字形＋教材字元交叉驗證（v0.6）,借
DFPBiaoKai-W5-ZhuIn-BFW,14953,ㄐㄧㄠ,直接渲染注音元件字形＋教材字元交叉驗證（v0.6）,交
DFPBiaoKai-W5-ZhuIn-BFW,14955,ㄐㄧㄠˋ,直接渲染注音元件字形＋教材字元交叉驗證（v0.6）,較
DFPBiaoKai-W5-ZhuIn-BFW,14958,ㄐㄧㄡˋ,直接渲染注音元件字形＋教材字元交叉驗證（v0.6）,救
DFPBiaoKai-W5-ZhuIn-BFW,14960,ㄐㄧㄢ,直接渲染注音元件字形＋教材字元交叉驗證（v0.6）,肩
DFPBiaoKai-W5-ZhuIn-BFW,14961,ㄐㄧㄢˋ,直接渲染注音元件字形＋教材字元交叉驗證（v0.6）,健
DFPBiaoKai-W5-ZhuIn-BFW,14964,ㄐㄧㄣˋ,直接渲染注音元件字形＋教材字元交叉驗證（v0.6）,盡
DFPBiaoKai-W5-ZhuIn-BFW,14965,ㄐㄧㄣˇ,直接渲染注音元件字形＋教材字元交叉驗證（v0.6）,緊
DFPBiaoKai-W5-ZhuIn-BFW,14966,ㄐㄧㄤ,直接渲染注音元件字形＋教材字元交叉驗證（v0.6）,將
DFPBiaoKai-W5-ZhuIn-BFW,14969,ㄐㄧㄥ,直接渲染注音元件字形＋教材字元交叉驗證（v0.6）,經
DFPBiaoKai-W5-ZhuIn-BFW,14971,ㄐㄧㄥˇ,直接渲染注音元件字形＋教材字元交叉驗證（v0.6）,警、頸
DFPBiaoKai-W5-ZhuIn-BFW,14974,ㄐㄩˋ,直接渲染注音元件字形＋教材字元交叉驗證（v0.6）,具
DFPBiaoKai-W5-ZhuIn-BFW,14977,ㄐㄩㄝˊ,直接渲染注音元件字形＋教材字元交叉驗證（v0.6）,覺
DFPBiaoKai-W5-ZhuIn-BFW,14990,ㄑㄧˋ,直接渲染注音元件字形＋教材字元交叉驗證（v0.6）,汽、器
DFPBiaoKai-W5-ZhuIn-BFW,14991,ㄑㄧˇ,直接渲染注音元件字形＋教材字元交叉驗證（v0.6）,起
DFPBiaoKai-W5-ZhuIn-BFW,15001,ㄑㄧㄠˊ,直接渲染注音元件字形＋教材字元交叉驗證（v0.6）,橋
DFPBiaoKai-W5-ZhuIn-BFW,15005,ㄑㄧㄡˊ,直接渲染注音元件字形＋教材字元交叉驗證（v0.6）,求
DFPBiaoKai-W5-ZhuIn-BFW,15007,ㄑㄧㄢ,直接渲染注音元件字形＋教材字元交叉驗證（v0.6）,鉛
DFPBiaoKai-W5-ZhuIn-BFW,15020,ㄑㄧㄥˊ,直接渲染注音元件字形＋教材字元交叉驗證（v0.6）,情
DFPBiaoKai-W5-ZhuIn-BFW,15022,ㄑㄧㄥˇ,直接渲染注音元件字形＋教材字元交叉驗證（v0.6）,請
DFPBiaoKai-W5-ZhuIn-BFW,15025,ㄑㄩˋ,直接渲染注音元件字形＋教材字元交叉驗證（v0.6）,去
DFPBiaoKai-W5-ZhuIn-BFW,15029,ㄑㄩㄝˋ,直接渲染注音元件字形＋教材字元交叉驗證（v0.6）,確
DFPBiaoKai-W5-ZhuIn-BFW,15030,ㄑㄩㄢ,直接渲染注音元件字形＋教材字元交叉驗證（v0.6）,圈
DFPBiaoKai-W5-ZhuIn-BFW,15031,ㄑㄩㄢˊ,直接渲染注音元件字形,全
DFPBiaoKai-W5-ZhuIn-BFW,15038,ㄒㄧ,直接渲染注音元件字形＋教材字元交叉驗證（v0.6）,吸
DFPBiaoKai-W5-ZhuIn-BFW,15039,ㄒㄧˊ,直接渲染注音元件字形＋教材字元交叉驗證（v0.6）,息
DFPBiaoKai-W5-ZhuIn-BFW,15044,ㄒㄧㄚˋ,直接渲染注音元件字形,下
DFPBiaoKai-W5-ZhuIn-BFW,15046,ㄒㄧㄝ,直接渲染注音元件字形＋教材字元交叉驗證（v0.6）,些
DFPBiaoKai-W5-ZhuIn-BFW,15047,ㄒㄧㄝˊ,直接渲染注音元件字形＋教材字元交叉驗證（v0.6）,協
DFPBiaoKai-W5-ZhuIn-BFW,15048,ㄒㄧㄝˋ,直接渲染注音元件字形＋教材字元交叉驗證（v0.6）,謝
DFPBiaoKai-W5-ZhuIn-BFW,15049,ㄒㄧㄝˇ,直接渲染注音元件字形＋教材字元交叉驗證（v0.6）,寫、血
DFPBiaoKai-W5-ZhuIn-BFW,15052,ㄒㄧㄠˋ,直接渲染注音元件字形＋教材字元交叉驗證（v0.6）,校、笑
DFPBiaoKai-W5-ZhuIn-BFW,15053,ㄒㄧㄠˇ,直接渲染注音元件字形＋教材字元交叉驗證（v0.6）,小
DFPBiaoKai-W5-ZhuIn-BFW,15054,ㄒㄧㄡ,直接渲染注音元件字形＋教材字元交叉驗證（v0.6）,休
DFPBiaoKai-W5-ZhuIn-BFW,15057,ㄒㄧㄢ,直接渲染注音元件字形＋教材字元交叉驗證（v0.6）,先
DFPBiaoKai-W5-ZhuIn-BFW,15059,ㄒㄧㄢˋ,直接渲染注音元件字形＋教材字元交叉驗證（v0.6）,現
DFPBiaoKai-W5-ZhuIn-BFW,15060,ㄒㄧㄢˇ,直接渲染注音元件字形＋教材字元交叉驗證（v0.6）,險
DFPBiaoKai-W5-ZhuIn-BFW,15061,ㄒㄧㄣ,直接渲染注音元件字形,心
DFPBiaoKai-W5-ZhuIn-BFW,15065,ㄒㄧㄤ,直接渲染注音元件字形＋教材字元交叉驗證（v0.6）,相
DFPBiaoKai-W5-ZhuIn-BFW,15067,ㄒㄧㄤˋ,直接渲染注音元件字形＋教材字元交叉驗證（v0.6）,向、象、項
DFPBiaoKai-W5-ZhuIn-BFW,15068,ㄒㄧㄤˇ,直接渲染注音元件字形＋教材字元交叉驗證（v0.6）,想、響、享
DFPBiaoKai-W5-ZhuIn-BFW,15070,ㄒㄧㄥˊ,直接渲染注音元件字形,行
DFPBiaoKai-W5-ZhuIn-BFW,15072,ㄒㄧㄥˇ,直接渲染注音元件字形＋教材字元交叉驗證（v0.6）,醒
DFPBiaoKai-W5-ZhuIn-BFW,15073,ㄒㄩ,直接渲染注音元件字形＋教材字元交叉驗證（v0.6）,需
DFPBiaoKai-W5-ZhuIn-BFW,15075,ㄒㄩˋ,直接渲染注音元件字形＋教材字元交叉驗證（v0.6）,序
DFPBiaoKai-W5-ZhuIn-BFW,15078,ㄒㄩㄝˊ,直接渲染注音元件字形,學
DFPBiaoKai-W5-ZhuIn-BFW,15084,ㄒㄩㄢˇ,直接渲染注音元件字形＋教材字元交叉驗證（v0.6）,選
DFPBiaoKai-W5-ZhuIn-BFW,15087,ㄒㄩㄣˋ,直接渲染注音元件字形＋教材字元交叉驗證（v0.6）,迅
DFPBiaoKai-W5-ZhuIn-BFW,15092,ㄓ,直接渲染注音元件字形＋教材字元交叉驗證（v0.6）,隻、知
DFPBiaoKai-W5-ZhuIn-BFW,15094,ㄓˋ,直接渲染注音元件字形＋教材字元交叉驗證（v0.6）,誌、秩
DFPBiaoKai-W5-ZhuIn-BFW,15095,ㄓˇ,直接渲染注音元件字形＋教材字元交叉驗證（v0.6）,指、紙、址
DFPBiaoKai-W5-ZhuIn-BFW,15101,˙ㄓㄜ,直接渲染注音元件字形＋教材字元交叉驗證（v0.6）,著
DFPBiaoKai-W5-ZhuIn-BFW,15109,ㄓㄠ,直接渲染注音元件字形＋教材字元交叉驗證（v0.6）,招
DFPBiaoKai-W5-ZhuIn-BFW,15111,ㄓㄠˋ,直接渲染注音元件字形＋教材字元交叉驗證（v0.6）,照
DFPBiaoKai-W5-ZhuIn-BFW,15112,ㄓㄠˇ,直接渲染注音元件字形＋教材字元交叉驗證（v0.6）,找
DFPBiaoKai-W5-ZhuIn-BFW,15118,ㄓㄢˋ,直接渲染注音元件字形＋教材字元交叉驗證（v0.6）,暫
DFPBiaoKai-W5-ZhuIn-BFW,15123,ㄓㄤ,直接渲染注音元件字形＋教材字元交叉驗證（v0.6）,張
DFPBiaoKai-W5-ZhuIn-BFW,15128,ㄓㄥˇ,直接渲染注音元件字形＋教材字元交叉驗證（v0.6）,整
DFPBiaoKai-W5-ZhuIn-BFW,15131,ㄓㄨˋ,直接渲染注音元件字形,注／助／住
DFPBiaoKai-W5-ZhuIn-BFW,15132,ㄓㄨˇ,直接渲染注音元件字形＋教材字元交叉驗證（v0.6）,主
DFPBiaoKai-W5-ZhuIn-BFW,15145,ㄓㄨㄢˇ,直接渲染注音元件字形＋教材字元交叉驗證（v0.6）,轉
DFPBiaoKai-W5-ZhuIn-BFW,15150,ㄓㄨㄤˋ,直接渲染注音元件字形＋教材字元交叉驗證（v0.6）,狀
DFPBiaoKai-W5-ZhuIn-BFW,15152,ㄓㄨㄥ,直接渲染注音元件字形,中
DFPBiaoKai-W5-ZhuIn-BFW,15153,ㄓㄨㄥˋ,直接渲染注音元件字形＋教材字元交叉驗證（v0.6）,重
DFPBiaoKai-W5-ZhuIn-BFW,15159,ㄔㄚ,直接渲染注音元件字形＋教材字元交叉驗證（v0.6）,插
DFPBiaoKai-W5-ZhuIn-BFW,15160,ㄔㄚˊ,直接渲染注音元件字形＋教材字元交叉驗證（v0.6）,察
DFPBiaoKai-W5-ZhuIn-BFW,15163,ㄔㄜ,直接渲染注音元件字形,車
DFPBiaoKai-W5-ZhuIn-BFW,15170,ㄔㄠˊ,直接渲染注音元件字形＋教材字元交叉驗證（v0.6）,嘲
DFPBiaoKai-W5-ZhuIn-BFW,15188,ㄔㄤˇ,直接渲染注音元件字形＋教材字元交叉驗證（v0.6）,場
DFPBiaoKai-W5-ZhuIn-BFW,15190,ㄔㄥˊ,直接渲染注音元件字形＋教材字元交叉驗證（v0.6）,乘、成
DFPBiaoKai-W5-ZhuIn-BFW,15193,ㄔㄨ,直接渲染注音元件字形＋教材字元交叉驗證（v0.6）,出
DFPBiaoKai-W5-ZhuIn-BFW,15195,ㄔㄨˋ,直接渲染注音元件字形＋教材字元交叉驗證（v0.6）,觸
DFPBiaoKai-W5-ZhuIn-BFW,15196,ㄔㄨˇ,直接渲染注音元件字形＋教材字元交叉驗證（v0.6）,處
DFPBiaoKai-W5-ZhuIn-BFW,15207,ㄔㄨㄢ,直接渲染注音元件字形＋教材字元交叉驗證（v0.6）,穿
DFPBiaoKai-W5-ZhuIn-BFW,15214,ㄔㄨㄤ,直接渲染注音元件字形＋教材字元交叉驗證（v0.6）,窗
DFPBiaoKai-W5-ZhuIn-BFW,15218,ㄔㄨㄥ,直接渲染注音元件字形＋教材字元交叉驗證（v0.6）,衝
DFPBiaoKai-W5-ZhuIn-BFW,15222,ㄕ,直接渲染注音元件字形＋教材字元交叉驗證（v0.6）,師
DFPBiaoKai-W5-ZhuIn-BFW,15224,ㄕˊ,直接渲染注音元件字形,時
DFPBiaoKai-W5-ZhuIn-BFW,15225,ㄕˋ,直接渲染注音元件字形,是／事／示／視／試／識／適
DFPBiaoKai-W5-ZhuIn-BFW,15226,ㄕˇ,直接渲染注音元件字形＋教材字元交叉驗證（v0.6）,駛
DFPBiaoKai-W5-ZhuIn-BFW,15245,ㄕㄡˋ,直接渲染注音元件字形＋教材字元交叉驗證（v0.6）,受
DFPBiaoKai-W5-ZhuIn-BFW,15246,ㄕㄡˇ,直接渲染注音元件字形,守／手
DFPBiaoKai-W5-ZhuIn-BFW,15250,ㄕㄣ,直接渲染注音元件字形＋教材字元交叉驗證（v0.6）,身、伸
DFPBiaoKai-W5-ZhuIn-BFW,15254,ㄕㄤ,直接渲染注音元件字形＋教材字元交叉驗證（v0.6）,商、傷
DFPBiaoKai-W5-ZhuIn-BFW,15256,ㄕㄤˋ,直接渲染注音元件字形,上
DFPBiaoKai-W5-ZhuIn-BFW,15258,ㄕㄥ,直接渲染注音元件字形＋教材字元交叉驗證（v0.6）,生、聲
DFPBiaoKai-W5-ZhuIn-BFW,15262,ㄕㄨ,直接渲染注音元件字形＋教材字元交叉驗證（v0.6）,舒
DFPBiaoKai-W5-ZhuIn-BFW,15268,ㄕㄨㄛ,直接渲染注音元件字形＋教材字元交叉驗證（v0.6）,說
DFPBiaoKai-W5-ZhuIn-BFW,15270,ㄕㄨㄞ,直接渲染注音元件字形＋教材字元交叉驗證（v0.6）,摔
DFPBiaoKai-W5-ZhuIn-BFW,15275,ㄕㄨㄟˇ,直接渲染注音元件字形＋教材字元交叉驗證（v0.6）,水
DFPBiaoKai-W5-ZhuIn-BFW,15292,ㄖㄢˊ,直接渲染注音元件字形＋教材字元交叉驗證（v0.6）,然
DFPBiaoKai-W5-ZhuIn-BFW,15294,ㄖㄣˊ,直接渲染注音元件字形,人
DFPBiaoKai-W5-ZhuIn-BFW,15295,ㄖㄣˋ,直接渲染注音元件字形＋教材字元交叉驗證（v0.6）,認
DFPBiaoKai-W5-ZhuIn-BFW,15298,ㄖㄤˋ,直接渲染注音元件字形＋教材字元交叉驗證（v0.6）,讓
DFPBiaoKai-W5-ZhuIn-BFW,15303,ㄖㄨˊ,直接渲染注音元件字形＋教材字元交叉驗證（v0.6）,如
DFPBiaoKai-W5-ZhuIn-BFW,15304,ㄖㄨˋ,直接渲染注音元件字形＋教材字元交叉驗證（v0.6）,入
DFPBiaoKai-W5-ZhuIn-BFW,15315,ㄖㄨㄥˊ,直接渲染注音元件字形＋教材字元交叉驗證（v0.6）,容
DFPBiaoKai-W5-ZhuIn-BFW,15318,˙ㄗ,直接渲染注音元件字形＋教材字元交叉驗證（v0.6）,子
DFPBiaoKai-W5-ZhuIn-BFW,15319,ㄗˋ,直接渲染注音元件字形＋教材字元交叉驗證（v0.6）,自、字
DFPBiaoKai-W5-ZhuIn-BFW,15323,ㄗㄜˊ,直接渲染注音元件字形＋教材字元交叉驗證（v0.6）,則、擇
DFPBiaoKai-W5-ZhuIn-BFW,15327,ㄗㄞˋ,直接渲染注音元件字形,在／再／載
DFPBiaoKai-W5-ZhuIn-BFW,15333,ㄗㄠˇ,直接渲染注音元件字形＋教材字元交叉驗證（v0.6）,早
DFPBiaoKai-W5-ZhuIn-BFW,15335,ㄗㄡˋ,直接渲染注音元件字形＋教材字元交叉驗證（v0.6）,驟
DFPBiaoKai-W5-ZhuIn-BFW,15336,ㄗㄡˇ,直接渲染注音元件字形＋教材字元交叉驗證（v0.6）,走
DFPBiaoKai-W5-ZhuIn-BFW,15339,ㄗㄢˋ,直接渲染注音元件字形＋教材字元交叉驗證（v0.6）,讚
DFPBiaoKai-W5-ZhuIn-BFW,15343,ㄗㄣˇ,直接渲染注音元件字形＋教材字元交叉驗證（v0.6）,怎
DFPBiaoKai-W5-ZhuIn-BFW,15352,ㄗㄨˇ,直接渲染注音元件字形＋教材字元交叉驗證（v0.6）,組
DFPBiaoKai-W5-ZhuIn-BFW,15355,ㄗㄨㄛˋ,直接渲染注音元件字形,做／坐／座／作
DFPBiaoKai-W5-ZhuIn-BFW,15356,ㄗㄨㄛˇ,直接渲染注音元件字形＋教材字元交叉驗證（v0.6）,左
DFPBiaoKai-W5-ZhuIn-BFW,15358,ㄗㄨㄟˋ,直接渲染注音元件字形＋教材字元交叉驗證（v0.6）,最
DFPBiaoKai-W5-ZhuIn-BFW,15363,ㄗㄨㄣ,直接渲染注音元件字形＋教材字元交叉驗證（v0.6）,遵
DFPBiaoKai-W5-ZhuIn-BFW,15376,ㄘㄜˋ,直接渲染注音元件字形＋教材字元交叉驗證（v0.6）,側、廁、測
DFPBiaoKai-W5-ZhuIn-BFW,15378,ㄘㄞˊ,直接渲染注音元件字形＋教材字元交叉驗證（v0.6）,才
DFPBiaoKai-W5-ZhuIn-BFW,15417,ㄘㄨㄥˊ,直接渲染注音元件字形＋教材字元交叉驗證（v0.6）,從
DFPBiaoKai-W5-ZhuIn-BFW,15426,ㄙㄜˋ,直接渲染注音元件字形＋教材字元交叉驗證（v0.6）,色
DFPBiaoKai-W5-ZhuIn-BFW,15445,ㄙㄨˋ,直接渲染注音元件字形＋教材字元交叉驗證（v0.6）,速
DFPBiaoKai-W5-ZhuIn-BFW,15449,ㄙㄨㄛˇ,直接渲染注音元件字形＋教材字元交叉驗證（v0.6）,鎖、所
DFPBiaoKai-W5-ZhuIn-BFW,15460,ㄙㄨㄥ,直接渲染注音元件字形＋教材字元交叉驗證（v0.6）,鬆
LinGothicZuinnEG-Bd,14414,ㄉㄧㄥ,直接渲染注音元件字形＋教材字元交叉驗證（v0.6）,叮
LinGothicZuinnEG-Bd,14437,ㄉㄨㄥˋ,直接渲染注音元件字形＋教材字元交叉驗證（v0.6）,動
LinGothicZuinnEG-Bd,14563,ㄋㄧㄥˊ,直接渲染注音元件字形＋教材字元交叉驗證（v0.6）,嚀
LinGothicZuinnEG-Bd,14836,ㄏㄨㄛˊ,直接渲染注音元件字形＋教材字元交叉驗證（v0.6）,活
LinGothicZuinnEG-Bd,14978,ㄒㄧㄠˇ,直接渲染注音元件字形＋教材字元交叉驗證（v0.6）,小
LinGothicZuinnEG-Md,14392,ㄉㄢ,直接渲染注音元件字形＋教材字元交叉驗證（v0.6）,單
LinGothicZuinnEG-Md,15525,ㄩㄢˊ,直接渲染注音元件字形＋教材字元交叉驗證（v0.6）,元
YenRoundZuinn1EG-Bd,15500,ㄨㄟˊ,直接渲染注音元件字形＋教材字元交叉驗證（v0.6）,為
YenRoundZuinnEG-Bd,14176,ㄅㄤ,直接渲染注音元件字形＋教材字元交叉驗證（v0.6）,幫
YenRoundZuinnEG-Bd,14201,ㄅㄧˋ,直接渲染注音元件字形＋教材字元交叉驗證（v0.6）,避
YenRoundZuinnEG-Bd,14205,ㄅㄨˋ,直接渲染注音元件字形＋教材字元交叉驗證（v0.6）,步
YenRoundZuinnEG-Bd,14294,ㄇㄠˋ,直接渲染注音元件字形＋教材字元交叉驗證（v0.6）,貌
YenRoundZuinnEG-Bd,14303,˙ㄇㄣ,直接渲染注音元件字形＋教材字元交叉驗證（v0.6）,們
YenRoundZuinnEG-Bd,14304,ㄇㄣˊ,直接渲染注音元件字形＋教材字元交叉驗證（v0.6）,門
YenRoundZuinnEG-Bd,14323,ㄇㄧㄢˇ,直接渲染注音元件字形＋教材字元交叉驗證（v0.6）,免
YenRoundZuinnEG-Bd,14338,ㄈㄚˇ,直接渲染注音元件字形＋教材字元交叉驗證（v0.6）,法
YenRoundZuinnEG-Bd,14352,ㄈㄢˇ,直接渲染注音元件字形＋教材字元交叉驗證（v0.6）,反
YenRoundZuinnEG-Bd,14359,ㄈㄤ,直接渲染注音元件字形＋教材字元交叉驗證（v0.6）,方
YenRoundZuinnEG-Bd,14379,˙ㄉㄜ,直接渲染注音元件字形＋教材字元交叉驗證（v0.6）,的
YenRoundZuinnEG-Bd,14383,ㄉㄞˋ,直接渲染注音元件字形＋教材字元交叉驗證（v0.6）,帶
YenRoundZuinnEG-Bd,14398,ㄉㄥ,直接渲染注音元件字形＋教材字元交叉驗證（v0.6）,燈
YenRoundZuinnEG-Bd,14507,ㄊㄨㄥˊ,直接渲染注音元件字形＋教材字元交叉驗證（v0.6）,同
YenRoundZuinnEG-Bd,14591,ㄌㄜˋ,直接渲染注音元件字形＋教材字元交叉驗證（v0.6）,樂
YenRoundZuinnEG-Bd,14649,ㄌㄧˇ,直接渲染注音元件字形＋教材字元交叉驗證（v0.6）,理、禮
YenRoundZuinnEG-Bd,14676,ㄌㄩˋ,直接渲染注音元件字形＋教材字元交叉驗證（v0.6）,綠
YenRoundZuinnEG-Bd,14725,ㄍㄨㄢ,直接渲染注音元件字形＋教材字元交叉驗證（v0.6）,關
YenRoundZuinnEG-Bd,14748,ㄎㄞ,直接渲染注音元件字形＋教材字元交叉驗證（v0.6）,開
YenRoundZuinnEG-Bd,14762,ㄎㄤ,直接渲染注音元件字形＋教材字元交叉驗證（v0.6）,康
YenRoundZuinnEG-Bd,14776,ㄎㄨㄞˋ,直接渲染注音元件字形＋教材字元交叉驗證（v0.6）,快
YenRoundZuinnEG-Bd,14809,ㄏㄠˇ,直接渲染注音元件字形＋教材字元交叉驗證（v0.6）,好
YenRoundZuinnEG-Bd,14859,ㄏㄨㄥˊ,直接渲染注音元件字形＋教材字元交叉驗證（v0.6）,紅
YenRoundZuinnEG-Bd,14886,ㄐㄧㄢˋ,直接渲染注音元件字形＋教材字元交叉驗證（v0.6）,健
YenRoundZuinnEG-Bd,14955,ㄑㄩㄢˊ,直接渲染注音元件字形,全／拳
YenRoundZuinnEG-Bd,14970,ㄒㄧㄚˋ,直接渲染注音元件字形＋教材字元交叉驗證（v0.6）,下
YenRoundZuinnEG-Bd,14971,ㄒㄧㄝ,直接渲染注音元件字形＋教材字元交叉驗證（v0.6）,些
YenRoundZuinnEG-Bd,14978,ㄒㄧㄠˇ,直接渲染注音元件字形＋教材字元交叉驗證（v0.6）,小
YenRoundZuinnEG-Bd,14987,ㄒㄧㄣ,直接渲染注音元件字形＋教材字元交叉驗證（v0.6）,心
YenRoundZuinnEG-Bd,14997,ㄒㄧㄥˊ,直接渲染注音元件字形,型／行
YenRoundZuinnEG-Bd,15006,ㄒㄩㄝˊ,直接渲染注音元件字形＋教材字元交叉驗證（v0.6）,學
YenRoundZuinnEG-Bd,15022,ㄒㄩˋ,直接渲染注音元件字形＋教材字元交叉驗證（v0.6）,序
YenRoundZuinnEG-Bd,15032,ㄓㄜˋ,直接渲染注音元件字形＋教材字元交叉驗證（v0.6）,這
YenRoundZuinnEG-Bd,15078,ㄓㄨㄥ,直接渲染注音元件字形＋教材字元交叉驗證（v0.6）,中
YenRoundZuinnEG-Bd,15083,ㄓㄨˋ,直接渲染注音元件字形＋教材字元交叉驗證（v0.6）,助
YenRoundZuinnEG-Bd,15086,ㄓˋ,直接渲染注音元件字形＋教材字元交叉驗證（v0.6）,秩
YenRoundZuinnEG-Bd,15092,ㄔㄜ,直接渲染注音元件字形＋教材字元交叉驗證（v0.6）,車
YenRoundZuinnEG-Bd,15151,ㄔㄨˇ,直接渲染注音元件字形＋教材字元交叉驗證（v0.6）,處
YenRoundZuinnEG-Bd,15175,ㄕㄡˇ,直接渲染注音元件字形＋教材字元交叉驗證（v0.6）,手
YenRoundZuinnEG-Bd,15180,ㄕㄣ,直接渲染注音元件字形＋教材字元交叉驗證（v0.6）,身
YenRoundZuinnEG-Bd,15188,ㄕㄤˋ,直接渲染注音元件字形＋教材字元交叉驗證（v0.6）,上
YenRoundZuinnEG-Bd,15217,ㄕˊ,直接渲染注音元件字形,食／時
YenRoundZuinnEG-Bd,15218,ㄕˇ,直接渲染注音元件字形＋教材字元交叉驗證（v0.6）,使
YenRoundZuinnEG-Bd,15219,ㄕˋ,直接渲染注音元件字形,是／視／式／試
YenRoundZuinnEG-Bd,15272,ㄗㄡˋ,直接渲染注音元件字形,奏／驟
YenRoundZuinnEG-Bd,15338,ㄘㄨㄛˋ,直接渲染注音元件字形＋教材字元交叉驗證（v0.6）,錯
YenRoundZuinnEG-Bd,15372,ㄙㄢ,直接渲染注音元件字形＋教材字元交叉驗證（v0.6）,三
YenRoundZuinnEG-Bd,15383,ㄙㄨㄛˇ,直接渲染注音元件字形＋教材字元交叉驗證（v0.6）,鎖
YenRoundZuinnEG-Bd,15403,ㄙˋ,直接渲染注音元件字形＋教材字元交叉驗證（v0.6）,四
YenRoundZuinnEG-Bd,15420,ㄞˋ,直接渲染注音元件字形＋教材字元交叉驗證（v0.6）,愛
YenRoundZuinnEG-Bd,15430,ㄢ,直接渲染注音元件字形＋教材字元交叉驗證（v0.6）,安
YenRoundZuinnEG-Bd,15446,ㄦˋ,直接渲染注音元件字形＋教材字元交叉驗證（v0.6）,二
YenRoundZuinnEG-Bd,15447,ㄧ,直接渲染注音元件字形,一（第一聲）
YenRoundZuinnEG-Bd,15463,ㄧㄠˋ,直接渲染注音元件字形＋教材字元交叉驗證（v0.6）,要
YenRoundZuinnEG-Bd,15466,ㄧㄡˇ,直接渲染注音元件字形＋教材字元交叉驗證（v0.6）,友
YenRoundZuinnEG-Bd,15494,ㄨㄛˇ,直接渲染注音元件字形＋教材字元交叉驗證（v0.6）,我
YenRoundZuinnEG-Bd,15520,ㄨˋ,直接渲染注音元件字形,物／誤
YenRoundZuinnEG-Bd,15536,ㄩㄥˋ,直接渲染注音元件字形＋教材字元交叉驗證（v0.6）,用
DFPBiaoKai-W5-ZhuIn-BFW,14894,ㄏㄢˋ,Rendered component glyph + textbook character cross-check (v0.8),翰
DFPBiaoKai-W5-ZhuIn-BFW,14721,ㄌㄧㄣˊ,Rendered component glyph + textbook character cross-check (v0.8),林
DFPBiaoKai-W5-ZhuIn-BFW,14846,ㄎㄨˋ,Rendered component glyph + textbook character cross-check (v0.8),庫
DFPBiaoKai-W5-ZhuIn-BFW,14249,ㄩㄣˋ,Rendered component glyph + textbook character cross-check (v0.8),運孕
DFPBiaoKai-W5-ZhuIn-BFW,15008,ㄑㄧㄢˊ,Rendered component glyph + textbook character cross-check (v0.8),前潛
DFPBiaoKai-W5-ZhuIn-BFW,14679,ㄌㄞˊ,Rendered component glyph + textbook character cross-check (v0.8),來
DFPBiaoKai-W5-ZhuIn-BFW,14918,ㄏㄨㄛˇ,Rendered component glyph + textbook character cross-check (v0.8),火
DFPBiaoKai-W5-ZhuIn-BFW,14916,ㄏㄨㄛˊ,Rendered component glyph + textbook character cross-check (v0.8),活
DFPBiaoKai-W5-ZhuIn-BFW,14962,ㄐㄧㄢˇ,Rendered component glyph + textbook character cross-check (v0.8),減檢簡
DFPBiaoKai-W5-ZhuIn-BFW,14205,ㄨˋ,Rendered component glyph + textbook character cross-check (v0.8),物務誤
DFPBiaoKai-W5-ZhuIn-BFW,14519,ㄉㄨˋ,Rendered component glyph + textbook character cross-check (v0.8),度渡肚
DFPBiaoKai-W5-ZhuIn-BFW,14301,ㄅㄧㄢˋ,Rendered component glyph + textbook character cross-check (v0.8),變便
DFPBiaoKai-W5-ZhuIn-BFW,14488,ㄉㄡ,Rendered component glyph + textbook character cross-check (v0.8),都
DFPBiaoKai-W5-ZhuIn-BFW,15040,ㄒㄧˋ,Rendered component glyph + textbook character cross-check (v0.8),細系係繫夕戲
DFPBiaoKai-W5-ZhuIn-BFW,15233,ㄕㄜˋ,Rendered component glyph + textbook character cross-check (v0.8),社設射
DFPBiaoKai-W5-ZhuIn-BFW,14184,ㄧㄡˊ,Rendered component glyph + textbook character cross-check (v0.8),由油遊游
DFPBiaoKai-W5-ZhuIn-BFW,14989,ㄑㄧˊ,Rendered component glyph + textbook character cross-check (v0.8),奇臍期其騎旗
DFPBiaoKai-W5-ZhuIn-BFW,14603,ㄊㄨㄥˋ,Rendered component glyph + textbook character cross-check (v0.8),痛
DFPBiaoKai-W5-ZhuIn-BFW,15186,ㄔㄤˊ,Rendered component glyph + textbook character cross-check (v0.8),常長腸
DFPBiaoKai-W5-ZhuIn-BFW,15428,ㄙㄞˋ,Rendered component glyph + textbook character cross-check (v0.8),賽
YenRoundZuinn2EG-Md,15486,ㄧˋ,Rendered component glyph + textbook character cross-check (v0.8),一藝意義易
YenRoundZuinnEG-Md,14994,ㄒㄧㄤˋ,Rendered component glyph + textbook character cross-check (v0.8),項象向
DFPBiaoKai-W5-ZhuIn-BFW,15208,ㄔㄨㄢˊ,Rendered component glyph + textbook character cross-check (v0.8),傳
DFPBiaoKai-W5-ZhuIn-BFW,15386,ㄘㄢ,Rendered component glyph + textbook character cross-check (v0.8),餐參
DFPBiaoKai-W5-ZhuIn-BFW,14232,ㄨㄤˇ,Rendered component glyph + textbook character cross-check (v0.8),往網
DFPBiaoKai-W5-ZhuIn-BFW,15243,ㄕㄡ,Rendered component glyph + textbook character cross-check (v0.8),收
YenRoundZuinnEG-Md,14225,ㄆㄠˇ,Rendered component glyph + textbook character cross-check (v0.8),跑
YenRoundZuinnEG-Md,15120,ㄔㄥˊ,Rendered component glyph + textbook character cross-check (v0.8),程成誠
YenRoundZuinnEG-Bd,14837,ㄏㄨㄛˇ,Rendered component glyph + textbook character cross-check (v0.8),火
YenRoundZuinnEG-Bd,14871,ㄐㄧㄝ,Rendered component glyph + textbook character cross-check (v0.8),接
DFPBiaoKai-W5-ZhuIn-BFW,14226,ㄨㄣˊ,Rendered component glyph + textbook character cross-check (v0.8),紋文聞
YenRoundZuinnEG-Bd,14388,ㄉㄠˋ,Rendered component glyph + textbook character cross-check (v0.8),道到
DFPBiaoKai-W5-ZhuIn-BFW,14950,ㄐㄧㄝˊ,Rendered component glyph + textbook character cross-check (v0.8),結潔節捷
DFPBiaoKai-W5-ZhuIn-BFW,14283,ㄅㄤˋ,Rendered component glyph + textbook character cross-check (v0.8),棒
DFPBiaoKai-W5-ZhuIn-BFW,14536,ㄊㄚ,Rendered component glyph + textbook character cross-check (v0.8),他她它
DFPBiaoKai-W5-ZhuIn-BFW,14330,ㄆㄠˇ,Rendered component glyph + textbook character cross-check (v0.8),跑
DFPBiaoKai-W5-ZhuIn-BFW,14451,ㄈㄢ,Rendered component glyph + textbook character cross-check (v0.8),翻
DFPBiaoKai-W5-ZhuIn-BFW,14718,ㄌㄧㄢˊ,Rendered component glyph + textbook character cross-check (v0.8),聯
YenRoundZuinnEG-Md,14650,ㄌㄧˋ,Rendered component glyph + textbook character cross-check (v0.8),歷力粒立
YenRoundZuinnEG-Md,15264,ㄗㄞˋ,Rendered component glyph + textbook character cross-check (v0.8),在載
YenRoundZuinnEG-Md,15001,ㄒㄧˊ,Rendered component glyph + textbook character cross-check (v0.8),習錫
DFPBiaoKai-W5-ZhuIn-BFW,14811,ㄍㄨㄣˇ,Rendered component glyph + textbook character cross-check (v0.8),滾
DFPBiaoKai-W5-ZhuIn-BFW,15317,ㄗ,Rendered component glyph + textbook character cross-check (v0.8),諮資姿
DFPBiaoKai-W5-ZhuIn-BFW,14970,ㄐㄧㄥˋ,Rendered component glyph + textbook character cross-check (v0.8),境淨競徑鏡
YenRoundZuinnEG-Md,15189,ㄕㄥ,Rendered component glyph + textbook character cross-check (v0.8),生
YenRoundZuinnEG-Bd,15502,ㄨㄟˋ,Rendered component glyph + textbook character cross-check (v0.8),胃衛位味
DFPBiaoKai-W5-ZhuIn-BFW,14571,ㄊㄧㄠˋ,Rendered component glyph + textbook character cross-check (v0.8),跳
DFPBiaoKai-W5-ZhuIn-BFW,14491,ㄉㄢ,Rendered component glyph + textbook character cross-check (v0.8),擔單
DFPBiaoKai-W5-ZhuIn-BFW,14206,ㄨˇ,Rendered component glyph + textbook character cross-check (v0.8),午舞伍五
YenRoundZuinnEG-Md,14814,ㄏㄡˋ,Rendered component glyph + textbook character cross-check (v0.8),後
DFPBiaoKai-W5-ZhuIn-BFW,15119,ㄓㄢˇ,Rendered component glyph + textbook character cross-check (v0.8),展
DFPBiaoKai-W5-ZhuIn-BFW,14367,ㄆㄧㄣˇ,Rendered component glyph + textbook character cross-check (v0.8),品
DFPBiaoKai-W5-ZhuIn-BFW,15326,ㄗㄞ,Rendered component glyph + textbook character cross-check (v0.8),災
YenRoundZuinnEG-Bd,14636,ㄌㄧㄢˋ,Rendered component glyph + textbook character cross-check (v0.8),練
DFPBiaoKai-W5-ZhuIn-BFW,14594,ㄊㄨㄢˊ,Rendered component glyph + textbook character cross-check (v0.8),團
YenRoundZuinnEG-Md,14948,ㄑㄧˇ,Rendered component glyph + textbook character cross-check (v0.8),起
YenRoundZuinnEG-Bd,14597,ㄌㄟˋ,Rendered component glyph + textbook character cross-check (v0.8),類
DFPBiaoKai-W5-ZhuIn-BFW,14777,ㄍㄢˇ,Rendered component glyph + textbook character cross-check (v0.8),感趕
DFPBiaoKai-W5-ZhuIn-BFW,14470,ㄈㄨˋ,Rendered component glyph + textbook character cross-check (v0.8),父腹附負複赴
DFPBiaoKai-W5-ZhuIn-BFW,15023,ㄑㄩ,Rendered component glyph + textbook character cross-check (v0.8),軀區
DFPBiaoKai-W5-ZhuIn-BFW,14648,ㄋㄧㄢˊ,Rendered component glyph + textbook character cross-check (v0.8),年
YenRoundZuinnEG-Md,14884,ㄐㄧㄢ,Rendered component glyph + textbook character cross-check (v0.8),間
DFPBiaoKai-W5-ZhuIn-BFW,14800,ㄍㄨㄛˇ,Rendered component glyph + textbook character cross-check (v0.8),果
YenRoundZuinnEG-Bd,14949,ㄑㄧˋ,Rendered component glyph + textbook character cross-check (v0.8),氣器
DFPBiaoKai-W5-ZhuIn-BFW,14683,ㄌㄟˋ,Rendered component glyph + textbook character cross-check (v0.8),類
DFPBiaoKai-W5-ZhuIn-BFW,14926,ㄏㄨㄢˊ,Rendered component glyph + textbook character cross-check (v0.8),環
YenRoundZuinnEG-Bd,14178,ㄅㄤˋ,Rendered component glyph + textbook character cross-check (v0.8),棒
YenRoundZuinnEG-Md,15531,ㄩㄣˋ,Rendered component glyph + textbook character cross-check (v0.8),運
YenRoundZuinnEG-Md,14844,ㄏㄨㄟˋ,Rendered component glyph + textbook character cross-check (v0.8),會
YenRoundZuinnEG-Md,14428,ㄉㄨㄟˋ,Rendered component glyph + textbook character cross-check (v0.8),隊對
YenRoundZuinnEG-Md,15504,ㄨㄢˊ,Rendered component glyph + textbook character cross-check (v0.8),完玩
YenRoundZuinnEG-Md,14477,ㄊㄧㄠˋ,Rendered component glyph + textbook character cross-check (v0.8),跳
YenRoundZuinnEG-Bd,14420,ㄉㄧˋ,Rendered component glyph + textbook character cross-check (v0.8),第地
YenRoundZuinnEG-Bd,14193,ㄅㄧㄢˋ,Rendered component glyph + textbook character cross-check (v0.8),變便
YenRoundZuinnEG-Bd,14378,ㄉㄚˋ,Rendered component glyph + textbook character cross-check (v0.8),大
YenRoundZuinnEG-Bd,15256,ㄗ,Rendered component glyph + textbook character cross-check (v0.8),資孳
DFPBiaoKai-W5-ZhuIn-BFW,14854,ㄎㄨㄞˋ,Rendered component glyph + textbook character cross-check (v0.8),快
DFPBiaoKai-W5-ZhuIn-BFW,15019,ㄑㄧㄥ,Rendered component glyph + textbook character cross-check (v0.8),輕清傾
DFPBiaoKai-W5-ZhuIn-BFW,15242,ㄕㄠˇ,Rendered component glyph + textbook character cross-check (v0.8),少
DFPBiaoKai-W5-ZhuIn-BFW,14808,ㄍㄨㄢˋ,Rendered component glyph + textbook character cross-check (v0.8),慣罐
DFPBiaoKai-W5-ZhuIn-BFW,15350,ㄗㄨˊ,Rendered component glyph + textbook character cross-check (v0.8),足族
YenRoundZuinnEG-Md,14411,ㄉㄧㄢˇ,Rendered component glyph + textbook character cross-check (v0.8),點
DFPBiaoKai-W5-ZhuIn-BFW,15332,ㄗㄠˋ,Rendered component glyph + textbook character cross-check (v0.8),造
DFPBiaoKai-W5-ZhuIn-BFW,15194,ㄔㄨˊ,Rendered component glyph + textbook character cross-check (v0.8),廚除
DFPBiaoKai-W5-ZhuIn-BFW,15016,ㄑㄧㄤˊ,Rendered component glyph + textbook character cross-check (v0.8),強牆
YenRoundZuinnEG-Md,15250,ㄖㄨㄥˊ,Rendered component glyph + textbook character cross-check (v0.8),容榮
YenRoundZuinnEG-Md,14947,ㄑㄧˊ,Rendered component glyph + textbook character cross-check (v0.8),期其臍
YenRoundZuinnEG-Md,14799,ㄏㄜˊ,Rendered component glyph + textbook character cross-check (v0.8),合何盒
YenRoundZuinnEG-Md,15485,ㄧˇ,Rendered component glyph + textbook character cross-check (v0.8),以已
YenRoundZuinnEG-Md,15191,ㄕㄥˊ,Rendered component glyph + textbook character cross-check (v0.8),繩
YenRoundZuinnEG-Bd,15519,ㄨˇ,Rendered component glyph + textbook character cross-check (v0.8),舞五午伍
YenRoundZuinnEG-Bd,15203,ㄕㄨㄟˇ,Rendered component glyph + textbook character cross-check (v0.8),水
DFPBiaoKai-W5-ZhuIn-BFW,14540,ㄊㄜˋ,Rendered component glyph + textbook character cross-check (v0.8),特
DFPBiaoKai-W5-ZhuIn-BFW,14767,ㄍㄞˇ,Rendered component glyph + textbook character cross-check (v0.8),改
DFPBiaoKai-W5-ZhuIn-BFW,15093,ㄓˊ,Rendered component glyph + textbook character cross-check (v0.8),直值擲
DFPBiaoKai-W5-ZhuIn-BFW,15104,ㄓㄜˇ,Rendered component glyph + textbook character cross-check (v0.8),者
DFPBiaoKai-W5-ZhuIn-BFW,14550,ㄊㄡˊ,Rendered component glyph + textbook character cross-check (v0.8),頭
DFPBiaoKai-W5-ZhuIn-BFW,14513,ㄉㄧㄢˇ,Rendered component glyph + textbook character cross-check (v0.8),點典
DFPBiaoKai-W5-ZhuIn-BFW,15154,ㄓㄨㄥˇ,Rendered component glyph + textbook character cross-check (v0.8),種
DFPBiaoKai-W5-ZhuIn-BFW,15050,ㄒㄧㄠ,Rendered component glyph + textbook character cross-check (v0.8),消
DFPBiaoKai-W5-ZhuIn-BFW,14562,ㄊㄧ,Rendered component glyph + textbook character cross-check (v0.8),梯踢
DFPBiaoKai-W5-ZhuIn-BFW,14419,ㄇㄧㄝˋ,Rendered component glyph + textbook character cross-check (v0.8),滅
DFPBiaoKai-W5-ZhuIn-BFW,14297,ㄅㄧㄠ,Rendered component glyph + textbook character cross-check (v0.8),標
DFPBiaoKai-W5-ZhuIn-BFW,14956,ㄐㄧㄠˇ,Rendered component glyph + textbook character cross-check (v0.8),角腳
DFPBiaoKai-W5-ZhuIn-BFW,15259,ㄕㄥˊ,Rendered component glyph + textbook character cross-check (v0.8),繩
YenRoundZuinnEG-Md,14866,ㄐㄧㄚ,Rendered component glyph + textbook character cross-check (v0.8),加家
YenRoundZuinnEG-Md,14592,ㄌㄞˊ,Rendered component glyph + textbook character cross-check (v0.8),來
YenRoundZuinnEG-Bd,15116,ㄔㄤˊ,Rendered component glyph + textbook character cross-check (v0.8),腸長
YenRoundZuinnEG-Bd,14371,ㄈㄨˊ,Rendered component glyph + textbook character cross-check (v0.8),服浮福
YenRoundZuinnEG-Bd,14746,ㄎㄜˇ,Rendered component glyph + textbook character cross-check (v0.8),可
YenRoundZuinnEG-Bd,14932,ㄑㄧㄢˊ,Rendered component glyph + textbook character cross-check (v0.8),前潛
YenRoundZuinnEG-Bd,14889,ㄐㄧㄣˋ,Rendered component glyph + textbook character cross-check (v0.8),進近盡
DFPBiaoKai-W5-ZhuIn-BFW,14238,ㄩˊ,Rendered component glyph + textbook character cross-check (v0.8),於餘
DFPBiaoKai-W5-ZhuIn-BFW,14492,ㄉㄢˋ,Rendered component glyph + textbook character cross-check (v0.8),誕但
DFPBiaoKai-W5-ZhuIn-BFW,14227,ㄨㄣˋ,Rendered component glyph + textbook character cross-check (v0.8),問
DFPBiaoKai-W5-ZhuIn-BFW,15435,ㄙㄢ,Rendered component glyph + textbook character cross-check (v0.8),三
DFPBiaoKai-W5-ZhuIn-BFW,14325,ㄆㄟˋ,Rendered component glyph + textbook character cross-check (v0.8),配
YenRoundZuinnEG-Md,15305,˙ㄗ,Rendered component glyph + textbook character cross-check (v0.8),子
YenRoundZuinnEG-Md,15123,ㄔㄨ,Rendered component glyph + textbook character cross-check (v0.8),出
YenRoundZuinnEG-Bd,14440,ㄉㄨˋ,Rendered component glyph + textbook character cross-check (v0.8),肚度
DFPBiaoKai-W5-ZhuIn-BFW,15127,ㄓㄥˋ,Rendered component glyph + textbook character cross-check (v0.8),正症證
YenRoundZuinnEG-Md,14527,ㄋㄟˋ,Rendered component glyph + textbook character cross-check (v0.8),內
YenRoundZuinnEG-Bd,15510,ㄨㄣˋ,Rendered component glyph + textbook character cross-check (v0.8),問
LinGothicZuinnEG-Bd,15085,ㄓˇ,Rendered component glyph + textbook character cross-check (v0.8),址紙
YenRoundZuinnEG-Md,15400,ㄙㄨˋ,Rendered component glyph + textbook character cross-check (v0.8),塑速
DFPBiaoKai-W5-ZhuIn-BFW,15003,ㄑㄧㄠˇ,Rendered component glyph + textbook character cross-check (v0.8),巧
DFPBiaoKai-W5-ZhuIn-BFW,14524,ㄉㄨㄛˇ,Rendered component glyph + textbook character cross-check (v0.8),躲
YenRoundZuinnEG-Md,15322,ㄘㄢ,Rendered component glyph + textbook character cross-check (v0.8),參餐
YenRoundZuinnEG-Md,14335,ㄇㄨˋ,Rendered component glyph + textbook character cross-check (v0.8),目
YenRoundZuinnEG-Md,15307,ㄗˋ,Rendered component glyph + textbook character cross-check (v0.8),自字
YenRoundZuinnEG-Bd,15231,ㄖㄣˊ,Rendered component glyph + textbook character cross-check (v0.8),人
YenRoundZuinnEG-Bd,14950,ㄑㄩ,Rendered component glyph + textbook character cross-check (v0.8),區
DFPBiaoKai-W5-ZhuIn-BFW,14198,ㄧㄤˇ,Rendered component glyph + textbook character cross-check (v0.8),養氧仰
DFPBiaoKai-W5-ZhuIn-BFW,14281,ㄅㄣˇ,Rendered component glyph + textbook character cross-check (v0.8),本
DFPBiaoKai-W5-ZhuIn-BFW,14369,ㄆㄧㄥˊ,Rendered component glyph + textbook character cross-check (v0.8),平瓶
DFPBiaoKai-W5-ZhuIn-BFW,14792,ㄍㄨˋ,Rendered component glyph + textbook character cross-check (v0.8),顧故
DFPBiaoKai-W5-ZhuIn-BFW,14773,ㄍㄡˋ,Rendered component glyph + textbook character cross-check (v0.8),夠購
DFPBiaoKai-W5-ZhuIn-BFW,14175,ㄧㄝˊ,Rendered component glyph + textbook character cross-check (v0.8),爺
DFPBiaoKai-W5-ZhuIn-BFW,15182,ㄔㄣˊ,Rendered component glyph + textbook character cross-check (v0.8),陳塵沉
DFPBiaoKai-W5-ZhuIn-BFW,14162,ㄦˊ,Rendered component glyph + textbook character cross-check (v0.8),兒而
YenRoundZuinnEG-Md,14838,ㄏㄨㄛˋ,Rendered component glyph + textbook character cross-check (v0.8),或禍
YenRoundZuinnEG-Md,14216,ㄆㄞˊ,Rendered component glyph + textbook character cross-check (v0.8),排
DFPBiaoKai-W5-ZhuIn-BFW,15248,ㄕㄢˋ,Rendered component glyph + textbook character cross-check (v0.8),善
LinGothicZuinnEG-Bd,14986,ㄒㄧㄢˋ,Rendered component glyph + textbook character cross-check (v0.8),陷線
DFPBiaoKai-W5-ZhuIn-BFW,15149,ㄓㄨㄤ,Rendered component glyph + textbook character cross-check (v0.8),裝
DFPBiaoKai-W5-ZhuIn-BFW,14276,ㄅㄢ,Rendered component glyph + textbook character cross-check (v0.8),般班
DFPBiaoKai-W5-ZhuIn-BFW,15071,ㄒㄧㄥˋ,Rendered component glyph + textbook character cross-check (v0.8),性
DFPBiaoKai-W5-ZhuIn-BFW,14830,ㄎㄠˇ,Rendered component glyph + textbook character cross-check (v0.8),考
YenRoundZuinnEG-Md,15458,ㄧㄝˋ,Rendered component glyph + textbook character cross-check (v0.8),頁
DFPBiaoKai-W5-ZhuIn-BFW,14300,ㄅㄧㄢ,Rendered component glyph + textbook character cross-check (v0.8),邊編鞭
YenRoundZuinnEG-Bd,15259,ㄗㄜˊ,Rendered component glyph + textbook character cross-check (v0.8),則責
DFPBiaoKai-W5-ZhuIn-BFW,14189,ㄧㄢˋ,Rendered component glyph + textbook character cross-check (v0.8),驗
DFPBiaoKai-W5-ZhuIn-BFW,15148,ㄓㄨㄣˇ,Rendered component glyph + textbook character cross-check (v0.8),準
DFPBiaoKai-W5-ZhuIn-BFW,14166,ㄧˊ,Rendered component glyph + textbook character cross-check (v0.8),移儀
YenRoundZuinnEG-Md,14336,ㄈㄚ,Rendered component glyph + textbook character cross-check (v0.8),發
YenRoundZuinnEG-Md,15289,ㄗㄨㄛˋ,Rendered component glyph + textbook character cross-check (v0.8),作做
YenRoundZuinnEG-Md,15540,ㄩˋ,Rendered component glyph + textbook character cross-check (v0.8),育玉預與譽
YenRoundZuinnEG-Md,15465,ㄧㄡˊ,Rendered component glyph + textbook character cross-check (v0.8),游遊由
YenRoundZuinnEG-Bd,14833,ㄏㄨㄚˋ,Rendered component glyph + textbook character cross-check (v0.8),化話劃
YenRoundZuinnEG-Bd,14360,ㄈㄤˊ,Rendered component glyph + textbook character cross-check (v0.8),防房妨
YenRoundZuinnEG-Bd,15164,ㄕㄜˋ,Rendered component glyph + textbook character cross-check (v0.8),社射設
YenRoundZuinnEG-Bd,15136,ㄔㄨㄢˊ,Rendered component glyph + textbook character cross-check (v0.8),傳
YenRoundZuinnEG-Bd,14878,ㄐㄧㄠˇ,Rendered component glyph + textbook character cross-check (v0.8),腳
DFPBiaoKai-W5-ZhuIn-BFW,15076,ㄒㄩˇ,Rendered component glyph + textbook character cross-check (v0.8),許
DFPBiaoKai-W5-ZhuIn-BFW,14952,ㄐㄧㄝˇ,Rendered component glyph + textbook character cross-check (v0.8),解
DFPBiaoKai-W5-ZhuIn-BFW,15180,ㄔㄢˇ,Rendered component glyph + textbook character cross-check (v0.8),產
DFPBiaoKai-W5-ZhuIn-BFW,14431,ㄇㄧㄥˊ,Rendered component glyph + textbook character cross-check (v0.8),明名
DFPBiaoKai-W5-ZhuIn-BFW,14528,ㄉㄨㄢˋ,Rendered component glyph + textbook character cross-check (v0.8),段斷
DFPBiaoKai-W5-ZhuIn-BFW,14176,ㄧㄝˋ,Rendered component glyph + textbook character cross-check (v0.8),業頁夜
YenRoundZuinnEG-Md,15197,ㄕㄨㄛ,Rendered component glyph + textbook character cross-check (v0.8),說
DFPBiaoKai-W5-ZhuIn-BFW,14416,ㄇㄧˋ,Rendered component glyph + textbook character cross-check (v0.8),祕
DFPBiaoKai-W5-ZhuIn-BFW,14726,ㄌㄧㄤˇ,Rendered component glyph + textbook character cross-check (v0.8),兩
LinGothicZuinnEG-Md,14876,ㄐㄧㄠ,Rendered component glyph + textbook character cross-check (v0.8),焦膠
DFPBiaoKai-W5-ZhuIn-BFW,14545,ㄊㄠˊ,Rendered component glyph + textbook character cross-check (v0.8),逃
YenRoundZuinnEG-Md,14285,ㄇㄞˇ,Rendered component glyph + textbook character cross-check (v0.8),買
YenRoundZuinnEG-Md,14629,ㄌㄧㄠˋ,Rendered component glyph + textbook character cross-check (v0.8),料
DFPBiaoKai-W5-ZhuIn-BFW,15156,ㄔˊ,Rendered component glyph + textbook character cross-check (v0.8),池持
DFPBiaoKai-W5-ZhuIn-BFW,14763,ㄍㄜˋ,Rendered component glyph + textbook character cross-check (v0.8),各
DFPBiaoKai-W5-ZhuIn-BFW,14215,ㄨㄞˋ,Rendered component glyph + textbook character cross-check (v0.8),外
DFPBiaoKai-W5-ZhuIn-BFW,14429,ㄇㄧㄣˊ,Rendered component glyph + textbook character cross-check (v0.8),民
DFPBiaoKai-W5-ZhuIn-BFW,15135,ㄓㄨㄛ,Rendered component glyph + textbook character cross-check (v0.8),桌
DFPBiaoKai-W5-ZhuIn-BFW,14319,ㄆㄞ,Rendered component glyph + textbook character cross-check (v0.8),拍
YenRoundZuinnEG-Md,15314,ㄘㄞˊ,Rendered component glyph + textbook character cross-check (v0.8),才
YenRoundZuinnEG-Md,14896,ㄐㄧˊ,Rendered component glyph + textbook character cross-check (v0.8),及擊即集
YenRoundZuinnEG-Md,14164,ㄅㄟˋ,Rendered component glyph + textbook character cross-check (v0.8),備背被
YenRoundZuinnEG-Bd,15312,ㄘㄜˋ,Rendered component glyph + textbook character cross-check (v0.8),冊廁側策
YenRoundZuinnEG-Bd,15262,ㄗㄞ,Rendered component glyph + textbook character cross-check (v0.8),災
YenRoundZuinnEG-Bd,14376,ㄉㄚˊ,Rendered component glyph + textbook character cross-check (v0.8),達答
YenRoundZuinnEG-Bd,14803,ㄏㄞˇ,Rendered component glyph + textbook character cross-check (v0.8),海
YenRoundZuinnEG-Bd,15477,ㄧㄤˊ,Rendered component glyph + textbook character cross-check (v0.8),洋陽
YenRoundZuinn1EG-Bd,14642,ㄌㄧㄤˋ,Rendered component glyph + textbook character cross-check (v0.8),量
YenRoundZuinnEG-Bd,14733,ㄍㄨㄥ,Rendered component glyph + textbook character cross-check (v0.8),功供公
YenRoundZuinnEG-Bd,15292,ㄗㄨㄟˋ,Rendered component glyph + textbook character cross-check (v0.8),最
DFPBiaoKai-W5-ZhuIn-BFW,14533,ㄉㄨㄥ,Rendered component glyph + textbook character cross-check (v0.8),東
DFPBiaoKai-W5-ZhuIn-BFW,14163,ㄦˋ,Rendered component glyph + textbook character cross-check (v0.8),二
DFPBiaoKai-W5-ZhuIn-BFW,15278,ㄕㄨㄣˋ,Rendered component glyph + textbook character cross-check (v0.8),順瞬
DFPBiaoKai-W5-ZhuIn-BFW,14615,ㄋㄞˇ,Rendered component glyph + textbook character cross-check (v0.8),奶
DFPBiaoKai-W5-ZhuIn-BFW,15347,ㄗㄥ,Rendered component glyph + textbook character cross-check (v0.8),增
DFPBiaoKai-W5-ZhuIn-BFW,15120,ㄓㄣ,Rendered component glyph + textbook character cross-check (v0.8),珍偵真
YenRoundZuinnEG-Md,15255,ㄖˋ,Rendered component glyph + textbook character cross-check (v0.8),日
YenRoundZuinnEG-Md,15523,ㄩㄝˋ,Rendered component glyph + textbook character cross-check (v0.8),月越躍
YenRoundZuinn1EG-Md,15483,ㄧㄥˋ,Rendered component glyph + textbook character cross-check (v0.8),應硬
YenRoundZuinnEG-Md,15433,ㄢˋ,Rendered component glyph + textbook character cross-check (v0.8),按案岸
YenRoundZuinnEG-Md,14412,ㄉㄧㄢˋ,Rendered component glyph + textbook character cross-check (v0.8),電墊店
YenRoundZuinnEG-Md,14441,ㄊㄚ,Rendered component glyph + textbook character cross-check (v0.8),他
DFPBiaoKai-W5-ZhuIn-BFW,14475,ㄉㄚˊ,Rendered component glyph + textbook character cross-check (v0.8),達答
YenRoundZuinnEG-Md,14901,ㄐㄩㄝˊ,Rendered component glyph + textbook character cross-check (v0.8),覺絕決
YenRoundZuinnEG-Md,15004,ㄒㄩ,Rendered component glyph + textbook character cross-check (v0.8),需須
YenRoundZuinnEG-Md,14358,ㄈㄣˋ,Rendered component glyph + textbook character cross-check (v0.8),糞份分
YenRoundZuinnEG-Md,14416,ㄉㄧㄥˋ,Rendered component glyph + textbook character cross-check (v0.8),定
LinGothicZuinnEG-Bd,14979,ㄒㄧㄠˋ,Rendered component glyph + textbook character cross-check (v0.8),效校
YenRoundZuinnEG-Md,15185,ㄕㄤ,Rendered component glyph + textbook character cross-check (v0.8),商傷
LinGothicZuinn1EG-Md,15484,ㄧˊ,Rendered component glyph + textbook character cross-check (v0.8),一疑
LinGothicZuinnEG-Md,14941,ㄑㄧㄤˇ,Rendered component glyph + textbook character cross-check (v0.8),搶
DFPBiaoKai-W5-ZhuIn-BFW,14453,ㄈㄢˋ,Rendered component glyph + textbook character cross-check (v0.8),範飯販
DFPBiaoKai-W5-ZhuIn-BFW,14809,ㄍㄨㄢˇ,Rendered component glyph + textbook character cross-check (v0.8),管
YenRoundZuinnEG-Md,14966,ㄒㄧ,Rendered component glyph + textbook character cross-check (v0.8),悉吸膝
DFPBiaoKai-W5-ZhuIn-BFW,14445,ㄈㄟˋ,Rendered component glyph + textbook character cross-check (v0.8),廢費
YenRoundZuinnEG-Bd,15003,ㄒㄧˋ,Rendered component glyph + textbook character cross-check (v0.8),戲隙
YenRoundZuinnEG-Bd,15364,ㄙㄞˋ,Rendered component glyph + textbook character cross-check (v0.8),賽
DFPBiaoKai-W5-ZhuIn-BFW,14927,ㄏㄨㄢˋ,Rendered component glyph + textbook character cross-check (v0.8),換
YenRoundZuinnEG-Md,14567,ㄋㄧˇ,Rendered component glyph + textbook character cross-check (v0.8),你
YenRoundZuinnEG-Md,14718,ㄍㄨㄛˋ,Rendered component glyph + textbook character cross-check (v0.8),過
YenRoundZuinnEG-Md,14898,ㄐㄧˋ,Rendered component glyph + textbook character cross-check (v0.8),記紀
YenRoundZuinnEG-Md,14893,ㄐㄧㄥ,Rendered component glyph + textbook character cross-check (v0.8),精經驚
YenRoundZuinnEG-Md,14188,ㄅㄧㄠ,Rendered component glyph + textbook character cross-check (v0.8),標
YenRoundZuinnEG-Md,14747,ㄎㄜˋ,Rendered component glyph + textbook character cross-check (v0.8),課客
YenRoundZuinnEG-Md,14487,ㄊㄧˇ,Rendered component glyph + textbook character cross-check (v0.8),體
YenRoundZuinnEG-Md,14929,ㄑㄧㄡˊ,Rendered component glyph + textbook character cross-check (v0.8),球
YenRoundZuinnEG-Md,14191,ㄅㄧㄢ,Rendered component glyph + textbook character cross-check (v0.8),編邊鞭
ZhuYinNREG-Md,15357,ㄘˋ,Rendered component glyph + textbook character cross-check (v0.8),次刺
YenRoundZuinnEG-Bd,15048,ㄓㄢˋ,Rendered component glyph + textbook character cross-check (v0.8),戰站
YenRoundZuinnEG-Bd,15023,ㄓ,Rendered component glyph + textbook character cross-check (v0.8),之肢隻
YenRoundZuinnEG-Bd,15153,ㄔˊ,Rendered component glyph + textbook character cross-check (v0.8),池持遲
YenRoundZuinnEG-Bd,15209,ㄕㄨㄤ,Rendered component glyph + textbook character cross-check (v0.8),雙
DFPBiaoKai-W5-ZhuIn-BFW,14225,ㄨㄣ,Rendered component glyph + textbook character cross-check (v0.8),溫
DFPBiaoKai-W5-ZhuIn-BFW,15251,ㄕㄣˊ,Rendered component glyph + textbook character cross-check (v0.8),神
DFPBiaoKai-W5-ZhuIn-BFW,14336,ㄆㄢˋ,Rendered component glyph + textbook character cross-check (v0.8),盼拚判
DFPBiaoKai-W5-ZhuIn-BFW,14708,ㄌㄧㄝˋ,Rendered component glyph + textbook character cross-check (v0.8),列裂
DFPBiaoKai-W5-ZhuIn-BFW,14518,ㄉㄨˊ,Rendered component glyph + textbook character cross-check (v0.8),獨讀
DFPBiaoKai-W5-ZhuIn-BFW,15380,ㄘㄞˇ,Rendered component glyph + textbook character cross-check (v0.8),彩踩
DFPBiaoKai-W5-ZhuIn-BFW,15086,ㄒㄩㄣˊ,Rendered component glyph + textbook character cross-check (v0.8),循詢
DFPBiaoKai-W5-ZhuIn-BFW,15244,ㄕㄡˊ,直接渲染注音元件字形＋原頁放大圖覆核（v1.1修正）,熟；v0.8 誤標為ㄕㄨˊ
DFPBiaoKai-W5-ZhuIn-BFW,14277,ㄅㄢˋ,Rendered component glyph + textbook character cross-check (v0.8),伴辦
YenRoundZuinnEG-Md,15084,ㄓˊ,Rendered component glyph + textbook character cross-check (v0.8),執直
YenRoundZuinnEG-Md,14945,ㄑㄧㄥˇ,Rendered component glyph + textbook character cross-check (v0.8),請
DFPBiaoKai-W5-ZhuIn-BFW,15189,ㄔㄥ,Rendered component glyph + textbook character cross-check (v0.8),稱撐
YenRoundZuinn1EG-Md,15215,ㄕㄨˋ,Rendered component glyph + textbook character cross-check (v0.8),數
YenRoundZuinnEG-Md,15538,ㄩˊ,Rendered component glyph + textbook character cross-check (v0.8),於愉
YenRoundZuinnEG-Md,14717,ㄍㄨㄛˇ,Rendered component glyph + textbook character cross-check (v0.8),果
YenRoundZuinnEG-Md,14885,ㄐㄧㄢˇ,Rendered component glyph + textbook character cross-check (v0.8),減檢
ZhuYinNREG-Md,14479,ㄊㄧㄢˊ,Rendered component glyph + textbook character cross-check (v0.8),田
ZhuYinNREG-Md,14334,ㄇㄨˇ,Rendered component glyph + textbook character cross-check (v0.8),母
ZhuYinNREG-Md,14535,ㄋㄢˊ,Rendered component glyph + textbook character cross-check (v0.8),南男
YenRoundZuinnEG-Bd,14260,ㄆㄧㄣˇ,Rendered component glyph + textbook character cross-check (v0.8),品
LinGothicZuinnEG-Bd,15057,ㄓㄥˋ,Rendered component glyph + textbook character cross-check (v0.8),證正
DFPBiaoKai-W5-ZhuIn-BFW,15371,ㄘˋ,Rendered component glyph + textbook character cross-check (v0.8),次刺
DFPBiaoKai-W5-ZhuIn-BFW,14272,ㄅㄠ,Rendered component glyph + textbook character cross-check (v0.8),包
DFPBiaoKai-W5-ZhuIn-BFW,14450,ㄈㄡˇ,Rendered component glyph + textbook character cross-check (v0.8),否
YenRoundZuinnEG-Md,14373,ㄈㄨˋ,Rendered component glyph + textbook character cross-check (v0.8),附負
YenRoundZuinnEG-Md,14912,ㄐㄩˊ,Rendered component glyph + textbook character cross-check (v0.8),局
LinGothicZuinnEG-Md,15498,ㄨㄞˋ,Rendered component glyph + textbook character cross-check (v0.8),外
YenRoundZuinnEG-Bd,14451,ㄊㄠˊ,Rendered component glyph + textbook character cross-check (v0.8),逃
DFPBiaoKai-W5-ZhuIn-BFW,15106,ㄓㄞˊ,Rendered component glyph + textbook character cross-check (v0.8),宅
YenRoundZuinnEG-Bd,14315,ㄇㄧㄝˋ,Rendered component glyph + textbook character cross-check (v0.8),滅
LinGothicZuinnEG-Bd,15040,ㄓㄠˇ,Rendered component glyph + textbook character cross-check (v0.8),找
DFPBiaoKai-W5-ZhuIn-BFW,14188,ㄧㄢˊ,Rendered component glyph + textbook character cross-check (v0.8),延
DFPBiaoKai-W5-ZhuIn-BFW,15264,ㄕㄨˋ,Rendered component glyph + textbook character cross-check (v0.8),束樹述
YenRoundZuinnEG-Md,14168,ㄅㄠˇ,Rendered component glyph + textbook character cross-check (v0.8),保
YenRoundZuinnEG-Md,14648,ㄌㄧˊ,Rendered component glyph + textbook character cross-check (v0.8),璃離
DFPBiaoKai-W5-ZhuIn-BFW,15280,ㄕㄨㄤ,Rendered component glyph + textbook character cross-check (v0.8),雙
DFPBiaoKai-W5-ZhuIn-BFW,14823,ㄎㄜˋ,Rendered component glyph + textbook character cross-check (v0.8),課
DFPBiaoKai-W5-ZhuIn-BFW,14972,ㄐㄩ,Rendered component glyph + textbook character cross-check (v0.8),居
DFPBiaoKai-W5-ZhuIn-BFW,15446,ㄙㄨㄛ,Rendered component glyph + textbook character cross-check (v0.8),縮
DFPBiaoKai-W5-ZhuIn-BFW,15257,ㄕㄤˇ,Rendered component glyph + textbook character cross-check (v0.8),賞
DFPBiaoKai-W5-ZhuIn-BFW,15249,ㄕㄢˇ,Rendered component glyph + textbook character cross-check (v0.8),閃
LinGothicZuinnEG-Bd,14276,ㄇㄚˇ,Rendered component glyph + textbook character cross-check (v0.8),碼
YenRoundZuinnEG-Md,14874,ㄐㄧㄝˇ,Rendered component glyph + textbook character cross-check (v0.8),解
YenRoundZuinnEG-Md,14544,ㄋㄥˊ,Rendered component glyph + textbook character cross-check (v0.8),能
YenRoundZuinnEG-Md,14897,ㄐㄧˇ,Rendered component glyph + textbook character cross-check (v0.8),己擠
YenRoundZuinnEG-Md,14864,ㄏㄨˋ,Rendered component glyph + textbook character cross-check (v0.8),護
YenRoundZuinnEG-Md,14846,ㄏㄨㄢˊ,Rendered component glyph + textbook character cross-check (v0.8),環
YenRoundZuinnEG-Md,14895,ㄐㄧㄥˋ,Rendered component glyph + textbook character cross-check (v0.8),境競
YenRoundZuinnEG-Md,15031,ㄓㄜˇ,Rendered component glyph + textbook character cross-check (v0.8),者
YenRoundZuinnEG-Bd,14516,ㄋㄚˇ,Rendered component glyph + textbook character cross-check (v0.8),哪
YenRoundZuinn1EG-Bd,15053,ㄓㄤˇ,Rendered component glyph + textbook character cross-check (v0.8),長
YenRoundZuinnEG-Bd,14288,ㄇㄟˊ,Rendered component glyph + textbook character cross-check (v0.8),沒媒
YenRoundZuinnEG-Bd,15049,ㄓㄣ,Rendered component glyph + textbook character cross-check (v0.8),真
YenRoundZuinnEG-Bd,15362,ㄙㄜˋ,直接渲染注音元件字形＋原頁放大圖覆核（v1.1修正）,圾／色；v0.8 誤標為ㄐㄧ
YenRoundZuinnEG-Bd,14354,ㄈㄣ,Rendered component glyph + textbook character cross-check (v0.8),分
YenRoundZuinnEG-Bd,14292,ㄇㄠˊ,Rendered component glyph + textbook character cross-check (v0.8),毛
YenRoundZuinnEG-Bd,14160,ㄅㄞˇ,Rendered component glyph + textbook character cross-check (v0.8),擺
DFPBiaoKai-W5-ZhuIn-BFW,15041,ㄒㄧˇ,Rendered component glyph + textbook character cross-check (v0.8),喜洗
DFPBiaoKai-W5-ZhuIn-BFW,15155,ㄔ,Rendered component glyph + textbook character cross-check (v0.8),吃
DFPBiaoKai-W5-ZhuIn-BFW,14200,ㄧㄥˊ,Rendered component glyph + textbook character cross-check (v0.8),營贏
DFPBiaoKai-W5-ZhuIn-BFW,14259,ㄅㄚˋ,Rendered component glyph + textbook character cross-check (v0.8),爸
DFPBiaoKai-W5-ZhuIn-BFW,14919,ㄏㄨㄞˊ,Rendered component glyph + textbook character cross-check (v0.8),懷
DFPBiaoKai-W5-ZhuIn-BFW,15130,ㄓㄨˊ,Rendered component glyph + textbook character cross-check (v0.8),逐築
DFPBiaoKai-W5-ZhuIn-BFW,15421,ㄙˋ,Rendered component glyph + textbook character cross-check (v0.8),四
YenRoundZuinnEG-Md,14189,ㄅㄧㄠˇ,Rendered component glyph + textbook character cross-check (v0.8),表
DFPBiaoKai-W5-ZhuIn-BFW,14999,ㄑㄧㄝˇ,Rendered component glyph + textbook character cross-check (v0.8),且
YenRoundZuinnEG-Md,14974,ㄒㄧㄝˇ,Rendered component glyph + textbook character cross-check (v0.8),寫血
YenRoundZuinnEG-Md,14697,ㄍㄢˇ,Rendered component glyph + textbook character cross-check (v0.8),感
YenRoundZuinnEG-Md,15475,ㄧㄣˋ,Rendered component glyph + textbook character cross-check (v0.8),印
YenRoundZuinnEG-Md,14703,ㄍㄤ,Rendered component glyph + textbook character cross-check (v0.8),剛肛
DFPBiaoKai-W5-ZhuIn-BFW,14963,ㄐㄧㄣ,Rendered component glyph + textbook character cross-check (v0.8),巾金今
DFPBiaoKai-W5-ZhuIn-BFW,15293,ㄖㄢˇ,Rendered component glyph + textbook character cross-check (v0.8),染
DFPBiaoKai-W5-ZhuIn-BFW,15122,ㄓㄣˇ,Rendered component glyph + textbook character cross-check (v0.8),診
YenRoundZuinnEG-Bd,15156,ㄕ,Rendered component glyph + textbook character cross-check (v0.8),師失
DFPBiaoKai-W5-ZhuIn-BFW,14589,ㄊㄨㄟ,Rendered component glyph + textbook character cross-check (v0.8),推
YenRoundZuinnEG-Md,14983,ㄒㄧㄢ,Rendered component glyph + textbook character cross-check (v0.8),鮮先
YenRoundZuinnEG-Md,15077,ㄓㄨㄤˋ,Rendered component glyph + textbook character cross-check (v0.8),狀撞
DFPBiaoKai-W5-ZhuIn-BFW,14775,ㄍㄢ,Rendered component glyph + textbook character cross-check (v0.8),肝乾
YenRoundZuinnEG-Md,14422,ㄉㄨㄛ,Rendered component glyph + textbook character cross-check (v0.8),多
YenRoundZuinnEG-Md,14722,ㄍㄨㄟ,Rendered component glyph + textbook character cross-check (v0.8),規
DFPBiaoKai-W5-ZhuIn-BFW,14973,ㄐㄩˊ,Rendered component glyph + textbook character cross-check (v0.8),局
YenRoundZuinnEG-Md,15079,ㄓㄨㄥˇ,Rendered component glyph + textbook character cross-check (v0.8),種
YenRoundZuinnEG-Md,14976,ㄒㄧㄠ,Rendered component glyph + textbook character cross-check (v0.8),消
YenRoundZuinnEG-Md,14165,ㄅㄠ,Rendered component glyph + textbook character cross-check (v0.8),包
YenRoundZuinnEG-Md,14353,ㄈㄢˋ,Rendered component glyph + textbook character cross-check (v0.8),販範
YenRoundZuinnEG-Md,15480,ㄧㄥ,直接渲染注音元件字形（v0.9.1 修正）,glyph 15480 顯示 ㄧㄥ、無聲調符號；頁39「應包含」
DFPBiaoKai-W5-ZhuIn-BFW,14199,ㄧㄥ,直接渲染注音元件字形（v0.9.1 修正）,glyph 14199 顯示 ㄧㄥ、無聲調符號；頁46/54/91「應」
LinGothicZuinn1EG-Md,15152,ㄔㄨˋ,直接渲染注音元件字形（v0.9.1 修正）,glyph 15152 顯示 ㄔㄨˋ；頁43「一處民宅」
DFPBiaoKai-W5-PoIn1-BFW,14377,˙ㄇㄚ,v1.4 原頁圖像逐符號直接轉寫,媽媽第二字，原頁字形可見輕聲點
DFPBiaoKai-W5-PoIn1-BFW,15487,˙ㄅㄠ,v1.4 原頁圖像逐符號直接轉寫,寶寶第二字，原頁字形直接轉寫
DFPBiaoKai-W5-PoIn1-BFW,14886,ㄏㄠˋ,v1.4 原頁圖像逐符號直接轉寫,好奇之「好」，原頁字形直接轉寫
DFPBiaoKai-W5-PoIn1-BFW,14386,˙ㄇㄜ,v1.4 原頁圖像逐符號直接轉寫,怎麼之「麼」，原頁字形直接轉寫
DFPBiaoKai-W5-PoIn1-BFW,15499,˙ㄒㄧ,v1.4 原頁圖像逐符號直接轉寫,東西之「西」，原頁字形直接轉寫
DFPBiaoKai-W5-PoIn1-BFW,15492,˙ㄋㄜ,v1.4 原頁圖像逐符號直接轉寫,句尾「呢」，原頁字形直接轉寫
DFPBiaoKai-W5-PoIn1-BFW,15320,ㄗˇ,v1.4 原頁圖像逐符號直接轉寫,子宮之「子」，原頁字形直接轉寫
DFPBiaoKai-W5-PoIn1-BFW,15125,ㄓㄤˇ,v1.4 原頁圖像逐符號直接轉寫,長大之「長」，原頁字形直接轉寫
DFPBiaoKai-W5-PoIn1-BFW,14479,˙ㄉㄜ,v1.4 原頁圖像逐符號直接轉寫,覺得之「得」，原頁字形直接轉寫
DFPBiaoKai-W5-PoIn1-BFW,14257,˙ㄅㄚ,v1.4 原頁圖像逐符號直接轉寫,爸爸第二字，原頁字形直接轉寫
DFPBiaoKai-W5-PoIn1-BFW,14894,ㄏㄢˋ,v1.4 原頁圖像逐符號直接轉寫,連接詞「和」，原頁字形直接轉寫
DFPBiaoKai-W5-PoIn1-BFW,14128,ㄛ,使用者原頁人工確認（v1.6，2026-08-14）,依使用者逐頁核對 PDF 實際標示修正；不得由預期讀音反推。
DFPBiaoKai-W5-PoIn1-BFW,14713,ㄌㄧㄠˇ,v1.4 原頁圖像逐符號直接轉寫,了解之「了」，原頁字形直接轉寫
DFPBiaoKai-W5-PoIn1-BFW,14218,ㄨㄟˊ,v1.4 原頁圖像逐符號直接轉寫,身為之「為」，原頁字形直接轉寫
DFPBiaoKai-W5-PoIn3-BFW,15251,ㄕㄣˊ,v1.4 原頁圖像逐符號直接轉寫,什麼之「什」，原頁字形直接轉寫
DFPBiaoKai-W5-PoIn1-BFW,14310,ㄅㄨˋ,v1.4 原頁圖像逐符號直接轉寫,不一樣之「不」，原頁字形直接轉寫
DFPBiaoKai-W5-PoIn1-BFW,14166,ㄧˊ,v1.4 原頁圖像逐符號直接轉寫,不一樣之「一」，原頁字形直接轉寫
DFPBiaoKai-W5-PoIn1-BFW,14763,ㄍㄜˋ,v1.4 原頁圖像逐符號直接轉寫,個體之「個」，原頁字形直接轉寫
DFPBiaoKai-W5-PoIn1-BFW,14725,ㄌㄧㄤˋ,v1.4 原頁圖像逐符號直接轉寫,適量之「量」，原頁字形直接轉寫
DFPBiaoKai-W5-PoIn1-BFW,15485,˙ㄧㄝ,v1.4 原頁圖像逐符號直接轉寫,爺爺第二字，原頁字形直接轉寫
DFPBiaoKai-W5-PoIn1-BFW,15493,˙ㄋㄞ,v1.4 原頁圖像逐符號直接轉寫,奶奶第二字，原頁字形直接轉寫
DFPBiaoKai-W5-PoIn1-BFW,15067,ㄒㄧㄤˋ,v1.4 原頁圖像逐符號直接轉寫,相簿之「相」，原頁字形直接轉寫
DFPBiaoKai-W5-PoIn1-BFW,14554,ㄊㄢˊ,v1.4 原頁圖像逐符號直接轉寫,彈琴之「彈」，原頁字形直接轉寫
DFPBiaoKai-W5-PoIn3-BFW,15131,ㄓㄨˋ,v1.4 原頁圖像逐符號直接轉寫,顯著之「著」，原頁字形直接轉寫
DFPBiaoKai-W5-PoIn1-BFW,14495,ㄉㄤˋ,v1.4 原頁圖像逐符號直接轉寫＋教育部完整詞條交叉確認,適當之「當」，原頁可見四聲；修正初版漏讀聲調
DFPBiaoKai-W5-PoIn1-BFW,14657,ㄋㄧㄥˇ,v1.4 原頁圖像逐符號直接轉寫,擰毛巾之「擰」，原頁字形直接轉寫
DFPBiaoKai-W5-PoIn1-BFW,14570,ㄊㄧㄠˊ,v1.4 原頁圖像逐符號直接轉寫,調整之「調」，原頁字形直接轉寫
DFPBiaoKai-W5-PoIn1-BFW,14626,ㄋㄢˋ,使用者原頁人工確認（v1.6，2026-08-14）,依使用者逐頁核對 PDF 實際標示修正；不得由預期讀音反推。
DFPBiaoKai-W5-PoIn1-BFW,15195,ㄔㄨˋ,v1.4 原頁圖像逐符號直接轉寫,處所之「處」，原頁字形直接轉寫
DFPBiaoKai-W5-PoIn1-BFW,15110,ㄓㄠˊ,v1.4 原頁圖像逐符號直接轉寫,著火之「著」，原頁字形直接轉寫
DFPBiaoKai-W5-PoIn1-BFW,14983,ㄐㄩㄣ,v1.4 原頁圖像逐符號直接轉寫,龜裂之「龜」，原頁字形直接轉寫
DFPBiaoKai-W5-PoIn1-BFW,14947,ㄐㄧㄚˋ,v1.4 原頁圖像逐符號直接轉寫,假日之「假」，原頁字形直接轉寫
DFPBiaoKai-W5-PoIn1-BFW,14201,ㄧㄥˋ,v1.4 原頁圖像逐符號直接轉寫,反應之「應」，原頁字形直接轉寫
DFPBiaoKai-W5-PoIn1-BFW,14242,ㄩㄝˋ,v1.4 原頁圖像逐符號直接轉寫,音樂之「樂」，原頁字形直接轉寫
DFPBiaoKai-W5-PoIn1-BFW,14239,ㄩˋ,v1.4 原頁圖像逐符號直接轉寫,參與之「與」，原頁字形直接轉寫
DFPBiaoKai-W5-PoIn1-BFW,15396,ㄘㄥˊ,v1.4 原頁圖像逐符號直接轉寫,曾利用之「曾」，原頁字形直接轉寫
DFPBiaoKai-W5-PoIn1-BFW,14608,ㄋㄚˋ,v1.4 原頁圖像逐符號直接轉寫,到那裡之「那」，原頁字形直接轉寫
DFPBiaoKai-W5-PoIn1-BFW,15153,ㄓㄨㄥˋ,v1.4 原頁圖像逐符號直接轉寫,擊中之「中」，原頁字形直接轉寫
DFPBiaoKai-W5-PoIn2-BFW,15136,ㄓㄨㄛˊ,使用者原頁人工確認（v1.6，2026-08-14）,依使用者逐頁核對 PDF 實際標示修正；不得由預期讀音反推。
DFPBiaoKai-W5-PoIn1-BFW,14572,ㄊㄧㄠˇ,v1.4 原頁圖像逐符號直接轉寫,挑戰之「挑」，原頁字形直接轉寫
DFPBiaoKai-W5-PoIn1-BFW,14549,˙ㄊㄡ,v3.7 原頁可見字形＋isolated glyf 直接驗證（使用者確認）,「骨頭／罐頭」之頭：注音欄頂端獨立圓點為輕聲點；舊v1.4誤判為二聲。
DFPBiaoKai-W5-PoIn1-BFW,14944,ㄐㄧˇ,v1.4 原頁圖像逐符號直接轉寫,補給站之「給」，原頁字形直接轉寫
DFPBiaoKai-W5-PoIn2-BFW,14167,ㄧˋ,v1.4 原頁圖像逐符號直接轉寫,有一條之「一」，原頁字形直接轉寫
YenRoundZuinnEG-Md,15174,ㄕㄡˊ,v1.4 原頁圖像逐符號直接轉寫,熟悉之「熟」，v1.4 原頁放大字形直接轉寫；撤銷隔離表中ㄕㄨˊ推測
DFPBiaoKai-W5-ZhuIn-BFW,14402,ㄇㄢˇ,v1.4 原頁圖像逐符號直接轉寫（高頻未解碼批次）,p55「滿」；延長線沒有插滿插座
DFPBiaoKai-W5-ZhuIn-BFW,14869,ㄎㄨㄥ,v1.4 原頁圖像逐符號直接轉寫（高頻未解碼批次）,p46「空」；到較安全的空間避難。火災逃生避難以
DFPBiaoKai-W5-ZhuIn-BFW,15103,ㄓㄜˋ,v1.4 原頁圖像逐符號直接轉寫（高頻未解碼批次）,"p59「這」；預定的,你能發現這一頓年夜飯中,製"
DFPBiaoKai-W5-ZhuIn-BFW,15381,ㄘㄠ,v1.4 原頁圖像逐符號直接轉寫（高頻未解碼批次）,"p81「操」；由最後一個同學持接力棒,一邊跑操場,一邊將接力棒向前傳,並於"
DFPBiaoKai-W5-ZhuIn-BFW,15403,ㄘㄨㄛˋ,v1.4 原頁圖像逐符號直接轉寫（高頻未解碼批次）,"p55「措」；來當小偵探,診斷家裡的防火措施是否"
LinGothicZuinnEG-Bd,15080,ㄓㄨㄥˋ,v1.4 原頁圖像逐符號直接轉寫（高頻未解碼批次）,p105「重」；練習重點跑步的速度
YenRoundZuinnEG-Md,14675,ㄌㄩˇ,v1.4 原頁圖像逐符號直接轉寫（高頻未解碼批次）,p70「鋁」；C鐵鋁類F玻璃類
DFPBiaoKai-W5-ZhuIn-BFW,14183,ㄧㄡ,v1.4 原頁圖像逐符號直接轉寫（高頻未解碼批次）,"p45「優」；火災發生時,以離開發生火災的建築物為優先,如果沒有逃生梯或火勢、濃煙"
DFPBiaoKai-W5-ZhuIn-BFW,14187,ㄧㄢ,v1.4 原頁圖像逐符號直接轉寫（高頻未解碼批次）,"p45「煙」；為優先,如果沒有逃生梯或火勢、濃煙"
DFPBiaoKai-W5-ZhuIn-BFW,14203,ㄨ,v1.4 原頁圖像逐符號直接轉寫（高頻未解碼批次）,"p63「汙」；垃圾產生,降低環境汙染,讓地球變得"
DFPBiaoKai-W5-ZhuIn-BFW,14224,ㄨㄢˇ,v1.4 原頁圖像逐符號直接轉寫（高頻未解碼批次）,p170「浣」；35浣腸劑標籤
DFPBiaoKai-W5-ZhuIn-BFW,14266,ㄅㄞˊ,v1.4 原頁圖像逐符號直接轉寫（高頻未解碼批次）,"p17「白」；比以往更老一些,最明顯的就是白頭髮"
DFPBiaoKai-W5-ZhuIn-BFW,14279,ㄅㄣ,v1.4 原頁圖像逐符號直接轉寫（高頻未解碼批次）,"p159「奔」；鬧、不奔跑、不跳水,確保大家快樂游"
DFPBiaoKai-W5-ZhuIn-BFW,14432,ㄇㄧㄥˋ,v1.4 原頁圖像逐符號直接轉寫（高頻未解碼批次）,"p24「命」；每個生命的誕生、成長的過程中,可能保留"
DFPBiaoKai-W5-ZhuIn-BFW,14443,ㄈㄟ,v1.4 原頁圖像逐符號直接轉寫（高頻未解碼批次）,"p30「非」；陳醫師是天天的家庭醫師,非常了解天"
DFPBiaoKai-W5-ZhuIn-BFW,14462,ㄈㄤˇ,v1.4 原頁圖像逐符號直接轉寫（高頻未解碼批次）,"p14「訪」；嗎?請你化身為小記者,訪問家人下"
DFPBiaoKai-W5-ZhuIn-BFW,14503,ㄉㄧˇ,v1.4 原頁圖像逐符號直接轉寫（高頻未解碼批次）,"p127「底」；讓我們學習足內側及足底接球,並進行"
DFPBiaoKai-W5-ZhuIn-BFW,14551,ㄊㄡˋ,v1.4 原頁圖像逐符號直接轉寫（高頻未解碼批次）,"p66「透」；1垃圾分類、資源回收透過垃圾分類與資源回收,創造循環的"
DFPBiaoKai-W5-ZhuIn-BFW,14686,ㄌㄠˊ,v1.4 原頁圖像逐符號直接轉寫（高頻未解碼批次）,"p12「勞」；減輕爸爸、媽媽的辛勞,阿中做了許多"
DFPBiaoKai-W5-ZhuIn-BFW,14712,ㄌㄧㄠˋ,v1.4 原頁圖像逐符號直接轉寫（高頻未解碼批次）,"p62「料」；要購買時,要選擇使用最少原料、製程"
DFPBiaoKai-W5-ZhuIn-BFW,14751,ㄌㄩˇ,v1.4 原頁圖像逐符號直接轉寫（高頻未解碼批次）,p170「鋁」；塑膠瓶蓋鐵鋁類垃圾
DFPBiaoKai-W5-ZhuIn-BFW,14766,ㄍㄞˋ,v1.4 原頁圖像逐符號直接轉寫（高頻未解碼批次）,"p162「蓋」；整隻腳,如果只擺動請和同學討論打水膝蓋以下部位,或者時怎樣會讓前進速"
DFPBiaoKai-W5-ZhuIn-BFW,14816,ㄍㄨㄥˋ,v1.4 原頁圖像逐符號直接轉寫（高頻未解碼批次）,"p61「共」；定請家人和他一起做好垃圾減量,共同維"
DFPBiaoKai-W5-ZhuIn-BFW,14967,ㄐㄧㄤˋ,v1.4 原頁圖像逐符號直接轉寫（高頻未解碼批次）,"p63「降」；垃圾產生,降低環境汙染,讓地球變得"
DFPBiaoKai-W5-ZhuIn-BFW,15126,ㄓㄥ,v1.4 原頁圖像逐符號直接轉寫（高頻未解碼批次）,"p11「徵」；你覺得自己身上有哪些特徵,是來自"
DFPBiaoKai-W5-ZhuIn-BFW,15283,ㄖˋ,v1.4 原頁圖像逐符號直接轉寫（高頻未解碼批次）,"p61「日」；可可一家人假日時喜歡到公園野餐,結束"
DFPBiaoKai-W5-ZhuIn-BFW,15320,ㄗˇ,v1.4 原頁圖像逐符號直接轉寫（高頻未解碼批次）,p31「仔」；醫師幫天天仔細檢查時候?天前了。
DFPBiaoKai-W5-ZhuIn-BFW,15436,ㄙㄢˋ,v1.4 原頁圖像逐符號直接轉寫（高頻未解碼批次）,"p55「散」；電線間有展開來,有散熱空間"
LinGothicZuinnEG-Md,15468,ㄧㄢ,v1.4 原頁圖像逐符號直接轉寫（高頻未解碼批次）,"p43「煙」；到燒焦味時,已經失火產生大量濃煙。男童"
YenRoundZuinn1EG-Md,15000,˙ㄒㄧ,使用者原頁人工確認（2026-08-14）,課本P32、P62「東西」之「西」原頁均標˙ㄒㄧ；v1.4曾誤轉寫為ㄒㄧ，已修正。
YenRoundZuinnEG-Bd,14169,ㄅㄠˋ,v1.4 原頁圖像逐符號直接轉寫（高頻未解碼批次）,p47「報」；報案我最行
YenRoundZuinnEG-Bd,14669,ㄌㄨˋ,v1.4 原頁圖像逐符號直接轉寫（高頻未解碼批次）,p50「路」；大門逃生路線陽臺逃生路線
YenRoundZuinnEG-Bd,14688,ㄍㄞˋ,v1.4 原頁圖像逐符號直接轉寫（高頻未解碼批次）,"p162「蓋」；2膝蓋帶動腳,"
YenRoundZuinnEG-Bd,15487,ㄨ,v1.4 原頁圖像逐符號直接轉寫（高頻未解碼批次）,p60「汙」；空氣汙染水汙染
YenRoundZuinnEG-Lt,14829,ㄏㄨ,v1.4 原頁圖像逐符號直接轉寫（高頻未解碼批次）,p157「呼」；嘴巴以呼吸管
YenRoundZuinnEG-Md,14274,˙ㄇㄚ,v1.4 原頁圖像逐符號直接轉寫（高頻未解碼批次）,p2「嗎」；你有參加過運動會嗎?這學期我們會一
YenRoundZuinnEG-Md,14348,ㄈㄡˇ,v1.4 原頁圖像逐符號直接轉寫（高頻未解碼批次）,p33「否」；否新鮮、衛
YenRoundZuinnEG-Md,14380,ㄉㄜˊ,v1.4 原頁圖像逐符號直接轉寫（高頻未解碼批次）,"p85「得」；超越,不得硬擠以"
YenRoundZuinnEG-Md,14656,ㄌㄨㄛˋ,v1.4 原頁圖像逐符號直接轉寫（高頻未解碼批次）,p24「落」；剛出生的照片掉落的乳牙
YenRoundZuinnEG-Md,14798,ㄏㄜ,v1.4 原頁圖像逐符號直接轉寫（高頻未解碼批次）,p33「喝」；D吃東西前、E用餐時間、F多喝水後洗手。
YenRoundZuinnEG-Md,15002,ㄒㄧˇ,v1.4 原頁圖像逐符號直接轉寫（高頻未解碼批次）,p33「洗」；D吃東西前、E用餐時間、F多喝水後洗手。
YenRoundZuinnEG-Md,15010,ㄒㄩㄢˊ,v1.4 原頁圖像逐符號直接轉寫（高頻未解碼批次）,p88「旋」；2�原地一迴旋10下
YenRoundZuinnEG-Md,15087,ㄔ,v1.4 原頁圖像逐符號直接轉寫（高頻未解碼批次）,p33「吃」；B多吃蔬菜水C注意食物是
YenRoundZuinnEG-Md,15154,ㄔˇ,v1.4 原頁圖像逐符號直接轉寫（高頻未解碼批次）,"p86「尺」；3接力區長度為20公尺,位於"
YenRoundZuinnEG-Md,15171,ㄕㄠˇ,v1.4 原頁圖像逐符號直接轉寫（高頻未解碼批次）,p32「少」；一週內排便次數少於3次。
YenRoundZuinnEG-Md,15479,ㄧㄤˋ,v1.4 原頁圖像逐符號直接轉寫（高頻未解碼批次）,"p2「樣」；更健康,以及怎樣維護我們的生活環境。"
DFPBiaoKai-W5-ZhuIn-BFW,14210,ㄨㄚˇ,v1.4 原頁圖像逐符號直接轉寫（高頻未解碼批次）,p56「瓦」；與家人一同檢查瓦斯管線無老化、龜裂、
DFPBiaoKai-W5-ZhuIn-BFW,14241,ㄩㄝ,v1.4 原頁圖像逐符號直接轉寫（高頻未解碼批次）,"p66「約」；再利用,才能有效節約資源。"
DFPBiaoKai-W5-ZhuIn-BFW,14303,ㄅㄧㄣ,v1.4 原頁圖像逐符號直接轉寫（高頻未解碼批次）,"p113「賓」；演給全校師生、家長和樂謝的大氣地氛和中上,天感對來賓觀賞的節目。"
DFPBiaoKai-W5-ZhuIn-BFW,14324,ㄆㄟˊ,v1.4 原頁圖像逐符號直接轉寫（高頻未解碼批次）,"p91「培」；加運動參與機會,提升運動能力,培養規律的運動習慣。"
DFPBiaoKai-W5-ZhuIn-BFW,14356,ㄆㄧㄠ,v1.4 原頁圖像逐符號直接轉寫（高頻未解碼批次）,p165「漂」；頭換氣持續前進。蹬牆漂浮是靠著踢池
DFPBiaoKai-W5-ZhuIn-BFW,14362,ㄆㄧㄢˋ,v1.4 原頁圖像逐符號直接轉寫（高頻未解碼批次）,"p19「片」；阿中的爺爺有一本陳舊相簿,裡面的照片都是他珍貴的回憶。爺爺向阿中分享"
DFPBiaoKai-W5-ZhuIn-BFW,14381,ㄇㄛ,v1.4 原頁圖像逐符號直接轉寫（高頻未解碼批次）,p29「摸」；心。正確的用手摸疼痛的部位可以幫助
DFPBiaoKai-W5-ZhuIn-BFW,14383,ㄇㄛˊ,v1.4 原頁圖像逐符號直接轉寫（高頻未解碼批次）,p28「摩」；喝溫開水後比較不痛按摩肚子後比較不痛
DFPBiaoKai-W5-ZhuIn-BFW,14387,ㄇㄞˊ,v1.4 原頁圖像逐符號直接轉寫（高頻未解碼批次）,"p66「埋」；及掩埋場的使用壽命,減輕汙染對健康"
DFPBiaoKai-W5-ZhuIn-BFW,14394,ㄇㄠˊ,v1.4 原頁圖像逐符號直接轉寫（高頻未解碼批次）,p28「毛」；肚子痛得像被擰的毛巾
DFPBiaoKai-W5-ZhuIn-BFW,14426,ㄇㄧㄢˊ,v1.4 原頁圖像逐符號直接轉寫（高頻未解碼批次）,"p16「眠」；衡,養成健康習慣,充足睡眠並適量運"
DFPBiaoKai-W5-ZhuIn-BFW,14456,ㄈㄣˊ,v1.4 原頁圖像逐符號直接轉寫（高頻未解碼批次）,"p66「焚」；讓資源回收再利用,也可以延長焚化爐"
DFPBiaoKai-W5-ZhuIn-BFW,14465,ㄈㄥˋ,v1.4 原頁圖像逐符號直接轉寫（高頻未解碼批次）,"p21「奉」；爺爺、奶奶為家庭奉獻一生,現在年紀"
DFPBiaoKai-W5-ZhuIn-BFW,14525,ㄉㄨㄟ,v1.4 原頁圖像逐符號直接轉寫（高頻未解碼批次）,p56「堆」；緊急逃生梯沒有堆雜物
DFPBiaoKai-W5-ZhuIn-BFW,14530,ㄉㄨㄣ,v1.4 原頁圖像逐符號直接轉寫（高頻未解碼批次）,"p110「蹲」；複習蹲姿向後縮體前後滾翻姿勢,練習"
DFPBiaoKai-W5-ZhuIn-BFW,14531,ㄉㄨㄣˋ,v1.4 原頁圖像逐符號直接轉寫（高頻未解碼批次）,"p59「頓」；預定的,你能發現這一頓年夜飯中,製"
DFPBiaoKai-W5-ZhuIn-BFW,14555,ㄊㄢˋ,v1.4 原頁圖像逐符號直接轉寫（高頻未解碼批次）,"p55「探」；來當小偵探,診斷家裡的防火措施是否"
DFPBiaoKai-W5-ZhuIn-BFW,14561,ㄊㄥˊ,v1.4 原頁圖像逐符號直接轉寫（高頻未解碼批次）,p29「疼」；心。正確的用手摸疼痛的部位可以幫助
DFPBiaoKai-W5-ZhuIn-BFW,14570,ㄊㄧㄠˊ,v1.4 原頁圖像逐符號直接轉寫（高頻未解碼批次）,p10「條」；漸漸長大。子宮裡有一條神奇的帶子叫
DFPBiaoKai-W5-ZhuIn-BFW,14591,ㄊㄨㄟˋ,v1.4 原頁圖像逐符號直接轉寫（高頻未解碼批次）,"p20「退」；身體器官產生衰退的現象,有較多身體上"
DFPBiaoKai-W5-ZhuIn-BFW,14665,ㄋㄨㄢˇ,v1.4 原頁圖像逐符號直接轉寫（高頻未解碼批次）,"p10「暖」；就像是溫暖的小房間,讓小寶寶在裡面"
DFPBiaoKai-W5-ZhuIn-BFW,14716,ㄌㄧㄡˋ,v1.4 原頁圖像逐符號直接轉寫（高頻未解碼批次）,p171「六」；單元六歡樂運動會
DFPBiaoKai-W5-ZhuIn-BFW,14720,ㄌㄧㄢˇ,v1.4 原頁圖像逐符號直接轉寫（高頻未解碼批次）,"p163「臉」；熟練打水動作後,將臉潛進水中進行俯"
DFPBiaoKai-W5-ZhuIn-BFW,14729,ㄌㄧㄥˋ,v1.4 原頁圖像逐符號直接轉寫（高頻未解碼批次）,"p79「令」；喊「接!」的口令,輕敲接棒者的右"
DFPBiaoKai-W5-ZhuIn-BFW,14748,ㄌㄨㄥˇ,v1.4 原頁圖像逐符號直接轉寫（高頻未解碼批次）,"p79「攏」；棒,虎口要張開,四指併攏,微微"
DFPBiaoKai-W5-ZhuIn-BFW,14770,ㄍㄠˋ,v1.4 原頁圖像逐符號直接轉寫（高頻未解碼批次）,"p47「告」；所處的位置起火時,要立即告知他人並"
DFPBiaoKai-W5-ZhuIn-BFW,14772,ㄍㄡ,v1.4 原頁圖像逐符號直接轉寫（高頻未解碼批次）,"p34「勾」；請依照前一頁勾選的檢視結果,擬定改"
DFPBiaoKai-W5-ZhuIn-BFW,14776,ㄍㄢˋ,v1.4 原頁圖像逐符號直接轉寫（高頻未解碼批次）,"p16「幹」；無二的個體,但大致都是按照頭部、軀幹、四肢的順序發展,只要三餐營養均"
DFPBiaoKai-W5-ZhuIn-BFW,14793,ㄍㄨˇ,v1.4 原頁圖像逐符號直接轉寫（高頻未解碼批次）,p19「骨」；兒童期約7歲~12歲骨骼及肌肉系統發展
DFPBiaoKai-W5-ZhuIn-BFW,14794,ㄎㄨㄛˋ,v1.4 原頁圖像逐符號直接轉寫（高頻未解碼批次）,"p93「括」；組織和體育活動之外,還包括社區裡"
DFPBiaoKai-W5-ZhuIn-BFW,14814,ㄍㄨㄤˇ,v1.4 原頁圖像逐符號直接轉寫（高頻未解碼批次）,"p131「廣」；因接觸球的面積很廣,可踢出準確的射"
DFPBiaoKai-W5-ZhuIn-BFW,14847,ㄎㄨˇ,v1.4 原頁圖像逐符號直接轉寫（高頻未解碼批次）,"p13「苦」；一直以來辛苦的照顧,所以愛護自己也"
DFPBiaoKai-W5-ZhuIn-BFW,14870,ㄎㄨㄥˋ,v1.4 原頁圖像逐符號直接轉寫（高頻未解碼批次）,"p137「控」；接著我們要來學習將球向前拍擊,並學會控制揮拍力道及球的行進方向。"
DFPBiaoKai-W5-ZhuIn-BFW,14875,ㄏㄜ,v1.4 原頁圖像逐符號直接轉寫（高頻未解碼批次）,p28「喝」；躺著比較不痛喝溫開水後比較不痛
YenRoundZuinn1EG-Md,14628,ㄌㄧㄠˇ,v1.4 原頁圖像逐符號直接轉寫（高倍率覆核修正）,了 p2｜直接原頁字形驗證｜隔離推測值有誤，已以原頁高倍率覆核修正
YenRoundZuinnEG-Md,14841,ㄏㄨㄟ,v1.4 原頁圖像逐符號直接轉寫（剩餘未解碼批次）,揮 p2｜直接原頁字形驗證
YenRoundZuinnEG-Md,15182,ㄕㄣˊ,v1.4 原頁圖像逐符號直接轉寫（剩餘未解碼批次）,神 p2｜直接原頁字形驗證
YenRoundZuinn1EG-Md,15409,ㄛ,v1.4 原頁圖像逐符號直接轉寫（剩餘未解碼批次）,呵 p2｜直接原頁字形驗證
YenRoundZuinnEG-Md,15252,ㄖㄨˊ,v1.4 原頁圖像逐符號直接轉寫（剩餘未解碼批次）,如 p2｜直接原頁字形驗證
YenRoundZuinnEG-Md,14709,ㄍㄥˋ,v1.4 原頁圖像逐符號直接轉寫（剩餘未解碼批次）,更 p2｜直接原頁字形驗證
YenRoundZuinnEG-Md,15278,ㄗㄣˇ,v1.4 原頁圖像逐符號直接轉寫（剩餘未解碼批次）,怎 p2｜直接原頁字形驗證
YenRoundZuinnEG-Md,15073,ㄓㄨㄣˇ,v1.4 原頁圖像逐符號直接轉寫（剩餘未解碼批次）,準 p2｜直接原頁字形驗證
YenRoundZuinnEG-Md,14590,˙ㄌㄜ,v1.4 原頁圖像逐符號直接轉寫（剩餘未解碼批次）,了 p2｜直接原頁字形驗證
YenRoundZuinnEG-Md,14149,˙ㄅㄚ,v1.4 原頁圖像逐符號直接轉寫（剩餘未解碼批次）,吧 p2｜直接原頁字形驗證
YenRoundZuinnEG-Bd,14633,ㄌㄧㄡˋ,v1.4 原頁圖像逐符號直接轉寫（剩餘未解碼批次）,六 p5｜直接原頁字形驗證
YenRoundZuinnEG-Bd,15351,ㄘㄨㄥˊ,v1.4 原頁圖像逐符號直接轉寫（剩餘未解碼批次）,從 p5｜直接原頁字形驗證
YenRoundZuinnEG-Bd,15425,ㄠˋ,v1.4 原頁圖像逐符號直接轉寫（剩餘未解碼批次）,奧 p5｜直接原頁字形驗證
YenRoundZuinnEG-Bd,14209,ㄆㄚˋ,v1.4 原頁圖像逐符號直接轉寫（剩餘未解碼批次）,怕 p5｜直接原頁字形驗證
YenRoundZuinnEG-Bd,15481,ㄧㄥˊ,v1.4 原頁圖像逐符號直接轉寫（剩餘未解碼批次）,迎 p6｜直接原頁字形驗證
YenRoundZuinnEG-Bd,15302,ㄗㄨˊ,v1.4 原頁圖像逐符號直接轉寫（剩餘未解碼批次）,足 p6｜直接原頁字形驗證
YenRoundZuinn2EG-Bd,14370,˙ㄈㄨ,使用者原頁人工確認（v1.6，2026-08-14）,依使用者逐頁核對 PDF 實際標示修正；不得由預期讀音反推。
YenRoundZuinnEG-Bd,15178,ㄕㄢˇ,v1.4 原頁圖像逐符號直接轉寫（剩餘未解碼批次）,閃 p6｜直接原頁字形驗證
YenRoundZuinnEG-Bd,14965,ㄑㄩˋ,v1.4 原頁圖像逐符號直接轉寫（剩餘未解碼批次）,趣 p6｜直接原頁字形驗證
YenRoundZuinnEG-Bd,14377,ㄉㄚˇ,v1.4 原頁圖像逐符號直接轉寫（剩餘未解碼批次）,打 p6｜直接原頁字形驗證
DFPBiaoKai-W5-ZhuIn-BFW,15011,ㄑㄧㄣ,v1.4 原頁圖像逐符號直接轉寫（剩餘未解碼批次）,親 p13｜直接原頁字形驗證
DFPBiaoKai-W5-ZhuIn-BFW,14983,ㄐㄩㄣ,v1.4 原頁圖像逐符號直接轉寫（剩餘未解碼批次）,均 p16｜直接原頁字形驗證
DFPBiaoKai-W5-ZhuIn-BFW,15290,ㄖㄡˋ,v1.4 原頁圖像逐符號直接轉寫（剩餘未解碼批次）,肉 p19｜直接原頁字形驗證
YenRoundZuinnEG-Md,14556,ㄋㄧㄢˊ,v1.4 原頁圖像逐符號直接轉寫（剩餘未解碼批次）,年 p23｜直接原頁字形驗證
YenRoundZuinnEG-Md,14280,ㄇㄛˊ,v1.4 原頁圖像逐符號直接轉寫（剩餘未解碼批次）,摩 p23｜直接原頁字形驗證
YenRoundZuinnEG-Md,14377,ㄉㄚˇ,v1.4 原頁圖像逐符號直接轉寫（剩餘未解碼批次）,打 p23｜直接原頁字形驗證
YenRoundZuinnEG-Md,14935,ㄑㄧㄣ,v1.4 原頁圖像逐符號直接轉寫（剩餘未解碼批次）,親 p24｜直接原頁字形驗證
YenRoundZuinnEG-Md,15444,ㄦˊ,v1.4 原頁圖像逐符號直接轉寫（剩餘未解碼批次）,兒 p24｜直接原頁字形驗證
YenRoundZuinnEG-Md,14257,ㄆㄧㄢˋ,v1.4 原頁圖像逐符號直接轉寫（剩餘未解碼批次）,片 p24｜直接原頁字形驗證
YenRoundZuinnEG-Md,14408,ㄉㄧㄠˋ,v1.4 原頁圖像逐符號直接轉寫（剩餘未解碼批次）,掉 p24｜直接原頁字形驗證
LinGothicZuinnEG-Bd,14940,ㄑㄧㄤˊ,v1.4 原頁圖像逐符號直接轉寫（剩餘未解碼批次）,強 p28｜直接原頁字形驗證
YenRoundZuinnEG-Bd,14278,ㄇㄛ,v1.4 原頁圖像逐符號直接轉寫（剩餘未解碼批次）,摸 p29｜直接原頁字形驗證
YenRoundZuinnEG-Md,15501,ㄨㄟˇ,v1.4 原頁圖像逐符號直接轉寫（剩餘未解碼批次）,尾 p29｜直接原頁字形驗證
YenRoundZuinnEG-Md,14239,ㄆㄤˊ,v1.4 原頁圖像逐符號直接轉寫（高倍率覆核修正）,膀 p29｜直接原頁字形驗證｜隔離推測值有誤，已以原頁高倍率覆核修正
YenRoundZuinnEG-Bd,14483,ㄊㄧㄥˊ,v1.4 原頁圖像逐符號直接轉寫（剩餘未解碼批次）,庭 p30｜直接原頁字形驗證
YenRoundZuinnEG-Md,14890,ㄐㄧㄤ,v1.4 原頁圖像逐符號直接轉寫（剩餘未解碼批次）,將 p32｜直接原頁字形驗證
YenRoundZuinnEG-Md,14696,ㄍㄢ,v1.4 原頁圖像逐符號直接轉寫（剩餘未解碼批次）,乾 p32｜直接原頁字形驗證
YenRoundZuinnEG-Md,14744,ㄎㄜ,v1.4 原頁圖像逐符號直接轉寫（剩餘未解碼批次）,顆 p32｜直接原頁字形驗證
YenRoundZuinnEG-Md,15194,ㄕㄨ,v1.4 原頁圖像逐符號直接轉寫（剩餘未解碼批次）,蔬 p33｜直接原頁字形驗證
YenRoundZuinnEG-Md,15464,ㄧㄡ,v1.4 原頁圖像逐符號直接轉寫（剩餘未解碼批次）,優 p33｜直接原頁字形驗證
YenRoundZuinnEG-Md,14322,ㄇㄧㄢˊ,v1.4 原頁圖像逐符號直接轉寫（剩餘未解碼批次）,眠 p33｜直接原頁字形驗證
YenRoundZuinnEG-Md,15302,ㄗㄨˊ,v1.4 原頁圖像逐符號直接轉寫（剩餘未解碼批次）,足 p33｜直接原頁字形驗證
LinGothicZuinnEG-Bd,15021,ㄒㄩˇ,v1.4 原頁圖像逐符號直接轉寫（剩餘未解碼批次）,許 p36｜直接原頁字形驗證
LinGothicZuinnEG-Bd,14810,ㄏㄠˋ,v1.4 原頁圖像逐符號直接轉寫（剩餘未解碼批次）,號 p36｜直接原頁字形驗證
YenRoundZuinnEG-Bd,15038,ㄓㄠ,v1.4 原頁圖像逐符號直接轉寫（剩餘未解碼批次）,招 p37｜直接原頁字形驗證
DFPBiaoKai-W5-ZhuIn-BFW,15455,ㄙㄨㄢˋ,v1.4 原頁圖像逐符號直接轉寫（剩餘未解碼批次）,算 p37｜直接原頁字形驗證
YenRoundZuinnEG-Md,14278,ㄇㄛ,v1.4 原頁圖像逐符號直接轉寫（剩餘未解碼批次）,摸 p39｜直接原頁字形驗證
YenRoundZuinnEG-Md,14816,ㄏㄢˊ,v1.4 原頁圖像逐符號直接轉寫（剩餘未解碼批次）,含 p39｜直接原頁字形驗證
YenRoundZuinn3EG-Md,14268,ㄕㄣˊ,v1.4 原頁圖像逐符號直接轉寫（剩餘未解碼批次）,什 p39｜直接原頁字形驗證
YenRoundZuinn1EG-Md,14283,˙ㄇㄜ,v1.4 原頁圖像逐符號直接轉寫（剩餘未解碼批次）,麼 p39｜直接原頁字形驗證
YenRoundZuinnEG-Md,14486,ㄊㄧˊ,v1.4 原頁圖像逐符號直接轉寫（剩餘未解碼批次）,提 p40｜直接原頁字形驗證
YenRoundZuinnEG-Md,14634,ㄌㄧㄢˊ,v1.4 原頁圖像逐符號直接轉寫（剩餘未解碼批次）,連 p40｜直接原頁字形驗證
YenRoundZuinnEG-Md,14873,ㄐㄧㄝˊ,v1.4 原頁圖像逐符號直接轉寫（剩餘未解碼批次）,結 p40｜直接原頁字形驗證
YenRoundZuinnEG-Md,15011,ㄒㄩㄢˇ,v1.4 原頁圖像逐符號直接轉寫（剩餘未解碼批次）,選 p40｜直接原頁字形驗證
YenRoundZuinnEG-Md,15369,ㄙㄡ,v1.4 原頁圖像逐符號直接轉寫（剩餘未解碼批次）,搜 p40｜直接原頁字形驗證
YenRoundZuinnEG-Md,15014,ㄒㄩㄣˊ,v1.4 原頁圖像逐符號直接轉寫（剩餘未解碼批次）,尋 p40｜直接原頁字形驗證
YenRoundZuinnEG-Md,15254,ㄖㄨˋ,v1.4 原頁圖像逐符號直接轉寫（剩餘未解碼批次）,入 p40｜直接原頁字形驗證
LinGothicZuinnEG-Md,14163,ㄅㄟˇ,v1.4 原頁圖像逐符號直接轉寫（剩餘未解碼批次）,北 p43｜直接原頁字形驗證
LinGothicZuinnEG-Md,15034,ㄓㄞˊ,v1.4 原頁圖像逐符號直接轉寫（剩餘未解碼批次）,宅 p43｜直接原頁字形驗證
LinGothicZuinnEG-Md,15474,ㄧㄣˇ,v1.4 原頁圖像逐符號直接轉寫（剩餘未解碼批次）,引 p43｜直接原頁字形驗證
LinGothicZuinnEG-Md,15508,ㄨㄣˊ,v1.4 原頁圖像逐符號直接轉寫（剩餘未解碼批次）,聞 p43｜直接原頁字形驗證
LinGothicZuinnEG-Md,15169,ㄕㄠ,v1.4 原頁圖像逐符號直接轉寫（剩餘未解碼批次）,燒 p43｜直接原頁字形驗證
LinGothicZuinnEG-Md,14942,ㄑㄧㄤˋ,v1.4 原頁圖像逐符號直接轉寫（剩餘未解碼批次）,嗆 p43｜直接原頁字形驗證
LinGothicZuinnEG-Md,14849,ㄏㄨㄣ,v1.4 原頁圖像逐符號直接轉寫（剩餘未解碼批次）,昏 p43｜直接原頁字形驗證
LinGothicZuinnEG-Md,15527,ㄩㄢˋ,v1.4 原頁圖像逐符號直接轉寫（剩餘未解碼批次）,院 p43｜直接原頁字形驗證
LinGothicZuinnEG-Bd,15034,ㄓㄞˊ,v1.4 原頁圖像逐符號直接轉寫（剩餘未解碼批次）,宅 p43｜直接原頁字形驗證
LinGothicZuinnEG-Bd,15254,ㄖㄨˋ,v1.4 原頁圖像逐符號直接轉寫（剩餘未解碼批次）,入 p43｜直接原頁字形驗證
YenRoundZuinnEG-Bd,15117,ㄔㄤˇ,v1.4 原頁圖像逐符號直接轉寫（剩餘未解碼批次）,場 p45｜直接原頁字形驗證
YenRoundZuinn1EG-Bd,15039,ㄓㄠˊ,v1.4 原頁圖像逐符號直接轉寫（剩餘未解碼批次）,著 p48｜直接原頁字形驗證
YenRoundZuinnEG-Bd,14853,ㄏㄨㄤ,v1.4 原頁圖像逐符號直接轉寫（剩餘未解碼批次）,慌 p48｜直接原頁字形驗證
YenRoundZuinnEG-Bd,14940,ㄑㄧㄤˊ,v1.4 原頁圖像逐符號直接轉寫（剩餘未解碼批次）,強 p49｜直接原頁字形驗證
YenRoundZuinnEG-Bd,14273,ㄇㄚ,v1.4 原頁圖像逐符號直接轉寫（剩餘未解碼批次）,媽 p50｜直接原頁字形驗證
YenRoundZuinnEG-Bd,14456,ㄊㄡˊ,v1.4 原頁圖像逐符號直接轉寫（剩餘未解碼批次）,頭 p50｜直接原頁字形驗證
DFPBiaoKai-W5-ZhuIn-BFW,15026,ㄑㄩˇ,v1.4 原頁圖像逐符號直接轉寫（剩餘未解碼批次）,取 p53｜直接原頁字形驗證
YenRoundZuinnEG-Bd,15034,ㄓㄞˊ,v1.4 原頁圖像逐符號直接轉寫（剩餘未解碼批次）,宅 p53｜直接原頁字形驗證
LinGothicZuinnEG-Bd,15367,ㄙㄠˇ,v1.4 原頁圖像逐符號直接轉寫（剩餘未解碼批次）,掃 p54｜直接原頁字形驗證
LinGothicZuinnEG-Bd,14583,ㄌㄚ,v1.4 原頁圖像逐符號直接轉寫（剩餘未解碼批次）,拉 p54｜直接原頁字形驗證
LinGothicZuinnEG-Bd,15118,ㄔㄤˋ,v1.4 原頁圖像逐符號直接轉寫（剩餘未解碼批次）,倡 p56｜直接原頁字形驗證
LinGothicZuinnEG-Bd,14387,ㄉㄠˇ,v1.4 原頁圖像逐符號直接轉寫（剩餘未解碼批次）,導 p56｜直接原頁字形驗證
LinGothicZuinnEG-Bd,15469,ㄧㄢˊ,v1.4 原頁圖像逐符號直接轉寫（剩餘未解碼批次）,言 p56｜直接原頁字形驗證
DFPBiaoKai-W5-ZhuIn-BFW,15187,ㄔㄤˋ,v1.4 原頁圖像逐符號直接轉寫（剩餘未解碼批次）,倡 p56｜直接原頁字形驗證
YenRoundZuinnEG-Bd,14790,ㄎㄨㄥ,v1.4 原頁圖像逐符號直接轉寫（剩餘未解碼批次）,空 p60｜直接原頁字形驗證
YenRoundZuinnEG-Bd,15269,ㄗㄠˋ,v1.4 原頁圖像逐符號直接轉寫（剩餘未解碼批次）,造 p60｜直接原頁字形驗證
YenRoundZuinnEG-Bd,14804,ㄏㄞˋ,v1.4 原頁圖像逐符號直接轉寫（剩餘未解碼批次）,害 p60｜直接原頁字形驗證
YenRoundZuinnEG-Md,15461,ㄧㄠˊ,v1.4 原頁圖像逐符號直接轉寫（剩餘未解碼批次）,搖 p63｜直接原頁字形驗證
YenRoundZuinnEG-Md,15474,ㄧㄣˇ,v1.4 原頁圖像逐符號直接轉寫（剩餘未解碼批次）,飲 p63｜直接原頁字形驗證
YenRoundZuinnEG-Md,14209,ㄆㄚˋ,v1.4 原頁圖像逐符號直接轉寫（剩餘未解碼批次）,帕 p63｜直接原頁字形驗證
YenRoundZuinn1EG-Md,14715,ㄍㄨㄛˋ,v1.4 原頁圖像逐符號直接轉寫（剩餘未解碼批次）,過 p63｜直接原頁字形驗證
YenRoundZuinnEG-Md,15518,ㄨˊ,v1.4 原頁圖像逐符號直接轉寫（剩餘未解碼批次）,無 p63｜直接原頁字形驗證
YenRoundZuinnEG-Md,14253,ㄆㄧㄠˋ,v1.4 原頁圖像逐符號直接轉寫（剩餘未解碼批次）,票 p63｜直接原頁字形驗證
DFPBiaoKai-W5-ZhuIn-BFW,14931,ㄏㄨㄣˋ,v1.4 原頁圖像逐符號直接轉寫（剩餘未解碼批次）,混 p65｜直接原頁字形驗證
DFPBiaoKai-W5-ZhuIn-BFW,15216,ㄔㄨㄤˋ,v1.4 原頁圖像逐符號直接轉寫（剩餘未解碼批次）,創 p66｜直接原頁字形驗證
DFPBiaoKai-W5-ZhuIn-BFW,15419,ㄙ,v1.4 原頁圖像逐符號直接轉寫（剩餘未解碼批次）,思 p68｜直接原頁字形驗證
YenRoundZuinnEG-Bd,14494,ㄊㄨㄟ,v1.4 原頁圖像逐符號直接轉寫（剩餘未解碼批次）,推 p74｜直接原頁字形驗證
YenRoundZuinnEG-Bd,14685,ㄍㄜˋ,v1.4 原頁圖像逐符號直接轉寫（剩餘未解碼批次）,各 p75｜直接原頁字形驗證
YenRoundZuinn1EG-Bd,14892,ㄐㄧㄤ,v1.4 原頁圖像逐符號直接轉寫（剩餘未解碼批次）,將 p78｜直接原頁字形驗證
DFPBiaoKai-W5-ZhuIn-BFW,14909,ㄏㄨˇ,v1.4 原頁圖像逐符號直接轉寫（剩餘未解碼批次）,虎 p79｜直接原頁字形驗證
YenRoundZuinnEG-Md,14810,ㄏㄠˋ,v1.4 原頁圖像逐符號直接轉寫（剩餘未解碼批次）,號 p82｜直接原頁字形驗證
DFPBiaoKai-W5-ZhuIn-BFW,15260,ㄕㄥˋ,v1.4 原頁圖像逐符號直接轉寫（剩餘未解碼批次）,勝 p84｜直接原頁字形驗證
YenRoundZuinnEG-Md,15351,ㄘㄨㄥˊ,v1.4 原頁圖像逐符號直接轉寫（剩餘未解碼批次）,從 p85｜直接原頁字形驗證
YenRoundZuinnEG-Md,14985,ㄒㄧㄢˇ,v1.4 原頁圖像逐符號直接轉寫（剩餘未解碼批次）,險 p85｜直接原頁字形驗證
YenRoundZuinnEG-Md,14641,ㄌㄧㄤˇ,v1.4 原頁圖像逐符號直接轉寫（剩餘未解碼批次）,兩 p86｜直接原頁字形驗證
YenRoundZuinnEG-Md,14475,ㄊㄧㄠˊ,v1.4 原頁圖像逐符號直接轉寫（剩餘未解碼批次）,條 p86｜直接原頁字形驗證
YenRoundZuinnEG-Md,14964,ㄑㄩˇ,v1.4 原頁圖像逐符號直接轉寫（剩餘未解碼批次）,取 p86｜直接原頁字形驗證
YenRoundZuinnEG-Md,14683,ㄍㄜˊ,v1.4 原頁圖像逐符號直接轉寫（剩餘未解碼批次）,格 p86｜直接原頁字形驗證
YenRoundZuinnEG-Md,14198,ㄅㄧㄥˋ,v1.4 原頁圖像逐符號直接轉寫（剩餘未解碼批次）,並 p86｜直接原頁字形驗證
DFPBiaoKai-W5-ZhuIn-BFW,15217,ㄔㄨㄤˇ,v1.4 原頁圖像逐符號直接轉寫（剩餘未解碼批次）,闖 p88｜直接原頁字形驗證
YenRoundZuinnEG-Md,14432,ㄉㄨㄣ,v1.4 原頁圖像逐符號直接轉寫（剩餘未解碼批次）,蹲 p88｜直接原頁字形驗證
YenRoundZuinnEG-Bd,14432,ㄉㄨㄣ,v1.4 原頁圖像逐符號直接轉寫（剩餘未解碼批次）,蹲 p88｜直接原頁字形驗證
YenRoundZuinnEG-Bd,14827,ㄏㄥˊ,v1.4 原頁圖像逐符號直接轉寫（剩餘未解碼批次）,橫 p89｜直接原頁字形驗證
YenRoundZuinnEG-Bd,15367,ㄙㄠˇ,v1.4 原頁圖像逐符號直接轉寫（剩餘未解碼批次）,掃 p89｜直接原頁字形驗證
YenRoundZuinnEG-Bd,14397,ㄉㄤˋ,v1.4 原頁圖像逐符號直接轉寫（剩餘未解碼批次）,盪 p90｜直接原頁字形驗證
ZhuYinNREG-Md,15052,ㄓㄤ,v1.4 原頁圖像逐符號直接轉寫（剩餘未解碼批次）,張 p92｜直接原頁字形驗證
DFPBiaoKai-W5-ZhuIn-BFW,15063,ㄒㄧㄣˋ,v1.4 原頁圖像逐符號直接轉寫（剩餘未解碼批次）,信 p94｜直接原頁字形驗證
YenRoundZuinnEG-Bd,14345,ㄈㄟˋ,v1.4 原頁圖像逐符號直接轉寫（剩餘未解碼批次）,費 p94｜直接原頁字形驗證
YenRoundZuinn1EG-Bd,14964,ㄑㄩˇ,v1.4 原頁圖像逐符號直接轉寫（剩餘未解碼批次）,曲 p94｜直接原頁字形驗證
YenRoundZuinnEG-Lt,14170,ㄅㄢ,v1.4 原頁圖像逐符號直接轉寫（剩餘未解碼批次）,頒 p100｜直接原頁字形驗證
YenRoundZuinnEG-Md,14665,ㄌㄨㄥˇ,v1.4 原頁圖像逐符號直接轉寫（剩餘未解碼批次）,攏 p107｜直接原頁字形驗證
YenRoundZuinn1EG-Md,14792,ㄎㄨㄥˋ,使用者原頁人工確認（2026-08-14）＋跨冊回歸修正 v2.2,三下 P106「空隙」的「空」課本實際標 ㄎㄨㄥˋ；舊 v1.4 直接轉寫誤記為 ㄎㄨㄥ。此 glyph 在目前回歸資料僅出現此位置。
YenRoundZuinnEG-Md,14203,ㄅㄨˋ,v1.4 原頁圖像逐符號直接轉寫（剩餘未解碼批次）,不 p107｜直接原頁字形驗證
LinGothicZuinnEG-Bd,14432,ㄉㄨㄣ,v1.4 原頁圖像逐符號直接轉寫（剩餘未解碼批次）,蹲 p111｜直接原頁字形驗證
LinGothicZuinnEG-Bd,14486,ㄊㄧˊ,v1.4 原頁圖像逐符號直接轉寫（剩餘未解碼批次）,提 p111｜直接原頁字形驗證
LinGothicZuinnEG-Bd,15381,ㄙㄨㄛ,v1.4 原頁圖像逐符號直接轉寫（剩餘未解碼批次）,縮 p111｜直接原頁字形驗證
ZhuYinNREG-Md,15409,ㄛ,v1.4 原頁圖像逐符號直接轉寫（剩餘未解碼批次）,喔 p112｜直接原頁字形驗證
DFPBiaoKai-W5-ZhuIn-BFW,15021,ㄑㄧㄥˋ,v1.4 原頁圖像逐符號直接轉寫（剩餘未解碼批次）,慶 p113｜直接原頁字形驗證
YenRoundZuinnEG-Lt,15073,ㄓㄨㄣˇ,v1.4 原頁圖像逐符號直接轉寫（剩餘未解碼批次）,準 p123｜直接原頁字形驗證
YenRoundZuinnEG-Lt,14685,ㄍㄜˋ,v1.4 原頁圖像逐符號直接轉寫（剩餘未解碼批次）,各 p123｜直接原頁字形驗證
YenRoundZuinnEG-Lt,14200,ㄅㄧˇ,v1.4 原頁圖像逐符號直接轉寫（剩餘未解碼批次）,比 p123｜直接原頁字形驗證
YenRoundZuinnEG-Lt,14194,ㄅㄧㄣ,v1.4 原頁圖像逐符號直接轉寫（剩餘未解碼批次）,賓 p123｜直接原頁字形驗證
YenRoundZuinnEG-Lt,15055,ㄓㄥ,v1.4 原頁圖像逐符號直接轉寫（剩餘未解碼批次）,爭 p124｜直接原頁字形驗證
YenRoundZuinnEG-Lt,14964,ㄑㄩˇ,v1.4 原頁圖像逐符號直接轉寫（剩餘未解碼批次）,取 p124｜直接原頁字形驗證
YenRoundZuinn2EG-Lt,15062,ㄓㄨㄛˊ,v1.4 原頁圖像逐符號直接轉寫（剩餘未解碼批次）,著 p124｜直接原頁字形驗證
YenRoundZuinnEG-Lt,14508,ㄊㄨㄥˇ,v1.4 原頁圖像逐符號直接轉寫（剩餘未解碼批次）,統 p124｜直接原頁字形驗證
YenRoundZuinnEG-Lt,15117,ㄔㄤˇ,v1.4 原頁圖像逐符號直接轉寫（剩餘未解碼批次）,場 p124｜直接原頁字形驗證
DFPBiaoKai-W5-ZhuIn-BFW,15450,ㄙㄨㄟ,v1.4 原頁圖像逐符號直接轉寫（剩餘未解碼批次）,雖 p143｜直接原頁字形驗證
LinGothicZuinnEG-Bd,14362,ㄈㄤˋ,v1.4 原頁圖像逐符號直接轉寫（剩餘未解碼批次）,放 p154｜直接原頁字形驗證
LinGothicZuinn1EG-Bd,14870,ㄐㄧㄚˋ,v1.4 原頁圖像逐符號直接轉寫（剩餘未解碼批次）,假 p154｜直接原頁字形驗證
LinGothicZuinn1EG-Bd,14818,ㄏㄢˋ,v1.4 原頁圖像逐符號直接轉寫（剩餘未解碼批次）,和 p154｜直接原頁字形驗證
LinGothicZuinnEG-Bd,15168,ㄕㄟˊ,v1.4 原頁圖像逐符號直接轉寫（剩餘未解碼批次）,誰 p154｜直接原頁字形驗證
LinGothicZuinn3EG-Bd,14268,ㄕㄣˊ,v1.4 原頁圖像逐符號直接轉寫（剩餘未解碼批次）,什 p154｜直接原頁字形驗證
LinGothicZuinn1EG-Bd,14283,˙ㄇㄜ,v1.4 原頁圖像逐符號直接轉寫（剩餘未解碼批次）,麼 p154｜直接原頁字形驗證
YenRoundZuinnEG-Lt,14890,ㄐㄧㄤ,v1.4 原頁圖像逐符號直接轉寫（剩餘未解碼批次）,將 p157｜直接原頁字形驗證
YenRoundZuinnEG-Lt,15470,ㄧㄢˇ,v1.4 原頁圖像逐符號直接轉寫（剩餘未解碼批次）,眼 p157｜直接原頁字形驗證
YenRoundZuinnEG-Lt,15539,ㄩˇ,v1.4 原頁圖像逐符號直接轉寫（剩餘未解碼批次）,與 p157｜直接原頁字形驗證
YenRoundZuinnEG-Lt,14148,ㄅㄚ,v1.4 原頁圖像逐符號直接轉寫（剩餘未解碼批次）,巴 p157｜直接原頁字形驗證
YenRoundZuinnEG-Lt,14486,ㄊㄧˊ,v1.4 原頁圖像逐符號直接轉寫（剩餘未解碼批次）,提 p157｜直接原頁字形驗證
YenRoundZuinn1EG-Lt,14818,ㄏㄢˋ,v1.4 原頁圖像逐符號直接轉寫（剩餘未解碼批次）,和 p158｜直接原頁字形驗證
YenRoundZuinnEG-Lt,15462,ㄧㄠˇ,v1.4 原頁圖像逐符號直接轉寫（剩餘未解碼批次）,咬 p158｜直接原頁字形驗證
YenRoundZuinnEG-Lt,15271,ㄗㄡˇ,v1.4 原頁圖像逐符號直接轉寫（剩餘未解碼批次）,走 p158｜直接原頁字形驗證
YenRoundZuinnEG-Lt,14203,ㄅㄨˋ,v1.4 原頁圖像逐符號直接轉寫（剩餘未解碼批次）,不 p158｜直接原頁字形驗證
YenRoundZuinnEG-Lt,14831,ㄏㄨㄚˊ,v1.4 原頁圖像逐符號直接轉寫（剩餘未解碼批次）,滑 p158｜直接原頁字形驗證
YenRoundZuinnEG-Lt,14387,ㄉㄠˇ,v1.4 原頁圖像逐符號直接轉寫（剩餘未解碼批次）,倒 p158｜直接原頁字形驗證
YenRoundZuinnEG-Bd,14170,ㄅㄢ,v1.4 原頁圖像逐符號直接轉寫（剩餘未解碼批次）,般 p162｜直接原頁字形驗證
YenRoundZuinnEG-Bd,14215,ㄆㄞ,v1.4 原頁圖像逐符號直接轉寫（剩餘未解碼批次）,拍 p162｜直接原頁字形驗證
YenRoundZuinnEG-Bd,14583,ㄌㄚ,v1.4 原頁圖像逐符號直接轉寫（剩餘未解碼批次）,拉 p162｜直接原頁字形驗證
YenRoundZuinn1EG-Bd,14818,ㄏㄢˋ,v1.4 原頁圖像逐符號直接轉寫（剩餘未解碼批次）,和 p162｜直接原頁字形驗證
YenRoundZuinnEG-Bd,14839,ㄏㄨㄞˊ,v1.4 原頁圖像逐符號直接轉寫（剩餘未解碼批次）,踝 p162｜直接原頁字形驗證
YenRoundZuinnEG-Bd,14470,ㄊㄧ,v1.4 原頁圖像逐符號直接轉寫（剩餘未解碼批次）,踢 p162｜直接原頁字形驗證
ZhuYinNREG-Md,15444,ㄦˊ,v1.4 原頁圖像逐符號直接轉寫（剩餘未解碼批次）,兒 p169｜直接原頁字形驗證
YenRoundZuinnEG-Bd,14257,ㄆㄧㄢˋ,v1.4 原頁圖像逐符號直接轉寫（剩餘未解碼批次）,片 p170｜直接原頁字形驗證
DFPBiaoKai-W5-ZhuIn-BFW,15265,ㄕㄨˇ,v1.4 原頁圖像逐符號直接轉寫（剩餘未解碼批次）,署 p170｜直接原頁字形驗證
DFPBiaoKai-W5-ZhuIn-BFW,14988,ㄑㄧ,v1.4 原頁圖像逐符號直接轉寫（剩餘未解碼批次）,七 p172｜直接原頁字形驗證
DFPBiaoKai-W5-PoIn1-BFW,14125,˙ㄚ,v1.4 L02 原頁高倍率逐符號覆核,啊 p1
DFPBiaoKai-W5-PoIn1-BFW,14943,ㄐㄧˋ,v1.4 L02 原頁高倍率逐符號覆核,繫 p8/p9
DFPBiaoKai-W5-PoIn1-BFW,14167,ㄧˋ,v1.4 L02 原頁高倍率逐符號覆核,誼 p17
DFPBiaoKai-W5-PoIn1-BFW,14870,ㄎㄨㄥˋ,使用者原頁人工確認（v1.8.1，2026-08-14）,L02 課本P43「空格中」的「空」原頁實際標ㄎㄨㄥˋ；v1.8 的ㄎㄨㄥ為解碼映射誤讀，已修正。
ZhuYinNREG-Md,14689,ㄍㄟˇ,v1.4 目次原頁高倍率逐符號覆核,給 p1
DFPBiaoKai-W5-ZhuIn-BFW,14401,ㄇㄢˋ,v1.4 目次原頁高倍率逐符號覆核,蔓 p1
YenRoundZuinnEG-Md,14682,ㄍㄜˋ,v1.4 目次原頁高倍率逐符號覆核,個 p1
YenRoundZuinnEG-Md,14395,ㄉㄤ,v1.4 目次原頁高倍率逐符號覆核,當 p1
YenRoundZuinnEG-Md,14663,ㄌㄨㄣˋ,v1.4 目次原頁高倍率逐符號覆核,論 p1
YenRoundZuinnEG-Md,14389,ㄉㄡ,v1.4 目次原頁高倍率逐符號覆核,都 p1
YenRoundZuinnEG-Md,14342,ㄈㄟ,v1.4 目次原頁高倍率逐符號覆核,非 p1
YenRoundZuinnEG-Md,14922,ㄑㄧㄝˇ,v1.4 目次原頁高倍率逐符號覆核,且 p1
YenRoundZuinnEG-Md,15478,ㄧㄤˇ,v1.4 目次原頁高倍率逐符號覆核,養 p1
YenRoundZuinnEG-Md,14640,ㄌㄧㄤˊ,v1.4 目次原頁高倍率逐符號覆核,良 p1
YenRoundZuinnEG-Md,14581,ㄋㄩˇ,v1.4 目次原頁高倍率逐符號覆核,女 p2
YenRoundZuinnEG-Md,14887,ㄐㄧㄣ,v1.4 目次原頁高倍率逐符號覆核,斤 p3
YenRoundZuinnEG-Md,15089,ㄔㄚˊ,v1.4 目次原頁高倍率逐符號覆核,查 p3
YenRoundZuinnEG-Bd,15478,ㄧㄤˇ,v1.4 目次原頁高倍率逐符號覆核,養 p4
YenRoundZuinnEG-Bd,14573,ㄋㄨㄢˇ,v1.4 目次原頁高倍率逐符號覆核,暖 p5
YenRoundZuinnEG-Bd,15317,ㄘㄠ,v1.4 目次原頁高倍率逐符號覆核,操 p5
YenRoundZuinnEG-Bd,15029,˙ㄓㄜ,v1.4 目次原頁高倍率逐符號覆核,著 p5
YenRoundZuinnEG-Bd,14173,ㄅㄣ,v1.4 目次原頁高倍率逐符號覆核,奔 p5
DFPBiaoKai-W5-ZhuIn-BFW,14255,ㄩㄥˇ,v1.7 直接渲染注音元件字形逐筆轉寫（剩餘240鍵）,泳 p159｜字形直接視覺轉寫；以相鄰已知字形/聲調位置交叉確認
DFPBiaoKai-W5-ZhuIn-BFW,14389,ㄇㄞˇ,v1.7 直接渲染注音元件字形逐筆轉寫（剩餘240鍵）,"買 p62,94｜字形直接視覺轉寫；以相鄰已知字形/聲調位置交叉確認"
DFPBiaoKai-W5-ZhuIn-BFW,14498,ㄉㄥˋ,v1.7 直接渲染注音元件字形逐筆轉寫（剩餘240鍵）,"蹬 p165,171｜字形直接視覺轉寫；以相鄰已知字形/聲調位置交叉確認"
DFPBiaoKai-W5-ZhuIn-BFW,14500,ㄉㄧ,v1.7 直接渲染注音元件字形逐筆轉寫（剩餘240鍵）,"低 p63,131,165｜字形直接視覺轉寫；以相鄰已知字形/聲調位置交叉確認"
DFPBiaoKai-W5-ZhuIn-BFW,14728,ㄌㄧㄥˊ,v1.7 直接渲染注音元件字形逐筆轉寫（剩餘240鍵）,"靈 p87,90,149｜字形直接視覺轉寫；以相鄰已知字形/聲調位置交叉確認"
DFPBiaoKai-W5-ZhuIn-BFW,14730,ㄌㄧㄥˇ,v1.7 直接渲染注音元件字形逐筆轉寫（剩餘240鍵）,"領 p109,171｜字形直接視覺轉寫；以相鄰已知字形/聲調位置交叉確認"
DFPBiaoKai-W5-ZhuIn-BFW,14765,ㄍㄞ,v1.7 直接渲染注音元件字形逐筆轉寫（剩餘240鍵）,"該 p48,69,91｜字形直接視覺轉寫；以相鄰已知字形/聲調位置交叉確認"
YenRoundZuinnEG-Bd,14448,ㄊㄞˊ,v1.7 直接渲染注音元件字形逐筆轉寫（剩餘240鍵）,臺 p50｜字形直接視覺轉寫；以相鄰已知字形/聲調位置交叉確認
YenRoundZuinnEG-Bd,14695,ㄍㄡˋ,v1.7 直接渲染注音元件字形逐筆轉寫（剩餘240鍵）,購 p94｜字形直接視覺轉寫；以相鄰已知字形/聲調位置交叉確認
YenRoundZuinnEG-Md,14472,ㄊㄧㄝˇ,v1.7 直接渲染注音元件字形逐筆轉寫（剩餘240鍵）,"鐵 p70,169｜字形直接視覺轉寫；以相鄰已知字形/聲調位置交叉確認"
YenRoundZuinnEG-Md,14914,ㄐㄩˋ,v1.7 直接渲染注音元件字形逐筆轉寫（剩餘240鍵）,"具、距 p63,107｜字形直接視覺轉寫；以相鄰已知字形/聲調位置交叉確認"
DFPBiaoKai-W5-ZhuIn-BFW,14196,ㄧㄤˊ,v1.7 直接渲染注音元件字形逐筆轉寫（剩餘240鍵）,"洋 p9,172｜字形直接視覺轉寫；以相鄰已知字形/聲調位置交叉確認"
DFPBiaoKai-W5-ZhuIn-BFW,14221,ㄨㄢ,v1.7 直接渲染注音元件字形逐筆轉寫（剩餘240鍵）,"彎、灣 p79,113｜字形直接視覺轉寫；以相鄰已知字形/聲調位置交叉確認"
DFPBiaoKai-W5-ZhuIn-BFW,14261,ㄅㄛ,v1.7 直接渲染注音元件字形逐筆轉寫（剩餘240鍵）,"玻 p170,171｜字形直接視覺轉寫；以相鄰已知字形/聲調位置交叉確認"
DFPBiaoKai-W5-ZhuIn-BFW,14267,ㄅㄞˋ,v1.7 直接渲染注音元件字形逐筆轉寫（剩餘240鍵）,"敗 p84,167｜字形直接視覺轉寫；以相鄰已知字形/聲調位置交叉確認"
DFPBiaoKai-W5-ZhuIn-BFW,14268,ㄅㄞˇ,v1.7 直接渲染注音元件字形逐筆轉寫（剩餘240鍵）,擺 p162｜字形直接視覺轉寫；以相鄰已知字形/聲調位置交叉確認
DFPBiaoKai-W5-ZhuIn-BFW,14313,ㄆㄚˊ,v1.7 直接渲染注音元件字形逐筆轉寫（剩餘240鍵）,爬 p19｜字形直接視覺轉寫；以相鄰已知字形/聲調位置交叉確認
DFPBiaoKai-W5-ZhuIn-BFW,14360,ㄆㄧㄢ,v1.7 直接渲染注音元件字形逐筆轉寫（剩餘240鍵）,偏 p60｜字形直接視覺轉寫；以相鄰已知字形/聲調位置交叉確認
DFPBiaoKai-W5-ZhuIn-BFW,14430,ㄇㄧㄣˇ,v1.7 直接渲染注音元件字形逐筆轉寫（剩餘240鍵）,"敏 p87,149｜字形直接視覺轉寫；以相鄰已知字形/聲調位置交叉確認"
DFPBiaoKai-W5-ZhuIn-BFW,14436,ㄇㄨˇ,v1.7 直接渲染注音元件字形逐筆轉寫（剩餘240鍵）,母 p13｜字形直接視覺轉寫；以相鄰已知字形/聲調位置交叉確認
DFPBiaoKai-W5-ZhuIn-BFW,14471,ㄈㄨˇ,v1.7 直接渲染注音元件字形逐筆轉寫（剩餘240鍵）,"俯 p163,167｜字形直接視覺轉寫；以相鄰已知字形/聲調位置交叉確認"
DFPBiaoKai-W5-ZhuIn-BFW,14510,ㄉㄧㄡ,v1.7 直接渲染注音元件字形逐筆轉寫（剩餘240鍵）,"丟 p65,68｜字形直接視覺轉寫；以相鄰已知字形/聲調位置交叉確認"
DFPBiaoKai-W5-ZhuIn-BFW,14537,ㄊㄚˋ,v1.7 直接渲染注音元件字形逐筆轉寫（剩餘240鍵）,踏 p172｜字形直接視覺轉寫；以相鄰已知字形/聲調位置交叉確認
DFPBiaoKai-W5-ZhuIn-BFW,14546,ㄊㄠˋ,v1.7 直接渲染注音元件字形逐筆轉寫（剩餘240鍵）,"套 p158,173｜字形直接視覺轉寫；以相鄰已知字形/聲調位置交叉確認"
DFPBiaoKai-W5-ZhuIn-BFW,14568,ㄊㄧㄝˇ,v1.7 直接渲染注音元件字形逐筆轉寫（剩餘240鍵）,"鐵 p170,171｜字形直接視覺轉寫；以相鄰已知字形/聲調位置交叉確認"
DFPBiaoKai-W5-ZhuIn-BFW,14649,ㄋㄧㄢˋ,v1.7 直接渲染注音元件字形逐筆轉寫（剩餘240鍵）,"念 p24,135｜字形直接視覺轉寫；以相鄰已知字形/聲調位置交叉確認"
DFPBiaoKai-W5-ZhuIn-BFW,14674,ㄉㄢˇ,v1.7 直接渲染注音元件字形逐筆轉寫（剩餘240鍵）,臘 p73｜字形直接視覺轉寫；以相鄰已知字形/聲調位置交叉確認
DFPBiaoKai-W5-ZhuIn-BFW,14881,ㄏㄞˇ,v1.7 直接渲染注音元件字形逐筆轉寫（剩餘240鍵）,"海 p157,172｜字形直接視覺轉寫；以相鄰已知字形/聲調位置交叉確認"
DFPBiaoKai-W5-ZhuIn-BFW,14895,ㄏㄢˇ,v1.7 直接渲染注音元件字形逐筆轉寫（剩餘240鍵）,"喊 p79,81｜字形直接視覺轉寫；以相鄰已知字形/聲調位置交叉確認"
DFPBiaoKai-W5-ZhuIn-BFW,14925,ㄏㄨㄢ,v1.7 直接渲染注音元件字形逐筆轉寫（剩餘240鍵）,"歡 p61,171｜字形直接視覺轉寫；以相鄰已知字形/聲調位置交叉確認"
DFPBiaoKai-W5-ZhuIn-BFW,14959,ㄐㄧㄡˇ,v1.7 直接渲染注音元件字形逐筆轉寫（剩餘240鍵）,"久、酒 p17,171｜字形直接視覺轉寫；以相鄰已知字形/聲調位置交叉確認"
DFPBiaoKai-W5-ZhuIn-BFW,14975,ㄐㄩˇ,v1.7 直接渲染注音元件字形逐筆轉寫（剩餘240鍵）,"舉 p123,124｜字形直接視覺轉寫；以相鄰已知字形/聲調位置交叉確認"
DFPBiaoKai-W5-ZhuIn-BFW,15113,ㄓㄡ,v1.7 直接渲染注音元件字形逐筆轉寫（剩餘240鍵）,"周 p56,64｜字形直接視覺轉寫；以相鄰已知字形/聲調位置交叉確認"
DFPBiaoKai-W5-ZhuIn-BFW,15115,ㄓㄡˋ,v1.7 直接渲染注音元件字形逐筆轉寫（剩餘240鍵）,皺 p18｜字形直接視覺轉寫；以相鄰已知字形/聲調位置交叉確認
DFPBiaoKai-W5-ZhuIn-BFW,15124,ㄓㄤˋ,v1.7 直接渲染注音元件字形逐筆轉寫（剩餘240鍵）,脹 p28｜字形直接視覺轉寫；以相鄰已知字形/聲調位置交叉確認
DFPBiaoKai-W5-ZhuIn-BFW,15272,ㄕㄨㄞˇ,v1.7 直接渲染注音元件字形逐筆轉寫（剩餘240鍵）,"甩 p90,162｜字形直接視覺轉寫；以相鄰已知字形/聲調位置交叉確認"
DFPBiaoKai-W5-ZhuIn-BFW,15274,ㄕㄨㄟˋ,v1.7 直接渲染注音元件字形逐筆轉寫（剩餘240鍵）,"睡 p16,28｜字形直接視覺轉寫；以相鄰已知字形/聲調位置交叉確認"
DFPBiaoKai-W5-ZhuIn-BFW,15284,ㄕㄡˊ,v1.7 直接渲染注音元件字形逐筆轉寫（剩餘240鍵）,"熱 p55,170｜字形直接視覺轉寫；以相鄰已知字形/聲調位置交叉確認"
LinGothicZuinnEG-Md,14574,ㄋㄨㄥˊ,v1.7.1 直接渲染字形二次覆核修正,濃 p43｜字形直接視覺轉寫；以相鄰已知字形/聲調位置交叉確認｜二次覆核：修正初次轉寫誤讀
YenRoundZuinnEG-Bd,14290,ㄇㄟˋ,v1.7 直接渲染注音元件字形逐筆轉寫（剩餘240鍵）,妹 p50｜字形直接視覺轉寫；以相鄰已知字形/聲調位置交叉確認
YenRoundZuinnEG-Bd,14319,ㄇㄧㄠˋ,v1.7 直接渲染注音元件字形逐筆轉寫（剩餘240鍵）,"妙 p5,37｜字形直接視覺轉寫；以相鄰已知字形/聲調位置交叉確認"
YenRoundZuinnEG-Bd,14351,ㄈㄢˊ,v1.7 直接渲染注音元件字形逐筆轉寫（剩餘240鍵）,煩 p5｜字形直接視覺轉寫；以相鄰已知字形/聲調位置交叉確認
YenRoundZuinnEG-Bd,15230,ㄖㄢˇ,v1.7 直接渲染注音元件字形逐筆轉寫（剩餘240鍵）,染 p60｜字形直接視覺轉寫；以相鄰已知字形/聲調位置交叉確認
YenRoundZuinnEG-Md,14153,ㄅㄛ,v1.7 直接渲染注音元件字形逐筆轉寫（剩餘240鍵）,"玻 p70,169｜字形直接視覺轉寫；以相鄰已知字形/聲調位置交叉確認"
YenRoundZuinnEG-Md,14399,ㄉㄥˇ,v1.7 直接渲染注音元件字形逐筆轉寫（剩餘240鍵）,"等 p2,63｜字形直接視覺轉寫；以相鄰已知字形/聲調位置交叉確認"
YenRoundZuinnEG-Md,14435,ㄉㄨㄥ,v1.7 直接渲染注音元件字形逐筆轉寫（剩餘240鍵）,"東 p33,63｜字形直接視覺轉寫；以相鄰已知字形/聲調位置交叉確認"
YenRoundZuinnEG-Md,14510,ㄊㄨˊ,v1.7.1 直接渲染字形二次覆核修正,圖 p40｜字形直接視覺轉寫；以相鄰已知字形/聲調位置交叉確認｜二次覆核：修正初次轉寫誤讀
YenRoundZuinnEG-Md,14842,ㄏㄨㄟˊ,v1.7 直接渲染注音元件字形逐筆轉寫（剩餘240鍵）,迴 p88｜字形直接視覺轉寫；以相鄰已知字形/聲調位置交叉確認
YenRoundZuinnEG-Md,14944,ㄑㄧㄥˊ,v1.7 直接渲染注音元件字形逐筆轉寫（剩餘240鍵）,"情 p23,33｜字形直接視覺轉寫；以相鄰已知字形/聲調位置交叉確認"
YenRoundZuinnEG-Md,15075,ㄓㄨㄤ,v1.7 直接渲染注音元件字形逐筆轉寫（剩餘240鍵）,裝 p63｜字形直接視覺轉寫；以相鄰已知字形/聲調位置交叉確認
YenRoundZuinnEG-Md,15099,ㄔㄠ,v1.7 直接渲染注音元件字形逐筆轉寫（剩餘240鍵）,"超 p32,85｜字形直接視覺轉寫；以相鄰已知字形/聲調位置交叉確認"
YenRoundZuinnEG-Md,15208,ㄕㄨㄣˋ,v1.7 直接渲染注音元件字形逐筆轉寫（剩餘240鍵）,"順 p16,85｜字形直接視覺轉寫；以相鄰已知字形/聲調位置交叉確認"
YenRoundZuinnEG-Md,15253,ㄖㄨˇ,v1.7 直接渲染注音元件字形逐筆轉寫（剩餘240鍵）,"乳 p24,33｜字形直接視覺轉寫；以相鄰已知字形/聲調位置交叉確認"
DFPBiaoKai-W5-ZhuIn-BFW,14201,ㄧㄥˋ,v1.7 直接渲染注音元件字形逐筆轉寫（剩餘240鍵）,硬 p162｜字形直接視覺轉寫；以相鄰已知字形/聲調位置交叉確認
DFPBiaoKai-W5-ZhuIn-BFW,14207,ㄨㄚ,v1.7 直接渲染注音元件字形逐筆轉寫（剩餘240鍵）,蛙 p173｜字形直接視覺轉寫；以相鄰已知字形/聲調位置交叉確認
DFPBiaoKai-W5-ZhuIn-BFW,14245,ㄩㄢˋ,v1.7 直接渲染注音元件字形逐筆轉寫（剩餘240鍵）,願 p56｜字形直接視覺轉寫；以相鄰已知字形/聲調位置交叉確認
DFPBiaoKai-W5-ZhuIn-BFW,14269,ㄅㄟ,v1.7 直接渲染注音元件字形逐筆轉寫（剩餘240鍵）,杯 p171｜字形直接視覺轉寫；以相鄰已知字形/聲調位置交叉確認
DFPBiaoKai-W5-ZhuIn-BFW,14278,ㄅㄢˇ,v1.7 直接渲染注音元件字形逐筆轉寫（剩餘240鍵）,板 p163｜字形直接視覺轉寫；以相鄰已知字形/聲調位置交叉確認
DFPBiaoKai-W5-ZhuIn-BFW,14311,ㄅㄨˇ,v3.3 TTF字形自驗：直接解析 glyf 輪廓＋同字型符號模板交叉驗證,補；v3.3 修正舊表字音誤標（glyph 為 ㄅㄨˇ）
DFPBiaoKai-W5-ZhuIn-BFW,14315,ㄆㄛ,v1.7 直接渲染注音元件字形逐筆轉寫（剩餘240鍵）,坡 p110｜字形直接視覺轉寫；以相鄰已知字形/聲調位置交叉確認
DFPBiaoKai-W5-ZhuIn-BFW,14317,ㄆㄛˋ,v1.7 直接渲染注音元件字形逐筆轉寫（剩餘240鍵）,破 p56｜字形直接視覺轉寫；以相鄰已知字形/聲調位置交叉確認
DFPBiaoKai-W5-ZhuIn-BFW,14334,ㄆㄢ,v1.7 直接渲染注音元件字形逐筆轉寫（剩餘240鍵）,攀 p19｜字形直接視覺轉寫；以相鄰已知字形/聲調位置交叉確認
DFPBiaoKai-W5-ZhuIn-BFW,14351,ㄆㄧˊ,v1.7 直接渲染注音元件字形逐筆轉寫（剩餘240鍵）,皮 p18｜字形直接視覺轉寫；以相鄰已知字形/聲調位置交叉確認
DFPBiaoKai-W5-ZhuIn-BFW,14378,ㄇㄚˊ,v1.7 直接渲染注音元件字形逐筆轉寫（剩餘240鍵）,麻 p60｜字形直接視覺轉寫；以相鄰已知字形/聲調位置交叉確認
DFPBiaoKai-W5-ZhuIn-BFW,14379,ㄇㄚˋ,v1.7 直接渲染注音元件字形逐筆轉寫（剩餘240鍵）,罵 p143｜字形直接視覺轉寫；以相鄰已知字形/聲調位置交叉確認
DFPBiaoKai-W5-ZhuIn-BFW,14422,ㄇㄧㄠˋ,v1.7 直接渲染注音元件字形逐筆轉寫（剩餘240鍵）,妙 p64｜字形直接視覺轉寫；以相鄰已知字形/聲調位置交叉確認
DFPBiaoKai-W5-ZhuIn-BFW,14452,ㄈㄢˊ,v1.7 直接渲染注音元件字形逐筆轉寫（剩餘240鍵）,煩 p60｜字形直接視覺轉寫；以相鄰已知字形/聲調位置交叉確認
DFPBiaoKai-W5-ZhuIn-BFW,14458,ㄈㄣˇ,v1.7 直接渲染注音元件字形逐筆轉寫（剩餘240鍵）,粉 p54｜字形直接視覺轉寫；以相鄰已知字形/聲調位置交叉確認
DFPBiaoKai-W5-ZhuIn-BFW,14463,ㄈㄥ,v1.7 直接渲染注音元件字形逐筆轉寫（剩餘240鍵）,豐 p113｜字形直接視覺轉寫；以相鄰已知字形/聲調位置交叉確認
DFPBiaoKai-W5-ZhuIn-BFW,14468,ㄋㄩㄝˋ,v1.7 直接渲染注音元件字形逐筆轉寫（剩餘240鍵）,膚 p18｜字形直接視覺轉寫；以相鄰已知字形/聲調位置交叉確認
DFPBiaoKai-W5-ZhuIn-BFW,14493,ㄉㄢˇ,v1.7 直接渲染注音元件字形逐筆轉寫（剩餘240鍵）,膽 p32｜字形直接視覺轉寫；以相鄰已知字形/聲調位置交叉確認
DFPBiaoKai-W5-ZhuIn-BFW,14529,ㄉㄨㄢˇ,v1.7 直接渲染注音元件字形逐筆轉寫（剩餘240鍵）,短 p75｜字形直接視覺轉寫；以相鄰已知字形/聲調位置交叉確認
DFPBiaoKai-W5-ZhuIn-BFW,14560,ㄊㄤˇ,v1.7 直接渲染注音元件字形逐筆轉寫（剩餘240鍵）,躺 p28｜字形直接視覺轉寫；以相鄰已知字形/聲調位置交叉確認
DFPBiaoKai-W5-ZhuIn-BFW,14598,ㄨㄟˊ,v1.7 直接渲染注音元件字形逐筆轉寫（剩餘240鍵）,囤 p60｜字形直接視覺轉寫；以相鄰已知字形/聲調位置交叉確認
DFPBiaoKai-W5-ZhuIn-BFW,14607,ㄋㄚˊ,v1.7 直接渲染注音元件字形逐筆轉寫（剩餘240鍵）,拿 p35｜字形直接視覺轉寫；以相鄰已知字形/聲調位置交叉確認
DFPBiaoKai-W5-ZhuIn-BFW,14617,ㄐㄧㄠˇ,v1.7 直接渲染注音元件字形逐筆轉寫（剩餘240鍵）,餒 p84｜字形直接視覺轉寫；以相鄰已知字形/聲調位置交叉確認
DFPBiaoKai-W5-ZhuIn-BFW,14621,ㄋㄠˇ,v1.7 直接渲染注音元件字形逐筆轉寫（剩餘240鍵）,腦 p40｜字形直接視覺轉寫；以相鄰已知字形/聲調位置交叉確認
DFPBiaoKai-W5-ZhuIn-BFW,14660,ㄋㄨˇ,v1.7 直接渲染注音元件字形逐筆轉寫（剩餘240鍵）,努 p23｜字形直接視覺轉寫；以相鄰已知字形/聲調位置交叉確認
DFPBiaoKai-W5-ZhuIn-BFW,14666,ㄋㄨㄥˊ,v1.7 直接渲染注音元件字形逐筆轉寫（剩餘240鍵）,濃 p45｜字形直接視覺轉寫；以相鄰已知字形/聲調位置交叉確認
DFPBiaoKai-W5-ZhuIn-BFW,14680,ㄌㄞˋ,v1.7 直接渲染注音元件字形逐筆轉寫（剩餘240鍵）,賴 p94｜字形直接視覺轉寫；以相鄰已知字形/聲調位置交叉確認
DFPBiaoKai-W5-ZhuIn-BFW,14732,ㄐㄧㄣˋ,v1.7 直接渲染注音元件字形逐筆轉寫（剩餘240鍵）,爐 p66｜字形直接視覺轉寫；以相鄰已知字形/聲調位置交叉確認
DFPBiaoKai-W5-ZhuIn-BFW,14760,ㄍㄜ,v1.7 直接渲染注音元件字形逐筆轉寫（剩餘240鍵）,歌 p172｜字形直接視覺轉寫；以相鄰已知字形/聲調位置交叉確認
DFPBiaoKai-W5-ZhuIn-BFW,14798,ㄍㄨㄛˊ,v1.7 直接渲染注音元件字形逐筆轉寫（剩餘240鍵）,國 p73｜字形直接視覺轉寫；以相鄰已知字形/聲調位置交叉確認
DFPBiaoKai-W5-ZhuIn-BFW,14805,ㄍㄨㄟˋ,v1.7 直接渲染注音元件字形逐筆轉寫（剩餘240鍵）,貴 p19｜字形直接視覺轉寫；以相鄰已知字形/聲調位置交叉確認
DFPBiaoKai-W5-ZhuIn-BFW,14821,ㄎㄜ,v1.7 直接渲染注音元件字形逐筆轉寫（剩餘240鍵）,科 p32｜字形直接視覺轉寫；以相鄰已知字形/聲調位置交叉確認
DFPBiaoKai-W5-ZhuIn-BFW,14849,ㄎㄨㄚˋ,v1.7 直接渲染注音元件字形逐筆轉寫（剩餘240鍵）,跨 p171｜字形直接視覺轉寫；以相鄰已知字形/聲調位置交叉確認
DFPBiaoKai-W5-ZhuIn-BFW,14904,ㄏㄥˊ,v1.7 直接渲染注音元件字形逐筆轉寫（剩餘240鍵）,衡 p16｜字形直接視覺轉寫；以相鄰已知字形/聲調位置交叉確認
DFPBiaoKai-W5-ZhuIn-BFW,14910,ㄏㄨㄚ,v1.7 直接渲染注音元件字形逐筆轉寫（剩餘240鍵）,花 p22｜字形直接視覺轉寫；以相鄰已知字形/聲調位置交叉確認
DFPBiaoKai-W5-ZhuIn-BFW,14928,ㄏㄨㄢˇ,v1.7 直接渲染注音元件字形逐筆轉寫（剩餘240鍵）,緩 p31｜字形直接視覺轉寫；以相鄰已知字形/聲調位置交叉確認
DFPBiaoKai-W5-ZhuIn-BFW,14930,ㄏㄨㄣˊ,v1.7 直接渲染注音元件字形逐筆轉寫（剩餘240鍵）,魂 p90｜字形直接視覺轉寫；以相鄰已知字形/聲調位置交叉確認
DFPBiaoKai-W5-ZhuIn-BFW,14934,ㄏㄨㄤˊ,v1.7 直接渲染注音元件字形逐筆轉寫（剩餘240鍵）,黃 p53｜字形直接視覺轉寫；以相鄰已知字形/聲調位置交叉確認
DFPBiaoKai-W5-ZhuIn-BFW,14984,ㄐㄩㄣˋ,v1.7 直接渲染注音元件字形逐筆轉寫（剩餘240鍵）,菌 p31｜字形直接視覺轉寫；以相鄰已知字形/聲調位置交叉確認
DFPBiaoKai-W5-ZhuIn-BFW,15000,ㄍㄨˇ,v1.7 直接渲染注音元件字形逐筆轉寫（剩餘240鍵）,敲 p79｜字形直接視覺轉寫；以相鄰已知字形/聲調位置交叉確認
DFPBiaoKai-W5-ZhuIn-BFW,15012,ㄑㄧㄣˊ,v1.7 直接渲染注音元件字形逐筆轉寫（剩餘240鍵）,琴 p19｜字形直接視覺轉寫；以相鄰已知字形/聲調位置交叉確認
DFPBiaoKai-W5-ZhuIn-BFW,15035,ㄑㄩㄣˊ,v1.7 直接渲染注音元件字形逐筆轉寫（剩餘240鍵）,群 p120｜字形直接視覺轉寫；以相鄰已知字形/聲調位置交叉確認
DFPBiaoKai-W5-ZhuIn-BFW,15069,ㄒㄧㄥ,v1.7 直接渲染注音元件字形逐筆轉寫（剩餘240鍵）,星 p64｜字形直接視覺轉寫；以相鄰已知字形/聲調位置交叉確認
DFPBiaoKai-W5-ZhuIn-BFW,15081,ㄒㄩㄢ,v1.7 直接渲染注音元件字形逐筆轉寫（剩餘240鍵）,宣 p171｜字形直接視覺轉寫；以相鄰已知字形/聲調位置交叉確認
DFPBiaoKai-W5-ZhuIn-BFW,15088,ㄒㄩㄥ,v1.7 直接渲染注音元件字形逐筆轉寫（剩餘240鍵）,胸 p19｜字形直接視覺轉寫；以相鄰已知字形/聲調位置交叉確認
DFPBiaoKai-W5-ZhuIn-BFW,15125,ㄓㄤˇ,v1.7 直接渲染注音元件字形逐筆轉寫（剩餘240鍵）,掌 p79｜字形直接視覺轉寫；以相鄰已知字形/聲調位置交叉確認
DFPBiaoKai-W5-ZhuIn-BFW,15167,ㄔㄞˊ,v1.7 直接渲染注音元件字形逐筆轉寫（剩餘240鍵）,儕 p20｜字形直接視覺轉寫；以相鄰已知字形/聲調位置交叉確認
DFPBiaoKai-W5-ZhuIn-BFW,15305,ㄖㄨˇ,v1.7 直接渲染注音元件字形逐筆轉寫（剩餘240鍵）,乳 p171｜字形直接視覺轉寫；以相鄰已知字形/聲調位置交叉確認
DFPBiaoKai-W5-ZhuIn-BFW,15312,ㄖㄨㄢˇ,v1.7 直接渲染注音元件字形逐筆轉寫（剩餘240鍵）,軟 p31｜字形直接視覺轉寫；以相鄰已知字形/聲調位置交叉確認
DFPBiaoKai-W5-ZhuIn-BFW,15322,ㄗㄚˊ,v1.7 直接渲染注音元件字形逐筆轉寫（剩餘240鍵）,雜 p56｜字形直接視覺轉寫；以相鄰已知字形/聲調位置交叉確認
DFPBiaoKai-W5-ZhuIn-BFW,15330,ㄗㄠ,v1.7 直接渲染注音元件字形逐筆轉寫（剩餘240鍵）,遭 p64｜字形直接視覺轉寫；以相鄰已知字形/聲調位置交叉確認
DFPBiaoKai-W5-ZhuIn-BFW,15379,ㄘㄞˋ,v1.7 直接渲染注音元件字形逐筆轉寫（剩餘240鍵）,菜 p59｜字形直接視覺轉寫；以相鄰已知字形/聲調位置交叉確認
DFPBiaoKai-W5-ZhuIn-BFW,15400,ㄘㄨˋ,v1.7 直接渲染注音元件字形逐筆轉寫（剩餘240鍵）,促 p87｜字形直接視覺轉寫；以相鄰已知字形/聲調位置交叉確認
DFPBiaoKai-W5-ZhuIn-BFW,15416,ㄘㄨㄥ,v1.7 直接渲染注音元件字形逐筆轉寫（剩餘240鍵）,聰 p94｜字形直接視覺轉寫；以相鄰已知字形/聲調位置交叉確認
DFPBiaoKai-W5-ZhuIn-BFW,15444,ㄙㄨˊ,v1.7 直接渲染注音元件字形逐筆轉寫（剩餘240鍵）,俗 p120｜字形直接視覺轉寫；以相鄰已知字形/聲調位置交叉確認
DFPBiaoKai-W5-ZhuIn-BFW,15451,ㄙㄨㄟˊ,v1.7 直接渲染注音元件字形逐筆轉寫（剩餘240鍵）,隨 p62｜字形直接視覺轉寫；以相鄰已知字形/聲調位置交叉確認
DFPBiaoKai-W5-ZhuIn-BFW,15459,ㄙㄨㄣˇ,v1.7 直接渲染注音元件字形逐筆轉寫（剩餘240鍵）,損 p56｜字形直接視覺轉寫；以相鄰已知字形/聲調位置交叉確認
DFPBiaoKai-W5-ZhuIn-BFW,15461,ㄙㄨㄥˋ,v1.7 直接渲染注音元件字形逐筆轉寫（剩餘240鍵）,送 p10｜字形直接視覺轉寫；以相鄰已知字形/聲調位置交叉確認
LinGothicZuinnEG-Bd,14259,ㄆㄧㄣˊ,v1.7 直接渲染注音元件字形逐筆轉寫（剩餘240鍵）,頻 p28｜字形直接視覺轉寫；以相鄰已知字形/聲調位置交叉確認
LinGothicZuinnEG-Bd,14317,ㄇㄧㄠ,v1.7 直接渲染注音元件字形逐筆轉寫（剩餘240鍵）,瞄 p54｜字形直接視覺轉寫；以相鄰已知字形/聲調位置交叉確認
LinGothicZuinnEG-Bd,14325,ㄇㄧㄣˊ,v1.7 直接渲染注音元件字形逐筆轉寫（剩餘240鍵）,民 p43｜字形直接視覺轉寫；以相鄰已知字形/聲調位置交叉確認
LinGothicZuinnEG-Bd,14327,ㄇㄧㄥˊ,v1.7 直接渲染注音元件字形逐筆轉寫（剩餘240鍵）,名 p35｜字形直接視覺轉寫；以相鄰已知字形/聲調位置交叉確認
LinGothicZuinnEG-Bd,14562,ㄖㄤˋ,v1.7 直接渲染注音元件字形逐筆轉寫（剩餘240鍵）,釀 p43｜字形直接視覺轉寫；以相鄰已知字形/聲調位置交叉確認
LinGothicZuinnEG-Bd,14728,ㄍㄨㄣˇ,v1.7 直接渲染注音元件字形逐筆轉寫（剩餘240鍵）,滾 p112｜字形直接視覺轉寫；以相鄰已知字形/聲調位置交叉確認
LinGothicZuinnEG-Bd,14882,ㄐㄧㄡˇ,v1.7 直接渲染注音元件字形逐筆轉寫（剩餘240鍵）,久 p154｜字形直接視覺轉寫；以相鄰已知字形/聲調位置交叉確認
LinGothicZuinnEG-Bd,14953,ㄑㄩㄝˋ,v1.7 直接渲染注音元件字形逐筆轉寫（剩餘240鍵）,確 p108｜字形直接視覺轉寫；以相鄰已知字形/聲調位置交叉確認
LinGothicZuinnEG-Bd,15009,ㄒㄩㄢ,v1.7 直接渲染注音元件字形逐筆轉寫（剩餘240鍵）,宣 p56｜字形直接視覺轉寫；以相鄰已知字形/聲調位置交叉確認
LinGothicZuinnEG-Bd,15388,ㄙㄨㄟˋ,v1.7 直接渲染注音元件字形逐筆轉寫（剩餘240鍵）,歲 p43｜字形直接視覺轉寫；以相鄰已知字形/聲調位置交叉確認
LinGothicZuinnEG-Bd,15448,ㄧㄚ,v1.7 直接渲染注音元件字形逐筆轉寫（剩餘240鍵）,壓 p54｜字形直接視覺轉寫；以相鄰已知字形/聲調位置交叉確認
LinGothicZuinnEG-Md,14212,ㄆㄛˊ,v1.7 直接渲染注音元件字形逐筆轉寫（剩餘240鍵）,婆 p43｜字形直接視覺轉寫；以相鄰已知字形/聲調位置交叉確認
LinGothicZuinnEG-Md,14325,ㄇㄧㄣˊ,v1.7 直接渲染注音元件字形逐筆轉寫（剩餘240鍵）,民 p43｜字形直接視覺轉寫；以相鄰已知字形/聲調位置交叉確認
LinGothicZuinnEG-Md,14883,ㄐㄧㄡˋ,v1.7 直接渲染注音元件字形逐筆轉寫（剩餘240鍵）,救 p43｜字形直接視覺轉寫；以相鄰已知字形/聲調位置交叉確認
LinGothicZuinnEG-Md,15109,ㄔㄢˇ,v1.7 直接渲染注音元件字形逐筆轉寫（剩餘240鍵）,產 p43｜字形直接視覺轉寫；以相鄰已知字形/聲調位置交叉確認
LinGothicZuinnEG-Md,15287,ㄗㄨㄛˊ,v1.7 直接渲染注音元件字形逐筆轉寫（剩餘240鍵）,昨 p43｜字形直接視覺轉寫；以相鄰已知字形/聲調位置交叉確認
LinGothicZuinnEG-Md,15388,ㄙㄨㄟˋ,v1.7 直接渲染注音元件字形逐筆轉寫（剩餘240鍵）,歲 p43｜字形直接視覺轉寫；以相鄰已知字形/聲調位置交叉確認
YenRoundZuinnEG-Bd,14152,ㄅㄚˋ,v1.7 直接渲染注音元件字形逐筆轉寫（剩餘240鍵）,爸 p50｜字形直接視覺轉寫；以相鄰已知字形/聲調位置交叉確認
YenRoundZuinnEG-Bd,14238,ㄆㄧㄥ,v1.7 直接渲染注音元件字形逐筆轉寫（剩餘240鍵）,乓 p6｜字形直接視覺轉寫；以相鄰已知字形/聲調位置交叉確認
YenRoundZuinnEG-Bd,14245,ㄆㄥˋ,v1.7 直接渲染注音元件字形逐筆轉寫（剩餘240鍵）,碰 p6｜字形直接視覺轉寫；以相鄰已知字形/聲調位置交叉確認
YenRoundZuinnEG-Bd,14262,ㄆㄤ,v1.7 直接渲染注音元件字形逐筆轉寫（剩餘240鍵）,乒 p6｜字形直接視覺轉寫；以相鄰已知字形/聲調位置交叉確認
YenRoundZuinnEG-Bd,14275,ㄇㄚˊ,v1.7 直接渲染注音元件字形逐筆轉寫（剩餘240鍵）,麻 p5｜字形直接視覺轉寫；以相鄰已知字形/聲調位置交叉確認
YenRoundZuinnEG-Bd,14301,ㄇㄢˋ,v1.7 直接渲染注音元件字形逐筆轉寫（剩餘240鍵）,慢 p81｜字形直接視覺轉寫；以相鄰已知字形/聲調位置交叉確認
YenRoundZuinnEG-Bd,14350,ㄈㄢ,v1.7 直接渲染注音元件字形逐筆轉寫（剩餘240鍵）,翻 p6｜字形直接視覺轉寫；以相鄰已知字形/聲調位置交叉確認
YenRoundZuinnEG-Bd,14400,ㄉㄥˋ,v1.7 直接渲染注音元件字形逐筆轉寫（剩餘240鍵）,蹬 p74｜字形直接視覺轉寫；以相鄰已知字形/聲調位置交叉確認
YenRoundZuinnEG-Bd,14401,ㄉㄧ,v1.7 直接渲染注音元件字形逐筆轉寫（剩餘240鍵）,低 p88｜字形直接視覺轉寫；以相鄰已知字形/聲調位置交叉確認
YenRoundZuinnEG-Bd,14409,ㄉㄧㄡ,v1.7 直接渲染注音元件字形逐筆轉寫（剩餘240鍵）,丟 p6｜字形直接視覺轉寫；以相鄰已知字形/聲調位置交叉確認
YenRoundZuinnEG-Bd,14430,ㄉㄨㄢˇ,v1.7 直接渲染注音元件字形逐筆轉寫（剩餘240鍵）,短 p78｜字形直接視覺轉寫；以相鄰已知字形/聲調位置交叉確認
YenRoundZuinnEG-Bd,14453,ㄊㄠˋ,v1.7 直接渲染注音元件字形逐筆轉寫（剩餘240鍵）,套 p54｜字形直接視覺轉寫；以相鄰已知字形/聲調位置交叉確認
YenRoundZuinnEG-Bd,14482,ㄊㄧㄥ,v1.7 直接渲染注音元件字形逐筆轉寫（剩餘240鍵）,廳 p50｜字形直接視覺轉寫；以相鄰已知字形/聲調位置交叉確認
YenRoundZuinnEG-Bd,14496,ㄊㄨㄟˇ,v1.7 直接渲染注音元件字形逐筆轉寫（剩餘240鍵）,腿 p6｜字形直接視覺轉寫；以相鄰已知字形/聲調位置交叉確認
YenRoundZuinnEG-Bd,14509,ㄊㄨㄥˋ,v1.7 直接渲染注音元件字形逐筆轉寫（剩餘240鍵）,痛 p27｜字形直接視覺轉寫；以相鄰已知字形/聲調位置交叉確認
YenRoundZuinnEG-Bd,14510,ㄊㄨˊ,v1.7.1 直接渲染字形二次覆核修正,圖 p170｜字形直接視覺轉寫；以相鄰已知字形/聲調位置交叉確認｜二次覆核：修正初次轉寫誤讀
YenRoundZuinnEG-Bd,14530,ㄋㄠˇ,v1.7 直接渲染注音元件字形逐筆轉寫（剩餘240鍵）,惱 p5｜字形直接視覺轉寫；以相鄰已知字形/聲調位置交叉確認
YenRoundZuinnEG-Bd,14631,ㄌㄧㄡˊ,v1.7 直接渲染注音元件字形逐筆轉寫（剩餘240鍵）,流 p90｜字形直接視覺轉寫；以相鄰已知字形/聲調位置交叉確認
YenRoundZuinnEG-Bd,14645,ㄌㄧㄥˇ,v1.7 直接渲染注音元件字形逐筆轉寫（剩餘240鍵）,領 p79｜字形直接視覺轉寫；以相鄰已知字形/聲調位置交叉確認
YenRoundZuinnEG-Bd,14670,ㄌㄨˋ,v1.7 直接渲染注音元件字形逐筆轉寫（剩餘240鍵）,略 p111｜字形直接視覺轉寫；以相鄰已知字形/聲調位置交叉確認
YenRoundZuinnEG-Bd,14728,ㄍㄨㄣˇ,v1.7 直接渲染注音元件字形逐筆轉寫（剩餘240鍵）,滾 p6｜字形直接視覺轉寫；以相鄰已知字形/聲調位置交叉確認
YenRoundZuinnEG-Bd,14740,ㄍㄨˋ,v1.7 直接渲染注音元件字形逐筆轉寫（剩餘240鍵）,顧 p33｜字形直接視覺轉寫；以相鄰已知字形/聲調位置交叉確認
YenRoundZuinnEG-Bd,14753,ㄎㄠˋ,v1.7 直接渲染注音元件字形逐筆轉寫（剩餘240鍵）,靠 p30｜字形直接視覺轉寫；以相鄰已知字形/聲調位置交叉確認
YenRoundZuinnEG-Bd,14755,ㄎㄡˇ,v1.7 直接渲染注音元件字形逐筆轉寫（剩餘240鍵）,口 p49｜字形直接視覺轉寫；以相鄰已知字形/聲調位置交叉確認
YenRoundZuinnEG-Bd,14771,ㄎㄨㄚˋ,v1.7 直接渲染注音元件字形逐筆轉寫（剩餘240鍵）,跨 p74｜字形直接視覺轉寫；以相鄰已知字形/聲調位置交叉確認
YenRoundZuinnEG-Bd,14842,ㄏㄨㄟˊ,v1.7 直接渲染注音元件字形逐筆轉寫（剩餘240鍵）,迴 p87｜字形直接視覺轉寫；以相鄰已知字形/聲調位置交叉確認
YenRoundZuinnEG-Bd,14875,ㄐㄧㄝˋ,v1.7 直接渲染注音元件字形逐筆轉寫（剩餘240鍵）,借 p35｜字形直接視覺轉寫；以相鄰已知字形/聲調位置交叉確認
YenRoundZuinnEG-Bd,14883,ㄐㄧㄡˋ,v1.7 直接渲染注音元件字形逐筆轉寫（剩餘240鍵）,就 p75｜字形直接視覺轉寫；以相鄰已知字形/聲調位置交叉確認
YenRoundZuinnEG-Bd,14894,ㄐㄧㄥˇ,v1.7 直接渲染注音元件字形逐筆轉寫（剩餘240鍵）,警 p53｜字形直接視覺轉寫；以相鄰已知字形/聲調位置交叉確認
YenRoundZuinnEG-Bd,14907,ㄐㄩㄣ,v1.7 直接渲染注音元件字形逐筆轉寫（剩餘240鍵）,軍 p89｜字形直接視覺轉寫；以相鄰已知字形/聲調位置交叉確認
YenRoundZuinnEG-Bd,14931,ㄑㄧㄢ,v1.7 直接渲染注音元件字形逐筆轉寫（剩餘240鍵）,千 p89｜字形直接視覺轉寫；以相鄰已知字形/聲調位置交叉確認
YenRoundZuinnEG-Bd,14973,ㄒㄧㄝˊ,v1.7 直接渲染注音元件字形逐筆轉寫（剩餘240鍵）,協 p6｜字形直接視覺轉寫；以相鄰已知字形/聲調位置交叉確認
YenRoundZuinnEG-Bd,15041,ㄓㄠˋ,v1.7 直接渲染注音元件字形逐筆轉寫（剩餘240鍵）,照 p33｜字形直接視覺轉寫；以相鄰已知字形/聲調位置交叉確認
YenRoundZuinnEG-Bd,15056,ㄓㄥˇ,v1.7 直接渲染注音元件字形逐筆轉寫（剩餘240鍵）,整 p162｜字形直接視覺轉寫；以相鄰已知字形/聲調位置交叉確認
YenRoundZuinnEG-Bd,15061,ㄓㄨㄛ,v1.7 直接渲染注音元件字形逐筆轉寫（剩餘240鍵）,桌 p6｜字形直接視覺轉寫；以相鄰已知字形/聲調位置交叉確認
YenRoundZuinnEG-Bd,15150,ㄔㄨˊ,v1.7 直接渲染注音元件字形逐筆轉寫（剩餘240鍵）,廚 p50｜字形直接視覺轉寫；以相鄰已知字形/聲調位置交叉確認
YenRoundZuinnEG-Bd,15200,ㄕㄨㄞˇ,v1.7 直接渲染注音元件字形逐筆轉寫（剩餘240鍵）,甩 p162｜字形直接視覺轉寫；以相鄰已知字形/聲調位置交叉確認
YenRoundZuinnEG-Bd,15288,ㄗㄨㄛˇ,v1.7 直接渲染注音元件字形逐筆轉寫（剩餘240鍵）,左 p90｜字形直接視覺轉寫；以相鄰已知字形/聲調位置交叉確認
YenRoundZuinnEG-Bd,15467,ㄧㄡˋ,v1.7 直接渲染注音元件字形逐筆轉寫（剩餘240鍵）,右 p90｜字形直接視覺轉寫；以相鄰已知字形/聲調位置交叉確認
YenRoundZuinnEG-Bd,15535,ㄩㄥˇ,v1.7 直接渲染注音元件字形逐筆轉寫（剩餘240鍵）,泳 p6｜字形直接視覺轉寫；以相鄰已知字形/聲調位置交叉確認
YenRoundZuinnEG-Lt,14199,ㄅㄧˊ,v1.7 直接渲染注音元件字形逐筆轉寫（剩餘240鍵）,鼻 p157｜字形直接視覺轉寫；以相鄰已知字形/聲調位置交叉確認
YenRoundZuinnEG-Lt,14324,ㄇㄧㄢˋ,v1.7 直接渲染注音元件字形逐筆轉寫（剩餘240鍵）,面 p158｜字形直接視覺轉寫；以相鄰已知字形/聲調位置交叉確認
YenRoundZuinnEG-Lt,14499,ㄊㄨㄢˊ,v1.7.1 直接渲染字形二次覆核修正,團 p124｜字形直接視覺轉寫；以相鄰已知字形/聲調位置交叉確認｜二次覆核：修正初次轉寫誤讀
YenRoundZuinnEG-Lt,14690,ㄍㄠ,v1.7 直接渲染注音元件字形逐筆轉寫（剩餘240鍵）,高 p157｜字形直接視覺轉寫；以相鄰已知字形/聲調位置交叉確認
YenRoundZuinnEG-Lt,14726,ㄍㄨㄢˇ,v1.7 直接渲染注音元件字形逐筆轉寫（剩餘240鍵）,管 p157｜字形直接視覺轉寫；以相鄰已知字形/聲調位置交叉確認
YenRoundZuinnEG-Lt,14891,ㄐㄧㄤˇ,v1.7 直接渲染注音元件字形逐筆轉寫（剩餘240鍵）,獎 p100｜字形直接視覺轉寫；以相鄰已知字形/聲調位置交叉確認
YenRoundZuinnEG-Lt,15056,ㄓㄥˇ,v1.7 直接渲染注音元件字形逐筆轉寫（剩餘240鍵）,整 p124｜字形直接視覺轉寫；以相鄰已知字形/聲調位置交叉確認
YenRoundZuinnEG-Lt,15135,ㄔㄨㄢ,v1.7 直接渲染注音元件字形逐筆轉寫（剩餘240鍵）,穿 p124｜字形直接視覺轉寫；以相鄰已知字形/聲調位置交叉確認
YenRoundZuinnEG-Lt,15236,ㄖㄤˋ,v1.7 直接渲染注音元件字形逐筆轉寫（剩餘240鍵）,讓 p158｜字形直接視覺轉寫；以相鄰已知字形/聲調位置交叉確認
YenRoundZuinnEG-Lt,15266,ㄗㄠ,v1.7 直接渲染注音元件字形逐筆轉寫（剩餘240鍵）,遭 p158｜字形直接視覺轉寫；以相鄰已知字形/聲調位置交叉確認
YenRoundZuinnEG-Lt,15291,ㄗㄨㄟˇ,v1.7 直接渲染注音元件字形逐筆轉寫（剩餘240鍵）,嘴 p157｜字形直接視覺轉寫；以相鄰已知字形/聲調位置交叉確認
YenRoundZuinnEG-Lt,15296,ㄗㄨㄣ,v1.7 直接渲染注音元件字形逐筆轉寫（剩餘240鍵）,遵 p123｜字形直接視覺轉寫；以相鄰已知字形/聲調位置交叉確認
YenRoundZuinnEG-Md,14172,ㄅㄢˋ,v1.7 直接渲染注音元件字形逐筆轉寫（剩餘240鍵）,辦 p2｜字形直接視覺轉寫；以相鄰已知字形/聲調位置交叉確認
YenRoundZuinnEG-Md,14263,ㄆㄧㄥˊ,v1.7 直接渲染注音元件字形逐筆轉寫（剩餘240鍵）,瓶 p63｜字形直接視覺轉寫；以相鄰已知字形/聲調位置交叉確認
YenRoundZuinnEG-Md,14266,ㄆㄞˊ,v1.7 直接渲染注音元件字形逐筆轉寫（剩餘240鍵）,脾 p29｜字形直接視覺轉寫；以相鄰已知字形/聲調位置交叉確認
YenRoundZuinnEG-Md,14286,ㄇㄞˋ,v1.7 直接渲染注音元件字形逐筆轉寫（剩餘240鍵）,賣 p40｜字形直接視覺轉寫；以相鄰已知字形/聲調位置交叉確認
YenRoundZuinnEG-Md,14393,ㄉㄢˇ,v1.7 直接渲染注音元件字形逐筆轉寫（剩餘240鍵）,膽 p29｜字形直接視覺轉寫；以相鄰已知字形/聲調位置交叉確認
YenRoundZuinnEG-Md,14401,ㄉㄧ,v1.7 直接渲染注音元件字形逐筆轉寫（剩餘240鍵）,低 p88｜字形直接視覺轉寫；以相鄰已知字形/聲調位置交叉確認
YenRoundZuinnEG-Md,14425,ㄉㄨㄛˇ,v1.7 直接渲染注音元件字形逐筆轉寫（剩餘240鍵）,躲 p2｜字形直接視覺轉寫；以相鄰已知字形/聲調位置交叉確認
YenRoundZuinnEG-Md,14446,ㄊㄞ,v1.7 直接渲染注音元件字形逐筆轉寫（剩餘240鍵）,胎 p24｜字形直接視覺轉寫；以相鄰已知字形/聲調位置交叉確認
YenRoundZuinnEG-Md,14453,ㄊㄠˋ,v1.7 直接渲染注音元件字形逐筆轉寫（剩餘240鍵）,套 p24｜字形直接視覺轉寫；以相鄰已知字形/聲調位置交叉確認
YenRoundZuinnEG-Md,14464,ㄊㄤˊ,v1.7 直接渲染注音元件字形逐筆轉寫（剩餘240鍵）,糖 p33｜字形直接視覺轉寫；以相鄰已知字形/聲調位置交叉確認
YenRoundZuinnEG-Md,14478,ㄊㄧㄢ,v1.7 直接渲染注音元件字形逐筆轉寫（剩餘240鍵）,天 p23｜字形直接視覺轉寫；以相鄰已知字形/聲調位置交叉確認
YenRoundZuinnEG-Md,14488,ㄊㄧˋ,v1.7 直接渲染注音元件字形逐筆轉寫（剩餘240鍵）,替 p63｜字形直接視覺轉寫；以相鄰已知字形/聲調位置交叉確認
YenRoundZuinnEG-Md,14499,ㄊㄨㄢˊ,v1.7 直接渲染注音元件字形逐筆轉寫（剩餘240鍵）,團 p2｜字形直接視覺轉寫；以相鄰已知字形/聲調位置交叉確認
YenRoundZuinnEG-Md,14509,ㄊㄨㄥˋ,v1.7 直接渲染注音元件字形逐筆轉寫（剩餘240鍵）,痛 p39｜字形直接視覺轉寫；以相鄰已知字形/聲調位置交叉確認
YenRoundZuinnEG-Md,14515,ㄋㄚˊ,v1.7 直接渲染注音元件字形逐筆轉寫（剩餘240鍵）,拿 p63｜字形直接視覺轉寫；以相鄰已知字形/聲調位置交叉確認
YenRoundZuinnEG-Md,14541,ㄋㄤˊ,v1.7 直接渲染注音元件字形逐筆轉寫（剩餘240鍵）,囊 p29｜字形直接視覺轉寫；以相鄰已知字形/聲調位置交叉確認
YenRoundZuinnEG-Md,14553,ㄋㄧㄡˇ,v1.7 直接渲染注音元件字形逐筆轉寫（剩餘240鍵）,鈕 p40｜字形直接視覺轉寫；以相鄰已知字形/聲調位置交叉確認
YenRoundZuinnEG-Md,14558,ㄋㄧㄢˋ,v1.7 直接渲染注音元件字形逐筆轉寫（剩餘240鍵）,念 p24｜字形直接視覺轉寫；以相鄰已知字形/聲調位置交叉確認
YenRoundZuinnEG-Md,14608,ㄍㄨㄢ,v1.7 直接渲染注音元件字形逐筆轉寫（剩餘240鍵）,闌 p29｜字形直接視覺轉寫；以相鄰已知字形/聲調位置交叉確認
YenRoundZuinnEG-Md,14625,ㄌㄧㄝˋ,v1.7 直接渲染注音元件字形逐筆轉寫（剩餘240鍵）,列 p85｜字形直接視覺轉寫；以相鄰已知字形/聲調位置交叉確認
YenRoundZuinnEG-Md,14627,ㄌㄧㄠˊ,v1.7 直接渲染注音元件字形逐筆轉寫（剩餘240鍵）,聊 p23｜字形直接視覺轉寫；以相鄰已知字形/聲調位置交叉確認
YenRoundZuinnEG-Md,14631,ㄌㄧㄡˊ,v1.7 直接渲染注音元件字形逐筆轉寫（剩餘240鍵）,留 p86｜字形直接視覺轉寫；以相鄰已知字形/聲調位置交叉確認
YenRoundZuinnEG-Md,14730,ㄊㄨㄛ,v1.7 直接渲染注音元件字形逐筆轉寫（剩餘240鍵）,胱 p29｜字形直接視覺轉寫；以相鄰已知字形/聲調位置交叉確認
YenRoundZuinnEG-Md,14740,ㄍㄨˋ,v1.7 直接渲染注音元件字形逐筆轉寫（剩餘240鍵）,固 p33｜字形直接視覺轉寫；以相鄰已知字形/聲調位置交叉確認
YenRoundZuinnEG-Md,14753,ㄎㄠˋ,v1.7 直接渲染注音元件字形逐筆轉寫（剩餘240鍵）,靠 p107｜字形直接視覺轉寫；以相鄰已知字形/聲調位置交叉確認
YenRoundZuinnEG-Md,14755,ㄎㄡˇ,v1.7 直接渲染注音元件字形逐筆轉寫（剩餘240鍵）,口 p39｜字形直接視覺轉寫；以相鄰已知字形/聲調位置交叉確認
YenRoundZuinnEG-Md,14789,ㄎㄨㄤˋ,v1.7 直接渲染注音元件字形逐筆轉寫（剩餘240鍵）,況 p23｜字形直接視覺轉寫；以相鄰已知字形/聲調位置交叉確認
YenRoundZuinnEG-Md,14820,ㄏㄣˇ,v1.7 直接渲染注音元件字形逐筆轉寫（剩餘240鍵）,很 p32｜字形直接視覺轉寫；以相鄰已知字形/聲調位置交叉確認
YenRoundZuinnEG-Md,14862,ㄏㄨˊ,v1.7 直接渲染注音元件字形逐筆轉寫（剩餘240鍵）,壺 p63｜字形直接視覺轉寫；以相鄰已知字形/聲調位置交叉確認
YenRoundZuinnEG-Md,14865,ㄐㄧ,v1.7 直接渲染注音元件字形逐筆轉寫（剩餘240鍵）,機 p63｜字形直接視覺轉寫；以相鄰已知字形/聲調位置交叉確認
YenRoundZuinnEG-Md,14883,ㄐㄧㄡˋ,v1.7 直接渲染注音元件字形逐筆轉寫（剩餘240鍵）,舊 p63｜字形直接視覺轉寫；以相鄰已知字形/聲調位置交叉確認
YenRoundZuinnEG-Md,14913,ㄐㄩˇ,v1.7 直接渲染注音元件字形逐筆轉寫（剩餘240鍵）,舉 p2｜字形直接視覺轉寫；以相鄰已知字形/聲調位置交叉確認
YenRoundZuinnEG-Md,14973,ㄒㄧㄝˊ,v1.7 直接渲染注音元件字形逐筆轉寫（剩餘240鍵）,鞋 p24｜字形直接視覺轉寫；以相鄰已知字形/聲調位置交叉確認
YenRoundZuinnEG-Md,14975,ㄒㄧㄝˋ,v1.7 直接渲染注音元件字形逐筆轉寫（剩餘240鍵）,謝 p24｜字形直接視覺轉寫；以相鄰已知字形/聲調位置交叉確認
YenRoundZuinnEG-Md,14993,ㄒㄧㄤˇ,v1.7 直接渲染注音元件字形逐筆轉寫（剩餘240鍵）,響 p107｜字形直接視覺轉寫；以相鄰已知字形/聲調位置交叉確認
YenRoundZuinnEG-Md,15015,ㄒㄩㄣˋ,v1.7 直接渲染注音元件字形逐筆轉寫（剩餘240鍵）,訊 p39｜字形直接視覺轉寫；以相鄰已知字形/聲調位置交叉確認
YenRoundZuinnEG-Md,15041,ㄓㄠˋ,v1.7 直接渲染注音元件字形逐筆轉寫（剩餘240鍵）,照 p24｜字形直接視覺轉寫；以相鄰已知字形/聲調位置交叉確認
YenRoundZuinnEG-Md,15042,ㄓㄡ,v1.7 直接渲染注音元件字形逐筆轉寫（剩餘240鍵）,週 p32｜字形直接視覺轉寫；以相鄰已知字形/聲調位置交叉確認
YenRoundZuinnEG-Md,15047,ㄓㄢˇ,v1.7 直接渲染注音元件字形逐筆轉寫（剩餘240鍵）,展 p16｜字形直接視覺轉寫；以相鄰已知字形/聲調位置交叉確認
YenRoundZuinnEG-Md,15133,ㄔㄨㄟˊ,v1.7 直接渲染注音元件字形逐筆轉寫（剩餘240鍵）,搥 p23｜字形直接視覺轉寫；以相鄰已知字形/聲調位置交叉確認
YenRoundZuinnEG-Md,15135,ㄔㄨㄢ,v1.7 直接渲染注音元件字形逐筆轉寫（剩餘240鍵）,穿 p63｜字形直接視覺轉寫；以相鄰已知字形/聲調位置交叉確認
YenRoundZuinnEG-Md,15146,ㄔㄨㄥ,v1.7 直接渲染注音元件字形逐筆轉寫（剩餘240鍵）,充 p33｜字形直接視覺轉寫；以相鄰已知字形/聲調位置交叉確認
YenRoundZuinnEG-Md,15204,ㄕㄨㄟˋ,v1.7 直接渲染注音元件字形逐筆轉寫（剩餘240鍵）,睡 p33｜字形直接視覺轉寫；以相鄰已知字形/聲調位置交叉確認
YenRoundZuinnEG-Md,15236,ㄖㄤˋ,v1.7 直接渲染注音元件字形逐筆轉寫（剩餘240鍵）,讓 p2｜字形直接視覺轉寫；以相鄰已知字形/聲調位置交叉確認
YenRoundZuinnEG-Md,15238,ㄖㄥˊ,v1.7 直接渲染注音元件字形逐筆轉寫（剩餘240鍵）,仍 p32｜字形直接視覺轉寫；以相鄰已知字形/聲調位置交叉確認
YenRoundZuinnEG-Md,15303,ㄗㄨˇ,v1.7 直接渲染注音元件字形逐筆轉寫（剩餘240鍵）,組 p107｜字形直接視覺轉寫；以相鄰已知字形/聲調位置交叉確認
YenRoundZuinnEG-Md,15309,ㄘㄚ,v1.7 直接渲染注音元件字形逐筆轉寫（剩餘240鍵）,擦 p32｜字形直接視覺轉寫；以相鄰已知字形/聲調位置交叉確認
YenRoundZuinnEG-Md,15315,ㄘㄞˇ,v1.7 直接渲染注音元件字形逐筆轉寫（剩餘240鍵）,彩 p2｜字形直接視覺轉寫；以相鄰已知字形/聲調位置交叉確認
YenRoundZuinnEG-Md,15316,ㄘㄞˋ,v1.7 直接渲染注音元件字形逐筆轉寫（剩餘240鍵）,菜 p33｜字形直接視覺轉寫；以相鄰已知字形/聲調位置交叉確認
YenRoundZuinnEG-Md,15347,ㄘㄨㄣˊ,v1.7 直接渲染注音元件字形逐筆轉寫（剩餘240鍵）,存 p63｜字形直接視覺轉寫；以相鄰已知字形/聲調位置交叉確認
YenRoundZuinnEG-Md,15354,ㄘㄨˋ,v1.7 直接渲染注音元件字形逐筆轉寫（剩餘240鍵）,促 p39｜字形直接視覺轉寫；以相鄰已知字形/聲調位置交叉確認
YenRoundZuinnEG-Md,15450,ㄧㄚˊ,v1.7 直接渲染注音元件字形逐筆轉寫（剩餘240鍵）,牙 p24｜字形直接視覺轉寫；以相鄰已知字形/聲調位置交叉確認
YenRoundZuinnEG-Md,15457,ㄧㄝˇ,v1.7 直接渲染注音元件字形逐筆轉寫（剩餘240鍵）,也 p24｜字形直接視覺轉寫；以相鄰已知字形/聲調位置交叉確認
YenRoundZuinnEG-Md,15482,ㄧㄥˇ,v1.7 直接渲染注音元件字形逐筆轉寫（剩餘240鍵）,影 p107｜字形直接視覺轉寫；以相鄰已知字形/聲調位置交叉確認
YenRoundZuinnEG-Md,15535,ㄩㄥˇ,v1.7 直接渲染注音元件字形逐筆轉寫（剩餘240鍵）,泳 p2｜字形直接視覺轉寫；以相鄰已知字形/聲調位置交叉確認
ZhuYinNREG-Md,14289,ㄇㄟˇ,v1.7 直接渲染注音元件字形逐筆轉寫（剩餘240鍵）,美 p92｜字形直接視覺轉寫；以相鄰已知字形/聲調位置交叉確認
ZhuYinNREG-Md,14687,ㄍㄞˇ,v1.7 直接渲染注音元件字形逐筆轉寫（剩餘240鍵）,改 p34｜字形直接視覺轉寫；以相鄰已知字形/聲調位置交叉確認
ZhuYinNREG-Md,14785,ㄎㄨㄣˋ,v1.7 直接渲染注音元件字形逐筆轉寫（剩餘240鍵）,困 p34｜字形直接視覺轉寫；以相鄰已知字形/聲調位置交叉確認
ZhuYinNREG-Md,14993,ㄒㄧㄤˇ,v1.7 直接渲染注音元件字形逐筆轉寫（剩餘240鍵）,想 p92｜字形直接視覺轉寫；以相鄰已知字形/聲調位置交叉確認
ZhuYinNREG-Md,15246,ㄖㄨㄢˇ,v1.7 直接渲染注音元件字形逐筆轉寫（剩餘240鍵）,軟 p112｜字形直接視覺轉寫；以相鄰已知字形/聲調位置交叉確認
DFPBiaoKai-W5-PoIn1-BFW,15500,ㄒㄧㄝˋ,v1.7.1 跨冊剩餘字形直接渲染逐筆轉寫,"謝｜L02 p2,22｜直接字形轉寫，不由語義回填"
YenRoundZuinnEG-Bd,14727,ㄍㄨㄢˋ,v1.7.1 跨冊剩餘字形直接渲染逐筆轉寫,慣｜目次 p4｜直接字形轉寫，不由語義回填
YenRoundZuinnEG-Md,14282,ㄇㄛˋ,v1.7.1 跨冊剩餘字形直接渲染逐筆轉寫,末｜目次 p3｜直接字形轉寫，不由語義回填
YenRoundZuinnEG-Md,14999,ㄒㄧㄥˋ,v1.7.1 跨冊剩餘字形直接渲染逐筆轉寫,姓、性｜目次 p2｜直接字形轉寫，不由語義回填
YenRoundZuinnEG-Md,15233,ㄖㄣˋ,v1.7.1 跨冊剩餘字形直接渲染逐筆轉寫,認｜目次 p1｜直接字形轉寫，不由語義回填
YenRoundZuinnEG-Bd,14174,ㄅㄣˇ,v1.7.1 跨冊剩餘字形直接渲染逐筆轉寫,本｜目次 p4｜直接字形轉寫，不由語義回填
YenRoundZuinnEG-Bd,14231,ㄆㄢˊ,v1.7.1 跨冊剩餘字形直接渲染逐筆轉寫,盤｜目次 p4｜直接字形轉寫，不由語義回填
YenRoundZuinnEG-Bd,14361,ㄈㄤˇ,v1.7.1 跨冊剩餘字形直接渲染逐筆轉寫,仿｜目次 p5｜直接字形轉寫，不由語義回填
YenRoundZuinnEG-Bd,14699,ㄍㄣ,v1.7.1 跨冊剩餘字形直接渲染逐筆轉寫,跟｜目次 p5｜直接字形轉寫，不由語義回填
YenRoundZuinnEG-Bd,14943,ㄑㄧㄥ,v1.7.1 跨冊剩餘字形直接渲染逐筆轉寫,清｜目次 p4｜直接字形轉寫，不由語義回填
YenRoundZuinnEG-Bd,14982,ㄒㄧㄡˋ,v1.7.1 跨冊剩餘字形直接渲染逐筆轉寫,秀｜目次 p5｜直接字形轉寫，不由語義回填
YenRoundZuinnEG-Md,14185,ㄅㄧㄝˊ,v1.7.1 跨冊剩餘字形直接渲染逐筆轉寫,別｜目次 p2｜直接字形轉寫，不由語義回填
YenRoundZuinnEG-Md,14243,ㄆㄥˊ,v1.7.1 跨冊剩餘字形直接渲染逐筆轉寫,朋｜目次 p1｜直接字形轉寫，不由語義回填
YenRoundZuinnEG-Md,14727,ㄍㄨㄢˋ,v1.7.1 跨冊剩餘字形直接渲染逐筆轉寫,慣｜目次 p1｜直接字形轉寫，不由語義回填
YenRoundZuinnEG-Md,14845,ㄏㄨㄢ,v1.7.1 跨冊剩餘字形直接渲染逐筆轉寫,歡｜目次 p2｜直接字形轉寫，不由語義回填
YenRoundZuinnEG-Md,14951,ㄑㄩㄝ,v1.7.1 跨冊剩餘字形直接渲染逐筆轉寫,缺｜目次 p3｜直接字形轉寫，不由語義回填
YenRoundZuinnEG-Md,15229,ㄖㄢˊ,v1.7.1 跨冊剩餘字形直接渲染逐筆轉寫,然｜目次 p1｜直接字形轉寫，不由語義回填
YenRoundZuinnEG-Md,15386,ㄙㄨㄟˊ,v1.7.1 跨冊剩餘字形直接渲染逐筆轉寫,隨｜目次 p1｜直接字形轉寫，不由語義回填
ZhuYinNREG-Md,14243,ㄆㄥˊ,v1.7.1 跨冊剩餘字形直接渲染逐筆轉寫,朋｜目次 p1｜直接字形轉寫，不由語義回填
DFPBiaoKai-W5-ZhuIn-BFW,14327,ㄆㄠ,v1.9 四上盲測：直接渲染注音元件字形逐筆轉寫,"拋｜四上 P209,210｜直接字形轉寫，不由中文字/字典/語境回填"
DFPBiaoKai-W5-ZhuIn-BFW,14335,ㄆㄢˊ,v1.9 四上盲測：直接渲染注音元件字形逐筆轉寫,盤｜四上 P209｜直接字形轉寫，不由中文字/字典/語境回填
DFPBiaoKai-W5-ZhuIn-BFW,14558,ㄊㄤˊ,v1.9 四上盲測：直接渲染注音元件字形逐筆轉寫,"糖、醣｜四上 P30,207,208｜直接字形轉寫，不由中文字/字典/語境回填"
DFPBiaoKai-W5-ZhuIn-BFW,14489,ㄉㄡˋ,v1.9 四上盲測：直接渲染注音元件字形逐筆轉寫,"豆｜四上 P30,207｜直接字形轉寫，不由中文字/字典/語境回填"
DFPBiaoKai-W5-ZhuIn-BFW,14625,ㄋㄢˊ,v1.9 四上盲測：直接渲染注音元件字形逐筆轉寫,"男｜四上 P207,208｜直接字形轉寫，不由中文字/字典/語境回填"
DFPBiaoKai-W5-ZhuIn-BFW,14783,ㄍㄤˋ,v1.9 四上盲測：直接渲染注音元件字形逐筆轉寫,槓｜四上 P208｜直接字形轉寫，不由中文字/字典/語境回填
YenRoundZuinnEG-Bd,15066,ㄓㄨㄟ,v1.9 四上盲測：直接渲染注音元件字形逐筆轉寫,追｜四上 P5｜直接字形轉寫，不由中文字/字典/語境回填
DFPBiaoKai-W5-ZhuIn-BFW,15015,ㄑㄧㄤ,v1.9 四上盲測：直接渲染注音元件字形逐筆轉寫,腔｜四上 P208｜直接字形轉寫，不由中文字/字典/語境回填
DFPBiaoKai-W5-ZhuIn-BFW,15287,ㄖㄠˋ,v1.9 四上盲測：直接渲染注音元件字形逐筆轉寫,繞｜四上 P209｜直接字形轉寫，不由中文字/字典/語境回填
YenRoundZuinnEG-Md,14739,ㄍㄨˇ,v1.9 四上盲測：直接渲染注音元件字形逐筆轉寫,穀、骨｜四上 P206｜直接字形轉寫，不由中文字/字典/語境回填
DFPBiaoKai-W5-ZhuIn-BFW,14143,ㄠˋ,v1.9 四上盲測：直接渲染注音元件字形逐筆轉寫,奧｜四上 P209｜直接字形轉寫，不由中文字/字典/語境回填
DFPBiaoKai-W5-ZhuIn-BFW,14230,ㄨㄤˊ,v1.9 四上盲測：直接渲染注音元件字形逐筆轉寫,王｜四上 P207｜直接字形轉寫，不由中文字/字典/語境回填
DFPBiaoKai-W5-ZhuIn-BFW,14262,ㄅㄛˊ,v1.9 四上盲測：直接渲染注音元件字形逐筆轉寫,柏｜四上 P209｜直接字形轉寫，不由中文字/字典/語境回填
DFPBiaoKai-W5-ZhuIn-BFW,14556,ㄊㄢˇ,v1.9 四上盲測：直接渲染注音元件字形逐筆轉寫,坦｜四上 P209｜直接字形轉寫，不由中文字/字典/語境回填
DFPBiaoKai-W5-ZhuIn-BFW,14584,ㄊㄨˇ,v1.9 四上盲測：直接渲染注音元件字形逐筆轉寫,吐｜四上 P208｜直接字形轉寫，不由中文字/字典/語境回填
DFPBiaoKai-W5-ZhuIn-BFW,14592,ㄊㄨㄟˇ,v1.9 四上盲測：直接渲染注音元件字形逐筆轉寫,腿｜四上 P209｜直接字形轉寫，不由中文字/字典/語境回填
DFPBiaoKai-W5-ZhuIn-BFW,14636,ㄋㄧˊ,v1.9 四上盲測：直接渲染注音元件字形逐筆轉寫,尼｜四上 P208｜直接字形轉寫，不由中文字/字典/語境回填
DFPBiaoKai-W5-ZhuIn-BFW,14669,ㄋㄩˇ,v1.9 四上盲測：直接渲染注音元件字形逐筆轉寫,女｜四上 P207｜直接字形轉寫，不由中文字/字典/語境回填
DFPBiaoKai-W5-ZhuIn-BFW,14684,ㄌㄟˇ,v1.9 四上盲測：直接渲染注音元件字形逐筆轉寫,壘｜四上 P210｜直接字形轉寫，不由中文字/字典/語境回填
DFPBiaoKai-W5-ZhuIn-BFW,14797,ㄍㄨㄛ,v1.9 四上盲測：直接渲染注音元件字形逐筆轉寫,郭｜四上 P207｜直接字形轉寫，不由中文字/字典/語境回填
DFPBiaoKai-W5-ZhuIn-BFW,14882,ㄏㄟ,v1.9 四上盲測：直接渲染注音元件字形逐筆轉寫,黑｜四上 P208｜直接字形轉寫，不由中文字/字典/語境回填
DFPBiaoKai-W5-ZhuIn-BFW,14893,ㄏㄢˊ,v1.9 四上盲測：直接渲染注音元件字形逐筆轉寫,含｜四上 P30｜直接字形轉寫，不由中文字/字典/語境回填
DFPBiaoKai-W5-ZhuIn-BFW,14946,ㄐㄧㄚˊ,v1.9 四上盲測：直接渲染注音元件字形逐筆轉寫,夾｜四上 P209｜直接字形轉寫，不由中文字/字典/語境回填
DFPBiaoKai-W5-ZhuIn-BFW,15082,ㄒㄩㄢˊ,v1.9 四上盲測：直接渲染注音元件字形逐筆轉寫,旋｜四上 P209｜直接字形轉寫，不由中文字/字典/語境回填
DFPBiaoKai-W5-ZhuIn-BFW,15096,ㄓㄚ,v1.9 四上盲測：直接渲染注音元件字形逐筆轉寫,渣｜四上 P208｜直接字形轉寫，不由中文字/字典/語境回填
DFPBiaoKai-W5-ZhuIn-BFW,15121,ㄓㄣˋ,v1.9 四上盲測：直接渲染注音元件字形逐筆轉寫,振｜四上 P209｜直接字形轉寫，不由中文字/字典/語境回填
DFPBiaoKai-W5-ZhuIn-BFW,15165,ㄔㄜˇ,v1.9 四上盲測：直接渲染注音元件字形逐筆轉寫,扯｜四上 P209｜直接字形轉寫，不由中文字/字典/語境回填
DFPBiaoKai-W5-ZhuIn-BFW,15212,ㄔㄨㄣˊ,v1.9 四上盲測：直接渲染注音元件字形逐筆轉寫,淳｜四上 P207｜直接字形轉寫，不由中文字/字典/語境回填
DFPBiaoKai-W5-ZhuIn-BFW,15307,ㄖㄨㄛˋ,v1.9 四上盲測：直接渲染注音元件字形逐筆轉寫,蒻｜四上 P208｜直接字形轉寫，不由中文字/字典/語境回填
YenRoundZuinn1EG-Bd,14476,ㄊㄧㄠˇ,v1.9 四上盲測：直接渲染注音元件字形逐筆轉寫,挑｜四上 P5｜直接字形轉寫，不由中文字/字典/語境回填
YenRoundZuinn1EG-Md,14519,˙ㄋㄜ,v1.9 四上盲測：直接渲染注音元件字形逐筆轉寫,呢｜四上 P1｜直接字形轉寫，不由中文字/字典/語境回填
YenRoundZuinnEG-Bd,14607,ㄌㄡˋ,v1.9 四上盲測：直接渲染注音元件字形逐筆轉寫,漏｜四上 P5｜直接字形轉寫，不由中文字/字典/語境回填
YenRoundZuinnEG-Bd,14644,ㄌㄧㄥˊ,v1.9 四上盲測：直接渲染注音元件字形逐筆轉寫,鈴｜四上 P5｜直接字形轉寫，不由中文字/字典/語境回填
YenRoundZuinnEG-Bd,14915,ㄑㄧ,v1.9 四上盲測：直接渲染注音元件字形逐筆轉寫,七｜四上 P4｜直接字形轉寫，不由中文字/字典/語境回填
YenRoundZuinnEG-Bd,14946,ㄑㄧㄥˋ,v1.9 四上盲測：直接渲染注音元件字形逐筆轉寫,慶｜四上 P4｜直接字形轉寫，不由中文字/字典/語境回填
YenRoundZuinnEG-Bd,14995,ㄒㄧㄥ,v1.9 四上盲測：直接渲染注音元件字形逐筆轉寫,星｜四上 P4｜直接字形轉寫，不由中文字/字典/語境回填
YenRoundZuinnEG-Bd,15070,ㄓㄨㄢˇ,v1.9 四上盲測：直接渲染注音元件字形逐筆轉寫,轉｜四上 P5｜直接字形轉寫，不由中文字/字典/語境回填
YenRoundZuinnEG-Bd,15119,ㄔㄥ,v1.9 四上盲測：直接渲染注音元件字形逐筆轉寫,撐｜四上 P5｜直接字形轉寫，不由中文字/字典/語境回填
YenRoundZuinnEG-Bd,15147,ㄔㄨㄥˊ,v1.9 四上盲測：直接渲染注音元件字形逐筆轉寫,蟲｜四上 P4｜直接字形轉寫，不由中文字/字典/語境回填
YenRoundZuinnEG-Bd,15513,ㄨㄤˇ,v1.9 四上盲測：直接渲染注音元件字形逐筆轉寫,網｜四上 P5｜直接字形轉寫，不由中文字/字典/語境回填
YenRoundZuinnEG-Bd,15526,ㄩㄢˇ,v1.9 四上盲測：直接渲染注音元件字形逐筆轉寫,遠｜四上 P5｜直接字形轉寫，不由中文字/字典/語境回填
YenRoundZuinnEG-Md,14204,ㄅㄨˇ,v1.9 四上盲測：直接渲染注音元件字形逐筆轉寫,補｜四上 P206｜直接字形轉寫，不由中文字/字典/語境回填
YenRoundZuinnEG-Md,14419,ㄉㄧˇ,v1.9 四上盲測：直接渲染注音元件字形逐筆轉寫,抵｜四上 P1｜直接字形轉寫，不由中文字/字典/語境回填
YenRoundZuinnEG-Md,14462,ㄊㄢˋ,v1.9 四上盲測：直接渲染注音元件字形逐筆轉寫,探｜四上 P1｜直接字形轉寫，不由中文字/字典/語境回填
YenRoundZuinnEG-Md,14612,ㄌㄤˊ,v1.9 四上盲測：直接渲染注音元件字形逐筆轉寫,榔｜四上 P1｜直接字形轉寫，不由中文字/字典/語境回填
YenRoundZuinnEG-Md,14644,ㄌㄧㄥˊ,v1.9 四上盲測：直接渲染注音元件字形逐筆轉寫,鈴｜四上 P1｜直接字形轉寫，不由中文字/字典/語境回填
YenRoundZuinnEG-Md,14735,ㄍㄨㄥˇ,v1.9 四上盲測：直接渲染注音元件字形逐筆轉寫,鞏｜四上 P206｜直接字形轉寫，不由中文字/字典/語境回填
YenRoundZuinnEG-Md,14765,ㄎㄤˋ,v1.9 四上盲測：直接渲染注音元件字形逐筆轉寫,抗｜四上 P1｜直接字形轉寫，不由中文字/字典/語境回填
YenRoundZuinnEG-Md,14926,ㄑㄧㄠˇ,v1.9 四上盲測：直接渲染注音元件字形逐筆轉寫,巧｜四上 P1｜直接字形轉寫，不由中文字/字典/語境回填
YenRoundZuinnEG-Md,15082,ㄓㄨˇ,v1.9 四上盲測：直接渲染注音元件字形逐筆轉寫,主｜四上 P206｜直接字形轉寫，不由中文字/字典/語境回填
YenRoundZuinnEG-Md,15093,ㄔㄜˇ,v1.9 四上盲測：直接渲染注音元件字形逐筆轉寫,扯｜四上 P1｜直接字形轉寫，不由中文字/字典/語境回填
YenRoundZuinnEG-Md,15173,ㄕㄡ,v1.9 四上盲測：直接渲染注音元件字形逐筆轉寫,收｜四上 P206｜直接字形轉寫，不由中文字/字典/語境回填
YenRoundZuinnEG-Md,15179,ㄕㄢˋ,v1.9 四上盲測：直接渲染注音元件字形逐筆轉寫,膳｜四上 P206｜直接字形轉寫，不由中文字/字典/語境回填
YenRoundZuinnEG-Md,15258,ㄗㄚˊ,v1.9 四上盲測：直接渲染注音元件字形逐筆轉寫,雜｜四上 P206｜直接字形轉寫，不由中文字/字典/語境回填
YenRoundZuinnEG-Md,15283,ㄗㄥ,v1.9 四上盲測：直接渲染注音元件字形逐筆轉寫,增｜四上 P206｜直接字形轉寫，不由中文字/字典/語境回填
ZhuYinNREG-Md,14438,ㄉㄨˊ,v1.9 四上盲測：直接渲染注音元件字形逐筆轉寫,毒｜四上 P66｜直接字形轉寫，不由中文字/字典/語境回填
ZhuYinNREG-Md,14462,ㄊㄢˋ,v1.9 四上盲測：直接渲染注音元件字形逐筆轉寫,碳｜四上 P66｜直接字形轉寫，不由中文字/字典/語境回填
ZhuYinNREG-Md,14566,ㄋㄧˊ,v1.9 四上盲測：直接渲染注音元件字形逐筆轉寫,尼｜四上 P66｜直接字形轉寫，不由中文字/字典/語境回填
ZhuYinNREG-Md,14739,ㄍㄨˇ,v1.9 四上盲測：直接渲染注音元件字形逐筆轉寫,古｜四上 P66｜直接字形轉寫，不由中文字/字典/語境回填
YenRoundZuinnEG-Md,15139,ㄔㄨㄣ,v2.8 四下未解碼目標：PDF 原頁注音字形直接轉寫,四下 P1 代表字「春」；直接放大 PDF 可見注音字形轉寫；群組/鍵=ZUINN_GRID_A#15139
YenRoundZuinn1EG-Md,14537,ㄋㄢˊ,v2.9 使用者原頁人工覆核修正,P197 急難救助／難；使用者確認課文注音正確，v2.8 實際注音辨識錯誤。
YenRoundZuinnEG-Md,15145,ㄔㄨㄤˋ,v2.8 四下未解碼目標：PDF 原頁注音字形直接轉寫,四下 P1 代表字「創」；直接放大 PDF 可見注音字形轉寫；群組/鍵=ZUINN_GRID_A#15145
YenRoundZuinnEG-Md,14568,ㄋㄧˋ,v2.8 四下未解碼目標：PDF 原頁注音字形直接轉寫,四下 P1 代表字「溺」；直接放大 PDF 可見注音字形轉寫；群組/鍵=ZUINN_GRID_A#14568
YenRoundZuinnEG-Md,15507,ㄨㄣ,v2.8 四下未解碼目標：PDF 原頁注音字形直接轉寫,四下 P1 代表字「溫」；直接放大 PDF 可見注音字形轉寫；群組/鍵=ZUINN_GRID_A#15507
YenRoundZuinnEG-Bd,14742,ㄎㄚˇ,v2.8 四下未解碼目標：PDF 原頁注音字形直接轉寫,四下 P4 代表字「卡」；直接放大 PDF 可見注音字形轉寫；群組/鍵=ZUINN_GRID_A#14742
YenRoundZuinn1EG-Bd,14366,ㄈㄥˋ,v2.8 四下未解碼目標：PDF 原頁注音字形直接轉寫,四下 P4 代表字「縫」；直接放大 PDF 可見注音字形轉寫；群組/鍵=ZUINN_GRID_A#14366
YenRoundZuinnEG-Bd,14759,ㄎㄢˋ,v2.8 四下未解碼目標：PDF 原頁注音字形直接轉寫,四下 P4 代表字「看」；直接放大 PDF 可見注音字形轉寫；群組/鍵=ZUINN_GRID_A#14759
YenRoundZuinnEG-Bd,14363,ㄈㄥ,v2.8 四下未解碼目標：PDF 原頁注音字形直接轉寫,四下 P4 代表字「風」；直接放大 PDF 可見注音字形轉寫；群組/鍵=ZUINN_GRID_A#14363
YenRoundZuinnEG-Bd,14312,ㄇㄥˋ,v2.8 四下未解碼目標：PDF 原頁注音字形直接轉寫,四下 P4 代表字「夢」；直接放大 PDF 可見注音字形轉寫；群組/鍵=ZUINN_GRID_A#14312
YenRoundZuinnEG-Bd,14863,ㄏㄨˇ,v2.8 四下未解碼目標：PDF 原頁注音字形直接轉寫,四下 P5 代表字「虎」；直接放大 PDF 可見注音字形轉寫；群組/鍵=ZUINN_GRID_A#14863
YenRoundZuinnEG-Bd,15329,ㄘㄤˊ,v2.8 四下未解碼目標：PDF 原頁注音字形直接轉寫,四下 P5 代表字「藏」；直接放大 PDF 可見注音字形轉寫；群組/鍵=ZUINN_GRID_A#15329
YenRoundZuinnEG-Bd,14664,ㄌㄨㄥˊ,v2.8 四下未解碼目標：PDF 原頁注音字形直接轉寫,四下 P5 代表字「龍」；直接放大 PDF 可見注音字形轉寫；群組/鍵=ZUINN_GRID_A#14664
DFPBiaoKai-W5-PoIn1-BFW,14465,ㄈㄥˋ,v2.8 四下未解碼目標：PDF 原頁注音字形直接轉寫,四下 P8 代表字「縫」；直接放大 PDF 可見注音字形轉寫；群組/鍵=DFPBiaoKai-W5-PoIn1-BFW#14465
YenRoundZuinnEG-Bd,14939,ㄑㄧㄤ,v2.8 四下未解碼目標：PDF 原頁注音字形直接轉寫,四下 P17 代表字「腔」；直接放大 PDF 可見注音字形轉寫；群組/鍵=ZUINN_GRID_A#14939
YenRoundZuinnEG-Md,15300,ㄗㄨㄥˇ,v2.8 四下未解碼目標：PDF 原頁注音字形直接轉寫,四下 P19 代表字「總」；直接放大 PDF 可見注音字形轉寫；群組/鍵=ZUINN_GRID_A#15300
YenRoundZuinnEG-Md,14736,ㄍㄨㄥˋ,v2.8 四下未解碼目標：PDF 原頁注音字形直接轉寫,四下 P19 代表字「共」；直接放大 PDF 可見注音字形轉寫；群組/鍵=ZUINN_GRID_A#14736
YenRoundZuinnEG-Md,14469,ㄊㄥˊ,v2.8 四下未解碼目標：PDF 原頁注音字形直接轉寫,四下 P19 代表字「疼」；直接放大 PDF 可見注音字形轉寫；群組/鍵=ZUINN_GRID_A#14469
YenRoundZuinnEG-Bd,14692,ㄍㄠˋ,v2.8 四下未解碼目標：PDF 原頁注音字形直接轉寫,四下 P19 代表字「告」；直接放大 PDF 可見注音字形轉寫；群組/鍵=ZUINN_GRID_A#14692
YenRoundZuinnEG-Bd,14617,ㄌㄥˇ,v2.8 四下未解碼目標：PDF 原頁注音字形直接轉寫,四下 P23 代表字「冷」；直接放大 PDF 可見注音字形轉寫；群組/鍵=ZUINN_GRID_A#14617
YenRoundZuinnEG-Bd,15358,ㄙ,v2.8 四下未解碼目標：PDF 原頁注音字形直接轉寫,四下 P23 代表字「思」；直接放大 PDF 可見注音字形轉寫；群組/鍵=ZUINN_GRID_A#15358
YenRoundZuinnEG-Bd,15306,ㄗˇ,v2.8 四下未解碼目標：PDF 原頁注音字形直接轉寫,四下 P24 代表字「仔」；直接放大 PDF 可見注音字形轉寫；群組/鍵=ZUINN_GRID_A#15306
YenRoundZuinnEG-Bd,15054,ㄓㄤˋ,v2.8 四下未解碼目標：PDF 原頁注音字形直接轉寫,四下 P30 代表字「障」；直接放大 PDF 可見注音字形轉寫；群組/鍵=ZUINN_GRID_A#15054
LinGothicZuinnEG-Bd,15472,ㄧㄣ,v2.8 四下未解碼目標：PDF 原頁注音字形直接轉寫,四下 P37 代表字「音」；直接放大 PDF 可見注音字形轉寫；群組/鍵=ZUINN_GRID_A#15472
LinGothicZuinnEG-Bd,15334,ㄘㄨ,v2.8 四下未解碼目標：PDF 原頁注音字形直接轉寫,四下 P37 代表字「粗」；直接放大 PDF 可見注音字形轉寫；群組/鍵=ZUINN_GRID_A#15334
LinGothicZuinn1EG-Bd,14177,ㄅㄤˇ,v2.8 四下未解碼目標：PDF 原頁注音字形直接轉寫,四下 P37 代表字「膀」；直接放大 PDF 可見注音字形轉寫；群組/鍵=ZUINN_GRID_A#14177
LinGothicZuinnEG-Bd,14805,ㄏㄟ,v2.8 四下未解碼目標：PDF 原頁注音字形直接轉寫,四下 P37 代表字「黑」；直接放大 PDF 可見注音字形轉寫；群組/鍵=ZUINN_GRID_A#14805
LinGothicZuinnEG-Bd,14658,ㄌㄨㄢˇ,v2.8 四下未解碼目標：PDF 原頁注音字形直接轉寫,四下 P41 代表字「卵」；直接放大 PDF 可見注音字形轉寫；群組/鍵=ZUINN_GRID_A#14658
LinGothicZuinnEG-Bd,15460,ㄧㄠ,v2.8 四下未解碼目標：PDF 原頁注音字形直接轉寫,四下 P42 代表字「腰」；直接放大 PDF 可見注音字形轉寫；群組/鍵=ZUINN_GRID_A#15460
LinGothicZuinnEG-Bd,14484,ㄊㄧㄥˇ,v2.8 四下未解碼目標：PDF 原頁注音字形直接轉寫,四下 P42 代表字「挺」；直接放大 PDF 可見注音字形轉寫；群組/鍵=ZUINN_GRID_A#14484
YenRoundZuinnEG-Bd,14990,ㄒㄧㄣˋ,v2.8 四下未解碼目標：PDF 原頁注音字形直接轉寫,四下 P42 代表字「信」；直接放大 PDF 可見注音字形轉寫；群組/鍵=ZUINN_GRID_A#14990
LinGothicZuinnEG-Bd,15028,ㄓㄜ,v2.8 四下未解碼目標：PDF 原頁注音字形直接轉寫,四下 P43 代表字「遮」；直接放大 PDF 可見注音字形轉寫；群組/鍵=ZUINN_GRID_A#15028
DFPBiaoKai-W5-PoIn1-BFW,15071,ㄒㄧㄥˋ,v2.8 四下未解碼目標：PDF 原頁注音字形直接轉寫,四下 P54 代表字「興」；直接放大 PDF 可見注音字形轉寫；群組/鍵=DFPBiaoKai-W5-PoIn1-BFW#15071
YenRoundZuinnEG-Bd,15051,ㄓㄣˋ,v2.8 四下未解碼目標：PDF 原頁注音字形直接轉寫,四下 P61 代表字「震」；直接放大 PDF 可見注音字形轉寫；群組/鍵=ZUINN_GRID_A#15051
YenRoundZuinnEG-Bd,14329,ㄇㄧㄥˋ,v2.8 四下未解碼目標：PDF 原頁注音字形直接轉寫,四下 P61 代表字「命」；直接放大 PDF 可見注音字形轉寫；群組/鍵=ZUINN_GRID_A#14329
LinGothicZuinnEG-Md,15522,ㄩㄝ,v2.8 四下未解碼目標：PDF 原頁注音字形直接轉寫,四下 P72 代表字「約」；直接放大 PDF 可見注音字形轉寫；群組/鍵=ZUINN_GRID_A#15522
LinGothicZuinnEG-Md,14179,ㄅㄥ,v2.8 四下未解碼目標：PDF 原頁注音字形直接轉寫,四下 P73 代表字「繃」；直接放大 PDF 可見注音字形轉寫；群組/鍵=ZUINN_GRID_A#14179
LinGothicZuinnEG-Md,15172,ㄕㄠˋ,v2.8 四下未解碼目標：PDF 原頁注音字形直接轉寫,四下 P73 代表字「哨」；直接放大 PDF 可見注音字形轉寫；群組/鍵=ZUINN_GRID_A#15172
LinGothicZuinn1EG-Md,14455,˙ㄊㄡ,v2.9 使用者原頁人工覆核修正,P73 罐頭／頭；使用者確認課文注音正確，v2.8 實際注音辨識錯誤。
LinGothicZuinn1EG-Md,14162,ㄅㄟ,v2.9 使用者原頁人工覆核修正,P73 背包／背；使用者確認課文注音正確，v2.8 實際注音辨識錯誤。
LinGothicZuinn1EG-Md,14706,ㄍㄥ,v2.8 四下未解碼目標：PDF 原頁注音字形直接轉寫,四下 P73 代表字「更」；直接放大 PDF 可見注音字形轉寫；群組/鍵=ZUINN_GRID_A#14706
YenRoundZuinnEG-Bd,14637,ㄌㄧㄣˊ,v2.8 四下未解碼目標：PDF 原頁注音字形直接轉寫,四下 P78 代表字「臨」；直接放大 PDF 可見注音字形轉寫；群組/鍵=ZUINN_GRID_A#14637
LinGothicZuinnEG-Bd,14506,ㄊㄨㄥ,v2.8 四下未解碼目標：PDF 原頁注音字形直接轉寫,四下 P82 代表字「通」；直接放大 PDF 可見注音字形轉寫；群組/鍵=ZUINN_GRID_A#14506
LinGothicZuinnEG-Md,14899,ㄐㄩ,v2.8 四下未解碼目標：PDF 原頁注音字形直接轉寫,四下 P82 代表字「居」；直接放大 PDF 可見注音字形轉寫；群組/鍵=ZUINN_GRID_A#14899
LinGothicZuinn1EG-Md,14857,ㄏㄨㄤˋ,v2.9 使用者原頁人工覆核修正,P83 搖晃／晃；使用者確認課文注音正確，v2.8 實際注音辨識錯誤。
LinGothicZuinnEG-Md,14374,ㄉㄚ,v2.8 四下未解碼目標：PDF 原頁注音字形直接轉寫,四下 P83 代表字「搭」；直接放大 PDF 可見注音字形轉寫；群組/鍵=ZUINN_GRID_A#14374
ZhuYinNREG-Md,14980,ㄒㄧㄡ,v2.8 四下未解碼目標：PDF 原頁注音字形直接轉寫,四下 P84 代表字「休」；直接放大 PDF 可見注音字形轉寫；群組/鍵=ZUINN_GRID_A#14980
ZhuYinNREG-Md,14984,ㄒㄧㄢˊ,v2.8 四下未解碼目標：PDF 原頁注音字形直接轉寫,四下 P84 代表字「閒」；直接放大 PDF 可見注音字形轉寫；群組/鍵=ZUINN_GRID_A#14984
YenRoundZuinnEG-Bd,14246,ㄆㄧ,v2.8 四下未解碼目標：PDF 原頁注音字形直接轉寫,四下 P98 代表字「劈」；直接放大 PDF 可見注音字形轉寫；群組/鍵=ZUINN_GRID_A#14246
YenRoundZuinnEG-Bd,14396,ㄉㄤˇ,v2.8 四下未解碼目標：PDF 原頁注音字形直接轉寫,四下 P100 代表字「擋」；直接放大 PDF 可見注音字形轉寫；群組/鍵=ZUINN_GRID_A#14396
YenRoundZuinnEG-Bd,15228,ㄖㄡˋ,v2.8 四下未解碼目標：PDF 原頁注音字形直接轉寫,四下 P112 代表字「肉」；直接放大 PDF 可見注音字形轉寫；群組/鍵=ZUINN_GRID_A#15228
YenRoundZuinn1EG-Bd,15443,ㄦ,v2.9 使用者原頁人工覆核修正,P136 球兒／兒（群組鍵 ZUINN_GRID_A#15443）；使用者確認課文注音正確，v2.8 實際注音辨識錯誤。
LinGothicZuinnEG-Md,14760,ㄎㄣˇ,v2.8 四下未解碼目標：PDF 原頁注音字形直接轉寫,四下 P126 代表字「肯」；直接放大 PDF 可見注音字形轉寫；群組/鍵=ZUINN_GRID_A#14760
YenRoundZuinnEG-Bd,14661,ㄌㄨㄣˊ,v2.8 四下未解碼目標：PDF 原頁注音字形直接轉寫,四下 P132 代表字「輪」；直接放大 PDF 可見注音字形轉寫；群組/鍵=ZUINN_GRID_A#14661
YenRoundZuinnEG-Md,14802,ㄏㄞˊ,v2.8 四下未解碼目標：PDF 原頁注音字形直接轉寫,四下 P135 代表字「還」；直接放大 PDF 可見注音字形轉寫；群組/鍵=ZUINN_GRID_A#14802
LinGothicZuinnEG-Md,14466,ㄊㄤˋ,v2.8 四下未解碼目標：PDF 原頁注音字形直接轉寫,四下 P145 代表字「趟」；直接放大 PDF 可見注音字形轉寫；群組/鍵=ZUINN_GRID_A#14466
LinGothicZuinnEG-Md,15225,ㄖㄠˋ,v2.8 四下未解碼目標：PDF 原頁注音字形直接轉寫,四下 P145 代表字「繞」；直接放大 PDF 可見注音字形轉寫；群組/鍵=ZUINN_GRID_A#15225
LinGothicZuinn3EG-Md,14269,ㄕㄣˊ,v2.8 四下未解碼目標：PDF 原頁注音字形直接轉寫,四下 P145 代表字「什」；直接放大 PDF 可見注音字形轉寫；群組/鍵=ZUINN_GRID_A#14269
YenRoundZuinnEG-Bd,15144,ㄔㄨㄤˇ,v2.8 四下未解碼目標：PDF 原頁注音字形直接轉寫,四下 P147 代表字「闖」；直接放大 PDF 可見注音字形轉寫；群組/鍵=ZUINN_GRID_A#15144
YenRoundZuinnEG-Bd,15043,ㄓㄡˊ,v2.8 四下未解碼目標：PDF 原頁注音字形直接轉寫,四下 P148 代表字「軸」；直接放大 PDF 可見注音字形轉寫；群組/鍵=ZUINN_GRID_A#15043
YenRoundZuinnEG-Bd,14497,ㄊㄨㄟˋ,v2.8 四下未解碼目標：PDF 原頁注音字形直接轉寫,四下 P158 代表字「退」；直接放大 PDF 可見注音字形轉寫；群組/鍵=ZUINN_GRID_A#14497
YenRoundZuinnEG-Bd,14223,ㄆㄠ,v2.8 四下未解碼目標：PDF 原頁注音字形直接轉寫,四下 P164 代表字「拋」；直接放大 PDF 可見注音字形轉寫；群組/鍵=ZUINN_GRID_A#14223
YenRoundZuinnEG-Bd,14394,ㄊㄢˊ,v2.8 四下未解碼目標：PDF 原頁注音字形直接轉寫,四下 P166 代表字「彈」；直接放大 PDF 可見注音字形轉寫；群組/鍵=ZUINN_GRID_A#14394
DFPBiaoKai-W5-PoIn2-BFW,15476,˙ㄌㄨㄛ,v2.8 四下未解碼目標：PDF 原頁注音字形直接轉寫,四下 P171 代表字「囉」；直接放大 PDF 可見注音字形轉寫；群組/鍵=DFPBiaoKai-W5-PoIn2-BFW#15476
StdKaiZuinnEG-Md,14525,ㄋㄞˋ,v2.8 四下未解碼目標：PDF 原頁注音字形直接轉寫,四下 P173 代表字「耐」；直接放大 PDF 可見注音字形轉寫；群組/鍵=ZUINN_GRID_A#14525
YenRoundZuinnEG-Bd,14250,ㄆㄧㄠ,v2.8 四下未解碼目標：PDF 原頁注音字形直接轉寫,四下 P184 代表字「漂」；直接放大 PDF 可見注音字形轉寫；群組/鍵=ZUINN_GRID_A#14250
YenRoundZuinnEG-Bd,14954,ㄑㄩㄢ,v2.8 四下未解碼目標：PDF 原頁注音字形直接轉寫,四下 P188 代表字「圈」；直接放大 PDF 可見注音字形轉寫；群組/鍵=ZUINN_GRID_A#14954
YenRoundZuinnEG-Bd,14503,ㄊㄨㄣˊ,v2.8 四下未解碼目標：PDF 原頁注音字形直接轉寫,四下 P190 代表字「豚」；直接放大 PDF 可見注音字形轉寫；群組/鍵=ZUINN_GRID_A#14503
StdKaiZuinnEG-Md,15059,ㄓㄨㄚ,v2.8 四下未解碼目標：PDF 原頁注音字形直接轉寫,四下 P193 代表字「抓」；直接放大 PDF 可見注音字形轉寫；群組/鍵=ZUINN_GRID_A#15059
YenRoundZuinnEG-Bd,14614,ㄌㄤˋ,v2.8 四下未解碼目標：PDF 原頁注音字形直接轉寫,四下 P195 代表字「浪」；直接放大 PDF 可見注音字形轉寫；群組/鍵=ZUINN_GRID_A#14614
DFPBiaoKai-W5-PoIn5-BFW,14165,ㄧ,v2.8 四下未解碼目標：PDF 原頁注音字形直接轉寫,四下 P196 代表字「一」；直接放大 PDF 可見注音字形轉寫；群組/鍵=DFPBiaoKai-W5-PoIn5-BFW#14165
YenRoundZuinnEG-Md,15214,ㄕㄨˇ,v2.8 四下未解碼目標：PDF 原頁注音字形直接轉寫,四下 P197 代表字「署」；直接放大 PDF 可見注音字形轉寫；群組/鍵=ZUINN_GRID_A#15214
